# https://github.com/mikedh/trimesh
v 0.18222500 0.06562310 -0.02184200
v 0.18222500 0.05872530 -0.02161740
v 0.17831300 0.05872530 -0.02116400
v 0.17796300 0.06562310 -0.02134290
v 0.17827700 0.06951010 -0.02120140
v 0.18222500 0.06987530 -0.02137200
v 0.18912400 0.06562310 -0.02169230
v 0.18904000 0.05879500 -0.02146760
v 0.18668300 0.05474530 -0.02120140
v 0.18222500 0.05485150 -0.02115150
v 0.17874200 0.05523990 -0.02096020
v 0.17486500 0.05872530 -0.01883880
v 0.17451500 0.06562310 -0.01892200
v 0.17112100 0.07005780 -0.01488730
v 0.17571600 0.07115320 -0.01730810
v 0.17464800 0.07502700 -0.01095240
v 0.18222500 0.07573400 -0.01353960
v 0.18222500 0.07308510 -0.01749120
v 0.18912400 0.07275650 -0.01749120
v 0.18912400 0.06965620 -0.02123060
v 0.19273100 0.06921800 -0.02101010
v 0.19313400 0.06562310 -0.02119730
v 0.19316500 0.06114180 -0.02121390
v 0.18912400 0.04500940 -0.01871410
v 0.18903100 0.04500940 -0.01870570
v 0.17675300 0.04500940 -0.01550710
v 0.17113900 0.05412790 -0.01477920
v 0.18222500 0.04500940 -0.01751610
v 0.17060700 0.05872530 -0.01538650
v 0.17059400 0.06562310 -0.01546960
v 0.16504200 0.06760810 -0.00683868
v 0.16963700 0.07153160 -0.01059050
v 0.17189700 0.07596640 -0.00701754
v 0.17649600 0.07659380 -0.00889763
v 0.18222500 0.07723440 -0.01008730
v 0.18912400 0.07714810 -0.00977945
v 0.18912400 0.07562450 -0.01323180
v 0.19543000 0.07092090 -0.01736220
v 0.20038800 0.07011090 -0.01497880
v 0.19658600 0.06562310 -0.01908840
v 0.20154000 0.05872530 -0.01571510
v 0.19744100 0.04500940 -0.01648040
v 0.19686100 0.04500940 -0.01675910
v 0.19653700 0.04500940 -0.01687560
v 0.17327500 0.04500940 -0.01182590
v 0.17121000 0.04500940 -0.00841513
v 0.16700900 0.05930290 -0.00994583
v 0.16494000 0.06198500 -0.00721719
v 0.16675200 0.06543390 -0.00994583
v 0.16494000 0.06300740 -0.00721719
v 0.16414200 0.06543390 -0.00419740
v 0.16451500 0.06977900 -0.00223827
v 0.17164800 0.07607930 -0.00241713
v 0.17464800 0.07693900 -0.00430554
v 0.18222500 0.07891740 -0.00368994
v 0.18912400 0.07880780 -0.00368994
v 0.19399400 0.07647760 -0.00848584
v 0.19618700 0.07478800 -0.01070700
v 0.20169500 0.07133910 -0.01059050
v 0.20611700 0.06844790 -0.00639777
v 0.20707400 0.06385050 -0.00819052
v 0.20110600 0.06562310 -0.01564020
v 0.20022800 0.04500940 -0.01468350
v 0.20499200 0.05872530 -0.01239580
v 0.16987600 0.04500940 -0.00368994
v 0.16428400 0.06088290 -0.00368994
v 0.16408900 0.06063730 0.00190043
v 0.16396500 0.06562310 0.00249524
v 0.16451500 0.06977900 0.00125987
v 0.17164800 0.07607930 0.00076489
v 0.17491000 0.07688260 0.00311917
v 0.18222500 0.07864520 0.00320651
v 0.18912400 0.07869830 0.00320651
v 0.19602300 0.07711160 0.00320651
v 0.19950200 0.07598630 -0.00033738
v 0.19618700 0.07679630 -0.00305353
v 0.19859800 0.07565770 -0.00493363
v 0.20281200 0.07272660 -0.00336550
v 0.20694100 0.06979230 -0.00179736
v 0.20786700 0.06593840 -0.00393119
v 0.20922800 0.05872530 -0.00368994
v 0.20748200 0.05872530 -0.00894755
v 0.20715400 0.05368970 -0.00849416
v 0.20216900 0.04500940 -0.01195900
v 0.17020800 0.04500940 0.00320651
v 0.16525000 0.06562310 0.00594347
v 0.17154200 0.04500940 0.00708733
v 0.17156400 0.04500940 0.00712892
v 0.17003600 0.07108680 0.01010710
v 0.17233500 0.07582370 0.00536530
v 0.17693500 0.07649420 0.00811057
v 0.18222500 0.07696220 0.00938753
v 0.18912400 0.07703530 0.00981180
v 0.19602300 0.07646430 0.00826031
v 0.19954600 0.07600620 0.00677953
v 0.19954600 0.07600620 0.00320651
v 0.20299800 0.07337390 0.00320651
v 0.20699900 0.06992170 0.00320651
v 0.20827500 0.06562310 0.00320651
v 0.20875800 0.05872530 0.00320651
v 0.20748200 0.05335120 0.00320651
v 0.20778300 0.05270050 -0.00368994
v 0.20574900 0.04500940 -0.00356099
v 0.20566500 0.04500940 -0.00382304
v 0.20270500 0.04500940 -0.01110630
v 0.17405900 0.04500940 0.01053560
v 0.17410300 0.04500940 0.01059380
v 0.17654000 0.05182420 0.01571410
v 0.17857900 0.06088290 0.02058910
v 0.17148000 0.06850100 0.01380910
v 0.17148000 0.06960640 0.01380910
v 0.17491000 0.07448930 0.01029010
v 0.18222500 0.07550830 0.01283580
v 0.18912400 0.07583360 0.01326420
v 0.19602300 0.07507020 0.01171270
v 0.20039700 0.07029020 0.01437060
v 0.20227100 0.07218890 0.00923363
v 0.20664000 0.06948690 0.00709149
v 0.20693200 0.06562310 0.00740345
v 0.20701200 0.05872530 0.00733690
v 0.20675100 0.05455610 0.00700414
v 0.20547900 0.04500940 0.00313580
v 0.17751100 0.04500940 0.01447040
v 0.18107300 0.05628220 0.02030210
v 0.18567300 0.05527640 0.02046010
v 0.18291600 0.05863900 0.02060990
v 0.18222500 0.06283810 0.02065150
v 0.17857900 0.06248620 0.02058910
v 0.17532600 0.07078150 0.01465350
v 0.18222500 0.07205610 0.01582640
v 0.18912400 0.07238470 0.01626320
v 0.19602300 0.07162130 0.01551030
v 0.20076400 0.06562310 0.01480320
v 0.20421200 0.06562310 0.01085170
v 0.19602300 0.06562310 0.01778140
v 0.20026800 0.06010950 0.01440810
v 0.20203600 0.04500940 0.00907141
v 0.17758200 0.04500940 0.01450370
v 0.18223400 0.04500940 0.01608850
v 0.18911500 0.04500940 0.01618000
v 0.18567700 0.05527640 0.02046010
v 0.18655000 0.05872530 0.02055160
v 0.18683300 0.06274840 0.02058080
v 0.18912900 0.06527780 0.01979040
v 0.18222500 0.06629030 0.01927880
v 0.18999700 0.05872530 0.01984040
v 0.19664400 0.05817760 0.01633390
v 0.19798200 0.04500940 0.01252800
v 0.19453500 0.04500940 0.01456200
v -0.18350600 0.04559000 -0.00368921
v -0.18350600 0.04300050 -0.00962449
v -0.18906700 0.04243430 -0.00874533
v -0.19010500 0.04354910 -0.00368921
v -0.18998300 0.04335440 0.00320727
v -0.18350600 0.04528910 0.00320727
v -0.17660100 0.04498830 0.00320727
v -0.17660100 0.04518890 -0.00368921
v -0.17660100 0.04294740 -0.00962058
v -0.18350600 0.04068240 -0.01307470
v -0.19098500 0.04070010 -0.01086310
v -0.17660100 0.04065880 -0.01307080
v -0.19671700 0.03745000 -0.01058960
v -0.19356400 0.04123100 -0.00368921
v -0.19342900 0.04118970 0.00320727
v -0.18889500 0.04217470 0.00807974
v -0.19730300 0.03632340 0.00972474
v -0.18350600 0.04269970 0.00874008
v -0.17660100 0.04274690 0.00841187
v -0.16969700 0.04232220 0.00775152
v -0.16969700 0.04401510 0.00320727
v -0.16969700 0.04419790 -0.00368921
v -0.16969700 0.04250510 -0.00920249
v -0.16969700 0.04051730 -0.01265270
v -0.18350600 0.03723180 -0.01616540
v -0.19039900 0.03713740 -0.01614200
v -0.19556800 0.03621140 -0.01542300
v -0.17660100 0.03720820 -0.01607940
v -0.16969700 0.03706660 -0.01586840
v -0.20263200 0.02946350 -0.01599350
v -0.20722700 0.02711590 -0.01197280
v -0.20463600 0.03002970 -0.01003870
v -0.20769100 0.02770570 -0.00737385
v -0.20092100 0.03473080 0.00624719
v -0.20092100 0.03473080 0.00716933
v -0.19087500 0.03978000 0.01027180
v -0.18350600 0.03979180 0.01219030
v -0.19960100 0.03376350 0.01177220
v -0.19500600 0.03519090 0.01403060
v -0.17660100 0.03929040 0.01186210
v -0.16969700 0.03865330 0.01120170
v -0.08605740 0.02319340 0.00901360
v -0.16468600 0.04183850 0.00713025
v -0.15757400 0.04187980 0.00138253
v -0.08605740 0.02817170 0.00108557
v -0.15934600 0.04147280 -0.00714332
v -0.16280400 0.04183850 -0.00800684
v -0.08605740 0.02817170 0.00074173
v -0.08605740 0.02807730 -0.00373610
v -0.08605740 0.02798300 -0.00436519
v -0.08605740 0.02773520 -0.00581091
v -0.08605740 0.02758190 -0.00668616
v -0.16280400 0.03999820 -0.01145700
v -0.15589900 0.03568050 -0.01498930
v -0.16280400 0.03654760 -0.01552850
v -0.19039900 0.03149260 -0.01959220
v -0.19462700 0.02798890 -0.02104960
v -0.19922200 0.02654370 -0.02059240
v -0.17660100 0.03112100 -0.01935770
v -0.16969700 0.03112100 -0.01902170
v -0.16280400 0.03112100 -0.01848250
v -0.20442800 0.02452640 -0.01811910
v -0.20852200 0.02251510 -0.01564570
v -0.20866900 0.02457360 -0.01003870
v -0.20892500 0.02421970 -0.00368921
v -0.20903500 0.02421970 0.00320727
v -0.20772800 0.02775290 -0.00368921
v -0.20772800 0.02774700 0.00320727
v -0.20767900 0.02769980 0.00679031
v -0.20392700 0.03073170 0.00928321
v -0.19039900 0.03602850 0.01433930
v -0.18350600 0.03634110 0.01438620
v -0.17660100 0.03583980 0.01427290
v -0.20692100 0.02626060 0.01139320
v -0.20232600 0.02916270 0.01440970
v -0.19730300 0.03132150 0.01510520
v -0.19039900 0.03112100 0.01622660
v -0.16969700 0.03520270 0.01396810
v -0.16534600 0.03475440 0.01368680
v -0.09930480 0.02042700 0.01343280
v -0.08605740 0.01922960 0.01203790
v -0.08605740 0.02664400 0.00453577
v -0.08605740 0.02683870 0.00410596
v -0.08605740 0.02421970 -0.01051540
v -0.08605740 0.02065110 -0.01400460
v -0.15589900 0.03112100 -0.01760330
v -0.18354300 0.03053700 -0.01983440
v -0.19039900 0.02804780 -0.02107300
v -0.19707100 0.02423150 -0.02134660
v -0.20163000 0.02194290 -0.02116680
v -0.19039900 0.02421970 -0.02153020
v -0.20635900 0.01731850 -0.02036580
v -0.18586500 0.02784730 -0.02100660
v -0.16280400 0.02421970 -0.02023300
v -0.08605740 0.01771960 -0.01505960
v -0.20909600 0.01731850 -0.01691560
v -0.21006200 0.01731850 -0.01058960
v -0.20970700 0.01731850 0.01010770
v -0.20840000 0.02406050 0.00949811
v -0.18350600 0.03112100 0.01625780
v -0.17660100 0.03112100 0.01604680
v -0.16969700 0.03112100 0.01557800
v -0.20793500 0.02165980 0.01383530
v -0.20445300 0.02406050 0.01500750
v -0.19730300 0.02421970 0.01720730
v -0.19039900 0.02421970 0.01768790
v -0.08605740 0.01522450 0.01414000
v -0.08605740 0.01866920 0.01246380
v -0.19730300 0.01731850 -0.02178810
v -0.20291300 0.01731850 -0.02128400
v -0.18354300 0.02447340 -0.02123710
v -0.17112600 0.02141790 -0.02099880
v -0.16653100 0.01960120 -0.02093240
v -0.19039900 0.01731850 -0.02186230
v -0.20275400 0.01176210 -0.02117460
v -0.20470900 0.00984509 -0.02036970
v -0.20920600 0.00352190 -0.01577080
v -0.20932900 0.01042310 -0.01679450
v -0.16918300 0.02391890 -0.02070180
v -0.08605740 0.01042310 -0.01672810
v -0.21079500 0.00352190 -0.01058960
v -0.21008600 0.01042310 0.01010770
v -0.20842400 0.01731850 0.01429240
v -0.18350600 0.02421970 0.01764490
v -0.16969700 0.02421970 0.01715260
v -0.16280400 0.02421970 0.01682830
v -0.17660100 0.02421970 0.01742220
v -0.20420800 0.01731850 0.01634380
v -0.19730300 0.01731850 0.01784420
v -0.19039900 0.01731850 0.01805520
v -0.08605740 0.01098350 0.01493320
v -0.19039900 0.01042310 -0.02144030
v -0.19757200 0.00984509 -0.02130750
v -0.16616500 0.01500630 -0.02094800
v -0.16616500 0.01378530 -0.02094800
v -0.20006500 0.00716717 -0.02092070
v -0.20420800 0.00352190 -0.01863090
v -0.20853400 -0.00166288 -0.01490330
v -0.20943900 -0.00372735 -0.01092950
v -0.08605740 0.00956786 -0.01670850
v -0.21089300 -0.00337934 -0.00368921
v -0.21056300 0.00352190 0.00320727
v -0.20998900 0.00352190 0.01010770
v -0.20871800 0.01042310 0.01455420
v -0.21066100 -0.00337934 0.00320727
v -0.18350600 0.01731850 0.01798880
v -0.16969700 0.01731850 0.01757850
v -0.08605740 0.01042310 0.01503480
v -0.20420800 0.01042310 0.01663680
v -0.19730300 0.01042310 0.01789500
v -0.19039900 0.01042310 0.01803960
v -0.18686700 0.00695483 -0.02094800
v -0.19039900 0.00683686 -0.02098320
v -0.19545800 0.00681326 -0.02099100
v -0.08605740 0.00352190 -0.01648580
v -0.19757200 0.00411765 -0.02002590
v -0.20402500 -0.00372735 -0.01558320
v -0.20849800 -0.00766755 -0.00885865
v -0.20621200 -0.00626370 -0.01345760
v -0.20906000 -0.00841076 -0.00368921
v -0.20890100 -0.00823970 0.00320727
v -0.20885200 -0.00297234 0.01001780
v -0.20787400 -0.00040060 0.01373760
v -0.20832700 0.00352190 0.01415960
v -0.20826500 -0.00743750 0.00765775
v -0.18350600 0.01042310 0.01793800
v -0.08605740 0.00352190 0.01513640
v -0.20420800 0.00352190 0.01571080
v -0.19730300 0.00352190 0.01683610
v -0.19039900 0.00352190 0.01699240
v -0.18350600 0.00352190 0.01691430
v -0.19039900 0.00339213 -0.01976020
v -0.08605740 0.00278459 -0.01630610
v -0.08605740 -0.00248867 -0.01495410
v -0.08605740 -0.00291336 -0.01480170
v -0.19730300 -0.00337934 -0.01658740
v -0.20160500 -0.00700691 -0.01421950
v -0.20402500 -0.00843435 -0.01092950
v -0.20420800 -0.01121840 -0.00368921
v -0.20420800 -0.01100610 0.00320727
v -0.20420800 -0.00489525 0.01223720
v -0.20420800 -0.00144463 0.01424950
v -0.20420800 -0.00849334 0.00878697
v -0.08605740 -0.00278949 0.01423770
v -0.19730300 -0.00241788 0.01471830
v -0.19039900 -0.00257125 0.01476520
v -0.08605740 -0.00624011 0.01339370
v -0.08605740 -0.00593929 -0.01365300
v -0.19730300 -0.00705410 -0.01426640
v -0.09380540 -0.00606905 -0.01369990
v -0.19730300 -0.00943709 -0.01058960
v -0.19730300 -0.01238040 -0.00368921
v -0.19730300 -0.01245710 0.00320727
v -0.19730300 -0.00586850 0.01297960
v -0.19730300 -0.00929553 0.00952937
v -0.19039900 -0.00602186 0.01306160
v -0.08605740 -0.00981460 0.01058440
v -0.08605740 -0.00645835 -0.01322710
v -0.08605740 -0.01003870 -0.01020280
v -0.08605740 -0.01046340 -0.00976515
v -0.08605740 -0.01348940 -0.00644390
v -0.08690070 -0.01348350 -0.00641655
v -0.08605740 -0.01361910 -0.00601800
v -0.08605740 -0.01448620 -0.00299371
v -0.08605740 -0.01452750 -0.00220051
v -0.08605740 -0.01466910 0.00320727
v -0.08605740 -0.01390820 0.00693098
v -0.09719060 -0.01372530 0.00664183
v -0.08605740 -0.01028060 0.01021710
v 0.16272500 0.03711400 0.00320785
v 0.16272500 0.03597260 0.00634285
v 0.16272500 0.03709300 0.00174296
v 0.13391700 0.03645430 -0.00368845
v 0.14080900 0.03655900 0.00320785
v 0.16272500 0.03549610 0.00738667
v 0.14080900 0.03507200 0.00726991
v 0.16272500 0.03689930 -0.00415197
v 0.14080900 0.03657990 -0.00368845
v 0.13391700 0.03633380 0.00320785
v 0.13391700 0.03505100 -0.00786019
v 0.12700200 0.03494630 -0.00768327
v -0.08604520 0.02757940 -0.00668545
v -0.08604520 0.02773650 -0.00581147
v -0.08604520 0.02798260 -0.00436428
v -0.08604520 0.02808210 -0.00373444
v -0.08604520 0.02817630 0.00074160
v -0.08604520 0.02817630 0.00108483
v 0.13391700 0.03493060 0.00710007
v 0.16272500 0.03218700 0.00995200
v 0.12011000 0.02698780 0.01326040
v -0.08604520 0.02319180 0.00901433
v 0.16272500 0.03632860 -0.00543287
v 0.14080900 0.03509290 -0.00795927
v 0.12286200 0.03464790 0.00676392
v 0.12700200 0.03475260 0.00690192
v 0.14080900 0.03220800 -0.01140920
v 0.13391700 0.03209280 -0.01131010
v 0.12700200 0.03198280 -0.01113320
v -0.08604520 0.02421800 -0.01051750
v -0.08604520 0.02683590 0.00410660
v -0.08604520 0.02664220 0.00453474
v 0.16272500 0.02756900 0.01298440
v 0.12700200 0.02353730 0.01471110
v 0.13391700 0.02346400 0.01484560
v -0.08604520 0.01866800 0.01246420
v -0.08604520 0.01521750 0.01413790
v 0.16272500 0.03484680 -0.00782127
v 0.16272500 0.03297240 -0.01078640
v 0.12700200 0.02853240 -0.01473880
v 0.16272500 0.02914500 -0.01517400
v -0.08604520 0.02064710 -0.01400280
v 0.16272500 0.02350590 0.01448820
v 0.12700200 0.01731710 0.01665370
v 0.13391700 0.01731710 0.01665720
v -0.08604520 0.01098170 0.01493400
v 0.13391700 0.02421800 -0.01684060
v 0.16272500 0.02815020 -0.01546420
v 0.14080900 0.02421800 -0.01679460
v -0.08604520 0.01772030 -0.01506080
v 0.16272500 0.01865230 0.01550370
v 0.11319500 0.01041620 0.01716670
v 0.12011000 0.01041620 0.01718440
v -0.08604520 0.01041620 0.01503660
v 0.16272500 0.01041620 0.01625740
v 0.16272500 0.01162050 0.01620430
v 0.16272500 0.01731710 0.01573370
v 0.13391700 0.01731710 -0.01849660
v 0.11319500 0.01731710 -0.01842930
v 0.10630300 0.01731710 -0.01835860
v 0.09249630 0.01731710 -0.01813560
v 0.16272500 0.02421800 -0.01654340
v -0.08604520 0.01041620 -0.01673090
v 0.12011000 0.00352055 0.01709600
v -0.08604520 0.00352055 0.01513570
v 0.16272500 0.00472481 0.01602390
v 0.13391700 0.01041620 -0.01861330
v 0.12700200 0.01041620 -0.01887870
v 0.11319500 0.01041620 -0.01896360
v 0.09249630 0.01041620 -0.01894240
v 0.08560500 0.01041620 -0.01892470
v 0.07871360 0.01041620 -0.01885750
v 0.05799090 0.01041620 -0.01865220
v 0.03042560 0.01041620 -0.01830900
v 0.16272500 0.01731710 -0.01637350
v -0.08604520 0.00956800 -0.01670610
v 0.12700200 -0.00338034 0.01585050
v 0.16272500 0.00352055 0.01590350
v -0.07309050 -0.00329133 0.01437140
v -0.05928350 -0.00338034 0.01447400
v -0.05239210 -0.00338034 0.01452710
v -0.08604520 -0.00278869 0.01424050
v -0.07998180 -0.00308190 0.01430420
v 0.12700200 0.00352055 -0.01816390
v 0.16272500 0.00352055 -0.01566940
v 0.16272500 0.00232154 -0.01557740
v 0.16272500 -0.00364214 -0.01495460
v 0.03042560 0.00352055 -0.01790210
v 0.02353430 0.00352055 -0.01785960
v -0.08604520 0.00352055 -0.01648320
v 0.13391700 -0.00813976 0.01428300
v 0.14080900 -0.00797745 0.01415210
v 0.16272500 -0.00168392 0.01475710
v -0.05239210 -0.00705070 0.01368140
v -0.07998180 -0.00653235 0.01347980
v -0.07309050 -0.00674178 0.01353280
v -0.05928350 -0.00697216 0.01363900
v -0.08604520 -0.00623913 0.01339480
v 0.16272500 -0.00588310 -0.01448400
v 0.16272500 -0.00697740 -0.01421510
v 0.12700200 -0.00338034 -0.01599850
v 0.01661860 -0.00338034 -0.01575430
v -0.01097110 -0.00338034 -0.01553850
v -0.08604520 -0.00249024 -0.01495460
v -0.08604520 0.00278229 -0.01630630
v 0.13391700 -0.01159020 0.01159380
v 0.14080900 -0.01142790 0.01164330
v 0.16272500 -0.01028120 0.01062080
v 0.15770800 -0.00682556 0.01355760
v 0.16150700 -0.00278345 0.01452000
v 0.16272500 -0.00260543 0.01448470
v -0.05239210 -0.01050110 0.01097460
v -0.07998180 -0.01028120 0.01050400
v -0.07309050 -0.01028120 0.01075520
v -0.08604520 -0.00981524 0.01058540
v -0.08604520 -0.01028120 0.01021740
v -0.06948660 -0.00682032 0.01355410
v -0.06488420 -0.00688839 0.01359300
v -0.05928350 -0.01042260 0.01092510
v 0.16272500 -0.00810311 -0.01327390
v 0.13391700 -0.01060590 -0.01143750
v 0.12700200 -0.00720777 -0.01429300
v 0.01661860 -0.00706641 -0.01421160
v -0.00407976 -0.00705070 -0.01418680
v -0.01097110 -0.00701928 -0.01416200
v -0.08604520 -0.00291435 -0.01479890
v 0.14080900 -0.01466370 0.00819342
v -0.05239210 -0.01433380 0.00752467
v 0.16272500 -0.01426570 0.00751052
v 0.16272500 -0.00605588 0.01321790
v 0.16272500 -0.00545899 0.01347620
v -0.05928350 -0.01431290 0.00747513
v -0.07309050 -0.01420290 0.00733006
v -0.08604520 -0.01390970 0.00693022
v -0.07998180 -0.01405630 0.00713191
v -0.06617480 -0.01426050 0.00740083
v 0.16272500 -0.01405110 -0.00755589
v 0.14080900 -0.01445420 -0.00804773
v -0.03169380 -0.01407730 -0.00761604
v -0.01788680 -0.00693551 -0.01410900
v -0.08604520 -0.00594069 -0.01365250
v -0.03169380 -0.01028120 -0.01094570
v -0.08604520 -0.01004040 -0.01020260
v 0.14080900 -0.01637580 0.00320785
v -0.03858510 -0.01574230 0.00320785
v 0.16272500 -0.01562180 0.00320785
v -0.05239210 -0.01560610 0.00320785
v -0.07309050 -0.01519250 0.00320785
v -0.08604520 -0.01466890 0.00320785
v -0.07998180 -0.01494120 0.00320785
v 0.16272500 -0.01429190 -0.00689421
v 0.14080900 -0.01616110 -0.00368845
v -0.03858510 -0.01543330 -0.00368845
v -0.03858510 -0.01401440 -0.00752405
v -0.08604520 -0.00645904 -0.01322790
v -0.06400760 -0.01375260 -0.00717021
v -0.06860990 -0.01370550 -0.00708529
v -0.08604520 -0.01046450 -0.00976738
v 0.16272500 -0.01546480 -0.00248894
v -0.04547650 -0.01529720 -0.00368845
v -0.08604520 -0.01452750 -0.00220233
v -0.08604520 -0.01448570 -0.00299492
v -0.07998180 -0.01461130 -0.00321430
v 0.16272500 -0.01540720 -0.00368845
v -0.07309050 -0.01471600 -0.00346199
v -0.08604520 -0.01362170 -0.00602024
v -0.08604520 -0.01349080 -0.00644484
v 0.19354300 -0.05858250 0.02085360
v 0.19738500 -0.05168460 0.01954780
v 0.19601800 -0.04453470 0.02011120
v 0.19393900 -0.05168460 0.02076600
v 0.19031400 -0.05858250 0.02085360
v 0.19319900 -0.06548610 0.02078130
v 0.19279200 -0.06933030 0.02060230
v 0.20217300 -0.04478680 0.01663530
v 0.20292400 -0.02408750 0.01720640
v 0.20292400 -0.01871930 0.01714170
v 0.20139300 -0.01871930 0.01744240
v 0.19371500 -0.04666020 0.02063280
v 0.19147000 -0.05168460 0.02076600
v 0.18563900 -0.06792100 0.02049950
v 0.18861900 -0.06556630 0.02074320
v 0.18912800 -0.06957090 0.02059850
v 0.18710300 -0.07649750 0.01535230
v 0.19377800 -0.07060790 0.01700840
v 0.19953200 -0.06216890 0.01369630
v 0.20017900 -0.05858250 0.01467090
v 0.20129500 -0.05168460 0.01609470
v 0.20644100 -0.03499000 0.01365820
v 0.20721000 -0.01871930 0.01449190
v 0.20632000 -0.01871930 0.01516200
v 0.19602300 -0.01871930 0.01802870
v 0.19602300 -0.02408750 0.01856170
v 0.19212200 -0.04666020 0.02063280
v 0.18598100 -0.06332050 0.02035110
v 0.18466700 -0.06556630 0.01763660
v 0.18563900 -0.06938190 0.02049950
v 0.18296700 -0.01871930 0.01055920
v 0.18505400 -0.07649750 0.01535230
v 0.18801200 -0.07712770 0.01010620
v 0.19146100 -0.07513390 0.01010620
v 0.19466700 -0.07168500 0.01010620
v 0.20098900 -0.05917260 -0.00338240
v 0.20115600 -0.05843350 0.00320769
v 0.20372700 -0.05168460 0.00320769
v 0.20338200 -0.05168460 0.01010620
v 0.19837900 -0.06487310 0.00972925
v 0.19971000 -0.06258140 -0.00547630
v 0.20513100 -0.04478680 0.01010620
v 0.20614800 -0.03980240 0.01010620
v 0.20672700 -0.03635350 0.01010620
v 0.20814800 -0.02408750 0.01010620
v 0.20870100 -0.01871930 0.01010620
v 0.20843000 -0.01871930 0.01101220
v 0.18848700 -0.01871930 0.01510490
v 0.18730900 -0.01871930 0.01438910
v 0.18576100 -0.02018020 0.01346400
v 0.18410800 -0.01871930 0.01191450
v 0.18263900 -0.06548610 0.01010620
v 0.18486000 -0.07196570 0.01739670
v 0.18049500 -0.01871930 0.00320769
v 0.18293000 -0.07238390 0.01010620
v 0.18440200 -0.07712770 0.01010620
v 0.18799200 -0.07723650 0.00320769
v 0.18799800 -0.07724220 -0.00369077
v 0.19144700 -0.07489900 -0.00369077
v 0.19456600 -0.07143860 -0.01058920
v 0.19971000 -0.06258140 -0.00828975
v 0.20375500 -0.05168460 -0.00369077
v 0.20544400 -0.04478680 0.00320769
v 0.20632300 -0.04108000 0.00320769
v 0.20700400 -0.03763110 0.00320769
v 0.20873200 -0.02408750 0.00320769
v 0.20922100 -0.01871930 0.00473815
v 0.18250600 -0.07238390 0.00320769
v 0.18049500 -0.01871930 0.00318485
v 0.18419300 -0.07723650 0.00320769
v 0.18767600 -0.07696150 -0.01058920
v 0.19112500 -0.07488760 -0.01058920
v 0.18415100 -0.07724220 -0.00369077
v 0.19371800 -0.07043600 -0.01491030
v 0.19808500 -0.06511940 -0.01058920
v 0.19910800 -0.06138400 -0.01288870
v 0.20066200 -0.05888610 -0.01058920
v 0.20295000 -0.05168460 -0.01058920
v 0.20545600 -0.04478680 -0.00369077
v 0.20634300 -0.04113160 -0.00369077
v 0.20693000 -0.03768270 -0.00369077
v 0.20877800 -0.02408750 -0.00369077
v 0.20934800 -0.01871930 0.00320769
v 0.18260500 -0.07238390 -0.00369077
v 0.18064500 -0.01871930 -0.00369077
v 0.18442200 -0.07696150 -0.01058920
v 0.18664800 -0.07627980 -0.01439250
v 0.18290500 -0.07238390 -0.01058920
v 0.18912800 -0.06548610 -0.01669200
v 0.19488500 -0.06548610 -0.01555370
v 0.20009100 -0.05678360 -0.01473140
v 0.18902100 -0.07259590 -0.01526050
v 0.20456300 -0.04478680 -0.01058920
v 0.20667900 -0.03651390 -0.00846107
v 0.20930300 -0.01871930 -0.00369077
v 0.20712800 -0.03098530 -0.00968695
v 0.18067900 -0.01871930 -0.00396488
v 0.18513900 -0.07627980 -0.01439250
v 0.18454000 -0.06548610 -0.01518060
v 0.18456000 -0.07238390 -0.01491410
v 0.18202300 -0.01871930 -0.01037600
v 0.18240200 -0.01871930 -0.01149910
v 0.19602300 -0.04478680 -0.01762480
v 0.19602300 -0.05168460 -0.01719070
v 0.18912800 -0.05858250 -0.01677960
v 0.19602300 -0.01871930 -0.01803970
v 0.19602300 -0.03788890 -0.01774660
v 0.20083400 -0.05168460 -0.01531770
v 0.20601200 -0.03098530 -0.01313620
v 0.20574100 -0.03844460 -0.01069200
v 0.20838800 -0.01871930 -0.00905878
v 0.20807100 -0.01871930 -0.01072250
v 0.18476900 -0.01871930 -0.01506260
v 0.18912800 -0.01871930 -0.01714890
v 0.20307100 -0.01871930 -0.01615520
v 0.20215600 -0.03788890 -0.01582780
v 0.20159400 -0.04478680 -0.01566410
v 0.19065600 -0.01871930 -0.01736210
v 0.20624600 -0.02566870 -0.01381380
v 0.20692700 -0.01871930 -0.01364630
v 0.20663100 -0.01871930 -0.01428210
v 0.16272900 -0.01562600 0.00320723
v 0.16272900 -0.01426620 0.00750974
v 0.16272900 -0.01546380 -0.00248900
v 0.18068200 -0.01871350 -0.00396729
v 0.18064500 -0.01871350 -0.00368781
v 0.18049700 -0.01871350 0.00318517
v 0.18049700 -0.01871350 0.00320723
v 0.18296700 -0.01871350 0.01055830
v 0.18411000 -0.01871350 0.01191150
v 0.16272900 -0.01028040 0.01062080
v 0.18730300 -0.01871350 0.01439010
v 0.18848300 -0.01871350 0.01510350
v 0.16272900 -0.01540760 -0.00368781
v 0.18202400 -0.01871350 -0.01037690
v 0.19602500 -0.01871350 0.01803070
v 0.16272900 -0.00605752 0.01322070
v 0.16272900 -0.01429110 -0.00689447
v 0.18477200 -0.01871350 -0.01506190
v 0.18240300 -0.01871350 -0.01149850
v 0.17532800 0.01042210 0.01734670
v 0.16272900 0.01042210 0.01625820
v 0.16272900 0.00472099 0.01602280
v 0.16272900 0.00352338 0.01590150
v 0.16272900 -0.00168499 0.01475780
v 0.16272900 -0.00260815 0.01448200
v 0.16272900 -0.00545872 0.01347440
v 0.20139200 -0.01871350 0.01744230
v 0.19602500 0.00352338 0.01826970
v 0.18222700 0.02421960 0.01841310
v 0.16272900 -0.01405410 -0.00755640
v 0.18912100 -0.01871350 -0.01715060
v 0.16272900 -0.00810345 -0.01327470
v 0.16272900 -0.00698069 -0.01421240
v 0.18222700 0.03111840 0.01840210
v 0.16272900 0.01162600 0.01620300
v 0.20292300 -0.01871350 0.01714070
v 0.20292300 -0.00338161 0.01721060
v 0.20292300 0.00352338 0.01703410
v 0.19602500 0.01042210 0.01804910
v 0.19065300 -0.01871350 -0.01736020
v 0.16272900 -0.00588287 -0.01448090
v 0.16272900 -0.00364359 -0.01495520
v 0.16272900 0.00231953 -0.01558040
v 0.18912100 -0.00338161 -0.01864000
v 0.19602500 0.01731460 0.01755630
v 0.18911700 0.04500940 0.01618100
v 0.18223600 0.04500940 0.01608900
v 0.16272900 0.01731460 0.01573600
v 0.20632000 -0.01871350 0.01516230
v 0.20738800 -0.01028040 0.01466220
v 0.20737900 -0.00338161 0.01464010
v 0.20726800 0.01042210 0.01449300
v 0.20712000 0.01731460 0.01429080
v 0.20292300 0.01731460 0.01616260
v 0.19602500 -0.01871350 -0.01803690
v 0.16272900 0.00352338 -0.01566860
v 0.19602500 -0.00338161 -0.01885320
v 0.19602500 -0.01028040 -0.01851490
v 0.16272900 0.01731460 -0.01637100
v 0.18222700 0.02421960 -0.01883850
v 0.18912100 0.02421960 -0.01915480
v 0.19453500 0.04500940 0.01455920
v 0.17758200 0.04500940 0.01450410
v 0.16272900 0.02350230 0.01448570
v 0.16272900 0.01865570 0.01550430
v 0.20720800 -0.01871350 0.01449300
v 0.20728700 -0.01717910 0.01457760
v 0.20892900 -0.01028040 0.01010960
v 0.20901700 0.00352338 0.01010960
v 0.20886000 -0.01717910 0.01010960
v 0.20898900 0.01042210 0.01010960
v 0.20883200 0.01731460 0.01010960
v 0.20803600 0.02465000 0.01071640
v 0.20678700 0.02264150 0.01394880
v 0.20344600 0.02465000 0.01487180
v 0.20292300 -0.01028040 -0.01693370
v 0.20292300 -0.01717910 -0.01634530
v 0.20306700 -0.01871350 -0.01615770
v 0.19602500 0.00352338 -0.01885320
v 0.20292300 0.00352338 -0.01726460
v 0.20292300 -0.00338161 -0.01720950
v 0.16272900 0.02421960 -0.01654390
v 0.18222700 0.03111840 -0.01888270
v 0.18912100 0.03111840 -0.01912540
v 0.19798200 0.04500940 0.01252570
v 0.20609800 0.02723860 0.01342290
v 0.17750800 0.04500940 0.01447100
v 0.16272900 0.02756920 0.01298530
v 0.20843000 -0.01871350 0.01101430
v 0.20986400 0.00352338 0.00320723
v 0.20998900 0.02421960 0.00320723
v 0.20869800 -0.01871350 0.01010960
v 0.20922100 -0.01871350 0.00473701
v 0.20952600 -0.01717910 0.00320723
v 0.20965100 0.03111840 0.00320723
v 0.20788800 0.03111840 0.00901746
v 0.20715700 -0.01028040 -0.01483020
v 0.20663000 -0.01871350 -0.01428230
v 0.20677800 -0.01717910 -0.01442200
v 0.19602500 0.02421960 -0.01868410
v 0.20730500 0.01042210 -0.01501780
v 0.20725400 0.00352338 -0.01500300
v 0.20292300 0.01731460 -0.01705130
v 0.20731000 0.01731460 -0.01499570
v 0.20719900 -0.00338161 -0.01493690
v 0.16272900 0.02814930 -0.01546270
v 0.18222700 0.04500940 -0.01751840
v 0.18902900 0.04500940 -0.01870610
v 0.18912100 0.04500940 -0.01871350
v 0.19803700 0.04500940 0.01248150
v 0.20721700 0.03633920 0.00764213
v 0.20204000 0.04500940 0.00907262
v 0.17410200 0.04500940 0.01059140
v 0.16272900 0.03549090 0.00738839
v 0.16272900 0.03218500 0.00995151
v 0.20945200 -0.01717910 -0.00368781
v 0.20978100 0.00352338 -0.00368781
v 0.20986900 0.01042210 -0.00368781
v 0.20994700 0.01731460 -0.00368781
v 0.20999300 0.02421960 -0.00368781
v 0.20967400 0.03111840 -0.00368781
v 0.20935000 -0.01871350 0.00320723
v 0.20930400 -0.01871350 -0.00368781
v 0.20767100 0.03839140 0.00313369
v 0.20827700 -0.01717910 -0.01059020
v 0.20902600 0.01042210 -0.01059020
v 0.20869800 -0.01028040 -0.01059020
v 0.20692600 -0.01871350 -0.01364610
v 0.19602500 0.03111840 -0.01818760
v 0.20292300 0.02421960 -0.01685280
v 0.20905900 0.01731460 -0.01059020
v 0.20712900 0.02421960 -0.01476400
v 0.20889200 0.02421960 -0.01059020
v 0.16272900 0.02914730 -0.01517590
v 0.17675300 0.04500940 -0.01551050
v 0.19653800 0.04500940 -0.01687480
v 0.19602500 0.03801710 -0.01764710
v 0.20547800 0.04500940 0.00313736
v 0.17406100 0.04500940 0.01053620
v 0.16272900 0.03597120 0.00634402
v 0.17156700 0.04500940 0.00712730
v 0.17154400 0.04500940 0.00708685
v 0.20784200 0.03118700 -0.01095430
v 0.20725000 0.03628930 -0.00889863
v 0.20768900 0.03836020 -0.00355175
v 0.20838800 -0.01871350 -0.00906044
v 0.20657900 0.04237720 0.00078385
v 0.20806900 -0.01871350 -0.01072260
v 0.20677300 0.02893520 -0.01438160
v 0.19685800 0.04500940 -0.01676080
v 0.20178500 0.03801710 -0.01557670
v 0.16272900 0.03297090 -0.01078510
v 0.17327400 0.04500940 -0.01182580
v 0.20549600 0.04500940 0.00278066
v 0.16272900 0.03711270 0.00320723
v 0.17021100 0.04500940 0.00320723
v 0.20589400 0.03353230 -0.01349900
v 0.20270600 0.04500940 -0.01110870
v 0.20566300 0.04500940 -0.00382388
v 0.20575100 0.04500940 -0.00355911
v 0.20657900 0.04237720 -0.00116147
v 0.20074000 0.04345000 -0.01515010
v 0.19744100 0.04500940 -0.01647770
v 0.16272900 0.03484840 -0.00782117
v 0.17121000 0.04500940 -0.00841690
v 0.16987800 0.04500940 -0.00368781
v 0.16272900 0.03709400 0.00174364
v 0.20216900 0.04500940 -0.01195820
v 0.20023100 0.04500940 -0.01468310
v 0.16272900 0.03632670 -0.00543088
v 0.16272900 0.03690060 -0.00415116
vn -0.04636958 0.01493789 -0.99881266
vn -0.01643670 -0.05603961 -0.99829324
vn -0.29145794 -0.05361749 -0.95507980
vn -0.40614810 -0.01275620 -0.91371823
vn -0.34957207 0.59654312 -0.72245115
vn 0.00649825 0.50511289 -0.86302882
vn 0.04736581 0.02245001 -0.99862529
vn 0.04915358 -0.05602837 -0.99721851
vn 0.09399481 -0.18335302 -0.97854312
vn -0.04412841 -0.22852604 -0.97253716
vn -0.36915311 -0.30337609 -0.87845827
vn -0.59652815 -0.10331103 -0.79591520
vn -0.63096214 0.05343611 -0.77397117
vn -0.65135810 0.46917907 -0.59632509
vn -0.42165603 0.72768405 -0.54100104
vn -0.32875509 0.79652622 -0.50741114
vn -0.14048198 0.86062090 -0.48948594
vn -0.01653490 0.80802588 -0.58891491
vn 0.11723600 0.79563701 -0.59432101
vn 0.06131177 0.50650976 -0.86005159
vn 0.37108215 0.44769118 -0.81355433
vn 0.32919000 0.04150690 -0.94335101
vn 0.35422903 -0.13048101 -0.92601107
vn 0.02184730 -0.99269182 -0.11868298
vn -0.13718096 -0.34321589 -0.92918471
vn -0.48695704 -0.50246504 -0.71442405
vn -0.72235410 -0.28633604 -0.62945709
vn -0.22830607 -0.42409313 -0.87636827
vn -0.75601723 -0.05947342 -0.65184420
vn -0.76706637 0.08226014 -0.63627231
vn -0.84680973 0.28888991 -0.44660486
vn -0.72367519 0.58568116 -0.36506410
vn -0.52329027 0.80781841 -0.27128714
vn -0.20479898 0.92752689 -0.31265196
vn -0.04358061 0.95414016 -0.29617105
vn 0.09083788 0.93957877 -0.33006092
vn 0.16695899 0.84965797 -0.50020598
vn 0.30008387 0.79235766 -0.53114877
vn 0.65743504 0.47221503 -0.58719003
vn 0.57204000 0.08594060 -0.81571101
vn 0.58271118 -0.06961412 -0.80969226
vn 0.51863588 -0.15916396 -0.84004980
vn 0.38928480 -0.23550488 -0.89050255
vn 0.23968605 -0.20702204 -0.94852120
vn -0.48311206 -0.78994710 -0.37760605
vn -0.76555902 -0.56771202 -0.30269201
vn -0.86147105 -0.25965702 -0.43640103
vn -0.89937562 -0.19900992 -0.38925384
vn -0.82735402 0.01909850 -0.56135601
vn -0.90965684 0.04428629 -0.41299293
vn -0.99455517 0.02766910 -0.10047102
vn -0.80136993 0.57931395 -0.14900199
vn -0.58090364 0.81340750 -0.03031818
vn -0.26160794 0.96491577 -0.02233459
vn -0.13849894 0.98810860 -0.06677907
vn 0.15486692 0.98033552 -0.12230494
vn 0.27158295 0.92265882 -0.27375795
vn 0.38045593 0.82199085 -0.42377392
vn 0.60778516 0.73228120 -0.30718308
vn 0.80764104 0.44689302 -0.38471102
vn 0.85059132 0.21912108 -0.47799618
vn 0.71833208 0.14064202 -0.68133608
vn 0.68495290 -0.27936096 -0.67290191
vn 0.75737799 -0.03266840 -0.65215899
vn -0.66034783 -0.74931181 -0.04972469
vn -0.94298617 -0.28648905 -0.16941403
vn -0.94445892 -0.27292798 0.18305098
vn -0.99401555 0.05820367 0.09244146
vn -0.76885437 0.58257328 0.26357413
vn -0.47375497 0.87962794 0.04255500
vn -0.24590589 0.96562958 0.08420096
vn -0.10733799 0.98086891 0.16240299
vn 0.09875119 0.98854590 0.11412799
vn 0.25385907 0.96722628 0.00537524
vn 0.46756084 0.88057271 -0.07732117
vn 0.29538607 0.94466021 -0.14270303
vn 0.49707475 0.83206659 -0.24613388
vn 0.61422509 0.75984112 -0.21300003
vn 0.76636670 0.62676275 -0.14089194
vn 0.96067893 0.23224198 -0.15218299
vn 0.99595906 -0.02123510 -0.08726181
vn 0.89902241 0.02012969 -0.43743971
vn 0.87232076 -0.22486894 -0.43415488
vn 0.57057282 -0.71997177 -0.39507887
vn -0.48308299 -0.87238399 0.07467930
vn -0.79936117 -0.11492202 0.58975813
vn -0.43215304 -0.88934109 0.14938601
vn -0.62557611 -0.65826511 0.41873807
vn -0.70350603 0.56796602 0.42719302
vn -0.56513613 0.77100818 0.29354307
vn -0.23536900 0.92301302 0.30438201
vn -0.08168620 0.94658902 0.31192401
vn 0.04192160 0.96164801 0.27106400
vn 0.17192994 0.94551869 0.27646791
vn 0.49097503 0.83244205 0.25687302
vn 0.47235295 0.88139290 -0.00540734
vn 0.63410606 0.77310308 -0.01487050
vn 0.78359327 0.61781021 0.06551442
vn 0.98351116 0.16555003 0.07279411
vn 0.97496330 -0.05282552 0.21600007
vn 0.96559145 -0.23152111 0.11845306
vn 0.96992630 -0.24291507 -0.01533780
vn 0.53563718 -0.84382129 -0.03253381
vn 0.51781998 -0.82958996 -0.20890899
vn 0.52319511 -0.82202417 -0.22481805
vn -0.41970407 -0.85396915 0.30754705
vn -0.56099008 -0.68933610 0.45837307
vn -0.75224260 -0.18594290 0.63210466
vn -0.66002703 -0.16273101 0.73340503
vn -0.75232898 -0.10695800 0.65004699
vn -0.58454084 0.43561888 0.68450581
vn -0.39466786 0.74578474 0.53669581
vn -0.19012094 0.75576475 0.62663679
vn 0.08581661 0.83118511 0.54933307
vn 0.33279193 0.78069983 0.52892089
vn 0.59171791 0.46182193 0.66074990
vn 0.59760624 0.67126627 0.43848418
vn 0.78912291 0.44852695 0.41965295
vn 0.89218900 0.04702090 0.44920800
vn 0.81298765 -0.04165938 0.58078875
vn 0.78284446 -0.18981587 0.59255759
vn 0.49427106 -0.86119810 0.11846501
vn -0.32223085 -0.85504762 0.40627682
vn -0.26605592 -0.31895391 0.90966073
vn -0.05323478 -0.32884389 0.94288268
vn 0.00212921 -0.02170890 0.99976207
vn -0.00885363 0.19199095 0.98135676
vn -0.28089910 0.43309915 0.85645830
vn -0.28554807 0.58312115 0.76054719
vn -0.17707109 0.55124028 0.81534041
vn 0.01715500 0.54064309 0.84107714
vn 0.23499503 0.51967407 0.82141110
vn 0.67996382 -0.04065359 0.73211781
vn 0.76575125 0.06481802 0.63986221
vn 0.40051301 0.05994650 0.91432803
vn 0.62490298 -0.16164399 0.76378497
vn 0.40743497 -0.82646495 0.38852598
vn -0.08889382 -0.96164318 0.25950005
vn -0.04823958 -0.94001867 0.33769488
vn 0.03177009 -0.96613155 0.25608688
vn 0.27656013 -0.23434911 0.93198444
vn 0.10837702 -0.03281390 0.99356815
vn 0.17557297 0.04664389 0.98336081
vn 0.11477794 0.37482179 0.91996448
vn -0.06292118 0.45646887 0.88751174
vn 0.37317288 -0.14741895 0.91597470
vn 0.48282689 -0.17156296 0.85874580
vn 0.29894190 -0.85686271 0.42002386
vn 0.24082990 -0.79783766 0.55268076
vn -0.10556902 0.98331115 -0.14817002
vn -0.06936962 0.87068631 -0.48692217
vn -0.24639002 0.90093607 -0.35722003
vn -0.44343889 0.88690078 -0.12949497
vn -0.39616695 0.90297589 0.16639198
vn -0.09770606 0.96125962 0.25774690
vn 0.08440556 0.97838359 0.18878892
vn 0.10376698 0.98404079 -0.14455497
vn 0.04745409 0.89893179 -0.43551090
vn -0.07692884 0.76919441 -0.63436734
vn -0.31430899 0.83559397 -0.45054698
vn 0.02468220 0.73833994 -0.67397695
vn -0.62164096 0.75105695 -0.22243198
vn -0.66370221 0.74653024 -0.04681861
vn -0.58063810 0.80588114 0.11582302
vn -0.30939310 0.84423827 0.43765014
vn -0.50115085 0.79213677 0.34837790
vn -0.05371912 0.85172130 0.52123419
vn 0.06128147 0.83972958 0.53953573
vn 0.14054309 0.72766844 0.67137641
vn 0.17599297 0.96488883 0.19497697
vn 0.18326902 0.97921213 -0.08692571
vn 0.12505595 0.91506760 -0.38342183
vn 0.14367399 0.77016895 -0.62144796
vn 0.00106107 0.59195402 -0.80597103
vn -0.13212704 0.65162622 -0.74694425
vn -0.39949194 0.65719390 -0.63914190
vn 0.02582261 0.52716027 -0.84937344
vn 0.05827890 0.54471303 -0.83659505
vn -0.60456127 0.61329227 -0.50830922
vn -0.72254219 0.62664917 -0.29196508
vn -0.68122882 0.71428181 -0.16040196
vn -0.73393277 0.67667079 -0.05881608
vn -0.68906024 0.72412325 -0.02900861
vn -0.66824435 0.73535138 0.11272906
vn -0.29450187 0.75589968 0.58470875
vn -0.05092020 0.68085501 0.73064601
vn -0.59836871 0.67726068 0.42810380
vn -0.29698398 0.63121295 0.71649894
vn 0.10633494 0.64473666 0.75697260
vn 0.14051698 0.65975789 0.73822388
vn 0.80500209 0.40746404 0.43121305
vn 0.17951693 0.86746068 0.46398883
vn 0.18676394 0.98209167 0.02480289
vn 0.19521795 0.93845575 0.28493992
vn 0.18150194 0.95553169 -0.23241392
vn 0.16842800 0.89195598 -0.41957899
vn 0.21893305 0.97568321 -0.01051620
vn 0.24852114 0.96796556 -0.03577582
vn 0.26290993 0.95196576 -0.15696996
vn 0.26365706 0.95052720 -0.16426503
vn 0.22212806 0.84164521 -0.49223212
vn 0.16729306 0.85477833 -0.49129119
vn 0.16019203 0.72689213 -0.66780712
vn 0.11565001 0.51779107 -0.84765411
vn -0.00139338 0.47783914 -0.87844625
vn -0.15175899 0.39945397 -0.90410494
vn -0.41748324 0.46805927 -0.77886345
vn 0.03444879 0.45047986 -0.89212173
vn 0.06520672 0.32048009 -0.94500825
vn 0.09123508 0.31173192 -0.94577977
vn -0.56187181 0.42741686 -0.70824776
vn -0.83529192 0.35996397 -0.41558796
vn -0.96228171 0.26069792 -0.07778498
vn -0.97329801 0.22859800 -0.02083140
vn -0.98011855 0.19688091 0.02460779
vn -0.78662772 0.61740878 -0.00482055
vn -0.79277957 0.60947067 0.00678583
vn -0.82175699 0.54723799 0.15889000
vn -0.68771408 0.64921207 0.32492004
vn -0.07409351 0.46866508 0.88026314
vn 0.01076450 0.40073287 0.91613170
vn 0.06647529 0.45335091 0.88884981
vn -0.73420641 0.54433930 0.40575322
vn -0.46772887 0.43701488 0.76827579
vn -0.19270903 0.30993105 0.93102415
vn -0.06980203 0.28705212 0.95536839
vn 0.08689994 0.40020916 0.91229437
vn 0.13408698 0.61373693 0.77804091
vn 0.11002696 0.48090484 0.86984171
vn 0.13731303 0.60065812 0.78762615
vn 0.17341106 0.79061326 0.58724720
vn 0.20282196 0.89536784 0.39645893
vn 0.34381102 0.68181704 -0.64569304
vn 0.25234904 0.51387007 -0.81991311
vn 0.11568602 0.47489209 -0.87240716
vn 0.02730219 0.39094585 -0.92000866
vn 0.01196880 0.29008290 -0.95692667
vn -0.04865238 0.08110217 -0.99551765
vn -0.16871605 0.13107704 -0.97691028
vn 0.01570070 0.06462700 -0.99778597
vn -0.58289202 0.10815800 -0.80531903
vn 0.05425990 0.21875998 -0.97426892
vn 0.08151461 0.22493502 -0.97095809
vn 0.25022800 0.24466900 -0.93676199
vn -0.95641864 0.07831107 -0.28130189
vn -0.99580163 0.08977867 -0.01785769
vn -0.99162054 0.10585295 0.07405307
vn -0.95215075 0.25279993 0.17175896
vn 0.01116210 0.24816793 0.96865272
vn 0.05384829 0.24269194 0.96860776
vn 0.07789869 0.33587494 0.93867983
vn -0.74095482 0.27520093 0.61257685
vn -0.34024409 0.20396405 0.91795023
vn -0.18644696 0.19124896 0.96367078
vn -0.02673811 0.13586703 0.99036621
vn 0.08362160 0.24976500 0.96468900
vn 0.19453794 0.45586685 0.86852772
vn -0.03815752 -0.00258479 -0.99926839
vn -0.15513294 0.01789049 -0.98773159
vn 0.04014002 0.09080533 -0.99505938
vn 0.03999349 0.07732238 -0.99620368
vn 0.05090120 0.04335820 -0.99776206
vn 0.02609020 -0.00388858 -0.99965203
vn -0.14201902 -0.06573111 -0.98767911
vn -0.45546408 -0.19514804 -0.86860216
vn -0.79207385 -0.14743497 -0.59235289
vn -0.89358822 -0.03004321 -0.44788111
vn 0.05968238 0.10258997 -0.99293168
vn 0.18749904 0.11033602 -0.97604819
vn -0.99787493 0.01491930 -0.06342740
vn -0.99710520 0.04332541 0.06248301
vn -0.81353669 0.08492567 0.57527878
vn 0.02195310 0.10672700 0.99404598
vn 0.04259488 0.13795194 0.98952258
vn 0.05679779 0.20070996 0.97800282
vn 0.03540710 0.07808051 0.99631811
vn -0.32243798 0.09857509 0.94144394
vn -0.12347999 0.04874910 0.99114894
vn -0.00943423 0.02651060 0.99960401
vn 0.10201596 0.18224994 0.97794565
vn 0.01657361 -0.07924473 -0.99671741
vn -0.02884889 -0.07900428 -0.99645676
vn 0.04952899 0.00580592 -0.99875581
vn 0.04279379 -0.07732908 -0.99608680
vn -0.15218995 -0.29139590 -0.94441868
vn -0.29220809 -0.33114210 -0.89719527
vn -0.56660580 -0.34938188 -0.74625074
vn -0.94462734 -0.21949108 -0.24393209
vn 0.35350703 -0.03281620 -0.93485607
vn -0.98705751 -0.15420108 -0.04403982
vn -0.99913660 0.03243689 0.02595969
vn -0.95770790 -0.09110679 0.27293797
vn -0.73585090 -0.00322839 0.67713591
vn -0.98327897 -0.12836600 0.12916900
vn 0.02641410 0.00209051 0.99964890
vn 0.03253939 0.03265919 0.99893672
vn 0.06678802 0.05010502 0.99650833
vn -0.27614684 -0.03745248 0.96038546
vn -0.08827986 -0.08232896 0.99268757
vn 0.00141234 -0.07708643 0.99702341
vn 0.03405970 -0.21310700 -0.97643502
vn 0.00869529 -0.23241190 -0.97257858
vn -0.00889200 -0.22507497 -0.97430087
vn 0.17737998 -0.09535629 -0.97951188
vn -0.07165420 -0.39554098 -0.91564896
vn -0.18290805 -0.41343912 -0.89197126
vn -0.68809424 -0.65185123 -0.31877311
vn -0.41859808 -0.64170612 -0.64264212
vn -0.70861481 -0.70460681 -0.03734029
vn -0.81273262 -0.57555873 0.09054186
vn -0.92759208 -0.21425902 0.30604903
vn -0.60009908 -0.36524305 0.71167310
vn -0.62106585 -0.11276497 0.77560381
vn -0.64561096 -0.60854196 0.46137097
vn 0.02124191 -0.09671613 0.99508531
vn 0.07320348 -0.04046609 0.99649573
vn -0.21420106 -0.17680305 0.96065529
vn -0.09213840 -0.24602199 0.96487496
vn -0.00219604 -0.30803996 0.95137088
vn 0.01505429 -0.17885293 0.98376064
vn 0.01712599 -0.39285087 -0.91944271
vn 0.31147790 -0.23465592 -0.92082469
vn 0.31207701 -0.24251801 -0.91858203
vn 0.16626100 -0.34026900 -0.92551299
vn 0.00444968 -0.46646400 -0.88452899
vn -0.11318399 -0.69879992 -0.70630592
vn -0.19099803 -0.89692713 -0.39880006
vn -0.28775486 -0.94717853 -0.14159793
vn -0.36336208 -0.91556221 0.17237704
vn -0.28259897 -0.59563395 0.75190293
vn -0.15558402 -0.37617605 0.91339213
vn -0.21064802 -0.80998306 0.54731604
vn 0.07492497 -0.16331594 0.98372463
vn -0.05046592 -0.37973115 0.92371936
vn -0.00207520 -0.38083318 0.92464143
vn 0.07169817 -0.41128280 0.90868357
vn 0.11748104 -0.41262715 -0.90329233
vn 0.00347750 -0.70149998 -0.71266098
vn 0.01035870 -0.59602792 -0.80289689
vn -0.02109280 -0.89318216 -0.44920008
vn -0.02607410 -0.98312708 -0.18105602
vn -0.03715979 -0.97630669 0.21317693
vn -0.11299102 -0.60191612 0.79052515
vn -0.02903882 -0.82680449 0.56173933
vn -0.00804081 -0.62717713 0.77883516
vn 0.19946495 -0.60564486 0.77032982
vn 0.97787748 -0.13469407 -0.16004108
vn 0.29049112 -0.62834925 -0.72165929
vn 0.32344205 -0.69707010 -0.63990509
vn 0.09252849 -0.85351991 -0.51277894
vn -0.01675030 -0.95644794 -0.29142198
vn 0.32155883 -0.90972653 -0.26267386
vn 0.31979808 -0.92175024 -0.21933006
vn 0.30736688 -0.95117763 -0.02804849
vn 0.16972194 -0.98492764 0.03334669
vn 0.14835698 -0.80171287 0.57900491
vn -0.02662811 -0.89407943 0.44711622
vn 0.21055396 -0.65092786 0.72935585
vn 0.99578459 0.09127646 0.00903615
vn -0.02183750 0.93556190 0.35248696
vn -0.01587539 0.99951063 -0.02695319
vn -0.03582199 0.99496278 -0.09362608
vn -0.02649570 0.98130491 0.19062698
vn 0.00867162 0.63924788 0.76895185
vn -0.02672921 0.66280118 0.74831821
vn -0.00294135 0.97579150 -0.21868311
vn -0.01596740 0.99933301 -0.03284180
vn -0.03777831 0.99009921 0.13519003
vn -0.01995959 0.89716869 -0.44123685
vn -0.03212581 0.86817332 -0.49522018
vn -0.59588420 0.67789823 -0.43055315
vn -0.03739399 0.98455978 -0.17100796
vn -0.03753720 0.98574489 -0.16400598
vn -0.03976992 0.99849042 -0.03788462
vn -0.04004070 0.99900704 -0.01953630
vn -0.04258732 0.98083846 0.19011109
vn -0.03644521 0.79982022 0.59913217
vn 0.05554121 0.57593707 0.81560509
vn -0.02238659 0.55401183 0.83220775
vn -0.05028491 0.67702507 0.73424007
vn 0.16593305 0.86064427 -0.48141215
vn 0.00009247 0.83405590 -0.55167993
vn -0.03871328 0.92913956 0.36769683
vn -0.03653941 0.89120527 0.45212614
vn -0.01471371 0.74097330 -0.67137327
vn -0.02801538 0.72488157 -0.68830360
vn -0.02926639 0.75441869 -0.65574073
vn -0.02927131 0.72446735 -0.68868734
vn -0.05698228 0.91224664 0.40565884
vn -0.06315548 0.80227175 0.59360881
vn 0.07978251 0.45759506 0.88557411
vn -0.01635950 0.35618890 0.93427075
vn -0.00868736 0.31031503 0.95059408
vn -0.07959315 0.53883866 0.83864047
vn -0.04849289 0.31334993 0.94839879
vn 0.18904498 0.83199290 -0.52158394
vn 0.15840297 0.77293587 -0.61439290
vn -0.02481020 0.61609895 -0.78727793
vn 0.08390951 0.59062307 -0.80257310
vn -0.02815678 0.51189668 -0.85858546
vn 0.16184594 0.27267490 0.94839564
vn -0.01231830 0.19106405 0.98150027
vn 0.02116800 0.13619400 0.99045601
vn -0.09833725 0.18310091 0.97816351
vn -0.01601600 0.33383990 -0.94249372
vn 0.58525988 0.21712796 -0.78123384
vn 0.00980407 0.24778910 -0.96876439
vn -0.03414311 0.26791205 -0.96283819
vn 0.30659911 0.18779407 0.93312934
vn -0.01011020 0.02961820 0.99951015
vn 0.01712280 0.01746680 0.99970082
vn -0.06582288 0.06013468 0.99601766
vn 0.13156602 -0.00289353 0.99130319
vn 0.38214913 0.06992512 0.92145131
vn 0.36853791 0.09216378 0.92503278
vn 0.01557521 0.11349505 -0.99341647
vn -0.00654742 0.14792905 -0.98897630
vn -0.01335899 0.15743792 -0.98743852
vn -0.01608300 0.24862201 -0.96846705
vn 0.34486003 0.08492861 -0.93480409
vn -0.03806782 0.18336009 -0.98230846
vn -0.00289429 -0.10315402 0.99466118
vn -0.08140290 -0.04717810 0.99556406
vn 0.34359797 -0.04812570 0.93788291
vn 0.07404549 -0.06060179 -0.99541182
vn 0.01689280 -0.03255940 -0.99932703
vn 0.00184524 -0.02502530 -0.99968512
vn -0.00141038 -0.02339431 -0.99972532
vn -0.00355790 -0.07333371 -0.99730111
vn -0.00986351 0.02282200 -0.99969089
vn -0.01127670 0.03737019 -0.99923786
vn -0.01310630 0.02187719 -0.99967475
vn 0.62274401 -0.03300960 -0.78172902
vn -0.10444903 -0.03569961 -0.99388930
vn 0.00170436 -0.22999201 0.97319103
vn 0.25342695 -0.16319896 0.95348879
vn -0.00968731 -0.14024506 0.99006943
vn -0.00822208 -0.18793097 0.98214782
vn -0.00724175 -0.19840103 0.98009417
vn -0.95371028 -0.05732832 0.29521209
vn -0.01663759 -0.17227392 0.98490857
vn 0.00807817 -0.22305392 -0.97477264
vn 0.62733076 -0.04128688 -0.77765771
vn 0.64577140 -0.07581485 -0.75975747
vn 0.38339098 -0.12201499 -0.91549096
vn -0.00287525 -0.21027999 -0.97763698
vn -0.01128320 -0.17213108 -0.98500943
vn -0.06216241 -0.05504211 -0.99654714
vn -0.00417985 -0.46529929 0.88514355
vn 0.05100772 -0.38984817 0.91946540
vn 0.33385516 -0.21432510 0.91793544
vn -0.00623296 -0.45576115 0.89008029
vn -0.02753830 -0.46629206 0.88420210
vn -0.01676209 -0.39355883 0.91914660
vn -0.01142450 -0.39578011 0.91827424
vn -0.98413376 -0.08188058 0.15740496
vn 0.61876014 -0.17005504 -0.76695317
vn 0.15418894 -0.42649084 -0.89125267
vn 0.00089293 -0.35064501 -0.93650802
vn -0.00306431 -0.31519289 -0.94902268
vn -0.01006490 -0.30281807 -0.95299523
vn -0.08806491 -0.26054404 -0.96143714
vn -0.15118204 -0.24362806 -0.95801324
vn -0.00530052 -0.66555976 0.74632574
vn 0.04797889 -0.64717888 0.76082686
vn 0.75430006 -0.38924803 0.52869404
vn 0.07669518 -0.44769186 0.89089272
vn 0.05299259 -0.27561693 0.95980576
vn 0.97709351 -0.06854897 0.20146790
vn -0.00664563 -0.64548228 0.76374633
vn -0.03178842 -0.64242931 0.76568537
vn -0.02054210 -0.63580793 0.77157391
vn -0.98679122 -0.10011502 0.12735803
vn -0.85672711 -0.33846005 0.38918305
vn -0.01629680 -0.61800008 0.78600910
vn -0.01572780 -0.61663392 0.78709290
vn -0.01465550 -0.64291515 0.76579718
vn 0.73479520 -0.45464112 -0.50336614
vn 0.00021158 -0.65245201 -0.75783001
vn 0.00030458 -0.53357415 -0.84575324
vn -0.00132506 -0.53468823 -0.84504837
vn -0.00286247 -0.62483370 -0.78075262
vn -0.01130080 -0.48439908 -0.87477415
vn -0.12931903 -0.35047209 -0.92760223
vn 0.00055279 -0.86714631 0.49805318
vn -0.00418940 -0.85032466 0.52624179
vn 0.71331505 -0.58783704 0.38161402
vn 0.98739460 -0.08064527 0.13619194
vn 0.98024118 -0.06817021 0.18568803
vn -0.01013660 -0.85633581 0.51631989
vn -0.02274870 -0.82540884 0.56407689
vn -0.96187607 -0.25323402 0.10328101
vn -0.03551112 -0.84812151 0.52861032
vn -0.01242840 -0.83516029 0.54986619
vn 0.80849713 -0.47413807 -0.34860505
vn -0.00003322 -0.75292095 -0.65811096
vn -0.00470020 -0.80758899 -0.58972699
vn -0.01432380 -0.64380094 -0.76505893
vn -0.27026601 -0.38618401 -0.88194002
vn -0.01314930 -0.65892804 -0.75209104
vn -0.14870999 -0.65346095 -0.74220895
vn 0.00167143 -0.98547229 0.16982805
vn -0.00401525 -0.99873852 0.05005248
vn 0.92438783 -0.37874093 0.04541419
vn -0.01562170 -0.99689985 0.07711459
vn -0.02316701 -0.99961045 0.01556421
vn -0.99024491 -0.13901999 0.00940498
vn -0.04029191 -0.99690922 0.06744302
vn 0.92296716 -0.36319806 -0.12735302
vn -0.00073242 -0.98657983 -0.16327797
vn -0.00543839 -0.98664477 -0.16279596
vn -0.01608600 -0.82460508 -0.56548006
vn -0.37886610 -0.59586815 -0.70809718
vn -0.01672490 -0.82662807 -0.56250005
vn -0.02507260 -0.89729393 -0.44072097
vn -0.86941588 -0.36393195 -0.33416995
vn 0.77765543 -0.62838635 -0.01956071
vn -0.02081699 -0.99223362 -0.12263395
vn -0.95646293 -0.29168598 -0.00989686
vn -0.91618408 -0.39779903 -0.04860730
vn -0.02198110 -0.99494088 -0.09802799
vn 0.92475791 -0.36774596 -0.09790669
vn -0.02279089 -0.95651879 -0.29077893
vn -0.79584384 -0.57965588 -0.17501896
vn -0.87704095 -0.36739098 -0.30955298
vn 0.19469093 -0.00671769 0.98084164
vn 0.49930314 -0.04545401 0.86523425
vn 0.29676293 0.02293349 0.95467577
vn 0.10156501 0.01799840 0.99466608
vn -0.04319559 0.00444710 0.99905674
vn 0.13374903 -0.03262141 0.99047819
vn 0.67298000 -0.31302100 0.67016100
vn 0.62865478 -0.08015497 0.77354273
vn 0.49482506 -0.02269850 0.86869611
vn 0.01880560 0.99833124 0.05459931
vn 0.14391105 0.07853553 0.98646935
vn 0.11301798 0.07361909 0.99086183
vn -0.09161268 0.03135969 0.99530080
vn -0.77823285 0.03533579 0.62698088
vn -0.03069631 -0.01868010 0.99935419
vn -0.00808284 -0.41127888 0.91147373
vn 0.36123616 -0.82305036 0.43828819
vn 0.73528789 -0.61494791 0.28493996
vn 0.91319300 -0.38692100 0.12794800
vn 0.88664665 -0.24291990 0.39350684
vn 0.79040222 -0.19686606 0.58009316
vn 0.90485483 -0.14700197 0.39953493
vn 0.77962972 0.00707788 0.62620077
vn 0.56337781 -0.03227559 0.82556873
vn -0.28426908 0.22736306 0.93139526
vn 0.08359336 0.08562416 0.99281451
vn -0.32349590 0.12313296 0.93818371
vn -0.53169521 0.11602104 0.83895132
vn -0.95592034 0.00230117 0.29361711
vn -0.51163223 -0.31647314 0.79879736
vn -0.88778876 0.26578493 0.37575190
vn -0.64882288 -0.52531791 0.55051790
vn 0.21097094 -0.97536071 0.06451938
vn 0.64821708 -0.75866109 0.06517651
vn 0.84293293 -0.53698495 0.03333520
vn 0.93526573 -0.35380790 0.00989887
vn 0.93410822 -0.35657708 0.01716450
vn 0.95076643 -0.30876314 0.02661811
vn 0.95157422 -0.28054007 0.12571303
vn 0.88747376 -0.46050088 0.01814560
vn 0.90123487 -0.43322794 0.00944776
vn 0.95836183 -0.23201296 0.16647097
vn 0.97806857 -0.18679392 0.09214066
vn 0.98843079 -0.12593097 0.08453378
vn 0.98865913 -0.11159601 0.10049601
vn 0.91972366 0.36209587 0.15164094
vn 0.93815003 0.13447500 0.31904701
vn -0.38845789 0.19410895 0.90078975
vn -0.53006698 0.35375998 0.77063797
vn -0.60702878 0.12301596 0.78510072
vn -0.64328056 0.36393275 0.67360454
vn -0.98601936 -0.02509651 0.16473006
vn -0.95976945 -0.07500134 0.27058713
vn -0.97145306 0.10909701 0.21065801
vn -0.97640007 -0.14238801 0.16238401
vn -0.73176285 -0.67560486 0.08989558
vn 0.21735096 -0.97607283 0.00635552
vn 0.36878693 -0.92918083 -0.02488360
vn 0.65039887 -0.75933985 -0.01960350
vn 0.80801293 -0.58735195 -0.04618230
vn 0.89317214 -0.44799207 -0.03932721
vn 0.95629803 -0.28874601 -0.04604160
vn 0.97115470 -0.23786793 0.01665549
vn 0.97712752 -0.20942390 0.03692488
vn 0.98955948 -0.14228607 0.02295011
vn 0.99141909 -0.12082101 0.04990460
vn 0.93529109 0.34388903 0.08349201
vn -0.99653696 -0.07982240 0.02329090
vn -0.98491073 0.17215095 -0.01774570
vn -0.55396885 -0.83233077 0.01854739
vn 0.27318600 -0.95360200 -0.12654100
vn 0.60343314 -0.77551318 -0.18560104
vn -0.73240274 -0.68042975 -0.02452719
vn 0.61868830 -0.45976522 -0.63705630
vn 0.85979600 -0.44550100 -0.24955900
vn 0.86160486 -0.38038494 -0.33607195
vn 0.93587938 -0.30885713 -0.16952007
vn 0.95190514 -0.25382804 -0.17160402
vn 0.96968248 -0.23776187 -0.05643747
vn 0.97427587 -0.21296497 -0.07370509
vn 0.98911317 -0.14131102 -0.04106491
vn 0.99161607 -0.12204601 -0.04245400
vn 0.88096712 0.47312107 0.00730639
vn -0.99825194 -0.05277940 -0.02659700
vn -0.98361393 0.17708699 -0.03382060
vn -0.53054595 -0.84042992 -0.11044699
vn 0.45158007 -0.72099710 -0.52558408
vn -0.98030018 -0.04634151 -0.19200004
vn -0.03179961 -0.07452003 -0.99671237
vn 0.29697183 -0.15141192 -0.94280547
vn 0.82101307 -0.26235602 -0.50705705
vn 0.09733708 -0.22871995 -0.96861379
vn 0.92758497 -0.19648199 -0.31777499
vn 0.97830215 -0.15563202 -0.13676102
vn 0.84095245 0.53102365 -0.10398493
vn 0.97187189 -0.10478099 -0.21091698
vn -0.88646985 0.42515593 -0.18279397
vn -0.44194702 -0.42988802 -0.78732403
vn -0.68056019 -0.00616839 -0.73266621
vn -0.64389293 -0.09119019 -0.75966192
vn -0.87921779 0.43190290 -0.20108695
vn -0.85722174 0.31424290 -0.40794888
vn 0.22226110 -0.03750862 -0.97426542
vn 0.25581794 -0.10597498 -0.96089879
vn -0.20476107 -0.00975926 -0.97876333
vn -0.01215660 0.62338197 -0.78182296
vn 0.09149533 -0.01585051 -0.99567935
vn 0.67990879 -0.15275995 -0.71720878
vn 0.89370780 -0.13994497 -0.42626491
vn 0.93658813 -0.15346602 -0.31504104
vn 0.80129789 0.58156992 -0.14034998
vn 0.85279924 0.44398813 -0.27496908
vn -0.50665207 0.61603408 -0.60316308
vn -0.31478196 0.43723794 -0.84245789
vn 0.23693588 0.66836366 -0.70508964
vn 0.38686388 -0.03928319 -0.92129972
vn 0.48050199 -0.07605030 -0.87368998
vn -0.09579576 0.66410641 -0.74147546
vn 0.80012268 -0.09989516 -0.59145976
vn 0.39634099 0.90398198 -0.16040700
vn 0.41100803 0.66418805 -0.62444105
vn -0.98747961 -0.15726894 0.01226770
vn -0.33904495 -0.77589490 0.53201093
vn -0.18151292 -0.98278556 -0.03443248
vn -0.02072730 -0.99977800 -0.00378548
vn -0.17121592 -0.98522357 -0.00443066
vn -0.17092098 -0.98527790 -0.00367053
vn -0.14977003 -0.98744620 0.05018911
vn -0.14566597 -0.98748382 0.06047419
vn -0.18780205 -0.95771324 0.21798105
vn -0.37995483 -0.51946177 0.76537167
vn -0.12887696 -0.97581967 0.17654094
vn -0.22001899 -0.82258598 0.52435098
vn -0.28632694 -0.93741281 -0.19817696
vn -0.18157593 -0.98247460 -0.04211708
vn -0.11265002 -0.24323705 0.96340319
vn -0.39531186 -0.46783583 0.79047971
vn -0.37612106 -0.87458315 -0.30600205
vn -0.31206303 -0.79721707 -0.51678004
vn -0.18167498 -0.97756592 -0.10657899
vn -0.08454863 -0.03604181 0.99576730
vn -0.18551495 -0.02915759 0.98220875
vn -0.40991209 -0.04709901 0.91090821
vn -0.41394894 -0.17635497 0.89305386
vn -0.41388303 -0.20531302 0.88687507
vn -0.41139412 -0.29346809 0.86292025
vn -0.41034724 -0.31318318 0.85646450
vn 0.11441599 -0.53931994 0.83429191
vn 0.06559640 0.00160467 0.99784495
vn -0.05927257 -0.02185449 0.99800258
vn -0.56092697 -0.59428797 -0.57635297
vn -0.16402405 -0.23554007 -0.95792327
vn -0.57323191 -0.56152492 -0.59673691
vn -0.49126698 -0.48442498 -0.72387097
vn -0.03902229 0.08759208 0.99539183
vn -0.69185101 0.05454620 0.71997701
vn 0.29114407 -0.75612517 0.58609714
vn 0.34526411 0.00646444 0.93848330
vn 0.29431114 0.04455662 0.95467045
vn 0.14987007 0.05389863 0.98723548
vn -0.09563240 -0.66025502 -0.74492802
vn -0.61422288 -0.17146197 -0.77027985
vn -0.61506403 -0.10475801 -0.78148704
vn -0.32345408 -0.09220052 -0.94174122
vn -0.10244904 -0.05220522 -0.99336741
vn 0.16353601 0.08574490 0.98280404
vn 0.05709790 0.94175894 0.33140598
vn -0.22892794 0.19393795 0.95392875
vn -0.45162926 0.12722307 0.88308850
vn 0.13983595 -0.96226166 0.23344892
vn 0.77793427 -0.00657883 0.62831122
vn 0.78517823 0.00894877 0.61920518
vn 0.74081423 0.02117201 0.67137621
vn 0.66579298 0.06104690 0.74363498
vn 0.26267796 0.10381098 0.95928284
vn 0.04840421 -0.63666216 -0.76962220
vn -0.62574875 -0.04107048 -0.77894269
vn 0.08219668 -0.02197959 -0.99637373
vn 0.09642206 -0.05292348 -0.99393254
vn -0.42174191 -0.03575159 -0.90601081
vn -0.09950912 -0.02636731 -0.99468724
vn -0.02397541 -0.01225251 -0.99963746
vn 0.33864301 0.18415801 0.92271704
vn -0.30810492 0.30704392 0.90044177
vn -0.74516772 0.16624694 0.64582275
vn -0.78398949 0.12295108 0.60847638
vn 0.08774486 -0.99543660 0.03750758
vn 0.89648698 -0.02805480 0.44218099
vn 0.97922463 -0.00744148 0.20264192
vn 0.98129222 -0.00351974 0.19249204
vn 0.98626187 -0.02315850 0.16355798
vn 0.95979310 0.01252040 0.28042903
vn 0.95732850 0.04850257 0.28490285
vn 0.93975398 0.08882860 0.33010899
vn 0.64951097 0.13827199 0.74767396
vn 0.32615801 0.15319800 0.93281902
vn 0.28931694 -0.05668029 -0.95555379
vn 0.25690093 -0.08421248 -0.96276174
vn 0.15422393 -0.93144659 -0.32957886
vn 0.13619103 0.00586622 -0.99066523
vn 0.30356803 0.00563828 -0.95279308
vn 0.36697413 -0.02026711 -0.93001034
vn -0.45720985 0.06576858 -0.88692370
vn -0.10265599 0.03843900 -0.99397394
vn 0.03932520 0.01687070 -0.99908403
vn 0.48093406 0.33372704 0.81075810
vn 0.58241223 0.26557311 0.76828830
vn -0.54043481 0.54237581 0.64324078
vn -0.93216657 0.16758110 0.32090819
vn 0.04649458 -0.99879353 0.01580319
vn 0.99896169 -0.01119610 0.04416099
vn 0.99633864 0.01220990 0.08461817
vn 0.05116118 -0.99866959 0.00644863
vn 0.10283103 -0.99465034 0.00982266
vn 0.99880434 -0.02577481 0.04153981
vn 0.97467436 0.13570905 0.17774407
vn 0.90679783 0.16579697 0.38759393
vn 0.78672205 -0.04174860 -0.61589404
vn 0.03631608 -0.99778150 -0.05579617
vn 0.74279006 -0.08751551 -0.66378005
vn 0.17775701 0.02361460 -0.98379103
vn 0.78725992 -0.00301339 -0.61661393
vn 0.69208166 -0.00919509 -0.72176064
vn 0.32100800 0.01884340 -0.94688901
vn 0.65582702 0.02089280 -0.75462203
vn 0.74906904 -0.01356560 -0.66235304
vn -0.88035892 0.12687499 -0.45702396
vn -0.14783098 0.83229086 -0.53426391
vn -0.12636900 0.59741101 -0.79191601
vn 0.09050114 0.63268326 -0.76910431
vn 0.57940521 0.44797716 0.68088624
vn 0.83372417 0.31384707 0.45431709
vn 0.62301398 0.54503798 0.56105898
vn -0.42179502 0.82797803 0.36951501
vn -0.90223236 0.30777912 0.30207412
vn -0.94836686 0.18302197 0.25904296
vn 0.99683802 -0.02192530 -0.07637570
vn 0.99756670 -0.01505050 -0.06807468
vn 0.99770808 -0.01205100 -0.06658351
vn 0.99783894 -0.00903444 -0.06508320
vn 0.99792204 0.00892549 -0.06381170
vn 0.98250724 0.15868504 -0.09746062
vn 0.05299219 -0.99859479 0.00052389
vn 0.11197496 -0.99366560 -0.00950134
vn 0.95833187 0.27465496 0.07851549
vn 0.96234168 -0.07083788 -0.26245091
vn 0.98004533 -0.01247840 -0.19838207
vn 0.97572839 -0.02649851 -0.21737509
vn 0.10384298 -0.99373680 -0.04127729
vn 0.24009408 0.07275602 -0.96801932
vn 0.34528800 0.07923470 -0.93514601
vn 0.96610818 0.00795045 -0.25801505
vn 0.72212101 0.06972390 -0.68824401
vn 0.96034618 0.06768831 -0.27046905
vn -0.88377424 0.25165007 -0.39448111
vn -0.19517205 0.93149425 -0.30696308
vn 0.10324600 0.92172999 -0.37383699
vn 0.25309208 0.08174643 -0.96398232
vn 0.67670087 0.68538187 0.26893795
vn -0.41067286 0.86080771 0.30059590
vn -0.98862350 0.14023207 0.05439253
vn -0.41048605 0.86126510 0.29953903
vn -0.48771203 0.85540605 0.17440601
vn 0.93472189 0.17977498 -0.30655496
vn 0.90221824 0.29923508 -0.31058108
vn 0.95976426 0.26898207 -0.08063002
vn 0.05327859 -0.99853585 -0.00935647
vn 0.95326106 0.30068002 0.02974700
vn 0.05157718 -0.99853360 -0.01644499
vn 0.66224688 0.15524397 -0.73302686
vn 0.35784288 0.42623986 -0.83082372
vn 0.42190410 0.12739003 -0.89764621
vn -0.97356832 0.18092006 -0.13940105
vn -0.35174207 0.89606918 -0.27080905
vn 0.15448095 0.98797570 0.00629772
vn -0.95015400 0.30605100 0.05949920
vn -0.30777282 0.95026946 0.04757987
vn 0.81615003 0.30409101 -0.49135302
vn 0.41691992 0.88746683 -0.19641896
vn 0.29290987 0.94881558 -0.11812195
vn 0.50096508 0.86406314 -0.04928371
vn 0.95994361 0.27987089 -0.01343729
vn 0.66115506 0.26735202 -0.70099706
vn 0.02492720 0.99886985 -0.04046789
vn -0.98931519 0.12353402 -0.07742611
vn -0.38121184 0.90739863 -0.17693293
vn -0.36992706 0.92876215 -0.02355490
vn -0.99316070 0.11670696 -0.00336358
vn 0.32520306 0.92163716 -0.21172604
vn 0.03507249 0.99871082 -0.03669639
vn -0.98968714 0.12502702 -0.06991151
vn -0.98331101 0.17856600 -0.03483740
f 1//1 2//2 3//3
f 1//1 3//3 4//4
f 1//1 4//4 5//5
f 1//1 5//5 6//6
f 1//1 6//6 7//7
f 1//1 7//7 2//2
f 2//2 7//7 8//8
f 2//2 8//8 9//9
f 2//2 9//9 10//10
f 2//2 10//10 11//11
f 2//2 11//11 3//3
f 3//3 11//11 12//12
f 3//3 12//12 4//4
f 4//4 12//12 13//13
f 4//4 13//13 5//5
f 5//5 13//13 14//14
f 5//5 14//14 15//15
f 5//5 15//15 16//16
f 5//5 16//16 17//17
f 5//5 17//17 18//18
f 5//5 18//18 6//6
f 6//6 18//18 19//19
f 6//6 19//19 20//20
f 6//6 20//20 7//7
f 7//7 20//20 21//21
f 7//7 21//21 22//22
f 7//7 22//22 23//23
f 7//7 23//23 8//8
f 8//8 23//23 9//9
f 9//9 23//23 24//24
f 9//9 24//24 10//10
f 10//10 24//24 25//25
f 10//10 25//25 11//11
f 11//11 26//26 27//27
f 11//11 27//27 12//12
f 11//11 25//25 28//28
f 11//11 28//28 26//26
f 12//12 27//27 29//29
f 12//12 29//29 13//13
f 13//13 29//29 30//30
f 13//13 30//30 14//14
f 14//14 30//30 31//31
f 14//14 31//31 32//32
f 14//14 32//32 33//33
f 14//14 33//33 16//16
f 14//14 16//16 15//15
f 16//16 34//34 17//17
f 16//16 33//33 34//34
f 17//17 34//34 35//35
f 17//17 35//35 36//36
f 17//17 36//36 37//37
f 17//17 37//37 18//18
f 18//18 37//37 19//19
f 19//19 37//37 38//38
f 19//19 38//38 21//21
f 19//19 21//21 20//20
f 21//21 38//38 39//39
f 21//21 39//39 40//40
f 21//21 40//40 22//22
f 22//22 40//40 23//23
f 23//23 40//40 41//41
f 23//23 41//41 42//42
f 23//23 42//42 43//43
f 23//23 43//43 44//44
f 23//23 44//44 24//24
f 24//24 44//44 43//43
f 24//24 43//43 42//42
f 24//24 42//42 63//63
f 24//24 63//63 84//84
f 24//24 84//84 105//105
f 24//24 105//105 104//104
f 24//24 104//104 103//103
f 24//24 103//103 122//122
f 24//24 122//122 137//137
f 24//24 137//137 148//148
f 24//24 148//148 149//149
f 24//24 149//149 140//140
f 24//24 140//140 139//139
f 24//24 139//139 138//138
f 24//24 138//138 123//123
f 24//24 123//123 107//107
f 24//24 107//107 106//106
f 24//24 106//106 88//88
f 24//24 88//88 87//87
f 24//24 87//87 85//85
f 24//24 85//85 65//65
f 24//24 65//65 46//46
f 24//24 46//46 45//45
f 24//24 45//45 26//26
f 24//24 26//26 28//28
f 24//24 28//28 25//25
f 26//26 45//45 27//27
f 27//27 45//45 46//46
f 27//27 46//46 47//47
f 27//27 47//47 29//29
f 29//29 47//47 48//48
f 29//29 48//48 49//49
f 29//29 49//49 30//30
f 30//30 49//49 31//31
f 31//31 50//50 51//51
f 31//31 51//51 52//52
f 31//31 52//52 32//32
f 31//31 49//49 50//50
f 32//32 52//52 33//33
f 33//33 52//52 53//53
f 33//33 53//53 54//54
f 33//33 54//54 55//55
f 33//33 55//55 34//34
f 34//34 55//55 35//35
f 35//35 55//55 56//56
f 35//35 56//56 36//36
f 36//36 56//56 57//57
f 36//36 57//57 37//37
f 37//37 57//57 58//58
f 37//37 58//58 38//38
f 38//38 58//58 39//39
f 39//39 59//59 60//60
f 39//39 60//60 61//61
f 39//39 61//61 62//62
f 39//39 62//62 40//40
f 39//39 58//58 59//59
f 40//40 62//62 41//41
f 41//41 63//63 42//42
f 41//41 62//62 64//64
f 41//41 64//64 63//63
f 46//46 65//65 66//66
f 46//46 66//66 48//48
f 46//46 48//48 47//47
f 48//48 66//66 51//51
f 48//48 51//51 50//50
f 48//48 50//50 49//49
f 51//51 67//67 68//68
f 51//51 68//68 52//52
f 51//51 66//66 67//67
f 52//52 68//68 69//69
f 52//52 69//69 70//70
f 52//52 70//70 53//53
f 53//53 70//70 54//54
f 54//54 70//70 55//55
f 55//55 70//70 71//71
f 55//55 71//71 72//72
f 55//55 72//72 73//73
f 55//55 73//73 56//56
f 56//56 73//73 74//74
f 56//56 74//74 75//75
f 56//56 75//75 76//76
f 56//56 76//76 57//57
f 57//57 76//76 77//77
f 57//57 77//77 58//58
f 58//58 77//77 59//59
f 59//59 78//78 79//79
f 59//59 79//79 60//60
f 59//59 77//77 78//78
f 60//60 79//79 80//80
f 60//60 80//80 61//61
f 61//61 80//80 81//81
f 61//61 81//81 82//82
f 61//61 82//82 64//64
f 61//61 64//64 62//62
f 63//63 64//64 83//83
f 63//63 83//83 84//84
f 64//64 82//82 83//83
f 65//65 67//67 66//66
f 65//65 85//85 67//67
f 67//67 86//86 68//68
f 67//67 85//85 87//87
f 67//67 87//87 88//88
f 67//67 88//88 86//86
f 68//68 86//86 69//69
f 69//69 86//86 89//89
f 69//69 89//89 90//90
f 69//69 90//90 70//70
f 70//70 90//90 71//71
f 71//71 91//91 72//72
f 71//71 90//90 91//91
f 72//72 91//91 92//92
f 72//72 92//92 93//93
f 72//72 93//93 73//73
f 73//73 93//93 94//94
f 73//73 94//94 95//95
f 73//73 95//95 74//74
f 74//74 95//95 96//96
f 74//74 96//96 75//75
f 75//75 96//96 97//97
f 75//75 97//97 79//79
f 75//75 79//79 78//78
f 75//75 78//78 77//77
f 75//75 77//77 76//76
f 79//79 98//98 99//99
f 79//79 99//99 80//80
f 79//79 97//97 98//98
f 80//80 99//99 81//81
f 81//81 100//100 101//101
f 81//81 101//101 102//102
f 81//81 102//102 83//83
f 81//81 83//83 82//82
f 81//81 99//99 100//100
f 83//83 102//102 103//103
f 83//83 103//103 104//104
f 83//83 104//104 105//105
f 83//83 105//105 84//84
f 86//86 88//88 106//106
f 86//86 106//106 107//107
f 86//86 107//107 108//108
f 86//86 108//108 109//109
f 86//86 109//109 110//110
f 86//86 110//110 111//111
f 86//86 111//111 89//89
f 89//89 111//111 112//112
f 89//89 112//112 90//90
f 90//90 112//112 91//91
f 91//91 112//112 113//113
f 91//91 113//113 92//92
f 92//92 113//113 114//114
f 92//92 114//114 93//93
f 93//93 114//114 94//94
f 94//94 114//114 115//115
f 94//94 115//115 95//95
f 95//95 116//116 117//117
f 95//95 117//117 118//118
f 95//95 118//118 98//98
f 95//95 98//98 97//97
f 95//95 97//97 96//96
f 95//95 115//115 116//116
f 98//98 118//118 99//99
f 99//99 118//118 119//119
f 99//99 119//119 100//100
f 100//100 119//119 120//120
f 100//100 120//120 121//121
f 100//100 121//121 101//101
f 101//101 121//121 122//122
f 101//101 122//122 102//102
f 102//102 122//122 103//103
f 107//107 123//123 108//108
f 108//108 123//123 109//109
f 109//109 123//123 124//124
f 109//109 124//124 125//125
f 109//109 125//125 126//126
f 109//109 126//126 127//127
f 109//109 127//127 128//128
f 109//109 128//128 111//111
f 109//109 111//111 110//110
f 111//111 128//128 129//129
f 111//111 129//129 112//112
f 112//112 129//129 113//113
f 113//113 129//129 130//130
f 113//113 130//130 131//131
f 113//113 131//131 114//114
f 114//114 131//131 132//132
f 114//114 132//132 115//115
f 115//115 132//132 116//116
f 116//116 133//133 134//134
f 116//116 134//134 118//118
f 116//116 118//118 117//117
f 116//116 132//132 135//135
f 116//116 135//135 133//133
f 118//118 134//134 119//119
f 119//119 134//134 120//120
f 120//120 134//134 133//133
f 120//120 133//133 121//121
f 121//121 133//133 136//136
f 121//121 136//136 137//137
f 121//121 137//137 122//122
f 123//123 138//138 124//124
f 124//124 138//138 139//139
f 124//124 139//139 125//125
f 125//125 139//139 140//140
f 125//125 140//140 141//141
f 125//125 141//141 126//126
f 126//126 141//141 142//142
f 126//126 142//142 143//143
f 126//126 143//143 127//127
f 127//127 143//143 144//144
f 127//127 144//144 145//145
f 127//127 145//145 128//128
f 128//128 145//145 130//130
f 128//128 130//130 129//129
f 130//130 145//145 131//131
f 131//131 144//144 132//132
f 131//131 145//145 144//144
f 132//132 144//144 135//135
f 133//133 135//135 136//136
f 135//135 144//144 143//143
f 135//135 143//143 146//146
f 135//135 146//146 147//147
f 135//135 147//147 136//136
f 136//136 147//147 148//148
f 136//136 148//148 137//137
f 140//140 149//149 141//141
f 141//141 149//149 146//146
f 141//141 146//146 142//142
f 142//142 146//146 143//143
f 146//146 149//149 147//147
f 147//147 149//149 148//148
f 150//150 151//151 152//152
f 150//150 152//152 153//153
f 150//150 153//153 154//154
f 150//150 154//154 155//155
f 150//150 155//155 156//156
f 150//150 156//156 157//157
f 150//150 157//157 158//158
f 150//150 158//158 151//151
f 151//151 159//159 160//160
f 151//151 160//160 152//152
f 151//151 158//158 161//161
f 151//151 161//161 159//159
f 152//152 160//160 153//153
f 153//153 160//160 162//162
f 153//153 162//162 163//163
f 153//153 163//163 164//164
f 153//153 164//164 154//154
f 154//154 165//165 155//155
f 154//154 164//164 166//166
f 154//154 166//166 165//165
f 155//155 165//165 167//167
f 155//155 167//167 168//168
f 155//155 168//168 156//156
f 156//156 168//168 169//169
f 156//156 169//169 170//170
f 156//156 170//170 157//157
f 157//157 170//170 171//171
f 157//157 171//171 172//172
f 157//157 172//172 158//158
f 158//158 172//172 173//173
f 158//158 173//173 161//161
f 159//159 174//174 175//175
f 159//159 175//175 160//160
f 159//159 161//161 174//174
f 160//160 176//176 162//162
f 160//160 175//175 176//176
f 161//161 177//177 174//174
f 161//161 173//173 178//178
f 161//161 178//178 177//177
f 162//162 176//176 179//179
f 162//162 179//179 180//180
f 162//162 180//180 181//181
f 162//162 181//181 182//182
f 162//162 182//182 163//163
f 163//163 182//182 183//183
f 163//163 183//183 184//184
f 163//163 184//184 164//164
f 164//164 184//184 166//166
f 165//165 166//166 185//185
f 165//165 185//185 186//186
f 165//165 186//186 167//167
f 166//166 187//187 188//188
f 166//166 188//188 185//185
f 166//166 184//184 187//187
f 167//167 186//186 168//168
f 168//168 186//186 189//189
f 168//168 189//189 169//169
f 169//169 189//189 190//190
f 169//169 190//190 191//191
f 169//169 191//191 192//192
f 169//169 192//192 170//170
f 170//170 193//193 171//171
f 170//170 192//192 194//194
f 170//170 194//194 193//193
f 171//171 195//195 196//196
f 171//171 196//196 172//172
f 171//171 193//193 197//197
f 171//171 197//197 198//198
f 171//171 198//198 199//199
f 171//171 199//199 200//200
f 171//171 200//200 201//201
f 171//171 201//201 195//195
f 172//172 196//196 202//202
f 172//172 202//202 173//173
f 173//173 203//203 204//204
f 173//173 204//204 178//178
f 173//173 202//202 201//201
f 173//173 201//201 203//203
f 174//174 177//177 205//205
f 174//174 205//205 175//175
f 175//175 205//205 206//206
f 175//175 206//206 176//176
f 176//176 206//206 207//207
f 176//176 207//207 179//179
f 177//177 208//208 205//205
f 177//177 178//178 208//208
f 178//178 209//209 208//208
f 178//178 204//204 210//210
f 178//178 210//210 209//209
f 179//179 211//211 212//212
f 179//179 212//212 180//180
f 179//179 207//207 211//211
f 180//180 212//212 213//213
f 180//180 213//213 182//182
f 180//180 182//182 181//181
f 182//182 213//213 214//214
f 182//182 214//214 215//215
f 182//182 215//215 216//216
f 182//182 216//216 183//183
f 183//183 216//216 184//184
f 184//184 216//216 217//217
f 184//184 217//217 218//218
f 184//184 218//218 219//219
f 184//184 219//219 187//187
f 185//185 188//188 186//186
f 186//186 188//188 220//220
f 186//186 220//220 221//221
f 186//186 221//221 222//222
f 186//186 222//222 189//189
f 187//187 219//219 223//223
f 187//187 223//223 224//224
f 187//187 224//224 188//188
f 188//188 224//224 225//225
f 188//188 225//225 226//226
f 188//188 226//226 220//220
f 189//189 222//222 227//227
f 189//189 227//227 228//228
f 189//189 228//228 190//190
f 190//190 228//228 191//191
f 191//191 229//229 230//230
f 191//191 230//230 257//257
f 191//191 257//257 256//256
f 191//191 256//256 280//280
f 191//191 280//280 297//297
f 191//191 297//297 316//316
f 191//191 316//316 333//333
f 191//191 333//333 336//336
f 191//191 336//336 346//346
f 191//191 346//346 358//358
f 191//191 358//358 356//356
f 191//191 356//356 355//355
f 191//191 355//355 354//354
f 191//191 354//354 353//353
f 191//191 353//353 352//352
f 191//191 352//352 350//350
f 191//191 350//350 349//349
f 191//191 349//349 348//348
f 191//191 348//348 347//347
f 191//191 347//347 337//337
f 191//191 337//337 324//324
f 191//191 324//324 323//323
f 191//191 323//323 322//322
f 191//191 322//322 304//304
f 191//191 304//304 289//289
f 191//191 289//289 269//269
f 191//191 269//269 244//244
f 191//191 244//244 234//234
f 191//191 234//234 233//233
f 191//191 233//233 201//201
f 191//191 201//201 200//200
f 191//191 200//200 199//199
f 191//191 199//199 198//198
f 191//191 198//198 197//197
f 191//191 197//197 194//194
f 191//191 194//194 232//232
f 191//191 232//232 231//231
f 191//191 231//231 192//192
f 191//191 228//228 229//229
f 192//192 231//231 232//232
f 192//192 232//232 194//194
f 193//193 194//194 197//197
f 195//195 201//201 196//196
f 196//196 201//201 202//202
f 201//201 233//233 203//203
f 203//203 233//233 234//234
f 203//203 234//234 204//204
f 204//204 234//234 235//235
f 204//204 235//235 210//210
f 205//205 208//208 236//236
f 205//205 236//236 237//237
f 205//205 237//237 206//206
f 206//206 238//238 239//239
f 206//206 239//239 207//207
f 206//206 237//237 240//240
f 206//206 240//240 238//238
f 207//207 239//239 241//241
f 207//207 241//241 211//211
f 208//208 209//209 242//242
f 208//208 242//242 236//236
f 209//209 210//210 243//243
f 209//209 243//243 242//242
f 210//210 235//235 234//234
f 210//210 234//234 244//244
f 210//210 244//244 243//243
f 211//211 241//241 212//212
f 212//212 245//245 246//246
f 212//212 246//246 213//213
f 212//212 241//241 245//245
f 213//213 246//246 214//214
f 214//214 246//246 215//215
f 215//215 246//246 247//247
f 215//215 247//247 248//248
f 215//215 248//248 218//218
f 215//215 218//218 217//217
f 215//215 217//217 216//216
f 218//218 223//223 219//219
f 218//218 248//248 223//223
f 220//220 226//226 221//221
f 221//221 226//226 249//249
f 221//221 249//249 250//250
f 221//221 250//250 222//222
f 222//222 250//250 251//251
f 222//222 251//251 227//227
f 223//223 248//248 252//252
f 223//223 252//252 224//224
f 224//224 252//252 253//253
f 224//224 253//253 254//254
f 224//224 254//254 225//225
f 225//225 254//254 226//226
f 226//226 254//254 255//255
f 226//226 255//255 249//249
f 227//227 251//251 229//229
f 227//227 229//229 228//228
f 229//229 256//256 257//257
f 229//229 257//257 230//230
f 229//229 251//251 256//256
f 236//236 242//242 237//237
f 237//237 242//242 240//240
f 238//238 240//240 258//258
f 238//238 258//258 239//239
f 239//239 259//259 241//241
f 239//239 258//258 259//259
f 240//240 242//242 260//260
f 240//240 260//260 261//261
f 240//240 261//261 262//262
f 240//240 262//262 263//263
f 240//240 263//263 258//258
f 241//241 259//259 264//264
f 241//241 264//264 265//265
f 241//241 265//265 266//266
f 241//241 266//266 267//267
f 241//241 267//267 245//245
f 242//242 243//243 268//268
f 242//242 268//268 260//260
f 243//243 244//244 269//269
f 243//243 269//269 268//268
f 245//245 267//267 270//270
f 245//245 270//270 246//246
f 246//246 270//270 271//271
f 246//246 271//271 247//247
f 247//247 271//271 272//272
f 247//247 272//272 252//252
f 247//247 252//252 248//248
f 249//249 255//255 273//273
f 249//249 273//273 250//250
f 250//250 274//274 275//275
f 250//250 275//275 256//256
f 250//250 256//256 251//251
f 250//250 273//273 276//276
f 250//250 276//276 274//274
f 252//252 272//272 277//277
f 252//252 277//277 253//253
f 253//253 277//277 254//254
f 254//254 278//278 255//255
f 254//254 277//277 278//278
f 255//255 278//278 279//279
f 255//255 279//279 273//273
f 256//256 275//275 280//280
f 258//258 263//263 281//281
f 258//258 281//281 282//282
f 258//258 282//282 264//264
f 258//258 264//264 259//259
f 260//260 268//268 261//261
f 261//261 268//268 262//262
f 262//262 283//283 263//263
f 262//262 268//268 269//269
f 262//262 269//269 283//283
f 263//263 283//283 284//284
f 263//263 284//284 281//281
f 264//264 282//282 285//285
f 264//264 285//285 265//265
f 265//265 285//285 286//286
f 265//265 286//286 287//287
f 265//265 287//287 266//266
f 266//266 288//288 270//270
f 266//266 270//270 267//267
f 266//266 287//287 288//288
f 269//269 289//289 284//284
f 269//269 284//284 283//283
f 270//270 290//290 291//291
f 270//270 291//291 271//271
f 270//270 288//288 290//290
f 271//271 292//292 293//293
f 271//271 293//293 272//272
f 271//271 291//291 294//294
f 271//271 294//294 292//292
f 272//272 293//293 277//277
f 273//273 279//279 295//295
f 273//273 295//295 296//296
f 273//273 296//296 276//276
f 274//274 276//276 297//297
f 274//274 297//297 275//275
f 275//275 297//297 280//280
f 276//276 296//296 297//297
f 277//277 293//293 298//298
f 277//277 298//298 278//278
f 278//278 299//299 279//279
f 278//278 298//298 299//299
f 279//279 299//299 300//300
f 279//279 300//300 295//295
f 281//281 301//301 302//302
f 281//281 302//302 303//303
f 281//281 303//303 282//282
f 281//281 284//284 301//301
f 282//282 303//303 285//285
f 284//284 289//289 304//304
f 284//284 304//304 301//301
f 285//285 303//303 305//305
f 285//285 305//305 306//306
f 285//285 306//306 286//286
f 286//286 306//306 287//287
f 287//287 307//307 288//288
f 287//287 306//306 308//308
f 287//287 308//308 307//307
f 288//288 307//307 290//290
f 290//290 309//309 310//310
f 290//290 310//310 294//294
f 290//290 294//294 291//291
f 290//290 307//307 309//309
f 292//292 294//294 311//311
f 292//292 311//311 312//312
f 292//292 312//312 313//313
f 292//292 313//313 293//293
f 293//293 313//313 298//298
f 294//294 310//310 314//314
f 294//294 314//314 311//311
f 295//295 300//300 315//315
f 295//295 315//315 316//316
f 295//295 316//316 296//296
f 296//296 316//316 297//297
f 298//298 313//313 317//317
f 298//298 317//317 299//299
f 299//299 318//318 319//319
f 299//299 319//319 300//300
f 299//299 317//317 318//318
f 300//300 319//319 320//320
f 300//300 320//320 315//315
f 301//301 321//321 302//302
f 301//301 304//304 322//322
f 301//301 322//322 323//323
f 301//301 323//323 324//324
f 301//301 324//324 321//321
f 302//302 321//321 303//303
f 303//303 321//321 305//305
f 305//305 325//325 306//306
f 305//305 321//321 325//325
f 306//306 325//325 326//326
f 306//306 326//326 308//308
f 307//307 308//308 327//327
f 307//307 327//327 328//328
f 307//307 328//328 309//309
f 308//308 326//326 327//327
f 309//309 328//328 329//329
f 309//309 329//329 310//310
f 310//310 329//329 314//314
f 311//311 314//314 312//312
f 312//312 314//314 330//330
f 312//312 330//330 331//331
f 312//312 331//331 317//317
f 312//312 317//317 313//313
f 314//314 329//329 332//332
f 314//314 332//332 330//330
f 315//315 320//320 333//333
f 315//315 333//333 316//316
f 317//317 331//331 318//318
f 318//318 334//334 319//319
f 318//318 331//331 334//334
f 319//319 334//334 335//335
f 319//319 335//335 336//336
f 319//319 336//336 320//320
f 320//320 336//336 333//333
f 321//321 324//324 337//337
f 321//321 337//337 325//325
f 325//325 338//338 326//326
f 325//325 337//337 339//339
f 325//325 339//339 338//338
f 326//326 338//338 340//340
f 326//326 340//340 327//327
f 327//327 340//340 341//341
f 327//327 341//341 328//328
f 328//328 342//342 329//329
f 328//328 341//341 342//342
f 329//329 342//342 332//332
f 330//330 332//332 343//343
f 330//330 343//343 331//331
f 331//331 343//343 334//334
f 332//332 342//342 344//344
f 332//332 344//344 343//343
f 334//334 343//343 345//345
f 334//334 345//345 335//335
f 335//335 345//345 336//336
f 336//336 345//345 346//346
f 337//337 347//347 339//339
f 338//338 339//339 348//348
f 338//338 348//348 349//349
f 338//338 349//349 350//350
f 338//338 350//350 340//340
f 339//339 347//347 348//348
f 340//340 350//350 341//341
f 341//341 350//350 351//351
f 341//341 351//351 352//352
f 341//341 352//352 353//353
f 341//341 353//353 354//354
f 341//341 354//354 355//355
f 341//341 355//355 342//342
f 342//342 355//355 356//356
f 342//342 356//356 357//357
f 342//342 357//357 344//344
f 343//343 344//344 345//345
f 344//344 357//357 356//356
f 344//344 356//356 345//345
f 345//345 356//356 358//358
f 345//345 358//358 346//346
f 350//350 352//352 351//351
f 359//359 360//360 364//364
f 359//359 364//364 378//378
f 359//359 378//378 391//391
f 359//359 391//391 401//401
f 359//359 401//401 409//409
f 359//359 409//409 415//415
f 359//359 415//415 414//414
f 359//359 414//414 413//413
f 359//359 413//413 424//424
f 359//359 424//424 436//436
f 359//359 436//436 451//451
f 359//359 451//451 469//469
f 359//359 469//469 489//489
f 359//359 489//489 488//488
f 359//359 488//488 466//466
f 359//359 466//466 487//487
f 359//359 487//487 504//504
f 359//359 504//504 517//517
f 359//359 517//517 522//522
f 359//359 522//522 509//509
f 359//359 509//509 495//495
f 359//359 495//495 478//478
f 359//359 478//478 458//458
f 359//359 458//458 457//457
f 359//359 457//457 445//445
f 359//359 445//445 444//444
f 359//359 444//444 443//443
f 359//359 443//443 433//433
f 359//359 433//433 420//420
f 359//359 420//420 406//406
f 359//359 406//406 399//399
f 359//359 399//399 397//397
f 359//359 397//397 396//396
f 359//359 396//396 381//381
f 359//359 381//381 366//366
f 359//359 366//366 361//361
f 359//359 361//361 362//362
f 359//359 362//362 363//363
f 359//359 363//363 360//360
f 360//360 363//363 365//365
f 360//360 365//365 364//364
f 361//361 366//366 367//367
f 361//361 367//367 362//362
f 362//362 368//368 363//363
f 362//362 367//367 366//366
f 362//362 366//366 369//369
f 362//362 369//369 370//370
f 362//362 370//370 371//371
f 362//362 371//371 372//372
f 362//362 372//372 373//373
f 362//362 373//373 374//374
f 362//362 374//374 375//375
f 362//362 375//375 376//376
f 362//362 376//376 368//368
f 363//363 368//368 377//377
f 363//363 377//377 365//365
f 364//364 365//365 379//379
f 364//364 379//379 378//378
f 365//365 377//377 380//380
f 365//365 380//380 379//379
f 366//366 381//381 382//382
f 366//366 382//382 369//369
f 368//368 383//383 384//384
f 368//368 384//384 377//377
f 368//368 376//376 383//383
f 369//369 382//382 385//385
f 369//369 385//385 386//386
f 369//369 386//386 370//370
f 370//370 386//386 387//387
f 370//370 387//387 371//371
f 371//371 388//388 400//400
f 371//371 400//400 408//408
f 371//371 408//408 421//421
f 371//371 421//421 434//434
f 371//371 434//434 448//448
f 371//371 448//448 463//463
f 371//371 463//463 462//462
f 371//371 462//462 484//484
f 371//371 484//484 499//499
f 371//371 499//499 513//513
f 371//371 513//513 501//501
f 371//371 501//501 516//516
f 371//371 516//516 525//525
f 371//371 525//525 524//524
f 371//371 524//524 520//520
f 371//371 520//520 519//519
f 371//371 519//519 507//507
f 371//371 507//507 492//492
f 371//371 492//492 474//474
f 371//371 474//474 473//473
f 371//371 473//473 456//456
f 371//371 456//456 440//440
f 371//371 440//440 423//423
f 371//371 423//423 412//412
f 371//371 412//412 404//404
f 371//371 404//404 395//395
f 371//371 395//395 394//394
f 371//371 394//394 380//380
f 371//371 380//380 390//390
f 371//371 390//390 389//389
f 371//371 389//389 376//376
f 371//371 376//376 375//375
f 371//371 375//375 374//374
f 371//371 374//374 373//373
f 371//371 373//373 372//372
f 371//371 387//387 388//388
f 376//376 389//389 383//383
f 377//377 384//384 390//390
f 377//377 390//390 380//380
f 378//378 379//379 391//391
f 379//379 392//392 393//393
f 379//379 393//393 391//391
f 379//379 380//380 394//394
f 379//379 394//394 395//395
f 379//379 395//395 392//392
f 381//381 396//396 382//382
f 382//382 396//396 397//397
f 382//382 397//397 385//385
f 383//383 389//389 390//390
f 383//383 390//390 384//384
f 385//385 398//398 386//386
f 385//385 397//397 399//399
f 385//385 399//399 398//398
f 386//386 398//398 388//388
f 386//386 388//388 387//387
f 388//388 398//398 400//400
f 391//391 393//393 401//401
f 392//392 395//395 393//393
f 393//393 395//395 402//402
f 393//393 402//402 403//403
f 393//393 403//403 401//401
f 395//395 404//404 402//402
f 398//398 399//399 405//405
f 398//398 405//405 400//400
f 399//399 406//406 407//407
f 399//399 407//407 405//405
f 400//400 405//405 408//408
f 401//401 403//403 409//409
f 402//402 410//410 411//411
f 402//402 411//411 403//403
f 402//402 404//404 412//412
f 402//402 412//412 410//410
f 403//403 411//411 413//413
f 403//403 413//413 414//414
f 403//403 414//414 415//415
f 403//403 415//415 409//409
f 405//405 407//407 416//416
f 405//405 416//416 417//417
f 405//405 417//417 418//418
f 405//405 418//418 419//419
f 405//405 419//419 408//408
f 406//406 420//420 407//407
f 407//407 420//420 416//416
f 408//408 419//419 421//421
f 410//410 422//422 411//411
f 410//410 412//412 423//423
f 410//410 423//423 422//422
f 411//411 422//422 413//413
f 413//413 422//422 424//424
f 416//416 420//420 425//425
f 416//416 425//425 426//426
f 416//416 426//426 427//427
f 416//416 427//427 428//428
f 416//416 428//428 429//429
f 416//416 429//429 417//417
f 417//417 429//429 430//430
f 417//417 430//430 431//431
f 417//417 431//431 418//418
f 418//418 431//431 432//432
f 418//418 432//432 421//421
f 418//418 421//421 419//419
f 420//420 433//433 425//425
f 421//421 432//432 434//434
f 422//422 435//435 436//436
f 422//422 436//436 424//424
f 422//422 423//423 437//437
f 422//422 437//437 438//438
f 422//422 438//438 439//439
f 422//422 439//439 435//435
f 423//423 440//440 441//441
f 423//423 441//441 437//437
f 425//425 442//442 426//426
f 425//425 433//433 443//443
f 425//425 443//443 444//444
f 425//425 444//444 445//445
f 425//425 445//445 442//442
f 426//426 442//442 427//427
f 427//427 442//442 428//428
f 428//428 442//442 429//429
f 429//429 442//442 446//446
f 429//429 446//446 447//447
f 429//429 447//447 430//430
f 430//430 447//447 431//431
f 431//431 447//447 432//432
f 432//432 447//447 448//448
f 432//432 448//448 434//434
f 435//435 449//449 450//450
f 435//435 450//450 451//451
f 435//435 451//451 436//436
f 435//435 439//439 452//452
f 435//435 452//452 449//449
f 437//437 441//441 453//453
f 437//437 453//453 454//454
f 437//437 454//454 455//455
f 437//437 455//455 438//438
f 438//438 455//455 452//452
f 438//438 452//452 439//439
f 440//440 456//456 453//453
f 440//440 453//453 441//441
f 442//442 445//445 457//457
f 442//442 457//457 458//458
f 442//442 458//458 459//459
f 442//442 459//459 460//460
f 442//442 460//460 446//446
f 446//446 460//460 447//447
f 447//447 460//460 461//461
f 447//447 461//461 462//462
f 447//447 462//462 463//463
f 447//447 463//463 448//448
f 449//449 464//464 465//465
f 449//449 465//465 450//450
f 449//449 452//452 464//464
f 450//450 465//465 466//466
f 450//450 466//466 467//467
f 450//450 467//467 468//468
f 450//450 468//468 451//451
f 451//451 468//468 469//469
f 452//452 455//455 470//470
f 452//452 470//470 464//464
f 453//453 471//471 472//472
f 453//453 472//472 454//454
f 453//453 456//456 473//473
f 453//453 473//473 474//474
f 453//453 474//474 471//471
f 454//454 472//472 475//475
f 454//454 475//475 476//476
f 454//454 476//476 455//455
f 455//455 476//476 477//477
f 455//455 477//477 470//470
f 458//458 478//478 479//479
f 458//458 479//479 480//480
f 458//458 480//480 459//459
f 459//459 480//480 481//481
f 459//459 481//481 482//482
f 459//459 482//482 460//460
f 460//460 482//482 483//483
f 460//460 483//483 461//461
f 461//461 483//483 484//484
f 461//461 484//484 462//462
f 464//464 485//485 465//465
f 464//464 470//470 486//486
f 464//464 486//486 485//485
f 465//465 485//485 487//487
f 465//465 487//487 466//466
f 466//466 488//488 467//467
f 467//467 488//488 489//489
f 467//467 489//489 469//469
f 467//467 469//469 468//468
f 470//470 477//477 490//490
f 470//470 490//490 486//486
f 471//471 474//474 491//491
f 471//471 491//491 472//472
f 472//472 491//491 477//477
f 472//472 477//477 475//475
f 474//474 492//492 493//493
f 474//474 493//493 491//491
f 475//475 477//477 476//476
f 477//477 491//491 494//494
f 477//477 494//494 490//490
f 478//478 495//495 496//496
f 478//478 496//496 479//479
f 479//479 496//496 482//482
f 479//479 482//482 481//481
f 479//479 481//481 480//480
f 482//482 496//496 497//497
f 482//482 497//497 483//483
f 483//483 498//498 499//499
f 483//483 499//499 484//484
f 483//483 497//497 500//500
f 483//483 500//500 501//501
f 483//483 501//501 498//498
f 485//485 502//502 487//487
f 485//485 486//486 502//502
f 486//486 490//490 503//503
f 486//486 503//503 502//502
f 487//487 502//502 504//504
f 490//490 505//505 503//503
f 490//490 494//494 505//505
f 491//491 493//493 506//506
f 491//491 506//506 505//505
f 491//491 505//505 494//494
f 492//492 507//507 508//508
f 492//492 508//508 506//506
f 492//492 506//506 493//493
f 495//495 509//509 510//510
f 495//495 510//510 496//496
f 496//496 510//510 497//497
f 497//497 511//511 512//512
f 497//497 512//512 501//501
f 497//497 501//501 500//500
f 497//497 510//510 511//511
f 498//498 501//501 513//513
f 498//498 513//513 499//499
f 501//501 514//514 515//515
f 501//501 515//515 516//516
f 501//501 512//512 514//514
f 502//502 510//510 517//517
f 502//502 517//517 504//504
f 502//502 503//503 510//510
f 503//503 505//505 511//511
f 503//503 511//511 510//510
f 505//505 518//518 511//511
f 505//505 506//506 518//518
f 506//506 508//508 519//519
f 506//506 519//519 520//520
f 506//506 520//520 521//521
f 506//506 521//521 518//518
f 507//507 519//519 508//508
f 509//509 522//522 510//510
f 510//510 522//522 517//517
f 511//511 518//518 515//515
f 511//511 515//515 514//514
f 511//511 514//514 512//512
f 515//515 523//523 524//524
f 515//515 524//524 525//525
f 515//515 525//525 516//516
f 515//515 518//518 523//523
f 518//518 521//521 523//523
f 520//520 524//524 521//521
f 521//521 524//524 523//523
f 526//526 527//527 528//528
f 526//526 528//528 529//529
f 526//526 529//529 538//538
f 526//526 538//538 530//530
f 526//526 530//530 531//531
f 526//526 531//531 527//527
f 527//527 531//531 532//532
f 527//527 532//532 533//533
f 527//527 533//533 534//534
f 527//527 534//534 528//528
f 528//528 534//534 535//535
f 528//528 535//535 536//536
f 528//528 536//536 537//537
f 528//528 537//537 529//529
f 529//529 537//537 552//552
f 529//529 552//552 538//538
f 530//530 538//538 539//539
f 530//530 539//539 540//540
f 530//530 540//540 531//531
f 531//531 540//540 541//541
f 531//531 541//541 532//532
f 532//532 541//541 542//542
f 532//532 542//542 543//543
f 532//532 543//543 544//544
f 532//532 544//544 545//545
f 532//532 545//545 546//546
f 532//532 546//546 533//533
f 533//533 547//547 548//548
f 533//533 548//548 549//549
f 533//533 549//549 534//534
f 533//533 546//546 547//547
f 534//534 549//549 535//535
f 535//535 549//549 548//548
f 535//535 548//548 572//572
f 535//535 572//572 571//571
f 535//535 571//571 592//592
f 535//535 592//592 608//608
f 535//535 608//608 620//620
f 535//535 620//620 636//636
f 535//535 636//636 637//637
f 535//535 637//637 645//645
f 535//535 645//645 646//646
f 535//535 646//646 640//640
f 535//535 640//640 631//631
f 535//535 631//631 643//643
f 535//535 643//643 639//639
f 535//535 639//639 638//638
f 535//535 638//638 627//627
f 535//535 627//627 626//626
f 535//535 626//626 622//622
f 535//535 622//622 610//610
f 535//535 610//610 594//594
f 535//535 594//594 579//579
f 535//535 579//579 556//556
f 535//535 556//556 576//576
f 535//535 576//576 574//574
f 535//535 574//574 573//573
f 535//535 573//573 550//550
f 535//535 550//550 536//536
f 536//536 550//550 551//551
f 536//536 551//551 537//537
f 537//537 551//551 552//552
f 538//538 552//552 553//553
f 538//538 553//553 539//539
f 539//539 554//554 555//555
f 539//539 555//555 540//540
f 539//539 553//553 556//556
f 539//539 556//556 554//554
f 540//540 555//555 541//541
f 541//541 555//555 557//557
f 541//541 557//557 542//542
f 542//542 557//557 581//581
f 542//542 581//581 558//558
f 542//542 558//558 559//559
f 542//542 559//559 543//543
f 543//543 559//559 560//560
f 543//543 560//560 544//544
f 544//544 561//561 562//562
f 544//544 562//562 563//563
f 544//544 563//563 564//564
f 544//544 564//564 545//545
f 544//544 560//560 565//565
f 544//544 565//565 566//566
f 544//544 566//566 561//561
f 545//545 564//564 567//567
f 545//545 567//567 547//547
f 545//545 547//547 546//546
f 547//547 567//567 568//568
f 547//547 568//568 569//569
f 547//547 569//569 570//570
f 547//547 570//570 571//571
f 547//547 571//571 572//572
f 547//547 572//572 548//548
f 550//550 573//573 552//552
f 550//550 552//552 551//551
f 552//552 573//573 553//553
f 553//553 573//573 574//574
f 553//553 574//574 575//575
f 553//553 575//575 576//576
f 553//553 576//576 556//556
f 554//554 577//577 578//578
f 554//554 578//578 555//555
f 554//554 556//556 579//579
f 554//554 579//579 577//577
f 555//555 578//578 557//557
f 557//557 578//578 580//580
f 557//557 580//580 581//581
f 558//558 581//581 595//595
f 558//558 595//595 582//582
f 558//558 582//582 559//559
f 559//559 582//582 583//583
f 559//559 583//583 584//584
f 559//559 584//584 585//585
f 559//559 585//585 560//560
f 560//560 585//585 586//586
f 560//560 586//586 566//566
f 560//560 566//566 565//565
f 561//561 587//587 563//563
f 561//561 563//563 562//562
f 561//561 566//566 586//586
f 561//561 586//586 587//587
f 563//563 587//587 588//588
f 563//563 588//588 567//567
f 563//563 567//567 564//564
f 567//567 588//588 589//589
f 567//567 589//589 568//568
f 568//568 589//589 590//590
f 568//568 590//590 569//569
f 569//569 590//590 591//591
f 569//569 591//591 570//570
f 570//570 591//591 592//592
f 570//570 592//592 571//571
f 574//574 576//576 575//575
f 577//577 593//593 580//580
f 577//577 580//580 578//578
f 577//577 579//579 593//593
f 579//579 594//594 593//593
f 580//580 593//593 581//581
f 581//581 593//593 595//595
f 582//582 595//595 598//598
f 582//582 598//598 583//583
f 583//583 596//596 597//597
f 583//583 597//597 584//584
f 583//583 598//598 611//611
f 583//583 611//611 596//596
f 584//584 597//597 585//585
f 585//585 599//599 600//600
f 585//585 600//600 586//586
f 585//585 597//597 599//599
f 586//586 600//600 601//601
f 586//586 601//601 602//602
f 586//586 602//602 587//587
f 587//587 602//602 603//603
f 587//587 603//603 604//604
f 587//587 604//604 588//588
f 588//588 605//605 589//589
f 588//588 604//604 605//605
f 589//589 605//605 590//590
f 590//590 605//605 606//606
f 590//590 606//606 607//607
f 590//590 607//607 591//591
f 591//591 607//607 608//608
f 591//591 608//608 592//592
f 593//593 609//609 598//598
f 593//593 598//598 595//595
f 593//593 594//594 609//609
f 594//594 610//610 609//609
f 596//596 611//611 623//623
f 596//596 623//623 612//612
f 596//596 612//612 597//597
f 597//597 612//612 599//599
f 598//598 609//609 613//613
f 598//598 613//613 611//611
f 599//599 614//614 615//615
f 599//599 615//615 616//616
f 599//599 616//616 601//601
f 599//599 601//601 600//600
f 599//599 612//612 617//617
f 599//599 617//617 614//614
f 601//601 616//616 602//602
f 602//602 616//616 603//603
f 603//603 618//618 605//605
f 603//603 605//605 604//604
f 603//603 616//616 618//618
f 605//605 619//619 606//606
f 605//605 618//618 619//619
f 606//606 619//619 607//607
f 607//607 620//620 608//608
f 607//607 619//619 621//621
f 607//607 621//621 620//620
f 609//609 610//610 613//613
f 610//610 622//622 613//613
f 611//611 613//613 623//623
f 612//612 623//623 617//617
f 613//613 624//624 625//625
f 613//613 625//625 623//623
f 613//613 622//622 626//626
f 613//613 626//626 627//627
f 613//613 627//627 624//624
f 614//614 628//628 629//629
f 614//614 629//629 615//615
f 614//614 617//617 623//623
f 614//614 623//623 625//625
f 614//614 625//625 624//624
f 614//614 624//624 630//630
f 614//614 630//630 631//631
f 614//614 631//631 632//632
f 614//614 632//632 628//628
f 615//615 629//629 633//633
f 615//615 633//633 616//616
f 616//616 633//633 618//618
f 618//618 633//633 634//634
f 618//618 634//634 635//635
f 618//618 635//635 619//619
f 619//619 635//635 621//621
f 620//620 621//621 636//636
f 621//621 635//635 634//634
f 621//621 634//634 637//637
f 621//621 637//637 636//636
f 624//624 627//627 638//638
f 624//624 638//638 639//639
f 624//624 639//639 630//630
f 628//628 632//632 640//640
f 628//628 640//640 641//641
f 628//628 641//641 642//642
f 628//628 642//642 629//629
f 629//629 642//642 633//633
f 630//630 639//639 643//643
f 630//630 643//643 631//631
f 631//631 640//640 632//632
f 633//633 642//642 644//644
f 633//633 644//644 634//634
f 634//634 644//644 637//637
f 637//637 644//644 645//645
f 640//640 646//646 641//641
f 641//641 646//646 642//642
f 642//642 646//646 644//644
f 644//644 646//646 645//645
f 647//647 648//648 656//656
f 647//647 656//656 662//662
f 647//647 662//662 672//672
f 647//647 672//672 671//671
f 647//647 671//671 670//670
f 647//647 670//670 669//669
f 647//647 669//669 668//668
f 647//647 668//668 667//667
f 647//647 667//667 681//681
f 647//647 681//681 694//694
f 647//647 694//694 711//711
f 647//647 711//711 710//710
f 647//647 710//710 734//734
f 647//647 734//734 761//761
f 647//647 761//761 760//760
f 647//647 760//760 786//786
f 647//647 786//786 801//801
f 647//647 801//801 813//813
f 647//647 813//813 817//817
f 647//647 817//817 816//816
f 647//647 816//816 810//810
f 647//647 810//810 798//798
f 647//647 798//798 780//780
f 647//647 780//780 752//752
f 647//647 752//752 728//728
f 647//647 728//728 705//705
f 647//647 705//705 702//702
f 647//647 702//702 689//689
f 647//647 689//689 688//688
f 647//647 688//688 687//687
f 647//647 687//687 679//679
f 647//647 679//679 678//678
f 647//647 678//678 676//676
f 647//647 676//676 663//663
f 647//647 663//663 659//659
f 647//647 659//659 649//649
f 647//647 649//649 650//650
f 647//647 650//650 651//651
f 647//647 651//651 652//652
f 647//647 652//652 653//653
f 647//647 653//653 654//654
f 647//647 654//654 655//655
f 647//647 655//655 648//648
f 648//648 655//655 657//657
f 648//648 657//657 658//658
f 648//648 658//658 656//656
f 649//649 659//659 660//660
f 649//649 660//660 650//650
f 650//650 660//660 665//665
f 650//650 665//665 664//664
f 650//650 664//664 677//677
f 650//650 677//677 686//686
f 650//650 686//686 701//701
f 650//650 701//701 724//724
f 650//650 724//724 744//744
f 650//650 744//744 774//774
f 650//650 774//774 794//794
f 650//650 794//794 792//792
f 650//650 792//792 769//769
f 650//650 769//769 768//768
f 650//650 768//768 739//739
f 650//650 739//739 738//738
f 650//650 738//738 735//735
f 650//650 735//735 712//712
f 650//650 712//712 695//695
f 650//650 695//695 682//682
f 650//650 682//682 673//673
f 650//650 673//673 661//661
f 650//650 661//661 658//658
f 650//650 658//658 657//657
f 650//650 657//657 655//655
f 650//650 655//655 654//654
f 650//650 654//654 653//653
f 650//650 653//653 652//652
f 650//650 652//652 651//651
f 656//656 658//658 661//661
f 656//656 661//661 662//662
f 659//659 663//663 664//664
f 659//659 664//664 665//665
f 659//659 665//665 660//660
f 661//661 666//666 667//667
f 661//661 667//667 668//668
f 661//661 668//668 669//669
f 661//661 669//669 670//670
f 661//661 670//670 671//671
f 661//661 671//671 672//672
f 661//661 672//672 662//662
f 661//661 673//673 674//674
f 661//661 674//674 675//675
f 661//661 675//675 666//666
f 663//663 676//676 664//664
f 664//664 676//676 678//678
f 664//664 678//678 679//679
f 664//664 679//679 677//677
f 666//666 675//675 667//667
f 667//667 675//675 680//680
f 667//667 680//680 681//681
f 673//673 682//682 683//683
f 673//673 683//683 674//674
f 674//674 683//683 684//684
f 674//674 684//684 685//685
f 674//674 685//685 680//680
f 674//674 680//680 675//675
f 677//677 679//679 687//687
f 677//677 687//687 688//688
f 677//677 688//688 689//689
f 677//677 689//689 690//690
f 677//677 690//690 686//686
f 680//680 685//685 691//691
f 680//680 691//691 692//692
f 680//680 692//692 693//693
f 680//680 693//693 694//694
f 680//680 694//694 681//681
f 682//682 695//695 696//696
f 682//682 696//696 683//683
f 683//683 696//696 697//697
f 683//683 697//697 698//698
f 683//683 698//698 684//684
f 684//684 698//698 699//699
f 684//684 699//699 700//700
f 684//684 700//700 685//685
f 685//685 700//700 691//691
f 686//686 690//690 701//701
f 689//689 702//702 690//690
f 690//690 703//703 704//704
f 690//690 704//704 701//701
f 690//690 702//702 705//705
f 690//690 705//705 706//706
f 690//690 706//706 707//707
f 690//690 707//707 703//703
f 691//691 700//700 692//692
f 692//692 708//708 731//731
f 692//692 731//731 756//756
f 692//692 756//756 758//758
f 692//692 758//758 784//784
f 692//692 784//784 800//800
f 692//692 800//800 806//806
f 692//692 806//806 805//805
f 692//692 805//805 804//804
f 692//692 804//804 814//814
f 692//692 814//814 815//815
f 692//692 815//815 809//809
f 692//692 809//809 796//796
f 692//692 796//796 782//782
f 692//692 782//782 755//755
f 692//692 755//755 754//754
f 692//692 754//754 753//753
f 692//692 753//753 781//781
f 692//692 781//781 799//799
f 692//692 799//799 811//811
f 692//692 811//811 812//812
f 692//692 812//812 802//802
f 692//692 802//802 788//788
f 692//692 788//788 787//787
f 692//692 787//787 785//785
f 692//692 785//785 759//759
f 692//692 759//759 733//733
f 692//692 733//733 709//709
f 692//692 709//709 693//693
f 692//692 700//700 708//708
f 693//693 709//709 710//710
f 693//693 710//710 711//711
f 693//693 711//711 694//694
f 695//695 712//712 713//713
f 695//695 713//713 696//696
f 696//696 714//714 715//715
f 696//696 715//715 697//697
f 696//696 713//713 716//716
f 696//696 716//716 714//714
f 697//697 715//715 717//717
f 697//697 717//717 698//698
f 698//698 717//717 718//718
f 698//698 718//718 699//699
f 699//699 718//718 719//719
f 699//699 719//719 720//720
f 699//699 720//720 700//700
f 700//700 720//720 721//721
f 700//700 721//721 708//708
f 701//701 704//704 722//722
f 701//701 722//722 723//723
f 701//701 723//723 724//724
f 703//703 725//725 726//726
f 703//703 726//726 727//727
f 703//703 727//727 722//722
f 703//703 722//722 704//704
f 703//703 707//707 725//725
f 705//705 728//728 706//706
f 706//706 728//728 729//729
f 706//706 729//729 707//707
f 707//707 729//729 730//730
f 707//707 730//730 725//725
f 708//708 721//721 732//732
f 708//708 732//732 731//731
f 709//709 733//733 710//710
f 710//710 733//733 734//734
f 712//712 735//735 716//716
f 712//712 716//716 713//713
f 714//714 736//736 715//715
f 714//714 716//716 736//736
f 715//715 736//736 737//737
f 715//715 737//737 717//717
f 716//716 735//735 738//738
f 716//716 738//738 739//739
f 716//716 739//739 740//740
f 716//716 740//740 736//736
f 717//717 737//737 718//718
f 718//718 737//737 741//741
f 718//718 741//741 719//719
f 719//719 741//741 742//742
f 719//719 742//742 720//720
f 720//720 742//742 732//732
f 720//720 732//732 721//721
f 722//722 727//727 743//743
f 722//722 743//743 724//724
f 722//722 724//724 723//723
f 724//724 743//743 745//745
f 724//724 745//745 744//744
f 725//725 730//730 746//746
f 725//725 746//746 726//726
f 726//726 747//747 748//748
f 726//726 748//748 727//727
f 726//726 746//746 749//749
f 726//726 749//749 750//750
f 726//726 750//750 747//747
f 727//727 748//748 751//751
f 727//727 751//751 743//743
f 728//728 752//752 753//753
f 728//728 753//753 754//754
f 728//728 754//754 729//729
f 729//729 754//754 755//755
f 729//729 755//755 730//730
f 730//730 755//755 746//746
f 731//731 732//732 756//756
f 732//732 742//742 757//757
f 732//732 757//757 758//758
f 732//732 758//758 756//756
f 733//733 759//759 760//760
f 733//733 760//760 761//761
f 733//733 761//761 734//734
f 736//736 740//740 762//762
f 736//736 762//762 763//763
f 736//736 763//763 764//764
f 736//736 764//764 765//765
f 736//736 765//765 766//766
f 736//736 766//766 737//737
f 737//737 766//766 767//767
f 737//737 767//767 741//741
f 739//739 768//768 740//740
f 740//740 768//768 769//769
f 740//740 769//769 762//762
f 741//741 767//767 770//770
f 741//741 770//770 757//757
f 741//741 757//757 742//742
f 743//743 771//771 745//745
f 743//743 751//751 772//772
f 743//743 772//772 773//773
f 743//743 773//773 771//771
f 744//744 745//745 774//774
f 745//745 771//771 774//774
f 746//746 755//755 775//775
f 746//746 775//775 776//776
f 746//746 776//776 749//749
f 747//747 772//772 748//748
f 747//747 750//750 777//777
f 747//747 777//777 772//772
f 748//748 772//772 751//751
f 749//749 776//776 750//750
f 750//750 776//776 778//778
f 750//750 778//778 779//779
f 750//750 779//779 777//777
f 752//752 780//780 753//753
f 753//753 780//780 781//781
f 755//755 782//782 783//783
f 755//755 783//783 775//775
f 757//757 770//770 784//784
f 757//757 784//784 758//758
f 759//759 785//785 760//760
f 760//760 785//785 787//787
f 760//760 787//787 788//788
f 760//760 788//788 786//786
f 762//762 769//769 771//771
f 762//762 771//771 773//773
f 762//762 773//773 772//772
f 762//762 772//772 763//763
f 763//763 772//772 764//764
f 764//764 772//772 765//765
f 765//765 772//772 766//766
f 766//766 772//772 777//777
f 766//766 777//777 779//779
f 766//766 779//779 767//767
f 767//767 779//779 789//789
f 767//767 789//789 790//790
f 767//767 790//790 791//791
f 767//767 791//791 770//770
f 769//769 792//792 771//771
f 770//770 791//791 793//793
f 770//770 793//793 784//784
f 771//771 792//792 794//794
f 771//771 794//794 774//774
f 775//775 783//783 776//776
f 776//776 795//795 778//778
f 776//776 783//783 782//782
f 776//776 782//782 796//796
f 776//776 796//796 797//797
f 776//776 797//797 795//795
f 778//778 795//795 779//779
f 779//779 795//795 789//789
f 780//780 798//798 799//799
f 780//780 799//799 781//781
f 784//784 793//793 800//800
f 786//786 788//788 801//801
f 788//788 802//802 801//801
f 789//789 795//795 803//803
f 789//789 803//803 790//790
f 790//790 803//803 804//804
f 790//790 804//804 805//805
f 790//790 805//805 806//806
f 790//790 806//806 791//791
f 791//791 806//806 807//807
f 791//791 807//807 793//793
f 793//793 807//807 806//806
f 793//793 806//806 800//800
f 795//795 797//797 808//808
f 795//795 808//808 803//803
f 796//796 809//809 808//808
f 796//796 808//808 797//797
f 798//798 810//810 811//811
f 798//798 811//811 799//799
f 801//801 802//802 812//812
f 801//801 812//812 813//813
f 803//803 808//808 814//814
f 803//803 814//814 804//804
f 808//808 809//809 815//815
f 808//808 815//815 814//814
f 810//810 816//816 811//811
f 811//811 816//816 817//817
f 811//811 817//817 812//812
f 812//812 817//817 813//813

