# https://github.com/mikedh/trimesh
v 0.03522250 -0.00004689 -0.00461258
v 0.03522250 0.00142630 -0.00395644
v 0.03693820 -0.00004689 -0.00456571
v 0.03693820 -0.00176351 -0.00441076
v 0.03522250 -0.00176351 -0.00443085
v 0.01712040 -0.00005501 -0.00378523
v 0.01712040 0.00097190 -0.00386749
v 0.01712040 0.00166883 -0.00391914
v 0.01712040 0.00281114 -0.00362837
v 0.03522250 0.00228461 -0.00321518
v 0.04992060 0.00255779 -0.00178335
v 0.03693820 0.00132082 -0.00390671
v 0.02320920 0.00270836 -0.00357098
v 0.02492840 0.00264525 -0.00353751
v 0.02492840 0.00350356 -0.00282877
v 0.04208530 0.00106657 -0.00366663
v 0.03865390 -0.00004689 -0.00444041
v 0.04723580 -0.00161745 -0.00376323
v 0.04036960 -0.00176351 -0.00424530
v 0.03522250 -0.00293377 -0.00377567
v 0.04036960 -0.00287246 -0.00369533
v 0.01712040 -0.00176892 -0.00304014
v 0.01712040 -0.00039941 -0.00369628
v 0.01712040 0.00366945 -0.00304110
v 0.02492840 0.00442408 -0.00197081
v 0.04380440 0.00435465 -0.00017074
v 0.04895150 0.00332144 -0.00088809
v 0.04895150 0.00411844 0.00045288
v 0.05056100 0.00287966 -0.00084696
v 0.05106440 0.00223953 -0.00139119
v 0.05056100 0.00166793 -0.00216306
v 0.04895150 0.00038767 -0.00333091
v 0.04895150 0.00166883 -0.00253991
v 0.02664410 0.00436637 -0.00188569
v 0.03865390 0.00461521 -0.00043759
v 0.02320920 0.00356667 -0.00287468
v 0.04208530 -0.00004689 -0.00414678
v 0.04723580 0.00063922 -0.00337587
v 0.04723580 -0.00021909 -0.00376323
v 0.04895150 -0.00125952 -0.00360829
v 0.04626320 -0.00262002 -0.00346099
v 0.04208530 -0.00281115 -0.00362168
v 0.03522250 -0.00355226 -0.00260495
v 0.01712040 -0.00300680 -0.00215350
v 0.01712040 -0.00222873 -0.00271495
v 0.04036960 -0.00340530 -0.00260495
v 0.01712040 0.00418425 -0.00256956
v 0.01712040 0.00459989 -0.00218315
v 0.01712040 0.00498035 -0.00145528
v 0.03865390 0.00531124 0.00082686
v 0.04507830 0.00428884 -0.00008848
v 0.04987950 0.00428343 0.00150691
v 0.05160550 0.00261910 -0.00024726
v 0.05165000 0.00109542 -0.00193160
v 0.05056440 -0.00011361 -0.00301815
v 0.04992400 -0.00073029 -0.00350308
v 0.04895150 -0.00047064 -0.00360829
v 0.04992400 -0.00099807 -0.00350308
v 0.04723580 -0.00247576 -0.00331656
v 0.04895150 -0.00278862 -0.00214680
v 0.04723580 -0.00288509 -0.00245861
v 0.04208530 -0.00328449 -0.00260495
v 0.03522250 -0.00371635 -0.00088809
v 0.03351020 -0.00373799 -0.00088809
v 0.03007540 -0.00377585 -0.00088809
v 0.01712040 -0.00365865 -0.00088809
v 0.04036960 -0.00352341 -0.00088809
v 0.01712040 0.00523370 -0.00088809
v 0.03693820 0.00535722 0.00082686
v 0.03865390 0.00525804 0.00254372
v 0.04987950 0.00428343 0.00178715
v 0.05166030 0.00269934 0.00082686
v 0.05201300 0.00166883 0.00082686
v 0.05181780 0.00166793 -0.00084696
v 0.05210200 -0.00004689 -0.00088809
v 0.05176990 -0.00004689 -0.00212289
v 0.05172530 -0.00116306 -0.00206359
v 0.05050960 -0.00165262 -0.00255522
v 0.04994800 -0.00269846 -0.00190290
v 0.04895150 -0.00211783 -0.00300571
v 0.05005420 -0.00276878 -0.00088809
v 0.02664410 -0.00359013 0.00082686
v 0.01712040 -0.00385339 0.00082686
v 0.01712040 -0.00374880 -0.00011526
v 0.04999250 -0.00274173 0.00015924
v 0.02835970 -0.00352161 0.00082686
v 0.01712040 0.00535632 0.00082686
v 0.03693820 0.00528599 0.00254372
v 0.04036960 0.00509756 0.00254372
v 0.03865390 0.00456202 0.00373835
v 0.04036960 0.00452776 0.00370296
v 0.04643440 0.00425728 0.00342176
v 0.04895150 0.00378665 0.00275988
v 0.04995490 0.00268221 0.00347628
v 0.05048910 0.00324570 0.00239547
v 0.05162950 0.00266418 0.00186080
v 0.05174250 0.00166883 0.00201001
v 0.05171160 0.00038226 0.00194306
v 0.05190340 -0.00013254 0.00089764
v 0.05179380 -0.00124600 -0.00088809
v 0.05091030 -0.00210431 -0.00088809
v 0.01712040 -0.00342333 0.00254372
v 0.05168080 -0.00110085 0.00037254
v 0.05143080 -0.00076185 0.00151743
v 0.05028700 -0.00120723 0.00202149
v 0.04895150 -0.00130370 0.00216783
v 0.01712040 -0.00284271 0.00365705
v 0.01712040 -0.00320334 0.00297891
v 0.01712040 0.00481627 0.00254372
v 0.03522250 0.00526075 0.00254372
v 0.03693820 0.00457013 0.00375269
v 0.03865390 0.00338455 0.00456856
v 0.04036960 0.00338455 0.00450448
v 0.04208530 0.00338455 0.00437727
v 0.04552010 0.00338455 0.00405303
v 0.04709880 0.00344135 0.00378713
v 0.04895150 0.00292834 0.00365418
v 0.04895150 0.00166883 0.00389330
v 0.05008840 0.00166883 0.00357957
v 0.05094800 0.00166883 0.00286796
v 0.05004050 0.00057250 0.00356427
v 0.05073560 -0.00009468 0.00255424
v 0.04895150 -0.00040031 0.00302673
v 0.03179110 -0.00126944 0.00377182
v 0.02835970 -0.00147500 0.00387225
v 0.02664410 -0.00156426 0.00393060
v 0.01712040 -0.00241716 0.00396886
v 0.01712040 0.00433662 0.00352314
v 0.03522250 0.00455571 0.00373357
v 0.03522250 0.00338455 0.00455708
v 0.03693820 0.00338455 0.00458482
v 0.03351020 0.00166883 0.00498845
v 0.03693820 0.00166883 0.00495211
v 0.04208530 0.00166883 0.00466325
v 0.04380440 0.00166883 0.00453700
v 0.03865390 0.00166883 0.00488133
v 0.04552010 0.00166883 0.00435240
v 0.04723580 0.00166883 0.00413719
v 0.04895150 0.00045800 0.00364079
v 0.03179110 -0.00004689 0.00461065
v 0.01712040 -0.00176351 0.00440214
v 0.01712040 0.00379297 0.00390190
v 0.01712040 0.00338455 0.00417737
v 0.01712040 0.00184103 0.00491480
v 0.01712040 0.00098272 0.00515870
v 0.02097300 0.00086461 0.00513479
v 0.02097300 0.00072577 0.00513479
v 0.01712040 0.00004056 0.00508888
v 0.01712040 -0.00034532 0.00500567
v 0.01712040 -0.00103954 0.00473977
v 0.01712040 0.00051209 0.00515870
v -0.00081901 0.00166877 0.01624920
v 0.00089772 0.00166877 0.01597790
v -0.00081901 0.00338445 0.01603580
v -0.00253313 0.00338445 0.01592610
v -0.00253313 0.00166877 0.01609070
v -0.00253313 -0.00004692 0.01603280
v -0.00081901 -0.00004692 0.01618210
v 0.00089772 -0.00004692 0.01599930
v 0.00371824 0.00097999 0.01545980
v 0.00089772 0.00338445 0.01575240
v 0.00089772 0.00551028 0.01533790
v -0.00021387 0.00589850 0.01540490
v -0.00135922 0.00598929 0.01542630
v -0.00175139 0.00598929 0.01542630
v -0.00240847 0.00509701 0.01557260
v -0.00352785 0.00452407 0.01549030
v -0.00941562 0.00166877 0.01441440
v -0.00941562 0.00165311 0.01441440
v -0.00941562 -0.00004692 0.01433210
v -0.00348369 -0.00446137 0.01547200
v -0.00253313 -0.00176260 0.01587740
v -0.00081901 -0.00176260 0.01605110
v 0.00089772 -0.00176260 0.01587130
v 0.00371824 0.00045401 0.01545980
v 0.00430520 -0.00009075 0.01521900
v 0.00604530 -0.00004692 0.01443880
v 0.00604530 0.00166877 0.01439610
v 0.00430520 0.00159989 0.01514890
v 0.00177037 0.00427361 0.01542020
v 0.00523498 0.00600182 0.01372260
v 0.00089772 0.00681583 0.01482890
v 0.00245082 0.00494673 0.01500570
v -0.00079823 0.00666242 0.01514280
v -0.00240847 0.00666242 0.01503620
v -0.00289414 0.00566682 0.01532870
v -0.00193059 0.00951772 0.01378050
v -0.00941562 0.00320600 0.01405780
v -0.00941562 -0.00190036 0.01403340
v -0.00941562 -0.00362231 0.01343910
v -0.00941562 -0.00534739 0.01267720
v -0.00941562 -0.00549767 0.01260400
v -0.00941562 -0.00631168 0.01219260
v -0.00520302 -0.00965852 0.01206760
v -0.00340318 -0.00778003 0.01370430
v -0.00253313 -0.00690966 0.01435040
v -0.00253313 -0.00545070 0.01511540
v -0.00253313 -0.00459286 0.01551160
v -0.00253313 -0.00347829 0.01570970
v -0.00941562 -0.00278325 0.01377740
v -0.00081901 -0.00347829 0.01580120
v 0.00024843 -0.00453964 0.01549330
v 0.00085097 -0.00338124 0.01559090
v 0.00188724 -0.00274568 0.01545680
v 0.00221448 -0.00176260 0.01555430
v 0.00307155 -0.00176260 0.01528910
v 0.00432857 -0.00176260 0.01486240
v 0.00686600 -0.00250148 0.01367990
v 0.00700625 -0.00135560 0.01375910
v 0.00708676 -0.00004692 0.01380490
v 0.00705300 0.00166877 0.01378960
v 0.00695950 0.00264245 0.01373780
v 0.00606348 0.00328114 0.01401520
v 0.00546093 0.00510014 0.01385060
v 0.00441428 0.00863483 0.01253090
v 0.00325075 0.00752652 0.01362200
v 0.00265340 0.00689723 0.01417970
v 0.00632060 0.00510014 0.01337820
v 0.00731011 0.00645265 0.01228400
v 0.00601932 0.00680017 0.01282650
v 0.00504279 0.00927352 0.01190610
v 0.00089772 0.00822782 0.01404560
v -0.00004765 0.00936744 0.01368290
v -0.00069954 0.00869119 0.01416750
v -0.00119040 0.00951772 0.01378050
v -0.00251495 0.00860039 0.01410660
v -0.00941562 0.00794918 0.01218340
v -0.00941562 0.00681583 0.01267110
v -0.00941562 0.00679391 0.01268020
v -0.00941562 0.00322478 0.01405170
v -0.00081901 0.01137740 0.01226270
v -0.00253313 0.01133360 0.01221090
v -0.00348889 0.01118960 0.01205540
v -0.00307594 0.00921716 0.01357930
v -0.00941562 -0.00831540 0.01064130
v -0.00941562 -0.00833105 0.01062910
v -0.00941562 -0.00917637 0.00993417
v -0.00941562 -0.00984950 0.00907470
v -0.00941562 -0.00985889 0.00906250
v -0.00941562 -0.01082320 0.00774891
v -0.00388625 -0.01141800 0.01051320
v -0.00253313 -0.01162780 0.01073570
v -0.00424986 -0.00980880 0.01220480
v -0.00253313 -0.00877876 0.01323190
v -0.00253313 -0.00792092 0.01378960
v -0.00081901 -0.00690966 0.01451800
v -0.00081901 -0.00551019 0.01519770
v -0.00081901 -0.00465235 0.01552990
v 0.00051594 -0.00796162 0.01382310
v 0.00101199 -0.00705368 0.01417670
v 0.00261444 -0.00650892 0.01392980
v 0.00359617 -0.00613948 0.01374690
v 0.00572065 -0.00316521 0.01392680
v 0.00604530 -0.00519398 0.01299410
v 0.00741140 -0.00519398 0.01229010
v 0.00859311 -0.00428604 0.01195790
v 0.00878271 -0.00314016 0.01215300
v 0.00765034 -0.00186279 0.01325320
v 0.00794642 -0.00004692 0.01324710
v 0.00791006 0.00166877 0.01320750
v 0.00880348 0.00338445 0.01214690
v 0.00864506 0.00432996 0.01200670
v 0.00783474 0.00498117 0.01242730
v 0.00390004 0.00963043 0.01215600
v 0.00845546 0.00547584 0.01179940
v 0.00866843 0.00773942 0.01032430
v 0.00680627 0.00759853 0.01192740
v 0.00703741 0.00953337 0.01038520
v 0.00604530 0.00990281 0.01072660
v 0.00512590 0.01107370 0.01022980
v 0.00451297 0.01035360 0.01122030
v 0.00615697 0.00863483 0.01163180
v 0.00165349 0.01106120 0.01194880
v 0.00051074 0.01124910 0.01212860
v -0.00069954 0.01015330 0.01322880
v -0.00941562 0.00796171 0.01217430
v -0.00081901 0.01223530 0.01118680
v -0.00216434 0.01286770 0.01033340
v -0.00265520 0.01231350 0.01099180
v 0.00009779 0.01283640 0.01028160
v -0.00330709 0.01281450 0.01025110
v -0.00941562 0.01139930 0.00889792
v -0.00941562 0.01058850 0.00975740
v -0.00941562 0.00973688 0.01063520
v -0.00941562 0.00973062 0.01064130
v -0.00941562 0.00881329 0.01149770
v -0.00941562 -0.01131790 0.00704792
v -0.00209421 -0.01313690 0.00884611
v -0.00081901 -0.01322450 0.00897412
v -0.00081901 -0.01256700 0.00983055
v -0.00081901 -0.01170920 0.01082110
v -0.00081901 -0.01089830 0.01167750
v -0.00253313 -0.01081070 0.01159520
v -0.00253313 -0.00995282 0.01237540
v -0.00081901 -0.00891339 0.01330500
v -0.00081901 -0.00805554 0.01387800
v 0.00089772 -0.00989333 0.01232360
v 0.00101199 -0.00857213 0.01326840
v 0.00165869 -0.00772054 0.01367080
v 0.00261444 -0.00736676 0.01346350
v 0.00330529 -0.00939240 0.01190300
v 0.00604530 -0.00654962 0.01233280
v 0.00703482 -0.00618018 0.01207070
v 0.00827107 -0.00519398 0.01167140
v 0.00878271 -0.00631794 0.01044620
v 0.01711700 -0.00176260 0.00440244
v 0.01711700 -0.00103939 0.00473770
v 0.01711700 -0.00034435 0.00500590
v 0.01711700 0.00004074 0.00508819
v 0.00893594 -0.00176260 0.01229620
v 0.00902944 -0.00004692 0.01238760
v 0.00899827 0.00166877 0.01235110
v 0.01711700 0.00097999 0.00515829
v 0.01711700 0.00184096 0.00491447
v 0.00261444 0.01082330 0.01172930
v 0.01711700 0.00338445 0.00417691
v 0.00766852 0.00840002 0.01068390
v 0.01711700 0.00379146 0.00390261
v 0.01711700 0.00433622 0.00352163
v 0.00732050 0.01016270 0.00925756
v 0.00693093 0.01113640 0.00858705
v 0.00604530 0.01076070 0.00983664
v 0.00604530 0.01144940 0.00898021
v 0.00490255 0.01267670 0.00828532
v 0.00444285 0.01202860 0.00948919
v 0.00398315 0.01138060 0.01053460
v 0.00261444 0.01166230 0.01086980
v 0.00261444 0.01252020 0.00987931
v 0.00124314 0.01271740 0.01012620
v 0.00076007 0.01334040 0.00949529
v -0.00081901 0.01357210 0.00940690
v -0.00081901 0.01438610 0.00827313
v -0.00253313 0.01475240 0.00717897
v -0.00347850 0.01462410 0.00695649
v -0.00941562 0.01208500 0.00770319
v -0.00941562 0.01140560 0.00888878
v -0.00941562 -0.01172170 0.00611834
v -0.00197215 -0.01474920 0.00552403
v -0.00081901 -0.01394770 0.00769100
v 0.00089772 -0.01307740 0.00877906
v 0.00089772 -0.01244810 0.00963854
v 0.00089772 -0.01159020 0.01068090
v 0.00089772 -0.01075120 0.01154040
v -0.00081901 -0.01003730 0.01244860
v 0.00216254 -0.00965539 0.01212550
v 0.00203008 -0.01139610 0.01046140
v 0.00544795 -0.01142120 0.00876077
v 0.00550509 -0.00966791 0.01042790
v 0.00664784 -0.00929848 0.01009270
v 0.00771008 -0.00682200 0.01104970
v 0.00723999 -0.00815573 0.01051020
v 0.00838534 -0.00746382 0.00999513
v 0.01711700 -0.00284274 0.00365573
v 0.01711700 -0.00241694 0.00396661
v 0.01711700 0.00051350 0.00515829
v 0.01711700 0.00481524 0.00254329
v 0.00667121 0.01268610 0.00649322
v 0.00722441 0.01145570 0.00769100
v 0.00607646 0.01232610 0.00770624
v 0.00552586 0.01297410 0.00714240
v 0.00432857 0.01323400 0.00770624
v 0.00375979 0.01295220 0.00874858
v 0.00261444 0.01316510 0.00902288
v 0.00089772 0.01431730 0.00804454
v -0.00081901 0.01480880 0.00741670
v -0.00081901 0.01544120 0.00597510
v -0.00253313 0.01523150 0.00597510
v -0.00253313 0.01574180 0.00425920
v -0.00941562 0.01377880 0.00255548
v -0.00941562 0.01268300 0.00598119
v -0.00941562 0.01209120 0.00769100
v -0.00941562 -0.01236350 0.00425920
v -0.00232017 -0.01488380 0.00425920
v -0.00081901 -0.01534410 0.00254329
v -0.00081901 -0.01508740 0.00425920
v -0.00081901 -0.01477430 0.00557889
v -0.00081901 -0.01450190 0.00643836
v 0.00089772 -0.01363470 0.00769100
v 0.00187425 -0.01293960 0.00859010
v 0.00301700 -0.01279560 0.00825789
v 0.00432857 -0.01170290 0.00898936
v 0.00700884 -0.01128970 0.00701135
v 0.00659330 -0.01094840 0.00815731
v 0.00723220 -0.00980567 0.00894974
v 0.00425845 -0.01251380 0.00768795
v 0.00602971 -0.01160900 0.00762700
v 0.00780877 -0.00867231 0.00947091
v 0.00881907 -0.00804615 0.00884916
v 0.01711700 -0.00320278 0.00297913
v 0.00837755 -0.00918890 0.00809940
v 0.00769190 -0.01025020 0.00755690
v 0.01711700 0.00535374 0.00082739
v 0.00723999 0.01309000 0.00425920
v 0.00699586 0.01289900 0.00535030
v 0.00604530 0.01381320 0.00425920
v 0.00607646 0.01320580 0.00594462
v 0.00420910 0.01409180 0.00585014
v 0.00246641 0.01402610 0.00753861
v 0.00293909 0.01437360 0.00634083
v 0.00179374 0.01455210 0.00686200
v 0.00089772 0.01466790 0.00718507
v 0.00089772 0.01512190 0.00597510
v -0.00081901 0.01600160 0.00425920
v -0.00212798 0.01635540 0.00222023
v -0.00263442 0.01611750 0.00269263
v -0.00941562 0.01378190 0.00254329
v -0.00941562 -0.01261710 0.00254329
v -0.00269935 -0.01496210 0.00268349
v -0.00253313 -0.01519070 0.00082739
v -0.00081901 -0.01545050 0.00082739
v 0.00089772 -0.01504670 0.00254329
v 0.00092629 -0.01481180 0.00421043
v 0.00037050 -0.01470540 0.00532592
v 0.00092629 -0.01436100 0.00592938
v 0.00261444 -0.01381000 0.00597510
v 0.00364292 -0.01301160 0.00711192
v 0.00526615 -0.01296780 0.00523144
v 0.00633878 -0.01254830 0.00425920
v 0.00723999 -0.01144310 0.00597510
v 0.00843988 -0.01104860 0.00425920
v 0.00809706 -0.01067600 0.00597510
v 0.01711700 -0.00342194 0.00254329
v 0.01711700 0.00523163 -0.00088851
v 0.00840352 0.01264230 -0.00088851
v 0.00847884 0.01269550 0.00082739
v 0.00838274 0.01259840 0.00254329
v 0.00752568 0.01330910 0.00254329
v 0.00591284 0.01422960 0.00255853
v 0.00512330 0.01452080 0.00314371
v 0.00477788 0.01440490 0.00425920
v 0.00356241 0.01456460 0.00519487
v 0.00089772 0.01567920 0.00425920
v 0.00032375 0.01634600 0.00211051
v -0.00081901 0.01622710 0.00326562
v -0.00081901 0.01639920 0.00240614
v -0.00081901 0.01653390 0.00082739
v -0.00227082 0.01640240 0.00082739
v -0.00313048 0.01614570 0.00082739
v -0.00941562 0.01409500 0.00082739
v -0.00941562 -0.01276740 -0.00088851
v -0.00253313 -0.01512180 -0.00088851
v -0.00941562 -0.01276740 -0.00090680
v -0.00081901 -0.01531590 -0.00088851
v 0.00089772 -0.01501530 -0.00088851
v 0.00089772 -0.01512490 0.00082739
v 0.00197295 -0.01471170 0.00254329
v 0.00184049 -0.01466470 0.00360392
v 0.00151584 -0.01458020 0.00474684
v 0.00425845 -0.01317440 0.00587147
v 0.00432857 -0.01358140 0.00425920
v 0.00548171 -0.01307420 0.00425920
v 0.00654395 -0.01272670 0.00254329
v 0.00792824 -0.01178120 0.00268654
v 0.00861129 -0.01119260 0.00335400
v 0.00758282 -0.01169040 0.00425920
v 0.01711700 -0.00385086 0.00082739
v 0.01711700 0.00498117 -0.00145540
v 0.00882946 0.01131790 -0.00391496
v 0.00808407 0.01242620 -0.00260442
v 0.00754646 0.01324340 -0.00088851
v 0.00762177 0.01334980 0.00082739
v 0.00610763 0.01420770 0.00082739
v 0.00525056 0.01456460 0.00199774
v 0.00131586 0.01610500 0.00082739
v 0.00261444 0.01548510 0.00254329
v 0.00089772 0.01605490 0.00262558
v 0.00045880 0.01638360 0.00082739
v 0.00031336 0.01633660 -0.00046792
v -0.00081381 0.01637730 -0.00097995
v -0.00182151 0.01628030 -0.00186380
v -0.00203967 0.01634920 -0.00088851
v -0.00289933 0.01610180 -0.00088851
v -0.00941562 0.01399480 -0.00088851
v -0.00345253 -0.01468660 -0.00197352
v -0.00246561 -0.01479310 -0.00257089
v -0.00184748 -0.01466470 -0.00356752
v -0.00941562 -0.01261090 -0.00260442
v -0.00081901 -0.01493390 -0.00260442
v 0.00010818 -0.01464900 -0.00351265
v 0.00076786 -0.01475240 -0.00245507
v 0.00177556 -0.01464280 -0.00178456
v 0.00191061 -0.01469290 -0.00088851
v 0.00205086 -0.01474300 0.00082739
v 0.00283001 -0.01439540 0.00254329
v 0.00249238 -0.01432340 0.00421043
v 0.00432857 -0.01376610 0.00254329
v 0.00568429 -0.01314620 0.00254329
v 0.00655174 -0.01276740 0.00082739
v 0.00776202 -0.01202850 0.00082739
v 0.00868661 -0.01127710 0.00221108
v 0.01711700 -0.00374754 -0.00011438
v 0.00872297 -0.01131790 0.00082739
v 0.00868921 -0.01128030 -0.00088851
v 0.00864246 -0.01122390 -0.00182113
v 0.01711700 0.00459921 -0.00218077
v 0.00855675 0.01104870 -0.00505788
v 0.00775942 0.01197850 -0.00430508
v 0.00696209 0.01285200 -0.00355228
v 0.00722701 0.01301800 -0.00260442
v 0.00588427 0.01414190 -0.00075136
v 0.00520641 0.01454890 -0.00008694
v 0.00525056 0.01456460 0.00082739
v 0.00432857 0.01494340 0.00082739
v 0.00261444 0.01562590 0.00082739
v 0.00261444 0.01540680 -0.00088851
v 0.00088993 0.01604230 -0.00097995
v -0.00023724 0.01623020 -0.00161388
v -0.00138259 0.01628030 -0.00186380
v -0.00245002 0.01601420 -0.00250079
v -0.00253313 0.01552580 -0.00432032
v -0.00941562 0.01366600 -0.00260442
v -0.00299023 -0.01452690 -0.00311949
v -0.00941562 -0.01260770 -0.00261661
v -0.00246561 -0.01428270 -0.00421365
v -0.00081901 -0.01372230 -0.00603622
v -0.00081901 -0.01440480 -0.00443918
v -0.00081901 -0.01467100 -0.00357971
v 0.00089772 -0.01352820 -0.00603622
v 0.00076786 -0.01428270 -0.00418012
v 0.00125353 -0.01452070 -0.00292748
v 0.00261444 -0.01367220 -0.00432032
v 0.00245602 -0.01421070 -0.00245507
v 0.00534406 -0.01298660 -0.00199791
v 0.00640630 -0.01270790 -0.00088851
v 0.00277027 -0.01433600 -0.00088851
v 0.00290792 -0.01441420 0.00082739
v 0.00776202 -0.01192840 -0.00088851
v 0.01711700 -0.00365675 -0.00088851
v 0.00782176 -0.01160590 -0.00247641
v 0.00728934 -0.01145560 -0.00432032
v 0.00843469 -0.01102360 -0.00296405
v 0.01711700 0.00418281 -0.00256784
v 0.00871778 0.00949580 -0.00702980
v 0.00789448 0.01078880 -0.00620385
v 0.00741400 0.01149640 -0.00574363
v 0.00651019 0.01263910 -0.00469824
v 0.00598037 0.01306810 -0.00420145
v 0.00604530 0.01361280 -0.00260442
v 0.00494150 0.01446130 -0.00122986
v 0.00089772 0.01561340 -0.00260442
v -0.00081901 0.01546310 -0.00432032
v -0.00081381 0.01605490 -0.00250079
v -0.00941562 0.01312750 -0.00459767
v -0.00941562 0.01316200 -0.00447271
v -0.00081901 0.01484010 -0.00565830
v -0.00253313 0.01489020 -0.00565220
v -0.00355382 0.01474300 -0.00539923
v -0.00941562 0.01264540 -0.00608194
v -0.00941562 -0.01123960 -0.00695970
v -0.00259027 -0.01338420 -0.00613984
v -0.00205785 -0.01302730 -0.00709990
v -0.00081901 -0.01309620 -0.00719438
v 0.00089772 -0.01302410 -0.00705723
v 0.00180413 -0.01293340 -0.00691703
v 0.00247160 -0.01311810 -0.00595088
v 0.00356501 -0.01298030 -0.00532304
v 0.00385069 -0.01313370 -0.00432032
v 0.00440389 -0.01329030 -0.00258308
v 0.00596738 -0.01256700 -0.00258308
v 0.01711700 -0.00300554 -0.00215334
v 0.00814900 -0.01074180 -0.00432032
v 0.00702962 -0.01128340 -0.00533523
v 0.01711700 0.00366936 -0.00304025
v 0.00704261 0.00948954 -0.00869694
v 0.00767372 0.00985272 -0.00766374
v 0.00689457 0.01110190 -0.00688655
v 0.00818536 0.00886025 -0.00817577
v 0.00613100 0.01201920 -0.00609718
v 0.00536484 0.01290210 -0.00530780
v 0.00432857 0.01372870 -0.00432032
v 0.00219111 0.01472430 -0.00399116
v 0.00435195 0.01429530 -0.00264708
v 0.00103277 0.01494660 -0.00446661
v 0.00169505 0.01452080 -0.00513408
v 0.00055230 0.01467100 -0.00541142
v 0.00002767 0.01282070 -0.00860855
v -0.00065279 0.01336550 -0.00792280
v -0.00111768 0.01291150 -0.00873351
v -0.00253313 0.01296790 -0.00878532
v -0.00368627 0.01292720 -0.00872132
v -0.00553805 0.01147760 -0.01066890
v -0.00710933 0.01289900 -0.00712428
v -0.00941562 0.01187520 -0.00775212
v -0.00941562 -0.01067600 -0.00781917
v -0.00544715 -0.01133660 -0.00877008
v -0.00253313 -0.01160280 -0.00912363
v -0.00081901 -0.01255450 -0.00805081
v 0.00089772 -0.01239170 -0.00791670
v 0.00089772 -0.01153390 -0.00898648
v 0.00208982 -0.01133660 -0.00876094
v 0.00251835 -0.01201920 -0.00770336
v 0.00400393 -0.01155890 -0.00734067
v 0.00294948 -0.01270170 -0.00646596
v 0.00839833 -0.00747321 -0.00834339
v 0.01047090 -0.00622715 -0.00702675
v 0.00878530 -0.00633046 -0.00881580
v 0.01711700 -0.00222910 -0.00271414
v 0.00872297 -0.00962095 -0.00538095
v 0.00839054 -0.00921081 -0.00652387
v 0.00885802 -0.00806806 -0.00719743
v 0.00604530 -0.01098290 -0.00654825
v 0.00724519 -0.00978688 -0.00726143
v 0.00771008 -0.01027530 -0.00592955
v 0.01711700 0.00281152 -0.00362847
v 0.00863986 0.00771437 -0.00863903
v 0.00372343 0.00957094 -0.01046160
v 0.00492592 0.01097980 -0.00846226
v 0.00621152 0.01074190 -0.00783441
v 0.00767372 0.00838436 -0.00894381
v 0.00726856 0.00636186 -0.01060790
v 0.00666082 0.00750774 -0.01019640
v 0.00574922 0.01139930 -0.00731934
v 0.00432857 0.01311820 -0.00564306
v 0.00432857 0.01257340 -0.00650253
v 0.00333126 0.01277060 -0.00681341
v 0.00089772 0.01264850 -0.00836778
v 0.00434416 0.01166860 -0.00783441
v 0.00378576 0.01122710 -0.00876704
v 0.00018350 0.01117080 -0.01038540
v -0.00065279 0.01227910 -0.00937050
v -0.00081901 0.01128660 -0.01049510
v -0.00424986 0.01148070 -0.01068410
v -0.00516146 0.00952398 -0.01209520
v -0.00941562 0.01025030 -0.00948631
v -0.00941562 0.01025970 -0.00948022
v -0.00941562 0.01124910 -0.00878837
v -0.00941562 -0.00981506 -0.00899257
v -0.00941562 -0.00894156 -0.00984900
v -0.00941562 -0.00893530 -0.00985509
v -0.00253313 -0.01005610 -0.01087310
v -0.00253313 -0.01091400 -0.00998310
v -0.00081901 -0.01169350 -0.00919982
v -0.00081901 -0.01094840 -0.01005930
v 0.00089772 -0.01066660 -0.00984290
v 0.00308453 -0.00932665 -0.01018120
v 0.00323517 -0.01108930 -0.00848664
v 0.00602712 -0.01007800 -0.00780089
v 0.00775163 -0.00687209 -0.00943450
v 0.00782176 -0.00867544 -0.00780089
v 0.00725557 -0.00814007 -0.00891028
v 0.00710494 -0.00627098 -0.01048290
v 0.00830223 -0.00519398 -0.01001360
v 0.01711700 -0.00176887 -0.00304025
v 0.00658810 -0.00928282 -0.00840435
v 0.01711700 0.00166877 -0.00391801
v 0.00890997 0.00338445 -0.01058050
v 0.00871518 0.00443328 -0.01040980
v 0.00841131 0.00557602 -0.01011720
v 0.00006922 0.00940814 -0.01205860
v 0.00261444 0.01065420 -0.00986424
v 0.00607127 0.00688784 -0.01085170
v 0.00780877 0.00504379 -0.01076640
v 0.00598816 0.00507509 -0.01166550
v 0.00178855 0.00426734 -0.01377150
v -0.00081901 0.01032860 -0.01135160
v -0.00081901 0.00947076 -0.01210440
v -0.00490175 0.00952398 -0.01209520
v -0.00941562 0.00893539 -0.01016600
v -0.00253313 0.00711325 -0.01344540
v -0.00253313 0.00625228 -0.01388730
v -0.00347850 0.00610826 -0.01382640
v -0.00941562 0.00460234 -0.01221710
v -0.00941562 -0.00808685 -0.01054080
v -0.00253313 -0.00891652 -0.01173250
v -0.00081901 -0.01009060 -0.01083650
v 0.00089772 -0.00980567 -0.01055910
v 0.00432857 -0.00816825 -0.01062310
v 0.00535445 -0.00788961 -0.01043420
v 0.00432857 -0.00902609 -0.00989167
v 0.00432857 -0.00993090 -0.00903219
v 0.00544275 -0.00962095 -0.00874570
v 0.00649720 -0.00741686 -0.01005320
v 0.00597258 -0.00687209 -0.01074200
v 0.00595440 -0.00514388 -0.01156790
v 0.00744517 -0.00519398 -0.01069930
v 0.00856714 -0.00424847 -0.01027570
v 0.00887101 -0.00310572 -0.01052560
v 0.01711700 -0.00039757 -0.00369552
v 0.01711700 0.00097060 -0.00386620
v 0.00919825 -0.00004692 -0.01083340
v 0.00911255 0.00166877 -0.01077250
v 0.00708156 0.00099877 -0.01213180
v -0.00010998 0.00586406 -0.01371970
v -0.00125533 0.00620219 -0.01386290
v 0.00557521 0.00338445 -0.01232380
v 0.00538042 0.00448650 -0.01215010
v 0.00432857 0.00338445 -0.01295160
v 0.00208722 0.00338445 -0.01389950
v 0.00089772 0.00338445 -0.01427130
v 0.00089772 0.00461800 -0.01391470
v -0.00191501 0.00947702 -0.01210740
v -0.00253313 0.00510014 -0.01429270
v -0.00253313 0.00338445 -0.01471020
v -0.00379276 0.00510014 -0.01399400
v -0.00941562 0.00338445 -0.01248840
v -0.00941562 -0.00690966 -0.01105290
v -0.00337981 -0.00432987 -0.01375930
v -0.00350707 -0.00787709 -0.01209520
v -0.00253313 -0.00805867 -0.01217140
v -0.00133065 -0.00804928 -0.01216230
v -0.00078264 -0.00862535 -0.01171420
v 0.00231577 -0.00644630 -0.01227200
v 0.00255471 -0.00870362 -0.01080910
v 0.00432857 -0.00690966 -0.01136980
v 0.00432857 -0.00576692 -0.01193060
v 0.00532329 -0.00453651 -0.01211660
v 0.00649461 -0.00347829 -0.01182700
v 0.00790227 -0.00359726 -0.01096140
v 0.00771008 -0.00182522 -0.01164410
v 0.00911255 -0.00176260 -0.01072680
v 0.01711700 -0.00005318 -0.00378391
v 0.00804252 -0.00004692 -0.01169290
v 0.00356241 0.00101130 -0.01379890
v 0.00420910 0.00161554 -0.01340270
v 0.00718545 -0.00004692 -0.01219270
v -0.00073590 0.00521598 -0.01411590
v 0.00331048 0.00215404 -0.01368620
v 0.00268716 0.00161554 -0.01402140
v 0.00089772 0.00166877 -0.01457310
v -0.00081901 0.00338445 -0.01465540
v -0.00081901 0.00166877 -0.01488700
v -0.00253313 0.00166877 -0.01482910
v -0.00434855 0.00334062 -0.01413720
v -0.00941562 0.00168129 -0.01259810
v -0.00941562 -0.00689714 -0.01105590
v -0.00269935 -0.00364736 -0.01403060
v -0.00223446 -0.00446450 -0.01382330
v -0.00941562 -0.00176887 -0.01222930
v -0.00253313 -0.00176260 -0.01447550
v -0.00131506 -0.00446450 -0.01382330
v -0.00077226 -0.00510005 -0.01346370
v 0.00089772 -0.00519398 -0.01321680
v 0.00089772 -0.00669364 -0.01246700
v 0.00277807 -0.00535991 -0.01262860
v 0.00432857 -0.00490907 -0.01230860
v 0.00264042 -0.00349081 -0.01346370
v 0.00208462 -0.00292727 -0.01388120
v 0.00432857 -0.00347829 -0.01283580
v 0.00563754 -0.00347829 -0.01226590
v 0.00679328 -0.00243573 -0.01198850
v 0.00710234 -0.00129298 -0.01215310
v 0.00604530 -0.00004692 -0.01272000
v 0.00356241 0.00025051 -0.01379890
v 0.00278586 -0.00020972 -0.01403360
v 0.00089772 -0.00004692 -0.01458830
v -0.00081901 -0.00004692 -0.01482600
v -0.00941562 0.00166877 -0.01259810
v -0.00253313 -0.00004692 -0.01470720
v -0.00941562 -0.00004692 -0.01250360
v -0.00081901 -0.00176260 -0.01455170
v -0.00077226 -0.00359413 -0.01405800
v -0.00941562 -0.00173130 -0.01223540
v 0.00089772 -0.00320904 -0.01398180
v 0.00089772 -0.00406688 -0.01365260
v 0.00089772 -0.00176260 -0.01435360
v 0.00243005 -0.00176260 -0.01399700
v 0.00328711 -0.00176260 -0.01368920
v 0.00432857 -0.00176260 -0.01325950
v 0.00615178 -0.00182522 -0.01245180
v 0.00347151 -0.00089224 -0.01375930
v 0.00420910 -0.00020972 -0.01349720
v -0.02141690 0.01908910 -0.00088769
v -0.02141690 0.01889200 0.00082569
v -0.01970000 0.01869130 -0.00088769
v -0.02141690 0.01882390 -0.00260452
v -0.02313370 0.01891350 -0.00260452
v -0.02485060 0.01896720 -0.00260452
v -0.02656740 0.01905680 -0.00088769
v -0.02141690 0.01861240 0.00254251
v -0.02005590 0.01828990 0.00254251
v -0.02656740 0.01878440 0.00082569
v -0.01962880 0.01837230 -0.00265956
v -0.00941980 0.01409680 0.00082569
v -0.00941980 0.01399640 -0.00086705
v -0.01869920 0.01809990 -0.00212628
v -0.01874950 0.01631160 -0.00870457
v -0.01970000 0.01677750 -0.00775154
v -0.02485060 0.01837950 -0.00395320
v -0.02656740 0.01834720 -0.00395320
v -0.02656740 0.01892060 -0.00260452
v -0.03777730 0.01798170 -0.00005853
v -0.03777730 0.01798170 0.00007909
v -0.03529410 0.01820390 0.00093922
v -0.03482510 0.01809280 0.00198514
v -0.02141690 0.01822890 0.00382238
v -0.02029040 0.01815370 0.00369508
v -0.01283680 0.01525080 0.00254251
v -0.01838100 0.01650870 -0.00775154
v -0.00941980 0.01378140 0.00254251
v -0.00941980 0.01399290 -0.00088769
v -0.00941980 0.01366670 -0.00260452
v -0.01283680 0.01487450 -0.00417684
v -0.01346910 0.01469530 -0.00603472
v -0.01717500 0.01622200 -0.00671594
v -0.01368260 0.01454840 -0.00690861
v -0.00941980 0.01187480 -0.00775154
v -0.00941980 0.01125120 -0.00878714
v -0.01860290 0.01474190 -0.01051430
v -0.01970000 0.01481000 -0.01058650
v -0.01970000 0.01567010 -0.00958190
v -0.01970000 0.01632950 -0.00872177
v -0.02656740 0.01651950 -0.00730427
v -0.02828010 0.01822180 -0.00380870
v -0.02109020 0.01629730 -0.00866672
v -0.02223340 0.01625070 -0.00860479
v -0.02485060 0.01660190 -0.00748318
v -0.02828010 0.01869130 -0.00260452
v -0.03789450 0.01628650 -0.00523996
v -0.03903770 0.01618970 -0.00485118
v -0.04200660 0.01577040 -0.00432134
v -0.04029390 0.01711440 -0.00088769
v -0.04029390 0.01736170 0.00082569
v -0.03843890 0.01779170 0.00072247
v -0.03686020 0.01793150 0.00126607
v -0.03857710 0.01749070 0.00254251
v -0.03686020 0.01770930 0.00254251
v -0.03686020 0.01721470 0.00425933
v -0.02656740 0.01322590 0.01247870
v -0.02485060 0.01328680 0.01249250
v -0.02313370 0.01332630 0.01251660
v -0.02141690 0.01320800 0.01243750
v -0.03686020 0.01658040 0.00563898
v -0.02011460 0.01300010 0.01223450
v -0.00941980 0.01140530 0.00889028
v -0.00941980 0.01208630 0.00770330
v -0.00941980 0.01209340 0.00768953
v -0.00941980 0.01268120 0.00597959
v -0.01190300 0.01458780 0.00354026
v -0.00941980 0.01377780 0.00255627
v -0.00941980 0.01316140 -0.00447272
v -0.00941980 0.01312560 -0.00459658
v -0.00941980 0.01264530 -0.00608289
v -0.00941980 0.01025850 -0.00947868
v -0.01807950 0.01196800 -0.01253040
v -0.01871180 0.01290340 -0.01210040
v -0.02485060 0.01133010 -0.01398230
v -0.02656740 0.01131570 -0.01394790
v -0.02141690 0.01474900 -0.01054520
v -0.02156340 0.01573460 -0.00933074
v -0.02313370 0.01620050 -0.00852910
v -0.04029390 0.01477770 -0.00723890
v -0.03851010 0.01581340 -0.00590398
v -0.02313370 0.01544070 -0.00946836
v -0.04029390 0.01546580 -0.00603472
v -0.04212800 0.01502500 -0.00618266
v -0.04335500 0.01480640 -0.00570787
v -0.04384490 0.01503220 -0.00439703
v -0.04372350 0.01558770 -0.00260452
v -0.04204010 0.01657320 -0.00089802
v -0.04029390 0.01706060 0.00254251
v -0.04299480 0.01634380 -0.00033377
v -0.04299480 0.01634380 0.00031649
v -0.04211970 0.01665920 0.00086353
v -0.03857710 0.01700330 0.00425933
v -0.03857710 0.01646930 0.00546695
v -0.02656740 0.01251270 0.01333540
v -0.03686020 0.01339080 0.01104060
v -0.03478740 0.01287110 0.01205560
v -0.03527320 0.01232280 0.01271270
v -0.03514340 0.01134800 0.01394440
v -0.02313370 0.01088930 0.01517960
v -0.02141690 0.01161680 0.01426440
v -0.02141690 0.01247690 0.01329410
v -0.02485060 0.01090360 0.01520020
v -0.01970000 0.01143760 0.01406140
v -0.01960370 0.01236220 0.01281940
v -0.00941980 0.01058820 0.00975729
v -0.00941980 0.01319010 0.00439351
v -0.00941980 0.01024770 -0.00948557
v -0.01786170 0.01034450 -0.01350070
v -0.01970000 0.01101110 -0.01370710
v -0.02058780 0.01110070 -0.01375530
v -0.02173090 0.01116160 -0.01382750
v -0.02485060 0.00787166 -0.01559250
v -0.02313370 0.01122970 -0.01390320
v -0.02034490 0.00778923 -0.01554090
v -0.02141690 0.00785016 -0.01556840
v -0.02313370 0.00786808 -0.01557870
v -0.02313370 0.01463790 -0.01043860
v -0.02656740 0.00781074 -0.01555470
v -0.03632840 0.00606899 -0.01554090
v -0.03857710 0.00908658 -0.01358670
v -0.03957370 0.01113650 -0.01207970
v -0.04029390 0.01264170 -0.01010140
v -0.04029390 0.01330480 -0.00924129
v -0.04029390 0.01416490 -0.00809559
v -0.04163810 0.01466660 -0.00707376
v -0.04278130 0.01451970 -0.00685356
v -0.04684730 0.01315420 -0.00572163
v -0.04799470 0.01280300 -0.00508169
v -0.04496710 0.01489240 -0.00260452
v -0.04162970 0.01651230 0.00254251
v -0.04131570 0.01636540 0.00365036
v -0.04023950 0.01655530 0.00423869
v -0.04810350 0.01289980 -0.00393600
v -0.04821240 0.01300730 -0.00260452
v -0.04824590 0.01306460 -0.00088769
v -0.04276870 0.01621120 0.00146218
v -0.04812870 0.01295710 0.00082569
v -0.04803240 0.01285320 0.00182000
v -0.03963650 0.01632950 0.00524676
v -0.03857710 0.01595320 0.00632365
v -0.02656740 0.01165260 0.01428500
v -0.03342650 0.01141610 0.01401670
v -0.03857710 0.01320440 0.01085480
v -0.03857710 0.01264170 0.01171150
v -0.03686020 0.01276720 0.01189730
v -0.03593060 0.01281740 0.01197300
v -0.03686020 0.01202170 0.01284000
v -0.03796150 0.01115090 0.01374830
v -0.02485060 0.00902566 0.01697550
v -0.02485060 0.01004350 0.01611880
v -0.02313370 0.01002910 0.01611540
v -0.02141690 0.01079970 0.01512110
v -0.02141690 0.00993954 0.01596740
v -0.01970000 0.01054160 0.01491810
v -0.00941980 0.00973167 0.01064150
v -0.00941980 0.00973884 0.01063460
v -0.00941980 0.00893248 -0.01016330
v -0.01720850 0.00926577 -0.01371400
v -0.01835170 0.00983919 -0.01396170
v -0.02485060 0.00266793 -0.01723710
v -0.02656740 0.00262134 -0.01723360
v -0.02760590 0.00258192 -0.01721990
v -0.01970000 0.00338470 -0.01605700
v -0.02141690 0.00338470 -0.01659020
v -0.02379950 0.00264285 -0.01722670
v -0.01786170 0.00862785 -0.01423350
v -0.00941980 0.00459962 -0.01221730
v -0.00941980 0.00338470 -0.01248910
v -0.01321360 0.00298331 -0.01395480
v -0.03857710 0.00457812 -0.01556500
v -0.03948990 0.00431650 -0.01550650
v -0.03747160 0.00575720 -0.01542390
v -0.03978720 0.00796484 -0.01391700
v -0.03857710 0.00823005 -0.01404770
v -0.04020600 0.01034090 -0.01247880
v -0.04071690 0.01097170 -0.01192490
v -0.04020600 0.01166690 -0.01128500
v -0.04200660 0.01314710 -0.00902453
v -0.04212800 0.01410040 -0.00768961
v -0.04315820 0.01297860 -0.00879402
v -0.04372760 0.01340510 -0.00779283
v -0.04625690 0.01280300 -0.00686733
v -0.04731630 0.01261670 -0.00618954
v -0.04820820 0.01137670 -0.00718041
v -0.04840090 0.01172070 -0.00603472
v -0.04853900 0.01212570 -0.00443143
v -0.04894100 0.01196440 -0.00260452
v -0.04077970 0.01609300 0.00479605
v -0.04832970 0.01155230 0.00549792
v -0.04898290 0.01196440 -0.00088769
v -0.04950210 0.01074230 0.00254251
v -0.04854320 0.01181030 0.00425933
v -0.03983750 0.01305750 0.01058300
v -0.03855190 0.01167410 0.01296730
v -0.04029390 0.01088210 0.01336980
v -0.03910890 0.01104340 0.01362790
v -0.04029390 0.01002550 0.01418180
v -0.03855190 0.01038030 0.01420930
v -0.02786560 0.00775698 0.01715790
v -0.02656740 0.00792900 0.01721290
v -0.02485060 0.00816912 0.01726450
v -0.02313370 0.00898623 0.01697550
v -0.02125360 0.00848450 0.01688610
v -0.01970000 0.00968150 0.01566810
v -0.00941980 0.00881063 0.01149820
v -0.02656740 -0.00347835 -0.01758800
v -0.02828010 -0.00219533 -0.01735750
v -0.02866950 0.00166804 -0.01712700
v -0.02199060 -0.00224192 -0.01728870
v -0.02313370 -0.00208782 -0.01736780
v -0.00941980 0.00168238 -0.01259920
v -0.03686020 -0.00176169 -0.01619460
v -0.03857710 -0.00347835 -0.01602940
v -0.04124450 -0.00254655 -0.01553400
v -0.04267660 0.00510136 -0.01365890
v -0.04160880 0.00630553 -0.01392730
v -0.04200660 0.00853109 -0.01283660
v -0.04200660 0.00973884 -0.01226550
v -0.04200660 0.01059900 -0.01168060
v -0.04322930 0.01129780 -0.01053490
v -0.04200660 0.01155580 -0.01082390
v -0.04200660 0.01241600 -0.00988467
v -0.04376530 0.01197870 -0.00950277
v -0.04544030 0.01148780 -0.00902453
v -0.04647040 0.01120460 -0.00870801
v -0.04709020 0.01165980 -0.00775154
v -0.04770570 0.01024770 -0.00838804
v -0.04800300 0.00936612 -0.00859791
v -0.04838830 0.01024770 -0.00752791
v -0.05064950 0.00681443 -0.00432134
v -0.05012610 0.00852750 -0.00434542
v -0.04990830 0.00973167 -0.00379150
v -0.04960260 0.01082470 -0.00260452
v -0.04618990 0.01105410 0.00844989
v -0.04978270 0.00948439 0.00529837
v -0.04960680 0.00911525 0.00644406
v -0.04835060 0.00969942 0.00768953
v -0.04801560 0.00939121 0.00855311
v -0.04961100 0.01079970 -0.00088769
v -0.05000050 0.00988219 0.00254251
v -0.04940170 0.01053090 0.00425933
v -0.04138690 0.01122970 0.01218630
v -0.04029390 0.01149490 0.01250970
v -0.04211130 0.01032660 0.01293290
v -0.04169670 0.00972809 0.01396510
v -0.04029390 0.00853109 0.01486300
v -0.04143710 0.00608691 0.01546860
v -0.04201080 0.00516945 0.01562340
v -0.04200660 0.00338470 0.01597090
v -0.03122810 0.00445985 0.01719910
v -0.02656740 0.00166804 0.01750540
v -0.02485060 0.00166804 0.01754320
v -0.02141690 0.00166804 0.01753630
v -0.02313370 0.00812970 0.01724390
v -0.02171840 0.00787883 0.01718190
v -0.01970000 0.00853109 0.01638370
v -0.01580570 0.00200851 0.01705810
v -0.01455360 0.00338470 0.01626680
v -0.01880810 0.00943780 0.01544100
v -0.00941980 0.00796126 0.01217600
v -0.02538240 -0.00470760 -0.01727150
v -0.02656740 -0.00479361 -0.01731620
v -0.02785300 -0.00457142 -0.01727840
v -0.02836800 -0.00346759 -0.01737810
v -0.02313370 -0.00321314 -0.01736780
v -0.03686020 -0.00347835 -0.01627370
v -0.02199060 -0.00301245 -0.01728870
v -0.00941980 0.00166804 -0.01259920
v -0.03959880 -0.00630241 -0.01553740
v -0.04124450 -0.00277591 -0.01553400
v -0.04824590 -0.00004503 -0.01056240
v -0.04814120 0.00166804 -0.01046960
v -0.04293200 0.00272527 -0.01380000
v -0.04796120 0.00394736 -0.01027340
v -0.04784390 0.00510136 -0.01017710
v -0.04381140 0.00676067 -0.01257520
v -0.04211130 0.00685385 -0.01350070
v -0.04289020 0.00941630 -0.01205560
v -0.04437250 0.01093230 -0.01021150
v -0.04487920 0.00978901 -0.01056240
v -0.04684730 0.01024770 -0.00897981
v -0.04749220 0.00681443 -0.00996724
v -0.04819570 0.00822288 -0.00885251
v -0.04406260 0.00853109 -0.01170130
v -0.04443950 0.00729825 -0.01192490
v -0.04856840 0.00868878 -0.00791669
v -0.05002980 0.00681443 -0.00566314
v -0.05152470 -0.00069012 -0.00527780
v -0.05094680 0.00510136 -0.00432134
v -0.05144090 0.00416598 -0.00344400
v -0.05137390 0.00510136 -0.00307931
v -0.05114780 0.00667108 -0.00248066
v -0.05056580 0.00853109 -0.00260452
v -0.05000880 0.00996821 -0.00260452
v -0.04459030 0.00939479 0.01198670
v -0.04283990 0.00936254 0.01367600
v -0.04253000 0.01092870 0.01170120
v -0.04988320 0.00967433 0.00425933
v -0.05037730 0.00853109 0.00425933
v -0.05067050 0.00681443 0.00597615
v -0.05001300 0.00853826 0.00591422
v -0.04810770 0.00615142 0.01209000
v -0.04805750 0.00775340 0.01038350
v -0.04984970 0.00796843 0.00705648
v -0.05146190 0.00600448 -0.00161020
v -0.05046950 0.00853109 0.00254251
v -0.05100960 0.00681443 0.00425933
v -0.04379050 0.00516945 0.01515890
v -0.04258030 0.00578945 0.01535500
v -0.04326700 0.00464263 0.01553390
v -0.03857710 0.00338470 0.01640780
v -0.04379050 0.00344204 0.01567500
v -0.04372350 0.00166804 0.01592620
v -0.03277740 0.00275753 0.01715440
v -0.03176410 0.00334886 0.01722670
v -0.02656740 -0.00519500 0.01741590
v -0.02141690 -0.00004503 0.01756040
v -0.01970000 -0.00004503 0.01752600
v -0.01970000 0.00166804 0.01749500
v -0.01798320 0.00166804 0.01740210
v -0.01633330 0.00152827 0.01721630
v -0.01694890 0.00262493 0.01716130
v -0.01459130 0.00503685 0.01570600
v -0.01519010 0.00615500 0.01550980
v -0.00941980 0.00795051 0.01218290
v -0.01538690 0.00086526 0.01713720
v -0.01470860 0.00152827 0.01674840
v -0.00941980 0.00166804 0.01441230
v -0.00941980 0.00320551 0.01405790
v -0.01359050 0.00442043 0.01548920
v -0.02656740 -0.00565015 -0.01705820
v -0.02141690 -0.00691166 -0.01620150
v -0.02828010 -0.00691166 -0.01649390
v -0.03857710 -0.00650669 -0.01561660
v -0.01970000 -0.00347835 -0.01632530
v -0.01970000 -0.00519500 -0.01604320
v -0.02141690 -0.00519500 -0.01662810
v -0.00941980 -0.00003070 -0.01250630
v -0.03857710 -0.00736322 -0.01533450
v -0.04021860 -0.00689016 -0.01517280
v -0.04200660 -0.00691166 -0.01447090
v -0.04299480 -0.00791872 -0.01386540
v -0.04309530 -0.00691166 -0.01391350
v -0.04404170 -0.00519500 -0.01343180
v -0.04817050 -0.00176169 -0.01048330
v -0.05152470 -0.00107359 -0.00527780
v -0.04876930 0.00166804 -0.00946836
v -0.04847620 0.00510136 -0.00932042
v -0.04835480 0.00681443 -0.00911055
v -0.04320420 0.00853109 -0.01227240
v -0.04902060 0.00681443 -0.00775154
v -0.05218630 0.00166804 -0.00088769
v -0.05170060 0.00351013 -0.00276278
v -0.05158330 0.00510136 -0.00222262
v -0.05146190 0.00600448 -0.00182352
v -0.04616890 0.00582529 0.01359690
v -0.04668820 0.00468205 0.01394100
v -0.04553240 0.00519095 0.01431250
v -0.05096780 0.00510136 0.00597615
v -0.04979110 0.00096919 0.01208310
v -0.04973250 0.00424124 0.01026650
v -0.04832550 0.00510136 0.01238590
v -0.04819150 0.00286863 0.01387560
v -0.04783140 0.00401545 0.01355220
v -0.04722000 0.00519095 0.01327350
v -0.04902480 0.00510136 0.01112320
v -0.05205230 0.00338470 -0.00088769
v -0.05164190 0.00518379 -0.00097715
v -0.05196860 0.00338470 0.00082569
v -0.05196860 0.00166804 0.00254251
v -0.05154980 0.00129532 0.00566995
v -0.04441020 0.00405129 0.01535500
v -0.04486240 0.00290805 0.01552360
v -0.04514300 0.00166804 0.01560270
v -0.04505510 -0.00004503 0.01555110
v -0.04200660 -0.00347835 0.01607410
v -0.04029390 -0.00347835 0.01644910
v -0.03857710 -0.00347835 0.01664520
v -0.03277740 0.00243140 0.01715440
v -0.02656740 -0.00627732 0.01727480
v -0.02485060 -0.00633825 0.01731270
v -0.02485060 -0.00519500 0.01742280
v -0.02313370 -0.00519500 0.01740210
v -0.02141690 -0.00617697 0.01720260
v -0.01798320 -0.00004503 0.01739530
v -0.01538690 0.00069324 0.01713720
v -0.00941980 0.00681443 0.01267140
v -0.01404280 0.00556367 0.01525180
v -0.00941980 0.00165371 0.01441230
v -0.00941980 0.00322343 0.01405110
v -0.02328870 -0.00864265 -0.01575760
v -0.02485060 -0.00862832 -0.01587460
v -0.02656740 -0.00691166 -0.01658680
v -0.02030300 -0.00796172 -0.01557870
v -0.02141690 -0.00814450 -0.01571980
v -0.02671400 -0.00879317 -0.01581960
v -0.02828010 -0.00844196 -0.01585400
v -0.03511400 -0.00847780 -0.01522440
v -0.00941980 -0.00172943 -0.01223450
v -0.01972090 -0.00673964 -0.01568880
v -0.00941980 -0.00176886 -0.01222770
v -0.01884160 -0.00605512 -0.01547550
v -0.03686020 -0.00862832 -0.01499730
v -0.03678900 -0.01043100 -0.01415090
v -0.03857710 -0.00862832 -0.01469800
v -0.04019760 -0.00871075 -0.01427480
v -0.04200660 -0.00820184 -0.01410270
v -0.04660020 -0.00691166 -0.01064500
v -0.04494200 -0.00662495 -0.01236870
v -0.04508860 -0.00519500 -0.01257520
v -0.04287340 -0.01120870 -0.01205220
v -0.04787320 -0.00913006 -0.00844997
v -0.04804490 -0.00272574 -0.01036630
v -0.04849300 -0.00519500 -0.00917936
v -0.04688080 -0.00519500 -0.01088930
v -0.04996700 -0.00691166 -0.00579732
v -0.04980360 -0.00800831 -0.00544295
v -0.05038150 -0.00691166 -0.00432134
v -0.05163360 -0.00169360 -0.00419404
v -0.05185970 -0.00176169 -0.00260452
v -0.05215280 -0.00004503 -0.00088769
v -0.04909180 -0.00691166 -0.00775154
v -0.04966550 -0.00691166 -0.00665745
v -0.05219050 0.00166804 0.00082569
v -0.04722000 0.00341695 0.01422310
v -0.04543610 0.00344204 0.01511070
v -0.05093430 0.00166804 0.00768953
v -0.05140740 -0.00004503 0.00666426
v -0.04979110 0.00043520 0.01208310
v -0.04831710 0.00166804 0.01400290
v -0.04857250 0.00341695 0.01292600
v -0.04715720 0.00166804 0.01474950
v -0.05180940 -0.00004503 0.00425933
v -0.05159590 -0.00004503 0.00580757
v -0.04600140 0.00166804 0.01530340
v -0.04591350 -0.00004503 0.01530340
v -0.04302000 -0.00451049 0.01551330
v -0.04200660 -0.00485812 0.01571630
v -0.03857710 -0.00519500 0.01631490
v -0.03686020 -0.00519500 0.01653170
v -0.02781110 -0.00614472 0.01718540
v -0.02656740 -0.00713744 0.01663490
v -0.02485060 -0.00930208 0.01521400
v -0.02485060 -0.00844196 0.01584700
v -0.03857710 -0.00642068 0.01561310
v -0.03686020 -0.00663212 0.01571280
v -0.03686020 -0.00748866 0.01519330
v -0.02313370 -0.00840254 0.01584010
v -0.02313370 -0.00714819 0.01670030
v -0.02313370 -0.00629166 0.01727140
v -0.02141690 -0.00703351 0.01659020
v -0.02052490 -0.00607304 0.01714070
v -0.01629140 0.00005532 0.01721290
v -0.01573450 -0.00045001 0.01709940
v -0.01470860 0.00005532 0.01682410
v -0.00941980 -0.00005937 0.01432970
v -0.02396700 -0.00949919 -0.01548580
v -0.02485060 -0.00955295 -0.01552370
v -0.02624080 -0.00956370 -0.01553060
v -0.01970000 -0.00992925 -0.01413030
v -0.01915980 -0.00719837 -0.01530690
v -0.00941980 -0.00691166 -0.01105100
v -0.00941980 -0.00808358 -0.01054180
v -0.01866150 -0.00974289 -0.01392380
v -0.02738400 -0.00947769 -0.01547210
v -0.03514340 -0.01034500 -0.01438140
v -0.00941980 -0.00689733 -0.01105440
v -0.03616930 -0.01123380 -0.01380000
v -0.03731250 -0.01105820 -0.01361760
v -0.04745450 -0.00691166 -0.00978145
v -0.04773920 -0.00519500 -0.01003950
v -0.04292370 -0.01295400 -0.00696710
v -0.04654160 -0.01133050 -0.00724578
v -0.04610190 -0.01106530 -0.00839148
v -0.04720740 -0.01043460 -0.00784788
v -0.04827100 -0.00980382 -0.00730771
v -0.04200660 -0.01129830 -0.01215200
v -0.03857710 -0.01581390 -0.00260452
v -0.04029390 -0.01488570 -0.00394976
v -0.04134080 -0.01471010 -0.00365732
v -0.04850550 -0.00858531 -0.00782723
v -0.04830040 -0.00691166 -0.00892132
v -0.04993760 -0.00834520 -0.00432134
v -0.04942680 -0.00859965 -0.00602440
v -0.04963610 -0.00920173 -0.00432134
v -0.05148280 -0.00611605 -0.00010669
v -0.05195600 -0.00176169 -0.00088769
v -0.05148280 -0.00611605 0.00039562
v -0.05206910 -0.00004503 0.00082569
v -0.05153730 -0.00136388 0.00548416
v -0.04999210 -0.00176169 0.01088230
v -0.05000460 -0.00009879 0.01125390
v -0.04969900 -0.00070804 0.01191450
v -0.04923000 -0.00009879 0.01272990
v -0.04827100 -0.00004503 0.01396160
v -0.04715720 -0.00004503 0.01470820
v -0.05161260 -0.00186562 0.00430062
v -0.04730370 -0.00186920 0.01420240
v -0.04681800 -0.00347835 0.01395470
v -0.04646210 -0.00445673 0.01377930
v -0.04200660 -0.00571824 0.01516240
v -0.04100160 -0.00600137 0.01537570
v -0.04037350 -0.00533477 0.01589520
v -0.02774410 -0.01125890 0.01206590
v -0.02656740 -0.01133050 0.01215190
v -0.02485060 -0.01288950 0.01017360
v -0.02313370 -0.01289310 0.01018390
v -0.02141690 -0.01287870 0.01013920
v -0.02313370 -0.00925907 0.01515550
v -0.03686020 -0.00825202 0.01433660
v -0.03857710 -0.00975006 0.01229300
v -0.03686020 -0.01071050 0.01134680
v -0.03686020 -0.01135560 0.01049010
v -0.03857710 -0.00728080 0.01497660
v -0.04029390 -0.00959237 0.01211400
v -0.02141690 -0.00819467 0.01573350
v -0.02011460 -0.00794381 0.01555460
v -0.01897140 -0.00770727 0.01536880
v -0.01194900 -0.00607304 0.01371390
v -0.01344810 -0.00295152 0.01556830
v -0.01455360 -0.00176169 0.01639410
v -0.01318430 -0.00176169 0.01577820
v -0.00941980 -0.00190146 0.01403390
v -0.01970000 -0.01078580 -0.01331140
v -0.02385820 -0.01121940 -0.01379650
v -0.02485060 -0.01041310 -0.01474960
v -0.02656740 -0.01134840 -0.01396170
v -0.02671400 -0.01021950 -0.01494910
v -0.03514340 -0.01125170 -0.01382410
v -0.01836000 -0.01142010 -0.01233090
v -0.00941980 -0.00894370 -0.00985026
v -0.01174380 -0.00963179 -0.01046960
v -0.03857710 -0.01158140 -0.01253390
v -0.01970000 -0.01472800 -0.00873897
v -0.02141690 -0.01469580 -0.00870113
v -0.02264800 -0.01466710 -0.00865984
v -0.02485060 -0.01671350 -0.00408394
v -0.04713210 -0.01148460 -0.00590398
v -0.04804490 -0.01122660 -0.00524340
v -0.04768480 -0.01094710 -0.00638565
v -0.04846370 -0.01036290 -0.00590398
v -0.04029390 -0.01145240 -0.01231370
v -0.03686860 -0.01607910 -0.00247722
v -0.03630330 -0.01637300 -0.00182352
v -0.03857710 -0.01605760 -0.00088769
v -0.04029390 -0.01536950 -0.00260452
v -0.04170090 -0.01484990 -0.00260452
v -0.04255930 -0.01449510 -0.00260452
v -0.04894520 -0.01034500 -0.00432134
v -0.04971150 -0.00943827 -0.00260452
v -0.05011770 -0.00857814 -0.00260452
v -0.05011770 -0.00878601 -0.00079824
v -0.05110590 -0.00677906 0.00091170
v -0.05037310 -0.00682923 0.00425933
v -0.05100540 -0.00519500 0.00425933
v -0.05130280 -0.00519500 0.00254251
v -0.05142420 -0.00250713 0.00489927
v -0.04973670 -0.00949202 -0.00001380
v -0.05129860 -0.00186562 0.00602432
v -0.04987480 -0.00303037 0.01058300
v -0.04961100 -0.00176169 0.01173900
v -0.04867720 -0.00186920 0.01299480
v -0.04813290 -0.00136747 0.01382050
v -0.04797370 -0.00251071 0.01366920
v -0.04767640 -0.00347835 0.01346270
v -0.04824590 -0.00464309 0.01226890
v -0.04706090 -0.00511974 0.01276770
v -0.04651230 -0.00617339 0.01212440
v -0.04324190 -0.00635258 0.01397190
v -0.04200660 -0.00666079 0.01430220
v -0.04115240 -0.00948486 0.01198330
v -0.03514340 -0.01145950 0.01061740
v -0.02656740 -0.01206160 0.01112320
v -0.02746360 -0.01464200 0.00684316
v -0.02313370 -0.01472440 0.00693950
v -0.02190680 -0.01472800 0.00693606
v -0.02136660 -0.01511510 0.00609657
v -0.02049980 -0.01639450 0.00350242
v -0.01970000 -0.01266370 0.00971600
v -0.01977120 -0.01172120 0.01118850
v -0.02039090 -0.01126240 0.01203490
v -0.02141690 -0.00905479 0.01492150
v -0.03861060 -0.01071050 0.01099590
v -0.03920940 -0.01117280 0.01017020
v -0.03686020 -0.01408650 0.00597615
v -0.03521040 -0.01435530 0.00586606
v -0.04029390 -0.01030910 0.01112320
v -0.01904260 -0.00943110 0.01364510
v -0.01031590 -0.00947410 0.01025270
v -0.00941980 -0.00631316 0.01219320
v -0.00941980 -0.00549605 0.01260260
v -0.00941980 -0.00534552 0.01267490
v -0.00941980 -0.00362170 0.01343870
v -0.00941980 -0.00278308 0.01377930
v -0.00941980 -0.00204481 0.01399260
v -0.02485060 -0.01128750 -0.01388940
v -0.01846890 -0.01309020 -0.01050400
v -0.01870760 -0.01471010 -0.00871145
v -0.00941980 -0.00980740 -0.00900389
v -0.01732150 -0.01281780 -0.01021150
v -0.02656740 -0.01662030 -0.00390503
v -0.01970000 -0.01527630 -0.00775154
v -0.02141690 -0.01518320 -0.00775154
v -0.02313370 -0.01734060 -0.00260452
v -0.02485060 -0.01729760 -0.00260452
v -0.02656740 -0.01715070 -0.00260452
v -0.04715720 -0.01195410 -0.00432134
v -0.04817890 -0.01136280 -0.00432134
v -0.03636190 -0.01638730 -0.00088769
v -0.03722030 -0.01628700 -0.00088769
v -0.02485060 -0.01741950 -0.00088769
v -0.03617770 -0.01638020 0.00008597
v -0.04029390 -0.01553800 0.00082569
v -0.04029390 -0.01560960 -0.00088769
v -0.04216150 -0.01495380 -0.00101843
v -0.04283990 -0.01462410 -0.00167901
v -0.04915880 -0.01034500 -0.00260452
v -0.04832130 -0.01150610 -0.00260452
v -0.04973670 -0.00949202 -0.00016518
v -0.05008420 -0.00869641 0.00066398
v -0.04839670 -0.01045970 0.00411483
v -0.05005070 -0.00666796 0.00597615
v -0.04900800 -0.00862832 0.00597615
v -0.04961520 -0.00752450 0.00597615
v -0.04985810 -0.00632391 0.00724227
v -0.04968220 -0.00590819 0.00838452
v -0.04987060 -0.00476494 0.00896253
v -0.04928860 -0.01017650 -0.00079824
v -0.04832970 -0.01150970 -0.00088769
v -0.04822920 -0.01140220 0.00082569
v -0.04914620 -0.01017650 0.00066398
v -0.04801980 -0.01120510 0.00344737
v -0.04967380 -0.00417361 0.01010480
v -0.04941420 -0.00355361 0.01114380
v -0.04851810 -0.00347835 0.01260260
v -0.04829620 -0.00639559 0.01059680
v -0.04765550 -0.00578634 0.01174250
v -0.04863120 -0.00520576 0.01115070
v -0.04746700 -0.00753883 0.00999813
v -0.04081740 -0.01279630 0.00664017
v -0.04822920 -0.00802265 0.00885243
v -0.04805750 -0.00953861 0.00690509
v -0.02656740 -0.01593580 0.00425933
v -0.02656740 -0.01512220 0.00597615
v -0.02313370 -0.01524410 0.00597615
v -0.02141690 -0.01602540 0.00436255
v -0.02141690 -0.01639090 0.00350242
v -0.02141690 -0.01674210 0.00254251
v -0.02141690 -0.01723670 0.00082569
v -0.02028630 -0.01654500 0.00254251
v -0.01283680 -0.01402560 0.00254251
v -0.01156800 -0.01312240 0.00425933
v -0.01189460 -0.01296120 0.00519859
v -0.00941980 -0.01131980 0.00704960
v -0.00970036 -0.01135920 0.00712185
v -0.01111990 -0.01102950 0.00828474
v -0.03967000 -0.01298980 0.00692230
v -0.03857710 -0.01379620 0.00597615
v -0.03857710 -0.01447000 0.00468596
v -0.03686020 -0.01457030 0.00495088
v -0.04026460 -0.01334110 0.00603120
v -0.00941980 -0.01082520 0.00774802
v -0.00941980 -0.00985041 0.00907607
v -0.00941980 -0.00917665 0.00993276
v -0.00941980 -0.00833086 0.01063120
v -0.01523620 -0.01300060 -0.00871145
v -0.00941980 -0.01123380 -0.00696710
v -0.01807530 -0.01497890 -0.00768961
v -0.01798320 -0.01568490 -0.00603472
v -0.00941980 -0.01066750 -0.00783067
v -0.01970000 -0.01592860 -0.00603472
v -0.02141690 -0.01720440 -0.00260452
v -0.02141690 -0.01746250 -0.00088769
v -0.02313370 -0.01752340 -0.00088769
v -0.04715720 -0.01227310 -0.00260452
v -0.02313370 -0.01728690 0.00082569
v -0.02485060 -0.01716500 0.00082569
v -0.03857710 -0.01527990 0.00254251
v -0.03857710 -0.01581030 0.00082569
v -0.02656740 -0.01631560 0.00326158
v -0.04167160 -0.01485340 0.00203675
v -0.04281900 -0.01461690 0.00157916
v -0.04214900 -0.01496100 0.00093578
v -0.04023950 -0.01500400 0.00258380
v -0.04302420 -0.01471010 0.00043347
v -0.04302420 -0.01471010 -0.00053332
v -0.04826690 -0.00988624 0.00597615
v -0.04940170 -0.00690449 0.00776523
v -0.04862280 -0.00694392 0.00941668
v -0.04948960 -0.00528102 0.00948205
v -0.04715720 -0.01227670 -0.00088769
v -0.04155020 -0.01313320 0.00549448
v -0.04842600 -0.00860682 0.00756223
v -0.02303320 -0.01665970 0.00265949
v -0.01995960 -0.01676360 0.00082569
v -0.01283680 -0.01415460 0.00082569
v -0.00941980 -0.01261710 0.00254251
v -0.00941980 -0.01236270 0.00425933
v -0.00941980 -0.01172120 0.00611721
v -0.04023950 -0.01425140 0.00418708
v -0.00941980 -0.01067470 -0.00782035
v -0.00941980 -0.01123740 -0.00696022
v -0.01694050 -0.01475670 -0.00707376
v -0.01811300 -0.01607910 -0.00425597
v -0.01877040 -0.01637660 -0.00364011
v -0.00941980 -0.01261000 -0.00260452
v -0.01957860 -0.01677440 -0.00095995
v -0.02485060 -0.01668120 0.00242897
v -0.00941980 -0.01276760 -0.00090834
v -0.00941980 -0.01276760 -0.00088769
vn -0.02126401 0.10090805 -0.99466849
vn 0.03670630 0.53964995 -0.84108892
vn 0.05984799 0.13443198 -0.98911388
vn 0.02991831 -0.30476607 -0.95195721
vn -0.05633632 -0.32209011 -0.94503131
vn -0.92082344 -0.04428462 -0.38745718
vn -0.04548529 -0.07736548 -0.99596469
vn -0.04533410 0.12879100 -0.99063500
vn -0.02898071 0.37252811 -0.92756828
vn 0.05631369 0.67851285 -0.73242684
vn 0.07623850 0.71081604 -0.69923404
vn 0.06426353 0.56118127 -0.82519439
vn 0.02417160 0.54922193 -0.83532689
vn 0.04264449 0.63089192 -0.77469790
vn 0.04843292 0.65804623 -0.75141827
vn 0.07656202 0.50489912 -0.85977621
vn 0.07815648 0.12494297 -0.98908079
vn 0.08037394 -0.09819264 -0.99191645
vn 0.06228929 -0.24074796 -0.96858684
vn -0.04721799 -0.67039685 -0.74049883
vn 0.03030342 -0.73004737 -0.68272435
vn -0.07353684 -0.47764224 -0.87547143
vn -0.07016340 -0.39770199 -0.91482798
vn -0.14109103 0.61204112 -0.77813815
vn 0.04663270 0.78698908 -0.61520206
vn 0.07274510 0.82270697 -0.56379198
vn 0.10453600 0.82953602 -0.54858201
vn 0.14393803 0.91590117 -0.37470907
vn 0.35784107 0.82747416 -0.43270808
vn 0.49222000 0.64546399 -0.58403400
vn 0.32473109 0.47344513 -0.81877923
vn 0.16720101 0.43347003 -0.88552106
vn 0.09518566 0.55354977 -0.82735865
vn 0.06163193 0.76039637 -0.64652832
vn 0.05939169 0.80638587 -0.58839991
vn 0.03504150 0.66610308 -0.74503609
vn 0.08020610 0.39023300 -0.91721600
vn 0.09314098 0.52306390 -0.84718883
vn 0.08599982 0.19647405 -0.97673025
vn 0.15990505 -0.28973608 -0.94365427
vn 0.09155430 -0.70406299 -0.70421099
vn 0.05830259 -0.70559289 -0.70621489
vn -0.01444729 -0.94177263 -0.33593987
vn -0.09366063 -0.82200724 -0.56172216
vn -0.09178450 -0.57984397 -0.80954096
vn 0.04135670 -0.97207796 -0.23098499
vn -0.28142099 0.65049299 -0.70545099
vn -0.16591305 0.75190322 -0.63805518
vn -0.06402484 0.89578453 -0.43985326
vn 0.05849212 0.94090825 -0.33357209
vn 0.09563531 0.88599007 -0.45373504
vn 0.25423514 0.93730051 -0.23839513
vn 0.68822681 0.66397082 -0.29238092
vn 0.71930968 0.36456784 -0.59134074
vn 0.40001991 0.33668892 -0.85242281
vn 0.33762100 0.18222000 -0.92347600
vn 0.11384704 0.10786603 -0.98762532
vn 0.44132181 -0.45155681 -0.77545567
vn 0.23979296 -0.67112688 -0.70148988
vn 0.08881244 -0.99026349 -0.10719405
vn 0.08875490 -0.94876197 -0.30327099
vn 0.07682740 -0.98560697 -0.15058700
vn 0.02944529 -0.99589062 0.08564377
vn 0.01155590 -0.99957525 -0.02675411
vn -0.00473727 -0.99363375 -0.11255897
vn -0.11171795 -0.95221158 -0.28427487
vn 0.05691260 -0.99113397 0.12006000
vn -0.20590494 0.96253274 -0.17644795
vn 0.00263682 0.99968188 -0.02508340
vn 0.06729847 0.97908554 0.19199591
vn 0.19025808 0.96291941 0.19128008
vn 0.76434223 0.64448619 -0.02045741
vn 0.99288014 0.10548301 0.05533861
vn 0.96014602 0.22020801 -0.17212800
vn 0.99706495 -0.01108040 -0.07575430
vn 0.76103481 0.03815759 -0.64758784
vn 0.75407934 -0.48188722 -0.44626120
vn 0.46308194 -0.60393893 -0.64870092
vn 0.43514293 -0.76174188 -0.47999993
vn 0.30881986 -0.64950970 -0.69481468
vn 0.12726596 -0.99168870 -0.01889189
vn 0.03009710 -0.97077200 0.23810900
vn -0.19399392 -0.97371860 0.11932495
vn -0.25176696 -0.96160784 -0.10919598
vn 0.08608062 -0.88414923 0.45920612
vn 0.04358522 -0.94544838 0.32284313
vn -0.20357398 0.97494988 0.08961229
vn 0.00056040 0.99216868 0.12490396
vn 0.09930894 0.96932941 0.22480709
vn 0.01797780 0.76231795 0.64695296
vn 0.05418681 0.72043713 0.69140012
vn 0.12706300 0.81557602 0.56452701
vn 0.30244810 0.69844823 0.64861022
vn 0.43787116 0.51272718 0.73849826
vn 0.54887320 0.61873523 0.56205421
vn 0.76491602 0.47549901 0.43451601
vn 0.88552049 0.04854937 0.46205673
vn 0.81967509 -0.18358302 0.54261406
vn 0.96899815 -0.18155403 0.16757303
vn 0.89291014 -0.44802007 0.04460381
vn 0.66437712 -0.74739013 0.00332118
vn -0.12620103 -0.93151523 0.34110508
vn 0.74210435 -0.63022929 0.22823711
vn 0.64224370 -0.59020472 0.48906177
vn 0.31282401 -0.68067003 0.66244203
vn 0.06934130 -0.76023497 0.64593697
vn 0.01435820 -0.76516918 0.64366915
vn -0.12692201 -0.87949408 0.45867304
vn -0.37006294 0.86894286 0.32862095
vn -0.02021810 0.91416580 0.40483591
vn -0.00390839 0.71064396 0.70354096
vn 0.01806340 0.37805204 0.92560811
vn 0.05628010 0.25589100 0.96506598
vn 0.07615771 0.42021705 0.90422211
vn 0.11217395 0.26067889 0.95888660
vn 0.16266698 0.46069295 0.87252591
vn 0.17066105 0.27957308 0.94483528
vn 0.19312706 0.06078132 0.97928932
vn 0.45613492 0.05555519 0.88817484
vn 0.69033563 0.05432767 0.72144662
vn 0.32980388 -0.31709588 0.88920167
vn 0.55925726 -0.46745922 0.68462632
vn 0.07260540 -0.65753098 0.74992098
vn 0.06389327 -0.60037971 0.79715861
vn 0.05838499 -0.58281486 0.81050480
vn 0.05457668 -0.56677383 0.82206375
vn -0.28799706 -0.53576612 0.79373318
vn -0.18219708 0.74549832 0.64112127
vn -0.01651470 0.73148814 0.68165413
vn -0.01733800 0.51627207 0.85624911
vn -0.00194957 0.28301302 0.95911408
vn 0.00400589 0.19262698 0.98126388
vn 0.02724959 -0.14772094 0.98865362
vn 0.06517458 -0.29692290 0.95267469
vn 0.08980869 0.02954000 0.99552086
vn 0.05570081 -0.10854103 0.99253023
vn 0.11572105 0.01339731 0.99319140
vn 0.13442500 0.08611300 0.98717500
vn 0.06580519 -0.50391689 0.86124181
vn 0.05062032 -0.44483614 0.89418029
vn -0.44659915 -0.43693015 0.78079526
vn -0.43814987 0.50908085 0.74085179
vn -0.44475490 0.41253590 0.79498881
vn -0.41574311 0.34172309 0.84284222
vn -0.23231390 0.21251891 0.94913959
vn 0.00935617 0.03071251 0.99948447
vn 0.01700611 -0.12364805 0.99218040
vn -0.38852318 -0.18075308 0.90353642
vn -0.18755601 -0.28542101 0.93987105
vn -0.46578489 -0.34650792 0.81423381
vn -0.91668958 -0.02953292 0.39850725
vn 0.01242930 0.03499521 0.99931019
vn 0.17826496 0.07874268 0.98082679
vn 0.06580948 0.17974895 0.98150875
vn -0.18311201 0.13630401 0.97359705
vn -0.20870592 0.03027789 0.97750964
vn -0.21212797 -0.05887399 0.97546685
vn 0.02871261 -0.06097212 0.99772641
vn 0.16129900 -0.02955320 0.98646300
vn 0.27499809 0.08224803 0.95792031
vn 0.19131001 0.15058201 0.96991007
vn 0.23128897 0.27565697 0.93301589
vn 0.10390800 0.28489599 0.95290997
vn 0.02888781 0.26256613 0.96448148
vn -0.06998007 0.31579988 0.94624163
vn -0.15299603 0.22750305 0.96168320
vn -0.26007999 0.21066599 0.94232597
vn -0.99964500 0.00407934 0.02632920
vn -0.23807597 -0.03964960 0.97043688
vn -0.25740108 -0.08309433 0.96272531
vn -0.29252012 -0.29544912 0.90947336
vn -0.12053897 -0.09305258 0.98833778
vn -0.02208671 -0.10479802 0.99424823
vn 0.16058195 -0.11721596 0.98003768
vn 0.22362607 -0.08485472 0.97097428
vn 0.35897890 -0.14245196 0.92241075
vn 0.44890421 -0.03994952 0.89268642
vn 0.41801823 0.12805107 0.89936849
vn 0.34581916 0.21139710 0.91417743
vn 0.26872812 0.19168908 0.94394941
vn 0.35610592 0.33875793 0.87087981
vn 0.22904601 0.41046002 0.88264404
vn 0.32737897 0.24112598 0.91360893
vn 0.04615490 0.41965600 0.90650900
vn -0.25817597 0.40112495 0.87888790
vn -0.28902006 0.34755708 0.89200419
vn -0.10910098 0.52427692 0.84452986
vn -0.28096394 0.24615795 0.92761281
vn -0.35525509 -0.18571505 0.91613522
vn -0.49608067 -0.34238178 0.79792148
vn -0.50381805 -0.35138903 0.78910907
vn -0.52898369 -0.38106178 0.75826656
vn -0.49648882 -0.43275584 0.75247673
vn -0.34683180 -0.58774966 0.73092957
vn -0.22363902 -0.48794805 0.84373709
vn -0.13128694 -0.46889978 0.87343960
vn -0.08504043 -0.44334815 0.89230631
vn -0.04658348 -0.28667886 0.95689352
vn -0.08199529 -0.13220699 0.98782493
vn -0.45127089 -0.29114693 0.84355679
vn 0.03608869 -0.17093794 0.98462065
vn 0.26033903 -0.30966603 0.91451109
vn 0.22059690 -0.18198292 0.95823756
vn 0.30841206 -0.25205605 0.91725119
vn 0.25563799 -0.14743100 0.95546497
vn 0.30509099 -0.19438299 0.93227396
vn 0.34072007 -0.23226405 0.91102319
vn 0.43463994 -0.25670296 0.86324487
vn 0.52866579 -0.08899686 0.84415167
vn 0.53104012 -0.01674600 0.84718119
vn 0.53460788 0.03825819 0.84423381
vn 0.53232322 0.20997709 0.82008634
vn 0.41301589 0.21118594 0.88589976
vn 0.38863090 0.21358395 0.89629678
vn 0.32369298 0.47288797 0.81951194
vn 0.30454483 0.47311574 0.82668854
vn 0.29495295 0.45256692 0.84153785
vn 0.51132692 0.26488396 0.81754588
vn 0.54124392 0.36913594 0.75550889
vn 0.43223007 0.45195707 0.78032812
vn 0.40812802 0.52166303 0.74919904
vn 0.28491306 0.48178010 0.82868117
vn 0.23789592 0.52777683 0.81538773
vn 0.12810304 0.44326612 0.88718925
vn 0.04498372 0.52412522 0.85045236
vn -0.27287507 0.42178010 0.86466221
vn -0.29361204 0.44850905 0.84417510
vn -0.34782105 0.37037705 0.86130213
vn -0.33107981 0.33862181 0.88075049
vn -0.33088286 0.33825186 0.88096663
vn 0.02595459 0.71965674 0.69384475
vn -0.11356003 0.69665119 0.70836519
vn -0.30045500 0.64326599 0.70422699
vn -0.28162607 0.52850514 0.80085521
vn -0.76970260 -0.39083280 0.50478474
vn -0.78709686 -0.39147893 0.47667891
vn -0.83774373 -0.39061288 0.38158488
vn -0.87109088 -0.38668695 0.30277696
vn -0.87834810 -0.38527904 0.28295703
vn -0.69190411 -0.58387609 0.42468507
vn -0.32319108 -0.78076919 0.53474013
vn -0.14805199 -0.75393496 0.64004897
vn -0.17055298 -0.62009092 0.76576690
vn -0.11955107 -0.56069935 0.81934351
vn -0.10414700 -0.50341699 0.85774398
vn -0.02778921 -0.46459110 0.88508919
vn 0.04903842 -0.41745517 0.90737336
vn 0.01174889 -0.28468384 0.95854946
vn 0.13218502 -0.49397906 0.85936710
vn 0.23409196 -0.40312393 0.88469885
vn 0.28105495 -0.38026394 0.88113986
vn 0.36135288 -0.37788387 0.85242471
vn 0.33397192 -0.28506093 0.89844478
vn 0.40861002 -0.34998802 0.84293905
vn 0.45560318 -0.33913214 0.82305233
vn 0.65636874 -0.33087787 0.67801173
vn 0.65739805 -0.18422101 0.73067806
vn 0.58493295 -0.12692499 0.80108894
vn 0.59215083 -0.02773369 0.80534976
vn 0.59904914 0.10701202 0.79352918
vn 0.65296819 0.18631105 0.73411221
vn 0.64719301 0.22720700 0.72768001
vn 0.55128385 0.25050393 0.79582278
vn 0.29712219 0.52583933 0.79700151
vn 0.66020101 0.32647801 0.67642201
vn 0.65075885 0.43943090 0.61920385
vn 0.50010525 0.47191624 0.72607837
vn 0.60285695 0.57789095 0.55009595
vn 0.43209209 0.60380112 0.66986613
vn 0.41836679 0.66923766 0.61407669
vn 0.35110191 0.62798084 0.69452682
vn 0.47765887 0.51198686 0.71394080
vn 0.26499706 0.62128413 0.73741616
vn 0.18437490 0.70629062 0.68349064
vn 0.14166309 0.60694336 0.78201747
vn -0.56615113 0.51241212 0.64568315
vn 0.02492299 0.79265272 0.60916378
vn -0.03942119 0.80113283 0.59718687
vn -0.05579291 0.77849418 0.62516715
vn 0.11494600 0.78060901 0.61435901
vn -0.26066090 0.80809370 0.52824281
vn -0.45183112 0.66839318 0.59084616
vn -0.66291323 0.54092119 0.51763918
vn -0.65873293 0.53989694 0.52400594
vn -0.62731907 0.53153006 0.56916306
vn -0.60066503 0.52361402 0.60417703
vn -0.50985189 -0.76169383 0.39984191
vn -0.28491210 -0.84219730 0.45774316
vn 0.00261932 -0.82344093 0.56739595
vn 0.03724610 -0.77235191 0.63410193
vn 0.01884170 -0.74186998 0.67027899
vn 0.02238751 -0.69736623 0.71636523
vn -0.11162794 -0.69516963 0.71012562
vn -0.08992127 -0.62697578 0.77383173
vn 0.02086001 -0.59002231 0.80711742
vn -0.02858671 -0.52307125 0.85180941
vn 0.14627092 -0.62037064 0.77054856
vn 0.22827003 -0.56952308 0.78964312
vn 0.28896905 -0.50245308 0.81488514
vn 0.36348206 -0.48379008 0.79613313
vn 0.36796198 -0.56626798 0.73752597
vn 0.37938591 -0.48170788 0.78995180
vn 0.44662698 -0.47595197 0.75762396
vn 0.59005004 -0.44639503 0.67273504
vn 0.66516978 -0.42390686 0.61469679
vn 0.97800366 -0.10862096 0.17807394
vn 0.68161369 -0.28648387 0.67329769
vn 0.68087993 -0.22819798 0.69593693
vn 0.67872614 -0.14101803 0.72072515
vn 0.65999073 -0.10851296 0.74339570
vn 0.66225091 -0.02142040 0.74897590
vn 0.65730898 0.09232130 0.74794497
vn 0.68290965 0.10492195 0.72292863
vn 0.71169119 0.24372706 0.65885717
vn 0.33446592 0.63188284 0.69918283
vn 0.70915097 0.33442699 0.62069597
vn 0.55182177 0.47849380 0.68303471
vn 0.77214344 0.36034820 0.52339630
vn 0.68449264 0.58432669 0.43592677
vn 0.63929078 0.59242080 0.49024983
vn 0.61105828 0.63147129 0.47733822
vn 0.48923610 0.66613114 0.56295412
vn 0.46340603 0.71043005 0.52966404
vn 0.42799485 0.75332074 0.49932783
vn 0.37789912 0.72693723 0.57337118
vn 0.32793713 0.69433427 0.64059125
vn 0.28920103 0.71398108 0.63764707
vn 0.25486908 0.74764025 0.61325020
vn 0.20620691 0.75664368 0.62045874
vn 0.15848999 0.79421895 0.58659797
vn 0.03809031 0.80509019 0.59192814
vn -0.03694218 0.84787864 0.52890178
vn -0.14615802 0.87925010 0.45338405
vn -0.31827492 0.88321677 0.34442591
vn -0.49099912 0.75715219 0.43086011
vn -0.77922320 0.54359014 0.31196308
vn -0.85462869 -0.48618382 0.18230493
vn -0.29056299 -0.89558898 0.33688799
vn -0.01139670 -0.89518501 0.44554900
vn 0.16077802 -0.84791312 0.50516707
vn 0.18508207 -0.77359327 0.60605121
vn 0.14794204 -0.73643019 0.66013917
vn 0.19924889 -0.68315962 0.70256161
vn 0.02266571 -0.63388615 0.77309418
vn 0.26417402 -0.61957305 0.73914906
vn 0.29136689 -0.70893474 0.64227476
vn 0.39633694 -0.70440288 0.58884090
vn 0.38115022 -0.63629137 0.67071439
vn 0.46614786 -0.55989783 0.68499679
vn 0.58270790 -0.46438492 0.66693189
vn 0.55486718 -0.49608316 0.66785022
vn 0.65302885 -0.50158889 0.56741687
vn 0.67204419 -0.56932216 0.47352813
vn 0.67195410 -0.42114306 0.60919309
vn 0.67853426 -0.06777673 0.73143528
vn 0.75555029 0.60938424 0.24040509
vn 0.61870990 0.69900789 0.35858894
vn 0.63838884 0.65442983 0.40519290
vn 0.48227402 0.72994503 0.48434702
vn 0.38983906 0.83988313 0.37765306
vn 0.34597318 0.85276344 0.39127620
vn 0.32228575 0.79678039 0.51114861
vn 0.24111290 0.79647567 0.55451877
vn 0.19678896 0.86146282 0.46814090
vn 0.01000640 0.90874625 0.41722911
vn 0.03643910 0.93332796 0.35717098
vn -0.16258794 0.93545663 0.31382488
vn -0.29290793 0.92055977 0.25840793
vn -0.66277004 0.71806004 0.21242801
vn -0.85941327 0.48573015 0.15960905
vn -0.85509509 0.48978005 0.17008202
vn -0.83136489 -0.54033993 0.12986598
vn -0.29808286 -0.94408657 0.14087994
vn -0.02806111 -0.99344348 0.11082705
vn 0.06510981 -0.98176420 0.17860504
vn 0.03997890 -0.96498110 0.25925503
vn 0.10742803 -0.92243022 0.37092009
vn 0.20453000 -0.89310101 0.40067201
vn 0.25001899 -0.79655698 0.55044299
vn 0.29392492 -0.83834077 0.45912187
vn 0.29453001 -0.74150602 0.60284401
vn 0.63282419 -0.69681921 0.33760410
vn 0.56986291 -0.68285789 0.45712293
vn 0.63505319 -0.59880318 0.48799815
vn 0.41264106 -0.83927612 0.35403805
vn 0.45087907 -0.82583813 0.33867305
vn 0.63073872 -0.55340775 0.54397475
vn 0.66224207 -0.55218506 0.50648505
vn 0.69071601 -0.64139701 0.33394800
vn 0.66202600 -0.62261000 0.41722700
vn 0.66110922 -0.63648521 0.39726713
vn 0.75909701 0.64652001 0.07605000
vn 0.63826589 0.73307388 0.23498796
vn 0.63018763 0.72000658 0.29060983
vn 0.46546701 0.85420801 0.23166600
vn 0.40400226 0.85693255 0.32007621
vn 0.36479012 0.86632530 0.34118712
vn 0.31234904 0.86022411 0.40305405
vn 0.32291109 0.87442424 0.36209210
vn 0.27725394 0.89892880 0.33920092
vn 0.19061001 0.91494207 0.35573703
vn 0.22705001 0.92313405 0.31027702
vn 0.02210600 0.96008689 0.27882697
vn -0.22427298 0.96586790 0.12961799
vn -0.31894914 0.92756842 0.19464909
vn -0.87239577 0.48081687 0.08798158
vn -0.83531186 -0.54747891 0.05020889
vn -0.32543307 -0.93980419 0.10421802
vn -0.30269213 -0.95231941 0.03827802
vn 0.04453161 -0.99892319 -0.01301500
vn 0.21143810 -0.97404847 0.08076824
vn 0.18364593 -0.97159361 0.14926494
vn 0.16433606 -0.95340234 0.25301709
vn 0.24490397 -0.90305189 0.35287296
vn 0.32342302 -0.89643607 0.30298502
vn 0.36025782 -0.87553855 0.32194184
vn 0.42734904 -0.86145508 0.27435003
vn 0.54112392 -0.81727288 0.19811597
vn 0.56710013 -0.78994218 0.23321405
vn 0.66119500 -0.70099600 0.26725600
vn 0.66400507 -0.69140707 0.28469903
vn 0.68760604 -0.68364804 0.24458801
vn 0.76743403 0.62165202 -0.15682401
vn 0.63892015 0.76172417 -0.10750502
vn 0.64381570 0.76502564 0.01539879
vn 0.64693031 0.74814036 0.14753707
vn 0.54903486 0.82638579 0.12508897
vn 0.47551503 0.87467506 0.09396271
vn 0.35011114 0.92658537 0.13733805
vn 0.33880794 0.90929685 0.24163696
vn 0.29492993 0.91155777 0.28649393
vn 0.26091998 0.93163194 0.25294798
vn 0.21977301 0.96391305 0.15023801
vn 0.01313350 0.97766084 0.20977797
vn 0.00938808 0.99213160 0.12484695
vn 0.00368212 0.99994781 -0.00953022
vn -0.18507198 0.98258991 -0.01629210
vn -0.30737812 0.95138737 -0.01951321
vn -0.82423778 0.56444785 0.04506329
vn -0.92083414 -0.38958506 0.01696950
vn -0.26662411 -0.95948740 -0.09107974
vn -0.83016854 -0.55631369 -0.03654148
vn 0.03155731 -0.98635033 -0.16160805
vn 0.20908700 -0.97207299 -0.10656800
vn 0.25594214 -0.96664954 -0.00907155
vn 0.31765995 -0.94694785 0.04880499
vn 0.32658918 -0.93781352 0.11766607
vn 0.32292393 -0.91595381 0.23821995
vn 0.36304986 -0.88458066 0.29276589
vn 0.37704812 -0.91428728 0.14803205
vn 0.44055485 -0.88916169 0.12370496
vn 0.51585902 -0.85255304 0.08392130
vn 0.56074436 -0.82084952 0.10849807
vn 0.65603428 -0.73478732 0.17235607
vn 0.56258986 -0.79743980 0.21813395
vn 0.69655594 -0.71662194 0.03553600
vn 0.81188976 0.52793085 -0.24924693
vn 0.62805509 0.72187510 -0.29059104
vn 0.61938410 0.74740512 -0.24031004
vn 0.50601683 0.85078872 -0.14179395
vn 0.53321793 0.84596388 -0.00487386
vn 0.46053298 0.88684195 -0.03769250
vn 0.36741593 0.92886281 0.04711069
vn 0.33820399 0.93975497 0.04978610
vn 0.33806899 0.93724697 0.08530810
vn 0.30806003 0.92980809 0.20138502
vn 0.19697400 0.98039900 -0.00436501
vn 0.27988711 0.95341537 -0.11252704
vn 0.04636690 0.99320601 -0.10673300
vn -0.07175838 0.98555869 -0.15337795
vn -0.16988602 0.98223011 -0.07976691
vn -0.30162701 0.94842104 -0.09756370
vn -0.81707410 0.57260807 -0.06715581
vn -0.29329804 -0.93695213 -0.18999203
vn -0.19954504 -0.95621819 -0.21407604
vn -0.10957402 -0.95499015 -0.27565804
vn -0.88159899 -0.46960899 -0.04744070
vn 0.01431979 -0.97236461 -0.23302791
vn 0.13614099 -0.95010294 -0.28065998
vn 0.18732701 -0.96355106 -0.19099201
vn 0.36297202 -0.91556805 -0.17316601
vn 0.33706202 -0.93894705 -0.06904810
vn 0.33558692 -0.94199776 -0.00465113
vn 0.37144019 -0.92579847 0.07020954
vn 0.35568617 -0.91919543 0.16901808
vn 0.40455792 -0.91352981 0.04238129
vn 0.42419707 -0.90410816 0.05143231
vn 0.44441518 -0.89547636 -0.02484441
vn 0.56005581 -0.82840871 0.00874611
vn 0.65528792 -0.75253991 0.06543259
vn 0.76608717 -0.63866314 -0.07224842
vn 0.65814290 -0.75289189 0.00131200
vn 0.65407718 -0.75498621 -0.04667831
vn 0.65603200 -0.74210800 -0.13746900
vn 0.76637016 0.52388511 -0.37178108
vn 0.62401567 0.67015665 -0.40186379
vn 0.54774094 0.76382591 -0.34139396
vn 0.48150185 0.81934875 -0.31116490
vn 0.47625614 0.85054825 -0.22304207
vn 0.44116694 0.88134988 -0.16909798
vn 0.36432292 0.92473279 -0.11017297
vn 0.38212222 0.92398954 -0.01503101
vn 0.37344089 0.92753473 -0.01487380
vn 0.35454911 0.93325330 -0.05773392
vn 0.35049312 0.92488431 -0.14745705
vn 0.32873187 0.91719563 -0.22513891
vn 0.20621390 0.94405654 -0.25735787
vn 0.04156082 0.96503342 -0.25881111
vn -0.30236302 0.93507007 -0.18498801
vn -0.23644490 0.92533159 -0.29640387
vn -0.87524820 0.47039911 -0.11254003
vn -0.28566505 -0.91382116 -0.28866305
vn -0.93509099 -0.33895200 -0.10352000
vn -0.22560405 -0.89839521 -0.37681409
vn -0.04394330 -0.90453595 -0.42412698
vn 0.05893791 -0.92785519 -0.36825408
vn 0.01546170 -0.96072994 -0.27705398
vn 0.13904505 -0.91068530 -0.38899713
vn 0.25322898 -0.91080792 -0.32604297
vn 0.27795488 -0.92567460 -0.25664689
vn 0.32187311 -0.90553431 -0.27641510
vn 0.39670893 -0.89492485 -0.20428297
vn 0.41006591 -0.89526181 -0.17421896
vn 0.42943920 -0.89545442 -0.11723205
vn 0.40209108 -0.91069619 -0.09463202
vn 0.40078319 -0.91544043 -0.03662852
vn 0.52223909 -0.84782514 -0.09197212
vn 0.73265226 -0.63746323 -0.23845608
vn 0.48376309 -0.85497015 -0.18708103
vn 0.45867996 -0.85582992 -0.23909798
vn 0.65306302 -0.70891202 -0.26636901
vn 0.88585846 0.31491917 -0.34070618
vn 0.62323885 0.58785486 -0.51575188
vn 0.55594327 0.67455633 -0.48569624
vn 0.50043509 0.74816514 -0.43567608
vn 0.46055803 0.79302905 -0.39873703
vn 0.38019897 0.86719993 -0.32157897
vn 0.38660906 0.87935613 -0.27796804
vn 0.35506722 0.90766956 -0.22374814
vn 0.30621395 0.91295384 -0.26971895
vn 0.16413397 0.92335086 -0.34710695
vn 0.06386900 0.95123899 -0.30177000
vn -0.93975466 0.32548988 -0.10448696
vn -0.93576150 0.34042882 -0.09197085
vn 0.08739232 0.86139324 -0.50036414
vn -0.15638900 0.86823198 -0.47086699
vn -0.26223798 0.87987992 -0.39628596
vn -0.91971940 0.36476816 -0.14512206
vn -0.86528639 -0.46442421 -0.18865209
vn -0.21421199 -0.88088497 -0.42208399
vn -0.14652708 -0.84970848 -0.50648328
vn 0.00815627 -0.86512611 -0.50148807
vn 0.10778401 -0.85468306 -0.50783804
vn 0.27350695 -0.81933084 -0.50387590
vn 0.28380312 -0.89375039 -0.34737015
vn 0.39677583 -0.86159364 -0.31658387
vn 0.41332284 -0.88108966 -0.22988091
vn 0.40863807 -0.88904415 -0.20643504
vn 0.43579596 -0.87486391 -0.21141198
vn 0.72428404 -0.53881503 -0.43022202
vn 0.65772494 -0.67906294 -0.32599297
vn 0.48022495 -0.77010092 -0.41991496
vn 0.78296464 0.39494382 -0.48060978
vn 0.45336686 0.57331082 -0.68247579
vn 0.53299814 0.65303017 -0.53801914
vn 0.47723278 0.70347068 -0.52666676
vn 0.62578371 0.50760676 -0.59222472
vn 0.41597207 0.77243912 -0.47990108
vn 0.36566316 0.82326536 -0.43419419
vn 0.36597809 0.87390021 -0.31993508
vn 0.34903513 0.89065432 -0.29139211
vn 0.34954598 0.89939296 -0.26250699
vn 0.23987004 0.91646217 -0.32024906
vn 0.30427924 0.83857465 -0.45189235
vn 0.20871098 0.85046791 -0.48284995
vn 0.25503605 0.78352816 -0.56660412
vn 0.12465703 0.83508121 -0.53581713
vn 0.07677910 0.78251395 -0.61788096
vn 0.00604799 0.82963999 -0.55826599
vn -0.09449465 0.84854243 -0.52062127
vn -0.25174805 0.77694615 -0.57704211
vn -0.24821998 0.86593194 -0.43422197
vn -0.95733005 0.25495001 -0.13608701
vn -0.98655463 -0.13384195 -0.09378856
vn -0.21362508 -0.78656029 -0.57938522
vn -0.11946600 -0.80832297 -0.57649098
vn -0.00110769 -0.81943089 -0.57317692
vn 0.14801501 -0.78512904 -0.60138503
vn 0.19966302 -0.73769906 -0.64493005
vn 0.27919195 -0.69155589 -0.66618489
vn 0.33718205 -0.74811911 -0.57151208
vn 0.39812611 -0.74576421 -0.53416415
vn 0.38936509 -0.79356118 -0.46760611
vn 0.64579384 -0.51527287 -0.56342186
vn 0.65838996 -0.46698197 -0.59029696
vn 0.65657102 -0.42817702 -0.62095002
vn 0.84929197 -0.30766799 -0.42900298
vn 0.65616009 -0.65193709 -0.38004205
vn 0.65092203 -0.59959203 -0.46560702
vn 0.65234374 -0.54952378 -0.52198779
vn 0.41729513 -0.73966824 -0.52797317
vn 0.50558395 -0.68044593 -0.53045095
vn 0.62126091 -0.65479291 -0.43044294
vn 0.75710178 0.28573892 -0.58749483
vn 0.61987399 0.43336299 -0.65418098
vn 0.35041016 0.55853725 -0.75183034
vn 0.37041999 0.68449298 -0.62789998
vn 0.42356202 0.69339704 -0.58292003
vn 0.54319767 0.46597171 -0.69843157
vn 0.44632213 0.40719812 -0.79686024
vn 0.41717699 0.49559099 -0.76180898
vn 0.36117001 0.77180501 -0.52332901
vn 0.32833010 0.79854423 -0.50450615
vn 0.33237484 0.78879063 -0.51704575
vn 0.30626204 0.78914611 -0.53240208
vn 0.30610800 0.78300600 -0.54147900
vn 0.31664802 0.77931305 -0.54074504
vn 0.29469500 0.71809200 -0.63047500
vn 0.25771902 0.68881505 -0.67758005
vn 0.14311699 0.73546094 -0.66227995
vn 0.09730824 0.70873826 -0.69872826
vn 0.04022898 0.67504969 -0.73667466
vn -0.33633607 0.39306208 -0.85579218
vn -0.94224165 0.16919794 -0.28905489
vn -0.98920786 0.08392879 -0.12009898
vn -0.98750166 0.11513396 -0.10763196
vn -0.98758429 -0.11942804 -0.10205003
vn -0.98825114 -0.10699902 -0.10913702
vn -0.80951864 -0.39411083 -0.43515081
vn -0.18084694 -0.64834078 -0.73955975
vn -0.11290501 -0.74538104 -0.65700804
vn 0.04326069 -0.78001883 -0.62425887
vn 0.07862746 -0.71116866 -0.69861066
vn 0.24423094 -0.64923084 -0.72031282
vn 0.29153790 -0.62718379 -0.72225075
vn 0.35683400 -0.69118299 -0.62843899
vn 0.40571586 -0.72233974 -0.56001780
vn 0.60579407 -0.47892906 -0.63532708
vn 0.61774333 -0.56541730 -0.54653129
vn 0.55830397 -0.54512297 -0.62540997
vn 0.53420075 -0.43200380 -0.72663766
vn 0.65583812 -0.38612907 -0.64867612
vn 0.75772305 -0.31459902 -0.57173704
vn 0.44019401 -0.63912601 -0.63067201
vn 0.77619605 0.08791591 -0.62433204
vn 0.60854708 0.19044603 -0.77032510
vn 0.62138389 0.29621095 -0.72535587
vn 0.62204506 0.38287604 -0.68298307
vn 0.29936089 0.45784683 -0.83711369
vn 0.29216309 0.67855922 -0.67394222
vn 0.34207513 0.40451715 -0.84814532
vn 0.45272907 0.22708204 -0.86224714
vn 0.39039804 0.31756003 -0.86414408
vn 0.33991300 0.37069800 -0.86431600
vn 0.07983251 0.66112310 -0.74601811
vn 0.03624910 0.55177795 -0.83320292
vn 0.00471920 0.54239516 -0.84011024
vn -0.98806298 0.06705700 -0.13869000
vn 0.01120540 0.47962382 -0.87740266
vn -0.05748341 0.40428208 -0.91282619
vn -0.28551394 0.29657394 -0.91133182
vn -0.95162678 0.10418398 -0.28905393
vn -0.80382865 -0.29147087 -0.51855977
vn -0.13674098 -0.54609192 -0.82648988
vn 0.16557694 -0.55289279 -0.81663569
vn 0.24611892 -0.58364580 -0.77381074
vn 0.25835905 -0.52763509 -0.80922915
vn 0.37856495 -0.57406092 -0.72604590
vn 0.33621388 -0.64144878 -0.68956776
vn 0.35088207 -0.64697314 -0.67698414
vn 0.36862502 -0.64883103 -0.66568303
vn 0.47526801 -0.55354002 -0.68389602
vn 0.35736112 -0.41866214 -0.83487427
vn 0.43978024 -0.32946018 -0.83549346
vn 0.49984869 -0.29468282 -0.81444050
vn 0.65198980 -0.34306989 -0.67617479
vn 0.64669296 -0.28813998 -0.70623195
vn 0.81033005 -0.21038601 -0.54690304
vn 0.88505886 -0.03614139 -0.46407393
vn 0.65477683 -0.02502719 -0.75540780
vn 0.62391912 0.11275302 -0.77331215
vn 0.45851217 0.17624007 -0.87103733
vn 0.27052109 0.38569613 -0.88207530
vn 0.10786702 0.41674209 -0.90260220
vn 0.44496591 0.21247096 -0.86997783
vn 0.40867405 0.26281003 -0.87402311
vn 0.40903815 0.22472008 -0.88441432
vn 0.33312510 0.20079406 -0.92125426
vn 0.23758098 0.22551998 -0.94482592
vn 0.23956608 0.30259610 -0.92252030
vn 0.00446372 0.49197808 -0.87059614
vn 0.00322842 0.27588810 -0.96118434
vn -0.14379305 0.15509706 -0.97737836
vn -0.30200597 0.20150598 -0.93176592
vn -0.96217439 0.04106812 -0.26932111
vn -0.97790995 -0.08304720 -0.19182099
vn -0.26612707 -0.28615907 -0.92048323
vn -0.20679001 -0.42713202 -0.88022504
vn -0.05868530 -0.42074897 -0.90527694
vn 0.09605250 -0.45204598 -0.88680796
vn 0.19580305 -0.50302612 -0.84179920
vn 0.23166505 -0.48370411 -0.84401519
vn 0.22719313 -0.51676829 -0.82542947
vn 0.29564982 -0.45399872 -0.84052148
vn 0.31226390 -0.40646687 -0.85864774
vn 0.36363699 -0.33285899 -0.87004197
vn 0.47562579 -0.27597988 -0.83523363
vn 0.49432397 -0.27039198 -0.82615494
vn 0.51271186 -0.23974993 -0.82440677
vn 0.64557284 -0.14700896 -0.74941582
vn 0.79953129 -0.06852872 -0.59670221
vn 0.55672312 -0.00179732 -0.83069618
vn 0.35755495 0.06033789 -0.93194088
vn 0.42168615 0.18107206 -0.88847831
vn 0.44414023 0.04397502 -0.89487745
vn 0.16141597 0.28803795 -0.94391685
vn 0.37578214 0.19803807 -0.90530034
vn 0.31323406 0.15500203 -0.93694119
vn 0.24655795 0.09708598 -0.96425281
vn 0.12531505 0.20674009 -0.97033740
vn 0.07785423 0.04599022 -0.99590342
vn -0.26111609 -0.01375950 -0.96520934
vn -0.30604086 0.09924186 -0.94683158
vn -0.93397149 0.02237731 -0.35664619
vn -0.97873946 -0.04575487 -0.19993889
vn -0.05882188 -0.24038894 -0.96889274
vn -0.03734561 -0.34450512 -0.93804133
vn -0.95375359 -0.06113067 -0.29430787
vn -0.26029511 -0.15484706 -0.95303140
vn 0.06501239 -0.39027795 -0.91839888
vn 0.10925697 -0.41829389 -0.90171677
vn 0.17136501 -0.40577103 -0.89776606
vn 0.17921500 -0.46694600 -0.86593500
vn 0.26699903 -0.38702304 -0.88256710
vn 0.29721898 -0.37187397 -0.87941493
vn 0.29578209 -0.36546311 -0.88258126
vn 0.26673403 -0.29929403 -0.91612010
vn 0.37527598 -0.23310199 -0.89712396
vn 0.40367296 -0.23323097 -0.88467590
vn 0.46719017 -0.25893410 -0.84539131
vn 0.44841909 -0.13378003 -0.88375518
vn 0.40209586 -0.04391778 -0.91454368
vn 0.37069109 -0.02874701 -0.92831122
vn 0.28560094 -0.05026029 -0.95702978
vn 0.22129209 -0.04786162 -0.97403238
vn 0.02498549 -0.10420895 -0.99424153
vn -0.97332848 -0.01252329 -0.22907388
vn -0.25952402 -0.09897861 -0.96065109
vn -0.91513895 -0.04203600 -0.40094098
vn 0.03180279 -0.22214094 -0.97449576
vn 0.05960829 -0.27002696 -0.96100587
vn -0.97309917 -0.03624291 -0.22751804
vn 0.12289703 -0.28682506 -0.95006721
vn 0.14516002 -0.35580706 -0.92321715
vn 0.15495694 -0.17520193 -0.97226161
vn 0.26601512 -0.12540106 -0.95577745
vn 0.36099709 -0.20544705 -0.90965522
vn 0.38467997 -0.18943198 -0.90340293
vn 0.39203480 -0.21842189 -0.89364455
vn 0.37330505 -0.10125701 -0.92216612
vn 0.39139420 -0.06296453 -0.91806647
vn 0.05085910 0.99857998 -0.01585470
vn 0.05833769 0.98809689 0.14234198
vn 0.37315786 0.92707265 0.03590969
vn 0.15302095 0.94922572 -0.27487292
vn 0.03965740 0.94991301 -0.30998800
vn 0.00151906 0.96433728 -0.26467208
vn -0.05977782 0.99717630 0.04545371
vn -0.01849301 0.97101843 0.23828811
vn 0.36446603 0.91865708 0.15242601
vn -0.04201911 0.98085231 0.19016606
vn 0.27775902 0.92813505 -0.24782101
vn 0.99814942 0.06044513 0.00664262
vn 0.41456609 0.90707919 -0.07309102
vn 0.40937592 0.89125882 -0.19511296
vn 0.34043597 0.81884993 -0.46215596
vn 0.01842410 0.92338321 -0.38343709
vn -0.01379370 0.91505288 -0.40309795
vn -0.05837421 0.89494912 -0.44233306
vn -0.09495590 0.98215699 -0.16233000
vn -0.16045703 0.95567419 -0.24686105
vn -0.11165703 0.99320030 0.03295261
vn -0.09847594 0.99054742 0.09548974
vn -0.05946111 0.96602514 0.25151504
vn -0.02585831 0.89397546 0.44736923
vn 0.29605291 0.85388874 0.42804987
vn 0.38437488 0.90409072 0.18675094
vn 0.38741003 0.88587106 -0.25523702
vn 0.38973694 0.90567185 0.16692397
vn 0.43503300 0.88462701 -0.16787300
vn 0.43732118 0.87632836 -0.20198708
vn 0.41123086 0.88452971 -0.22021893
vn 0.41160984 0.88164565 -0.23082091
vn 0.40621786 0.88503670 -0.22736992
vn 0.42790210 0.83672419 -0.34174908
vn 0.54765306 0.74013708 -0.39022204
vn 0.48427599 0.61727399 -0.62003999
vn 0.34591800 0.66415699 -0.66274899
vn 0.02761270 0.69326988 -0.72014888
vn -0.02729861 0.77491040 -0.63148132
vn -0.02560920 0.89079406 -0.45368503
vn -0.10627397 0.86171979 -0.49612988
vn -0.11064295 0.88747061 -0.44738580
vn -0.04991813 0.87032055 -0.48994931
vn -0.07844830 0.86189203 -0.50098702
vn -0.08888110 0.87443797 -0.47692598
vn -0.14625801 0.93933707 -0.31024902
vn -0.13736798 0.91269286 -0.38486594
vn -0.18480196 0.93528681 -0.30180594
vn -0.24733888 0.92708354 -0.28167286
vn -0.27148591 0.94129070 -0.20066694
vn -0.28879089 0.95733164 0.01076820
vn -0.17133606 0.97541733 0.13858205
vn -0.13869604 0.97870132 0.15135105
vn -0.17404093 0.96617463 0.19030593
vn -0.11489199 0.95637090 0.26861597
vn -0.06054970 0.93347204 0.35350202
vn -0.04541379 0.85882574 0.51025085
vn -0.03078879 0.86402481 0.50250689
vn 0.02227051 0.81665018 0.57670313
vn 0.13765600 0.84222502 0.52125601
vn -0.04683951 0.87371817 0.48417209
vn 0.27087110 0.82068329 0.50309818
vn 0.32118495 0.79651887 0.51224791
vn 0.41417604 0.78971707 0.45255404
vn 0.40189098 0.86558297 0.29874699
vn 0.39626818 0.86899839 0.29633313
vn 0.38358607 0.88092417 0.27719005
vn 0.43041598 0.86574297 0.25540399
vn 0.48428114 0.84331624 -0.23300107
vn 0.54771817 0.79674024 -0.25536208
vn 0.60866462 0.73758054 -0.29240782
vn 0.56581398 0.46152599 -0.68326298
vn 0.35757915 0.53543422 -0.76514531
vn 0.22622298 0.61803794 -0.75289592
vn 0.03506761 0.55992011 -0.82780416
vn -0.09578902 0.61819513 -0.78016616
vn -0.06715361 0.75676709 -0.65022608
vn -0.07162400 0.77378098 -0.62939098
vn -0.10756002 0.80308215 -0.58608011
vn -0.11165501 0.83627206 -0.53682604
vn -0.11353298 0.85375882 -0.50813989
vn -0.10122105 0.77084434 -0.62893028
vn -0.15584392 0.87627354 -0.45591376
vn -0.21549996 0.90273484 -0.37232993
vn -0.36693807 0.86609817 -0.33945606
vn -0.40149508 0.87600818 -0.26722905
vn -0.39905798 0.89284395 -0.20876399
vn -0.30582405 0.93229315 -0.19313503
vn -0.29874082 0.92812943 0.22210286
vn -0.47796507 0.87425714 -0.08499321
vn -0.51520912 0.85008719 0.10913902
vn -0.37912813 0.91080131 0.16341005
vn -0.18165898 0.93363488 0.30874896
vn -0.12163401 0.87129408 0.47544904
vn -0.04138711 0.75349811 0.65614610
vn -0.07604670 0.85303502 0.51628301
vn -0.06678524 0.81092146 0.58133133
vn -0.07142711 0.78253407 0.61849705
vn -0.07584399 0.71246590 0.69759590
vn 0.03094879 0.73698077 0.67520479
vn 0.08110050 0.73455602 0.67368402
vn 0.11844802 0.74876614 0.65216512
vn -0.00941857 0.74094104 0.67150403
vn 0.29433715 0.70493437 0.64531634
vn 0.29490612 0.75817831 0.58154624
vn 0.57474988 0.59170088 0.56528988
vn 0.46261312 0.84429623 0.27046807
vn 0.79352520 0.27918807 -0.54071414
vn 0.37423809 0.46140811 -0.80439319
vn 0.20773199 0.50431498 -0.83816097
vn 0.08950387 0.53611479 -0.83938667
vn 0.07540996 0.56106072 -0.82433258
vn -0.01446860 0.34760690 -0.93752872
vn 0.06916522 0.47431816 -0.87763230
vn 0.26702494 0.26605094 -0.92623678
vn 0.02153451 0.34251011 -0.93926731
vn 0.00876805 0.35172006 -0.93606416
vn -0.09040025 0.76617761 -0.63623868
vn -0.06017508 0.35644986 -0.93237463
vn -0.09281892 0.37384210 -0.92283624
vn -0.12584997 0.50484989 -0.85398382
vn -0.10968495 0.72755568 -0.67722370
vn -0.10768899 0.77578992 -0.62173393
vn -0.11226099 0.79137593 -0.60093395
vn -0.11565102 0.79986414 -0.58893310
vn -0.15739701 0.83360304 -0.52946403
vn -0.34970799 0.80609597 -0.47740298
vn -0.40814294 0.83493688 -0.36918795
vn -0.54086903 0.80837404 -0.23236201
vn -0.49068875 0.86214256 -0.12623294
vn -0.39782804 0.89334309 0.20897602
vn -0.46282912 0.83070122 0.30939408
vn -0.28678595 0.90302084 0.31985494
vn -0.55281884 0.82504176 -0.11703597
vn -0.57383202 0.81589602 -0.07092600
vn -0.64695889 0.76191987 0.03036969
vn -0.49971369 0.82957648 0.24917684
vn -0.66356022 0.74069025 0.10519404
vn -0.52552224 0.82475838 0.20880610
vn -0.27801309 0.83831328 0.46897715
vn -0.18396900 0.84087899 0.50899699
vn -0.05011623 0.73157042 0.67992139
vn -0.05298949 0.73055584 0.68079385
vn -0.17319299 0.83907595 0.51570897
vn -0.19482803 0.79283011 0.57746208
vn -0.11157697 0.78764680 0.60593985
vn -0.08540847 0.80093475 0.59262882
vn -0.09915662 0.77690318 0.62176315
vn -0.10805403 0.63422419 0.76556123
vn -0.10122499 0.53536694 0.83853190
vn -0.05516771 0.69364109 0.71820510
vn 0.04504397 0.69200859 0.72048258
vn 0.12646294 0.70676769 0.69605069
vn 0.17453194 0.62282180 0.76264776
vn 0.32533499 0.64009398 0.69601498
vn 0.49121008 0.59760609 0.63370310
vn 0.57892894 0.58565294 0.56731994
vn 0.77924385 0.27330695 -0.56398789
vn 0.38990102 0.38491501 -0.83655103
vn 0.29062897 0.40821596 -0.86538692
vn 0.00388456 0.22052491 -0.97537361
vn -0.01160520 0.17484995 -0.98452670
vn -0.07754137 0.21939591 -0.97254962
vn 0.30892795 0.11383998 -0.94424784
vn 0.25104788 0.12603394 -0.95973455
vn 0.10575201 0.12146601 -0.98694606
vn 0.35936889 0.32087891 -0.87629374
vn 0.72550590 0.24959697 -0.64135991
vn 0.76761873 0.12059496 -0.62945877
vn 0.32700811 0.10170903 -0.93953231
vn -0.11360005 0.18577508 -0.97600341
vn -0.22289601 0.10900200 -0.96872903
vn -0.21761500 0.37488900 -0.90116699
vn -0.26069698 0.40252197 -0.87750393
vn -0.17041701 0.44301301 -0.88016903
vn -0.22293005 0.49363111 -0.84061318
vn -0.25363104 0.64467110 -0.72115911
vn -0.18402400 0.74654001 -0.63938501
vn -0.17575598 0.77561390 -0.60624492
vn -0.22131807 0.78666526 -0.57634719
vn -0.34417014 0.72548730 -0.59599924
vn -0.37346708 0.76039116 -0.53134511
vn -0.40113790 0.75634581 -0.51674887
vn -0.47705193 0.74623988 -0.46427093
vn -0.79099590 0.43640195 -0.42881095
vn -0.86656509 0.44517305 -0.22557902
vn -0.86412228 0.47110915 -0.17705606
vn -0.83772113 0.54032808 -0.07917621
vn -0.41321185 0.78861371 0.45535083
vn -0.51732623 0.76598234 0.38163417
vn -0.85871304 0.51172903 0.02730040
vn -0.82833305 0.55347403 0.08678051
vn -0.63552404 0.74111105 0.21648002
vn -0.36072789 0.79196276 0.49261585
vn -0.12883696 0.78124373 0.61078579
vn -0.28571886 0.75182863 0.59423771
vn -0.19977499 0.73075097 0.65275797
vn -0.14299195 0.45987185 0.87639671
vn -0.11348600 0.55315101 0.82531502
vn -0.13821302 0.28020805 0.94993716
vn -0.04092342 0.06475923 0.99706144
vn -0.00875654 0.06568420 0.99780204
vn 0.09019702 0.48441313 0.87017723
vn 0.26717792 0.32190390 0.90829172
vn 0.30806684 0.59183869 0.74486361
vn 0.54749814 0.54788614 0.63250816
vn -0.00102981 0.00947362 -0.99995459
vn -0.12696702 0.04176781 -0.99102716
vn -0.13368001 0.05120070 -0.98970104
vn 0.29848588 0.05552368 -0.95279762
vn 0.05701737 0.03052089 -0.99790656
vn 0.68483908 0.02246090 -0.72834809
vn -0.13511200 0.04988100 -0.98957397
vn -0.16319393 0.00812212 -0.98656058
vn -0.46214302 0.09117440 -0.88210604
vn -0.51836294 0.13387998 -0.84461590
vn -0.36808184 0.31506486 -0.87478562
vn -0.33720894 0.37899793 -0.86177184
vn -0.29266506 0.46397410 -0.83610717
vn -0.36276400 0.55121900 -0.75137200
vn -0.34861883 0.65081769 -0.67446368
vn -0.28108898 0.69328494 -0.66358494
vn -0.21820696 0.73279787 -0.64450989
vn -0.37623694 0.67419290 -0.63553890
vn -0.37916309 0.67339316 -0.63464715
vn -0.46456489 0.55028187 -0.69380784
vn -0.40836417 0.71215229 -0.57103224
vn -0.55646808 0.40992406 -0.72270710
vn -0.57505715 0.32179308 -0.75216919
vn -0.88097532 0.23147008 -0.41267915
vn -0.91149624 0.21777806 -0.34892309
vn -0.90479590 0.28701597 -0.31458896
vn -0.90128581 0.36730392 -0.22972095
vn -0.87852875 0.46766287 -0.09735847
vn -0.44178107 0.75363012 0.48669408
vn -0.85681391 0.46015995 0.23264297
vn -0.77093662 0.48367976 0.41437980
vn -0.70373684 0.54132787 0.46012889
vn -0.56484502 0.63006302 0.53288901
vn -0.89383690 0.44820395 0.01299310
vn -0.92308757 0.38329382 0.03154649
vn -0.84146297 0.51978898 0.14751099
vn -0.39555791 0.76867283 0.50266889
vn -0.34338398 0.76679696 0.54231897
vn -0.41406099 0.73951998 0.53071998
vn -0.30606814 0.45982720 0.83359537
vn -0.16485607 0.34993915 0.92215241
vn -0.15472408 0.29246715 0.94367549
vn -0.14484299 0.21111999 0.96666895
vn -0.13366796 0.15600795 0.97866971
vn -0.08584877 0.09062867 0.99217762
vn -0.04107582 0.01915561 0.99897239
vn -0.01011240 0.01232090 0.99987296
vn 0.01062820 0.03990080 0.99914712
vn 0.03645730 0.07390140 0.99659894
vn 0.14267396 0.15289796 0.97788872
vn 0.34417023 0.38237926 0.85751557
vn 0.27248800 0.23813200 0.93222500
vn 0.34036303 0.25636902 0.90467007
vn 0.35061105 0.53524208 0.76849711
vn 0.67260888 0.46086292 0.57896690
vn 0.09821141 -0.25153203 -0.96285313
vn -0.01035850 -0.23700010 -0.97145440
vn -0.10262494 -0.24228387 -0.96476248
vn -0.12626403 -0.09810932 -0.98713320
vn 0.07473338 -0.09354007 -0.99280672
vn -0.13116693 -0.04729557 -0.99023147
vn 0.30415005 -0.11012702 -0.94623717
vn 0.75734392 -0.02440760 -0.65255993
vn -0.17735595 -0.14790796 -0.97296871
vn -0.48868487 -0.07364298 -0.86934677
vn -0.68037406 0.00169178 -0.73286307
vn -0.58394789 0.09932528 -0.80569185
vn -0.54804275 0.10095495 -0.83033562
vn -0.61026698 0.12019200 -0.78302497
vn -0.58556725 0.17120907 -0.79233733
vn -0.53568613 0.22449605 -0.81402819
vn -0.44194217 0.29600912 -0.84679733
vn -0.43793401 0.44029401 -0.78380801
vn -0.42234793 0.52250891 -0.74067987
vn -0.51736306 0.38167705 -0.76593609
vn -0.51321004 0.41049903 -0.75372806
vn -0.57035916 0.26699407 -0.77679122
vn -0.76114206 0.22602002 -0.60792904
vn -0.53706382 0.32854389 -0.77693074
vn -0.54742679 0.30743688 -0.77833570
vn -0.88595056 0.19236090 -0.42200579
vn -0.89140697 0.16187899 -0.42330699
vn -0.90223705 0.11667101 -0.41515802
vn -0.91834005 0.15358801 -0.36477702
vn -0.94117691 0.14543899 -0.30501397
vn -0.94541134 0.20731207 -0.25143409
vn -0.94156273 0.25094993 -0.22468593
vn -0.94170469 0.33111489 -0.05962548
vn -0.92152169 0.38779187 -0.02037759
vn -0.54473706 0.62729507 0.55656306
vn -0.47050897 0.53861197 0.69894096
vn -0.42015121 0.75419438 0.50464225
vn -0.89073899 0.43458599 0.13311300
vn -0.92173211 0.35923704 0.14614602
vn -0.92551776 0.24361494 0.28994592
vn -0.89649866 0.36267786 0.25446990
vn -0.64808095 0.49419396 0.57945096
vn -0.61682102 0.58842802 0.52276601
vn -0.85674922 0.33430809 0.39270710
vn -0.94842708 0.31614803 0.02316250
vn -0.94483977 0.32635392 0.02776549
vn -0.97200918 0.21185204 0.10157202
vn -0.36758808 0.37880308 0.84934518
vn -0.26139006 0.34941208 0.89977021
vn -0.19880111 0.22155813 0.95466754
vn -0.12070604 0.08944603 0.98865032
vn -0.17812006 0.15545105 0.97165231
vn -0.14059400 0.02874340 0.98965001
vn -0.11448097 0.03843319 0.99268172
vn -0.05679849 -0.00507991 0.99837274
vn -0.05171122 -0.02672821 0.99830434
vn -0.00028045 -0.01833200 0.99983192
vn 0.05517762 -0.04309101 0.99754629
vn 0.03899710 0.05082101 0.99794612
vn 0.07911172 0.05957071 0.99508425
vn 0.13026399 0.11061199 0.98528995
vn 0.16255898 0.14313398 0.97626187
vn 0.35833585 0.32403086 0.87555663
vn 0.36871791 0.37474691 0.85065379
vn 0.53132404 0.37310203 0.76058506
vn 0.32527389 0.10152797 0.94015369
vn 0.38455213 0.18524906 0.90432430
vn 0.76769274 0.13246396 0.62697779
vn 0.85043181 0.13990297 0.50714189
vn 0.38911609 0.32221808 0.86299721
vn 0.04128559 -0.32350989 -0.94532368
vn 0.11394703 -0.29313908 -0.94925526
vn -0.08590947 -0.33649688 -0.93775765
vn -0.09615601 -0.29299303 -0.95126710
vn 0.38135995 -0.13258098 -0.91486987
vn 0.37681704 -0.17345102 -0.90990310
vn 0.30133198 -0.21739699 -0.92840594
vn 0.80954495 -0.05804800 -0.58418097
vn -0.12885802 -0.37829106 -0.91667414
vn -0.27493805 -0.32650706 -0.90432417
vn -0.36804098 -0.17200799 -0.91376096
vn -0.60518389 -0.29989395 -0.73743887
vn -0.55327784 -0.08069728 -0.82907876
vn -0.59268593 -0.05255959 -0.80371691
vn -0.76921900 -0.10975300 -0.62948900
vn -0.90698175 -0.12724297 -0.40148889
vn -0.85215811 0.08641931 -0.51609907
vn -0.85202967 0.10486996 -0.51288180
vn -0.86550500 0.14659400 -0.47896900
vn -0.48494027 0.33625619 -0.80731946
vn -0.88807963 0.15852793 -0.43148982
vn -0.98987299 0.03753700 -0.13690300
vn -0.97580173 0.09100777 -0.19881794
vn -0.96756446 0.16877208 -0.18797609
vn -0.96470940 0.23502310 -0.11874305
vn -0.49803690 0.45148791 0.74034986
vn -0.46798610 0.41512809 0.78016516
vn -0.41321921 0.37881119 0.82810142
vn -0.95773042 0.13961406 0.25151611
vn -0.92513653 0.16150109 0.34356920
vn -0.89157892 0.25921598 0.37134097
vn -0.82611946 0.28843016 0.48408127
vn -0.71359322 0.25611908 0.65206420
vn -0.52720490 0.40929792 0.74466785
vn -0.50434490 0.44497792 0.74002086
vn -0.84987492 0.30062897 0.43282196
vn -0.98827901 0.14233500 -0.05518470
vn -0.97237166 0.22920592 0.04424928
vn -0.98044082 0.17671397 0.08664858
vn -0.98366835 0.11310704 0.14001205
vn -0.97310466 0.11666996 0.19863393
vn -0.36449115 0.33152113 0.87019535
vn -0.28635990 0.18191594 0.94069368
vn -0.26609295 0.01891270 0.96376182
vn -0.23401790 -0.05370998 0.97074758
vn -0.25224106 -0.10342703 0.96212125
vn -0.13132400 -0.01968660 0.99114401
vn -0.07654179 -0.04809339 0.99590581
vn -0.06620530 -0.01889670 0.99762707
vn -0.09566207 -0.44191085 0.89194370
vn 0.00267813 -0.41049580 0.91185856
vn 0.00400422 -0.04151320 0.99912993
vn 0.03793611 -0.06085921 0.99742519
vn 0.07831863 -0.17485506 0.98147435
vn 0.09090517 -0.06219228 0.99391568
vn 0.26033486 -0.01974479 0.96531648
vn 0.85282392 0.19360498 0.48498296
vn 0.38006804 0.35345204 0.85476309
vn 0.90588207 -0.01320750 0.42332403
vn 0.92584109 0.13553401 0.35277303
vn 0.08131500 -0.33681502 -0.93805304
vn 0.05572091 -0.34426904 -0.93721610
vn -0.01107550 -0.36316587 -0.93165867
vn 0.34043179 -0.39785675 -0.85194847
vn 0.14408204 -0.39315711 -0.90811225
vn -0.05656730 -0.37901500 -0.92365999
vn -0.07953848 -0.39260888 -0.91625973
vn -0.08410737 -0.39068584 -0.91667362
vn 0.76114414 -0.10392102 -0.64020311
vn 0.37045490 -0.23506694 -0.89861377
vn 0.87706771 -0.10596796 -0.46853284
vn 0.39945397 -0.20577798 -0.89335992
vn -0.10375903 -0.40922611 -0.90651424
vn -0.19733101 -0.48557002 -0.85163503
vn -0.19549301 -0.45009703 -0.87131805
vn -0.20689399 -0.45478198 -0.86623797
vn -0.23696292 -0.47618985 -0.84681273
vn -0.68456112 -0.25179804 -0.68408612
vn -0.67931914 -0.19670604 -0.70698815
vn -0.65924189 -0.14855197 -0.73711088
vn -0.40061598 -0.72283197 -0.56304598
vn -0.66612328 -0.37044615 -0.64734027
vn -0.71608236 -0.17723309 -0.67514034
vn -0.82981677 -0.13579296 -0.54126185
vn -0.68157094 -0.18289898 -0.70852594
vn -0.92562931 -0.22243008 -0.30616210
vn -0.93186462 -0.25207090 -0.26093789
vn -0.94738485 -0.23608096 -0.21616597
vn -0.95787998 -0.20943900 -0.19647200
vn -0.98843060 -0.11061796 -0.10377196
vn -0.99703428 -0.06726832 -0.03738481
vn -0.84832071 -0.16744494 -0.50230883
vn -0.88729723 -0.22272106 -0.40385511
vn -0.99787413 0.01766020 0.06273231
vn -0.44319924 0.31555317 0.83904745
vn -0.42032500 0.29062200 0.85957300
vn -0.95525616 0.12450202 0.26830005
vn -0.96139272 -0.03375459 0.27310192
vn -0.88665305 -0.05254750 0.45944002
vn -0.69894502 0.02714590 0.71466003
vn -0.84241218 0.26438806 0.46951110
vn -0.46707615 0.14608305 0.87206629
vn -0.99299749 -0.07878634 0.08802674
vn -0.98808563 0.01034660 0.15355694
vn -0.40578283 0.08227727 0.91025862
vn -0.37162710 -0.16523005 0.91356025
vn -0.39198602 -0.28331401 0.87526004
vn -0.22781298 -0.32375498 0.91830494
vn -0.13595704 -0.41834913 0.89805328
vn -0.09800588 -0.19115997 0.97665384
vn -0.08708806 -0.15221193 0.98450353
vn -0.09130390 -0.59558702 0.79808502
vn -0.07744529 -0.75721691 0.64855592
vn -0.01667979 -0.57781581 0.81599673
vn -0.13026595 -0.51038279 0.85002364
vn -0.11157701 -0.51370607 0.85068011
vn -0.10990203 -0.62953117 0.76916321
vn 0.06096193 -0.58501325 0.80872934
vn 0.05282250 -0.56041603 0.82652505
vn 0.04600872 -0.33781511 0.94008731
vn 0.12167994 -0.58423971 0.80240760
vn 0.27818194 -0.33834193 0.89896582
vn 0.11463201 -0.08654341 0.98963111
vn 0.24953894 -0.18986695 0.94956877
vn 0.41135186 -0.11083596 0.90471268
vn 0.95675581 -0.03079239 0.28925794
vn 0.16062502 -0.60510107 -0.77977709
vn 0.02285819 -0.51955582 -0.85413070
vn -0.03577060 -0.53431394 -0.84452891
vn 0.20666002 -0.59458507 -0.77702009
vn 0.39204006 -0.26605704 -0.88063514
vn 0.75855304 -0.21292801 -0.61584003
vn 0.83318826 -0.26403208 -0.48588515
vn 0.36325907 -0.53178010 -0.76501815
vn -0.08145888 -0.40938092 -0.90871982
vn -0.08183183 -0.43347317 -0.89744335
vn 0.90773498 -0.09357270 -0.40897599
vn -0.06926520 -0.87345003 -0.48196201
vn -0.21632799 -0.52644097 -0.82222996
vn -0.68915201 -0.25109800 -0.67972001
vn -0.70906272 -0.19536792 -0.67754073
vn -0.36494607 -0.88107717 -0.30086106
vn -0.38833493 -0.87128584 -0.30009494
vn -0.55486713 -0.70700117 -0.43848810
vn -0.60800492 -0.62678391 -0.48731093
vn -0.69905405 -0.53983904 -0.46893203
vn -0.12629401 -0.90623405 -0.40347202
vn -0.14541597 -0.92131179 -0.36060892
vn -0.23563896 -0.91150384 -0.33709794
vn -0.34616910 -0.89135126 -0.29267709
vn -0.82645663 -0.29526387 -0.47936279
vn -0.75594662 -0.23178788 -0.61222470
vn -0.93427780 -0.30408793 -0.18615996
vn -0.85835403 -0.37845901 -0.34640601
vn -0.88920024 -0.41937311 -0.18289105
vn -0.95817123 -0.25017206 -0.13900303
vn -0.99179771 -0.11628097 -0.05306638
vn -0.97815025 -0.18609305 0.09269012
vn -0.99336676 -0.09397228 0.06626978
vn -0.96571852 -0.14802493 0.21325189
vn -0.94968009 -0.12196501 0.28850003
vn -0.95404998 -0.07172790 0.29093599
vn -0.83686212 -0.15342702 0.52547307
vn -0.78787013 -0.14522602 0.59847310
vn -0.70661488 -0.07829949 0.70325288
vn -0.49142112 -0.09630392 0.86558121
vn -0.98873139 -0.11453905 0.09639004
vn -0.42055114 -0.23316308 0.87679628
vn -0.43233486 -0.28077291 0.85688572
vn -0.42912791 -0.53149189 0.73031884
vn -0.36970711 -0.57087118 0.73309123
vn -0.24784210 -0.62787224 0.73780129
vn -0.18349702 -0.46012505 0.86868509
vn -0.09253209 -0.80552687 0.58528991
vn -0.08268224 -0.81118337 0.57891726
vn -0.06722170 -0.84471005 0.53098603
vn 0.00702962 -0.83933895 0.54356297
vn 0.11300900 -0.82794901 0.54929901
vn 0.10408300 -0.76331400 0.63758800
vn -0.11696597 -0.74844682 0.65279884
vn -0.11292499 -0.76927195 0.62886296
vn -0.10298602 -0.78950715 0.60503912
vn -0.10005901 -0.83521305 0.54074703
vn -0.20697191 -0.67255171 0.71051870
vn -0.15697803 -0.74358513 0.64995311
vn 0.17245902 -0.62232906 0.76352107
vn 0.23552806 -0.62460017 0.74458120
vn 0.29245121 -0.62036045 0.72775353
vn 0.35285101 -0.47486902 0.80622303
vn 0.36383315 -0.32014014 0.87472037
vn 0.32536192 -0.25872894 0.90950479
vn 0.40445312 -0.20290106 0.89176726
vn 0.88462559 -0.09078156 0.45737979
vn 0.15849701 -0.69279706 -0.70349906
vn 0.14243605 -0.72745825 -0.67120523
vn 0.07584267 -0.68689575 -0.72278774
vn -0.00318842 -0.80579452 -0.59218665
vn -0.01950400 -0.65808287 -0.75269285
vn -0.01969100 -0.80616715 -0.59136011
vn 0.30037504 -0.68071409 -0.66813409
vn 0.95583605 -0.18864201 -0.22537001
vn 0.36456889 -0.62199982 -0.69296880
vn -0.10092501 -0.91190812 -0.39779105
vn -0.01588230 -0.85152590 -0.52407194
vn -0.03123639 -0.86820369 -0.49522382
vn -0.06065071 -0.89707114 -0.43770407
vn -0.06655220 -0.90624294 -0.41748597
vn -0.39146103 -0.87980408 -0.26963502
vn -0.62756579 -0.72329575 -0.28810490
vn -0.59683239 -0.69513046 -0.40073026
vn -0.81596674 -0.50772184 -0.27643591
vn -0.11876198 -0.91340188 -0.38934895
vn -0.10351004 -0.91636535 -0.38673015
vn -0.10220297 -0.98846572 -0.11175897
vn -0.21128895 -0.97709277 -0.02543029
vn -0.28475398 -0.93972695 -0.18928399
vn -0.35076415 -0.90871139 -0.22629210
vn -0.38834402 -0.88377604 -0.26101501
vn -0.81957586 -0.55201391 -0.15354497
vn -0.87826583 -0.47432191 -0.06056289
vn -0.90658077 -0.41087290 -0.09640938
vn -0.88822553 -0.45915627 -0.01519651
vn -0.86798294 -0.46760897 0.16717499
vn -0.87980523 -0.43591411 0.18953005
vn -0.94055709 -0.25304003 0.22654602
vn -0.96783368 -0.19003394 0.16487895
vn -0.96896231 -0.18511306 0.16384505
vn -0.84211412 -0.53031807 0.09801301
vn -0.94787836 -0.20858508 0.24087109
vn -0.94063005 -0.20937901 0.26716201
vn -0.83256238 -0.21550484 0.51029162
vn -0.78643588 -0.18533197 0.58921191
vn -0.69002278 -0.16186195 0.70545678
vn -0.59861016 -0.26469707 0.75604321
vn -0.56749884 -0.40012089 0.71961680
vn -0.65505391 -0.44774594 0.60862792
vn -0.46632394 -0.59047692 0.65869491
vn -0.40441801 -0.66007102 0.63305002
vn -0.38793295 -0.64101892 0.66227092
vn -0.32668695 -0.65176989 0.68444989
vn -0.35267390 -0.74187778 0.57029683
vn -0.09105499 -0.81858794 0.56711796
vn -0.08923750 -0.81848797 0.56755098
vn -0.08230791 -0.86471606 0.49547103
vn -0.01836721 -0.87489336 0.48396720
vn 0.03461181 -0.87638816 0.48036009
vn 0.14165404 -0.86652827 0.47860515
vn 0.24614092 -0.87467570 0.41756086
vn 0.23527197 -0.83877388 0.49102493
vn 0.24086409 -0.80158730 0.54721320
vn 0.21056011 -0.75396139 0.62225932
vn 0.21929094 -0.71597380 0.66279182
vn -0.13729805 -0.80317927 0.57970019
vn -0.15889298 -0.84277590 0.51427794
vn -0.12941505 -0.85504031 0.50215318
vn -0.09579636 -0.87564465 0.47335981
vn -0.23922891 -0.82462467 0.51260480
vn 0.24855014 -0.71352740 0.65505837
vn 0.28615901 -0.69773901 0.65671401
vn 0.98267473 -0.10833397 0.15037996
vn 0.99249365 -0.05449818 0.10948196
vn 0.99208808 -0.05114160 0.11465501
vn 0.99195515 -0.05010441 0.11625202
vn 0.89424413 -0.15279002 0.42069306
vn 0.97801763 -0.05785358 0.20033592
vn 0.07516126 -0.77473357 -0.62780465
vn 0.17774411 -0.73663646 -0.65251341
vn 0.21242501 -0.79580103 -0.56707702
vn 0.85516697 -0.38958098 -0.34192999
vn 0.35631306 -0.70553213 -0.61258911
vn -0.10060502 -0.91471620 -0.39137309
vn 0.01245460 -0.91846593 -0.39530397
vn -0.05407980 -0.90157805 -0.42922302
vn 0.01746890 -0.95152527 -0.30707409
vn -0.07212428 -0.98960774 -0.12439697
vn -0.09725140 -0.93159197 -0.35025499
vn -0.42343702 -0.87899404 -0.21925001
vn -0.63071082 -0.76154278 -0.14918596
vn -0.09117176 -0.99583262 0.00226098
vn -0.14721898 -0.98908588 0.00597366
vn -0.08199040 -0.99615401 0.03089910
vn -0.09849635 -0.96846348 0.22886011
vn -0.21943100 -0.96197099 0.16267100
vn -0.29085807 -0.95623924 -0.03175061
vn -0.32329705 -0.93765015 -0.12763702
vn -0.41242689 -0.89397277 -0.17526195
vn -0.82795430 -0.55943520 -0.03903761
vn -0.71305608 -0.69776708 -0.06835291
vn -0.85720484 -0.51469390 -0.01703070
vn -0.85710198 -0.48844399 0.16370300
vn -0.85203591 -0.49237595 0.17776598
vn -0.90039666 -0.37584986 0.21914092
vn -0.85068320 -0.47924211 0.21602105
vn -0.85940521 -0.45605011 0.23117306
vn -0.89838730 -0.36200212 0.24870608
vn -0.89006441 -0.34348416 0.29967314
vn -0.93099883 -0.25889495 0.25732195
vn -0.81922715 -0.57343711 0.00606265
vn -0.71492336 -0.69844535 0.03253752
vn -0.60267079 -0.79145773 0.10189496
vn -0.80295899 -0.58613199 0.10819500
vn -0.56304775 -0.79851364 0.21296290
vn -0.87490773 -0.32525890 0.35880789
vn -0.81885612 -0.32970905 0.46985807
vn -0.78448594 -0.26917498 0.55868296
vn -0.66594107 -0.53451305 0.52040205
vn -0.47047803 -0.62151704 0.62639204
vn -0.79906209 -0.40064905 0.44830805
vn -0.41322877 -0.68289162 0.60241266
vn -0.33860712 -0.81091329 0.47724717
vn -0.49196098 -0.69477597 0.52465298
vn -0.36574793 -0.80349186 0.46971192
vn -0.06647881 -0.91533107 0.39717703
vn -0.03746210 -0.89868493 0.43699197
vn -0.02004630 -0.89742712 0.44070706
vn -0.00444241 -0.90712118 0.42084608
vn -0.02388520 -0.92962187 0.36773995
vn 0.00852269 -0.95135625 0.30797508
vn 0.14002994 -0.97259858 0.18558992
vn 0.31029411 -0.93124633 0.19104407
vn 0.33535014 -0.92918239 0.15543607
vn 0.31528310 -0.91422728 0.25452908
vn 0.29621192 -0.89097776 0.34411791
vn 0.93837821 -0.30942507 0.15395603
vn 0.23653909 -0.84100532 0.48657919
vn 0.24461991 -0.80950272 0.53372881
vn -0.21932392 -0.84014670 0.49603482
vn -0.17111202 -0.85425611 0.49088407
vn -0.17021600 -0.89789198 0.40597599
vn -0.10064597 -0.92808770 0.35850189
vn -0.26731690 -0.84972869 0.45442583
vn 0.99933805 -0.02945190 0.02135530
vn 0.99933141 -0.02918481 0.02202241
vn 0.99927047 -0.02731551 0.02669071
vn 0.99917177 -0.02521259 0.03193909
vn 0.37419679 -0.74523759 -0.55190370
vn 0.84316484 -0.45990791 -0.27849195
vn 0.37858105 -0.81870810 -0.43173305
vn 0.35904800 -0.89333100 -0.27026700
vn 0.97834769 -0.16694295 -0.12233496
vn 0.08718284 -0.94208945 -0.32383116
vn 0.15325599 -0.96016193 -0.23366998
vn 0.28555507 -0.95798523 0.02688111
vn -0.00766126 -0.99975962 0.02054289
vn -0.49049203 -0.86688505 -0.08903861
vn -0.03193598 -0.96937250 0.24350987
vn -0.08026342 -0.97102222 0.22510805
vn -0.10719697 -0.93712071 0.33213490
vn -0.14448101 -0.94702606 0.28682202
vn -0.09120909 -0.94319187 0.31948396
vn -0.29040506 -0.87513618 0.38704208
vn -0.38568311 -0.84114224 0.37911511
vn -0.29935598 -0.95108393 0.07632399
vn -0.18680896 -0.92109982 0.34158093
vn -0.49264176 -0.86526758 0.09282296
vn -0.45703101 -0.88831801 -0.04487500
vn -0.55663078 -0.74424171 0.36914286
vn -0.82054460 -0.47641177 0.31581385
vn -0.79618011 -0.45851206 0.39479605
vn -0.81227709 -0.40761405 0.41720105
vn -0.52242876 -0.85160261 0.04290898
vn -0.35346982 -0.82692359 0.43732878
vn -0.79446310 -0.50487806 0.33753004
vn -0.02900800 -0.93873310 0.34342204
vn 0.32136317 -0.93588250 0.14439408
vn 0.36789702 -0.92932604 0.03170010
vn 0.98760928 -0.15646004 0.01217210
vn 0.98736022 -0.15379303 0.03830791
vn 0.99578738 -0.08588913 0.03210221
vn -0.25065697 -0.87265091 0.41910795
vn 0.97893859 -0.17072593 -0.11194595
vn 0.93994447 -0.32218282 -0.11270594
vn 0.39389807 -0.83731316 -0.37914507
vn 0.38218923 -0.91667554 -0.11677907
vn 0.33821114 -0.93888739 -0.06406013
vn 0.94336766 -0.32275189 -0.07673767
vn 0.36431095 -0.93104488 -0.02080760
vn -0.03659029 -0.94494367 0.32518089
vn 0.73600325 -0.67631723 -0.02990341
vn 0.99275137 -0.12007204 0.00523727
f 1//1 2//2 3//3
f 1//1 3//3 4//4
f 1//1 4//4 5//5
f 1//1 5//5 6//6
f 1//1 6//6 7//7
f 1//1 7//7 8//8
f 1//1 8//8 9//9
f 1//1 9//9 2//2
f 2//2 10//10 11//11
f 2//2 11//11 12//12
f 2//2 12//12 3//3
f 2//2 9//9 13//13
f 2//2 13//13 14//14
f 2//2 14//14 15//15
f 2//2 15//15 10//10
f 3//3 12//12 16//16
f 3//3 16//16 17//17
f 3//3 17//17 18//18
f 3//3 18//18 19//19
f 3//3 19//19 4//4
f 4//4 20//20 5//5
f 4//4 19//19 21//21
f 4//4 21//21 20//20
f 5//5 20//20 22//22
f 5//5 22//22 23//23
f 5//5 23//23 6//6
f 6//6 23//23 22//22
f 6//6 22//22 45//45
f 6//6 45//45 44//44
f 6//6 44//44 66//66
f 6//6 66//66 84//84
f 6//6 84//84 83//83
f 6//6 83//83 102//102
f 6//6 102//102 108//108
f 6//6 108//108 107//107
f 6//6 107//107 127//127
f 6//6 127//127 141//141
f 6//6 141//141 150//150
f 6//6 150//150 149//149
f 6//6 149//149 148//148
f 6//6 148//148 151//151
f 6//6 151//151 145//145
f 6//6 145//145 144//144
f 6//6 144//144 143//143
f 6//6 143//143 142//142
f 6//6 142//142 128//128
f 6//6 128//128 109//109
f 6//6 109//109 87//87
f 6//6 87//87 68//68
f 6//6 68//68 49//49
f 6//6 49//49 48//48
f 6//6 48//48 47//47
f 6//6 47//47 24//24
f 6//6 24//24 9//9
f 6//6 9//9 8//8
f 6//6 8//8 7//7
f 9//9 24//24 13//13
f 10//10 15//15 25//25
f 10//10 25//25 11//11
f 11//11 26//26 27//27
f 11//11 27//27 28//28
f 11//11 28//28 29//29
f 11//11 29//29 30//30
f 11//11 30//30 31//31
f 11//11 31//31 32//32
f 11//11 32//32 33//33
f 11//11 33//33 16//16
f 11//11 16//16 12//12
f 11//11 25//25 34//34
f 11//11 34//34 35//35
f 11//11 35//35 26//26
f 13//13 24//24 36//36
f 13//13 36//36 14//14
f 14//14 36//36 15//15
f 15//15 36//36 25//25
f 16//16 37//37 17//17
f 16//16 33//33 38//38
f 16//16 38//38 32//32
f 16//16 32//32 39//39
f 16//16 39//39 37//37
f 17//17 37//37 39//39
f 17//17 39//39 18//18
f 18//18 39//39 57//57
f 18//18 57//57 40//40
f 18//18 40//40 41//41
f 18//18 41//41 19//19
f 19//19 42//42 21//21
f 19//19 41//41 42//42
f 20//20 21//21 43//43
f 20//20 43//43 44//44
f 20//20 44//44 45//45
f 20//20 45//45 22//22
f 21//21 42//42 46//46
f 21//21 46//46 43//43
f 24//24 47//47 36//36
f 25//25 36//36 48//48
f 25//25 48//48 49//49
f 25//25 49//49 50//50
f 25//25 50//50 35//35
f 25//25 35//35 34//34
f 26//26 51//51 27//27
f 26//26 35//35 50//50
f 26//26 50//50 51//51
f 27//27 51//51 28//28
f 28//28 52//52 29//29
f 28//28 51//51 50//50
f 28//28 50//50 52//52
f 29//29 53//53 30//30
f 29//29 52//52 53//53
f 30//30 53//53 54//54
f 30//30 54//54 31//31
f 31//31 54//54 55//55
f 31//31 55//55 32//32
f 32//32 55//55 56//56
f 32//32 56//56 57//57
f 32//32 57//57 39//39
f 32//32 38//38 33//33
f 36//36 47//47 48//48
f 40//40 57//57 56//56
f 40//40 56//56 58//58
f 40//40 58//58 59//59
f 40//40 59//59 41//41
f 41//41 59//59 60//60
f 41//41 60//60 61//61
f 41//41 61//61 62//62
f 41//41 62//62 46//46
f 41//41 46//46 42//42
f 43//43 46//46 63//63
f 43//43 63//63 64//64
f 43//43 64//64 65//65
f 43//43 65//65 66//66
f 43//43 66//66 44//44
f 46//46 62//62 67//67
f 46//46 67//67 63//63
f 49//49 68//68 50//50
f 50//50 68//68 69//69
f 50//50 69//69 70//70
f 50//50 70//70 71//71
f 50//50 71//71 52//52
f 52//52 71//71 72//72
f 52//52 72//72 53//53
f 53//53 72//72 73//73
f 53//53 73//73 74//74
f 53//53 74//74 54//54
f 54//54 74//74 75//75
f 54//54 75//75 76//76
f 54//54 76//76 55//55
f 55//55 76//76 56//56
f 56//56 76//76 58//58
f 58//58 76//76 77//77
f 58//58 77//77 78//78
f 58//58 78//78 79//79
f 58//58 79//79 80//80
f 58//58 80//80 59//59
f 59//59 80//80 79//79
f 59//59 79//79 60//60
f 60//60 79//79 81//81
f 60//60 81//81 67//67
f 60//60 67//67 62//62
f 60//60 62//62 61//61
f 63//63 67//67 82//82
f 63//63 82//82 83//83
f 63//63 83//83 64//64
f 64//64 83//83 65//65
f 65//65 83//83 84//84
f 65//65 84//84 66//66
f 67//67 81//81 85//85
f 67//67 85//85 86//86
f 67//67 86//86 82//82
f 68//68 87//87 69//69
f 69//69 88//88 70//70
f 69//69 87//87 88//88
f 70//70 89//89 71//71
f 70//70 88//88 90//90
f 70//70 90//90 91//91
f 70//70 91//91 92//92
f 70//70 92//92 89//89
f 71//71 92//92 93//93
f 71//71 93//93 94//94
f 71//71 94//94 95//95
f 71//71 95//95 96//96
f 71//71 96//96 72//72
f 71//71 89//89 92//92
f 72//72 96//96 73//73
f 73//73 75//75 74//74
f 73//73 96//96 97//97
f 73//73 97//97 98//98
f 73//73 98//98 99//99
f 73//73 99//99 75//75
f 75//75 99//99 100//100
f 75//75 100//100 77//77
f 75//75 77//77 76//76
f 77//77 100//100 101//101
f 77//77 101//101 79//79
f 77//77 79//79 78//78
f 79//79 101//101 81//81
f 81//81 101//101 85//85
f 82//82 86//86 102//102
f 82//82 102//102 83//83
f 85//85 101//101 103//103
f 85//85 103//103 104//104
f 85//85 104//104 105//105
f 85//85 105//105 106//106
f 85//85 106//106 107//107
f 85//85 107//107 108//108
f 85//85 108//108 102//102
f 85//85 102//102 86//86
f 87//87 109//109 110//110
f 87//87 110//110 88//88
f 88//88 110//110 111//111
f 88//88 111//111 90//90
f 90//90 111//111 112//112
f 90//90 112//112 91//91
f 91//91 112//112 113//113
f 91//91 113//113 114//114
f 91//91 114//114 92//92
f 92//92 115//115 116//116
f 92//92 116//116 117//117
f 92//92 117//117 94//94
f 92//92 94//94 93//93
f 92//92 114//114 115//115
f 94//94 117//117 118//118
f 94//94 118//118 119//119
f 94//94 119//119 120//120
f 94//94 120//120 96//96
f 94//94 96//96 95//95
f 96//96 120//120 97//97
f 97//97 120//120 98//98
f 98//98 104//104 99//99
f 98//98 120//120 121//121
f 98//98 121//121 122//122
f 98//98 122//122 104//104
f 99//99 104//104 103//103
f 99//99 103//103 100//100
f 100//100 103//103 101//101
f 104//104 122//122 105//105
f 105//105 122//122 121//121
f 105//105 121//121 123//123
f 105//105 123//123 106//106
f 106//106 123//123 107//107
f 107//107 124//124 125//125
f 107//107 125//125 126//126
f 107//107 126//126 127//127
f 107//107 123//123 124//124
f 109//109 128//128 110//110
f 110//110 129//129 111//111
f 110//110 128//128 129//129
f 111//111 129//129 130//130
f 111//111 130//130 131//131
f 111//111 131//131 112//112
f 112//112 131//131 132//132
f 112//112 132//132 133//133
f 112//112 133//133 113//113
f 113//113 134//134 135//135
f 113//113 135//135 114//114
f 113//113 133//133 136//136
f 113//113 136//136 134//134
f 114//114 135//135 115//115
f 115//115 135//135 137//137
f 115//115 137//137 138//138
f 115//115 138//138 117//117
f 115//115 117//117 116//116
f 117//117 138//138 118//118
f 118//118 138//138 121//121
f 118//118 121//121 119//119
f 119//119 121//121 120//120
f 121//121 138//138 137//137
f 121//121 137//137 135//135
f 121//121 135//135 139//139
f 121//121 139//139 123//123
f 123//123 139//139 124//124
f 124//124 140//140 125//125
f 124//124 139//139 140//140
f 125//125 140//140 126//126
f 126//126 140//140 127//127
f 127//127 140//140 141//141
f 128//128 142//142 130//130
f 128//128 130//130 129//129
f 130//130 142//142 143//143
f 130//130 143//143 144//144
f 130//130 144//144 131//131
f 131//131 144//144 145//145
f 131//131 145//145 132//132
f 132//132 145//145 146//146
f 132//132 146//146 133//133
f 133//133 147//147 148//148
f 133//133 148//148 149//149
f 133//133 149//149 140//140
f 133//133 140//140 136//136
f 133//133 146//146 147//147
f 134//134 139//139 135//135
f 134//134 136//136 140//140
f 134//134 140//140 139//139
f 140//140 149//149 150//150
f 140//140 150//150 141//141
f 145//145 151//151 147//147
f 145//145 147//147 146//146
f 147//147 151//151 148//148
f 152//152 153//153 154//154
f 152//152 154//154 155//155
f 152//152 155//155 156//156
f 152//152 156//156 157//157
f 152//152 157//157 158//158
f 152//152 158//158 159//159
f 152//152 159//159 153//153
f 153//153 160//160 161//161
f 153//153 161//161 154//154
f 153//153 159//159 160//160
f 154//154 161//161 162//162
f 154//154 162//162 163//163
f 154//154 163//163 164//164
f 154//154 164//164 165//165
f 154//154 165//165 155//155
f 155//155 165//165 166//166
f 155//155 166//166 167//167
f 155//155 167//167 168//168
f 155//155 168//168 156//156
f 156//156 168//168 169//169
f 156//156 169//169 157//157
f 157//157 170//170 171//171
f 157//157 171//171 172//172
f 157//157 172//172 173//173
f 157//157 173//173 158//158
f 157//157 169//169 170//170
f 158//158 173//173 174//174
f 158//158 174//174 159//159
f 159//159 174//174 175//175
f 159//159 175//175 160//160
f 160//160 175//175 176//176
f 160//160 176//176 177//177
f 160//160 177//177 178//178
f 160//160 178//178 179//179
f 160//160 179//179 180//180
f 160//160 180//180 161//161
f 161//161 180//180 162//162
f 162//162 181//181 182//182
f 162//162 182//182 163//163
f 162//162 180//180 183//183
f 162//162 183//183 181//181
f 163//163 182//182 184//184
f 163//163 184//184 164//164
f 164//164 184//184 165//165
f 165//165 185//185 186//186
f 165//165 186//186 166//166
f 165//165 184//184 187//187
f 165//165 187//187 185//185
f 166//166 186//186 167//167
f 167//167 188//188 168//168
f 167//167 186//186 188//188
f 168//168 188//188 230//230
f 168//168 230//230 229//229
f 168//168 229//229 228//228
f 168//168 228//228 227//227
f 168//168 227//227 276//276
f 168//168 276//276 286//286
f 168//168 286//286 285//285
f 168//168 285//285 284//284
f 168//168 284//284 283//283
f 168//168 283//283 282//282
f 168//168 282//282 336//336
f 168//168 336//336 335//335
f 168//168 335//335 371//371
f 168//168 371//371 370//370
f 168//168 370//370 369//369
f 168//168 369//369 406//406
f 168//168 406//406 439//439
f 168//168 439//439 473//473
f 168//168 473//473 511//511
f 168//168 511//511 544//544
f 168//168 544//544 543//543
f 168//168 543//543 548//548
f 168//168 548//548 583//583
f 168//168 583//583 626//626
f 168//168 626//626 625//625
f 168//168 625//625 624//624
f 168//168 624//624 658//658
f 168//168 658//658 662//662
f 168//168 662//662 695//695
f 168//168 695//695 724//724
f 168//168 724//724 747//747
f 168//168 747//747 749//749
f 168//168 749//749 752//752
f 168//168 752//752 728//728
f 168//168 728//728 725//725
f 168//168 725//725 696//696
f 168//168 696//696 663//663
f 168//168 663//663 629//629
f 168//168 629//629 628//628
f 168//168 628//628 627//627
f 168//168 627//627 584//584
f 168//168 584//584 549//549
f 168//168 549//549 513//513
f 168//168 513//513 477//477
f 168//168 477//477 442//442
f 168//168 442//442 440//440
f 168//168 440//440 407//407
f 168//168 407//407 372//372
f 168//168 372//372 337//337
f 168//168 337//337 287//287
f 168//168 287//287 240//240
f 168//168 240//240 239//239
f 168//168 239//239 238//238
f 168//168 238//238 237//237
f 168//168 237//237 236//236
f 168//168 236//236 235//235
f 168//168 235//235 193//193
f 168//168 193//193 192//192
f 168//168 192//192 191//191
f 168//168 191//191 190//190
f 168//168 190//190 200//200
f 168//168 200//200 189//189
f 168//168 189//189 170//170
f 168//168 170//170 169//169
f 170//170 189//189 171//171
f 171//171 190//190 191//191
f 171//171 191//191 192//192
f 171//171 192//192 193//193
f 171//171 193//193 194//194
f 171//171 194//194 195//195
f 171//171 195//195 196//196
f 171//171 196//196 197//197
f 171//171 197//197 198//198
f 171//171 198//198 199//199
f 171//171 199//199 172//172
f 171//171 189//189 200//200
f 171//171 200//200 190//190
f 172//172 199//199 173//173
f 173//173 199//199 201//201
f 173//173 201//201 174//174
f 174//174 201//201 202//202
f 174//174 202//202 203//203
f 174//174 203//203 204//204
f 174//174 204//204 205//205
f 174//174 205//205 175//175
f 175//175 205//205 176//176
f 176//176 205//205 206//206
f 176//176 206//206 207//207
f 176//176 207//207 208//208
f 176//176 208//208 177//177
f 177//177 208//208 209//209
f 177//177 209//209 210//210
f 177//177 210//210 211//211
f 177//177 211//211 178//178
f 178//178 211//211 212//212
f 178//178 212//212 213//213
f 178//178 213//213 214//214
f 178//178 214//214 179//179
f 179//179 183//183 180//180
f 179//179 214//214 181//181
f 179//179 181//181 183//183
f 181//181 215//215 216//216
f 181//181 216//216 217//217
f 181//181 217//217 182//182
f 181//181 214//214 212//212
f 181//181 212//212 218//218
f 181//181 218//218 219//219
f 181//181 219//219 220//220
f 181//181 220//220 221//221
f 181//181 221//221 215//215
f 182//182 217//217 222//222
f 182//182 222//222 223//223
f 182//182 223//223 224//224
f 182//182 224//224 184//184
f 184//184 224//224 225//225
f 184//184 225//225 187//187
f 185//185 187//187 226//226
f 185//185 226//226 227//227
f 185//185 227//227 186//186
f 186//186 227//227 228//228
f 186//186 228//228 229//229
f 186//186 229//229 230//230
f 186//186 230//230 188//188
f 187//187 225//225 231//231
f 187//187 231//231 232//232
f 187//187 232//232 233//233
f 187//187 233//233 234//234
f 187//187 234//234 226//226
f 193//193 235//235 194//194
f 194//194 235//235 236//236
f 194//194 236//236 237//237
f 194//194 237//237 238//238
f 194//194 238//238 239//239
f 194//194 239//239 240//240
f 194//194 240//240 241//241
f 194//194 241//241 242//242
f 194//194 242//242 243//243
f 194//194 243//243 195//195
f 195//195 243//243 244//244
f 195//195 244//244 245//245
f 195//195 245//245 196//196
f 196//196 245//245 246//246
f 196//196 246//246 197//197
f 197//197 246//246 247//247
f 197//197 247//247 198//198
f 198//198 248//248 201//201
f 198//198 201//201 199//199
f 198//198 247//247 248//248
f 201//201 248//248 202//202
f 202//202 248//248 247//247
f 202//202 247//247 249//249
f 202//202 249//249 250//250
f 202//202 250//250 251//251
f 202//202 251//251 252//252
f 202//202 252//252 253//253
f 202//202 253//253 204//204
f 202//202 204//204 203//203
f 204//204 253//253 207//207
f 204//204 207//207 206//206
f 204//204 206//206 205//205
f 207//207 253//253 208//208
f 208//208 253//253 252//252
f 208//208 252//252 254//254
f 208//208 254//254 255//255
f 208//208 255//255 256//256
f 208//208 256//256 257//257
f 208//208 257//257 258//258
f 208//208 258//258 209//209
f 209//209 259//259 210//210
f 209//209 258//258 259//259
f 210//210 259//259 211//211
f 211//211 260//260 212//212
f 211//211 259//259 260//260
f 212//212 260//260 261//261
f 212//212 261//261 262//262
f 212//212 262//262 263//263
f 212//212 263//263 218//218
f 212//212 214//214 213//213
f 215//215 221//221 264//264
f 215//215 264//264 216//216
f 216//216 222//222 217//217
f 216//216 264//264 222//222
f 218//218 263//263 219//219
f 219//219 263//263 265//265
f 219//219 265//265 266//266
f 219//219 266//266 267//267
f 219//219 267//267 220//220
f 220//220 267//267 221//221
f 221//221 268//268 269//269
f 221//221 269//269 270//270
f 221//221 270//270 271//271
f 221//221 271//271 264//264
f 221//221 267//267 272//272
f 221//221 272//272 268//268
f 222//222 264//264 223//223
f 223//223 264//264 273//273
f 223//223 273//273 274//274
f 223//223 274//274 275//275
f 223//223 275//275 225//225
f 223//223 225//225 224//224
f 225//225 275//275 231//231
f 226//226 234//234 227//227
f 227//227 234//234 233//233
f 227//227 233//233 276//276
f 231//231 277//277 278//278
f 231//231 278//278 279//279
f 231//231 279//279 232//232
f 231//231 275//275 274//274
f 231//231 274//274 280//280
f 231//231 280//280 277//277
f 232//232 279//279 281//281
f 232//232 281//281 233//233
f 233//233 282//282 283//283
f 233//233 283//283 284//284
f 233//233 284//284 285//285
f 233//233 285//285 286//286
f 233//233 286//286 276//276
f 233//233 281//281 282//282
f 240//240 287//287 241//241
f 241//241 287//287 288//288
f 241//241 288//288 242//242
f 242//242 288//288 289//289
f 242//242 289//289 290//290
f 242//242 290//290 291//291
f 242//242 291//291 292//292
f 242//242 292//292 293//293
f 242//242 293//293 243//243
f 243//243 293//293 294//294
f 243//243 294//294 244//244
f 244//244 294//294 295//295
f 244//244 295//295 296//296
f 244//244 296//296 245//245
f 245//245 296//296 246//246
f 246//246 296//296 249//249
f 246//246 249//249 247//247
f 249//249 296//296 295//295
f 249//249 295//295 297//297
f 249//249 297//297 298//298
f 249//249 298//298 299//299
f 249//249 299//299 250//250
f 250//250 299//299 251//251
f 251//251 299//299 252//252
f 252//252 299//299 300//300
f 252//252 300//300 301//301
f 252//252 301//301 302//302
f 252//252 302//302 303//303
f 252//252 303//303 254//254
f 254//254 303//303 255//255
f 255//255 303//303 256//256
f 256//256 303//303 304//304
f 256//256 304//304 305//305
f 256//256 305//305 306//306
f 256//256 306//306 307//307
f 256//256 307//307 308//308
f 256//256 308//308 257//257
f 257//257 308//308 309//309
f 257//257 309//309 310//310
f 257//257 310//310 258//258
f 258//258 310//310 259//259
f 259//259 310//310 311//311
f 259//259 311//311 312//312
f 259//259 312//312 260//260
f 260//260 312//312 261//261
f 261//261 312//312 313//313
f 261//261 313//313 314//314
f 261//261 314//314 262//262
f 262//262 314//314 265//265
f 262//262 265//265 263//263
f 264//264 271//271 315//315
f 264//264 315//315 273//273
f 265//265 314//314 316//316
f 265//265 316//316 266//266
f 266//266 317//317 267//267
f 266//266 316//316 318//318
f 266//266 318//318 319//319
f 266//266 319//319 268//268
f 266//266 268//268 317//317
f 267//267 317//317 268//268
f 267//267 268//268 272//272
f 268//268 320//320 321//321
f 268//268 321//321 322//322
f 268//268 322//322 270//270
f 268//268 270//270 269//269
f 268//268 319//319 320//320
f 270//270 323//323 324//324
f 270//270 324//324 325//325
f 270//270 325//325 326//326
f 270//270 326//326 271//271
f 270//270 322//322 323//323
f 271//271 326//326 315//315
f 273//273 326//326 327//327
f 273//273 327//327 328//328
f 273//273 328//328 274//274
f 273//273 315//315 326//326
f 274//274 328//328 329//329
f 274//274 329//329 330//330
f 274//274 330//330 280//280
f 277//277 280//280 331//331
f 277//277 331//331 278//278
f 278//278 331//331 332//332
f 278//278 332//332 281//281
f 278//278 281//281 279//279
f 280//280 330//330 331//331
f 281//281 332//332 333//333
f 281//281 333//333 334//334
f 281//281 334//334 335//335
f 281//281 335//335 336//336
f 281//281 336//336 282//282
f 287//287 337//337 338//338
f 287//287 338//338 288//288
f 288//288 338//338 339//339
f 288//288 339//339 289//289
f 289//289 339//339 340//340
f 289//289 340//340 341//341
f 289//289 341//341 290//290
f 290//290 341//341 342//342
f 290//290 342//342 291//291
f 291//291 342//342 292//292
f 292//292 343//343 297//297
f 292//292 297//297 344//344
f 292//292 344//344 294//294
f 292//292 294//294 293//293
f 292//292 342//342 343//343
f 294//294 344//344 295//295
f 295//295 344//344 297//297
f 297//297 343//343 345//345
f 297//297 345//345 298//298
f 298//298 345//345 299//299
f 299//299 345//345 301//301
f 299//299 301//301 300//300
f 301//301 345//345 346//346
f 301//301 346//346 347//347
f 301//301 347//347 348//348
f 301//301 348//348 349//349
f 301//301 349//349 303//303
f 301//301 303//303 302//302
f 303//303 350//350 304//304
f 303//303 349//349 351//351
f 303//303 351//351 350//350
f 304//304 350//350 305//305
f 305//305 350//350 352//352
f 305//305 352//352 353//353
f 305//305 353//353 354//354
f 305//305 354//354 306//306
f 306//306 354//354 353//353
f 306//306 353//353 389//389
f 306//306 389//389 422//422
f 306//306 422//422 456//456
f 306//306 456//456 491//491
f 306//306 491//491 528//528
f 306//306 528//528 560//560
f 306//306 560//560 597//597
f 306//306 597//597 643//643
f 306//306 643//643 678//678
f 306//306 678//678 711//711
f 306//306 711//711 679//679
f 306//306 679//679 645//645
f 306//306 645//645 604//604
f 306//306 604//604 563//563
f 306//306 563//563 532//532
f 306//306 532//532 495//495
f 306//306 495//495 457//457
f 306//306 457//457 423//423
f 306//306 423//423 392//392
f 306//306 392//392 356//356
f 306//306 356//356 319//319
f 306//306 319//319 318//318
f 306//306 318//318 316//316
f 306//306 316//316 314//314
f 306//306 314//314 313//313
f 306//306 313//313 355//355
f 306//306 355//355 309//309
f 306//306 309//309 308//308
f 306//306 308//308 307//307
f 309//309 355//355 310//310
f 310//310 355//355 311//311
f 311//311 355//355 313//313
f 311//311 313//313 312//312
f 319//319 356//356 357//357
f 319//319 357//357 358//358
f 319//319 358//358 321//321
f 319//319 321//321 320//320
f 321//321 358//358 357//357
f 321//321 357//357 359//359
f 321//321 359//359 323//323
f 321//321 323//323 322//322
f 323//323 359//359 324//324
f 324//324 359//359 357//357
f 324//324 357//357 360//360
f 324//324 360//360 361//361
f 324//324 361//361 362//362
f 324//324 362//362 325//325
f 325//325 362//362 326//326
f 326//326 362//362 328//328
f 326//326 328//328 327//327
f 328//328 362//362 363//363
f 328//328 363//363 330//330
f 328//328 330//330 329//329
f 330//330 363//363 364//364
f 330//330 364//364 332//332
f 330//330 332//332 331//331
f 332//332 364//364 365//365
f 332//332 365//365 333//333
f 333//333 365//365 366//366
f 333//333 366//366 367//367
f 333//333 367//367 334//334
f 334//334 367//367 368//368
f 334//334 368//368 369//369
f 334//334 369//369 370//370
f 334//334 370//370 371//371
f 334//334 371//371 335//335
f 337//337 372//372 338//338
f 338//338 373//373 374//374
f 338//338 374//374 375//375
f 338//338 375//375 376//376
f 338//338 376//376 377//377
f 338//338 377//377 339//339
f 338//338 372//372 373//373
f 339//339 378//378 340//340
f 339//339 377//377 378//378
f 340//340 378//378 379//379
f 340//340 379//379 341//341
f 341//341 379//379 346//346
f 341//341 346//346 342//342
f 342//342 346//346 343//343
f 343//343 346//346 345//345
f 346//346 379//379 380//380
f 346//346 380//380 381//381
f 346//346 381//381 347//347
f 347//347 382//382 383//383
f 347//347 383//383 384//384
f 347//347 384//384 349//349
f 347//347 349//349 348//348
f 347//347 381//381 380//380
f 347//347 380//380 385//385
f 347//347 385//385 386//386
f 347//347 386//386 382//382
f 349//349 384//384 387//387
f 349//349 387//387 352//352
f 349//349 352//352 351//351
f 350//350 351//351 352//352
f 352//352 387//387 388//388
f 352//352 388//388 353//353
f 353//353 388//388 384//384
f 353//353 384//384 390//390
f 353//353 390//390 391//391
f 353//353 391//391 382//382
f 353//353 382//382 389//389
f 356//356 392//392 393//393
f 356//356 393//393 394//394
f 356//356 394//394 357//357
f 357//357 394//394 395//395
f 357//357 395//395 396//396
f 357//357 396//396 360//360
f 360//360 396//396 397//397
f 360//360 397//397 361//361
f 361//361 398//398 362//362
f 361//361 397//397 399//399
f 361//361 399//399 398//398
f 362//362 398//398 364//364
f 362//362 364//364 363//363
f 364//364 400//400 401//401
f 364//364 401//401 366//366
f 364//364 366//366 365//365
f 364//364 398//398 400//400
f 366//366 401//401 402//402
f 366//366 402//402 403//403
f 366//366 403//403 367//367
f 367//367 403//403 368//368
f 368//368 403//403 404//404
f 368//368 404//404 405//405
f 368//368 405//405 369//369
f 369//369 405//405 406//406
f 372//372 407//407 373//373
f 373//373 408//408 409//409
f 373//373 409//409 374//374
f 373//373 407//407 408//408
f 374//374 409//409 410//410
f 374//374 410//410 411//411
f 374//374 411//411 412//412
f 374//374 412//412 375//375
f 375//375 412//412 413//413
f 375//375 413//413 376//376
f 376//376 413//413 377//377
f 377//377 413//413 414//414
f 377//377 414//414 378//378
f 378//378 414//414 380//380
f 378//378 380//380 379//379
f 380//380 414//414 415//415
f 380//380 415//415 416//416
f 380//380 416//416 385//385
f 382//382 391//391 384//384
f 382//382 384//384 383//383
f 382//382 386//386 417//417
f 382//382 417//417 418//418
f 382//382 418//418 419//419
f 382//382 419//419 420//420
f 382//382 420//420 421//421
f 382//382 421//421 422//422
f 382//382 422//422 389//389
f 384//384 388//388 387//387
f 384//384 391//391 390//390
f 385//385 416//416 417//417
f 385//385 417//417 386//386
f 392//392 423//423 424//424
f 392//392 424//424 425//425
f 392//392 425//425 426//426
f 392//392 426//426 393//393
f 393//393 426//426 427//427
f 393//393 427//427 395//395
f 393//393 395//395 394//394
f 395//395 427//427 428//428
f 395//395 428//428 429//429
f 395//395 429//429 430//430
f 395//395 430//430 396//396
f 396//396 430//430 397//397
f 397//397 430//430 431//431
f 397//397 431//431 399//399
f 398//398 399//399 400//400
f 399//399 431//431 400//400
f 400//400 431//431 402//402
f 400//400 402//402 401//401
f 402//402 432//432 403//403
f 402//402 431//431 432//432
f 403//403 433//433 434//434
f 403//403 434//434 404//404
f 403//403 432//432 433//433
f 404//404 435//435 436//436
f 404//404 436//436 437//437
f 404//404 437//437 438//438
f 404//404 438//438 439//439
f 404//404 439//439 405//405
f 404//404 434//434 435//435
f 405//405 439//439 406//406
f 407//407 440//440 409//409
f 407//407 409//409 408//408
f 409//409 441//441 410//410
f 409//409 440//440 442//442
f 409//409 442//442 441//441
f 410//410 441//441 443//443
f 410//410 443//443 444//444
f 410//410 444//444 445//445
f 410//410 445//445 411//411
f 411//411 445//445 446//446
f 411//411 446//446 447//447
f 411//411 447//447 412//412
f 412//412 447//447 448//448
f 412//412 448//448 413//413
f 413//413 448//448 414//414
f 414//414 448//448 415//415
f 415//415 448//448 417//417
f 415//415 417//417 449//449
f 415//415 449//449 416//416
f 416//416 449//449 417//417
f 417//417 448//448 450//450
f 417//417 450//450 451//451
f 417//417 451//451 418//418
f 418//418 452//452 453//453
f 418//418 453//453 454//454
f 418//418 454//454 455//455
f 418//418 455//455 419//419
f 418//418 451//451 452//452
f 419//419 454//454 420//420
f 419//419 455//455 454//454
f 420//420 454//454 422//422
f 420//420 422//422 421//421
f 422//422 454//454 456//456
f 423//423 457//457 458//458
f 423//423 458//458 459//459
f 423//423 459//459 424//424
f 424//424 459//459 460//460
f 424//424 460//460 461//461
f 424//424 461//461 425//425
f 425//425 461//461 427//427
f 425//425 427//427 426//426
f 427//427 461//461 428//428
f 428//428 462//462 463//463
f 428//428 463//463 429//429
f 428//428 461//461 462//462
f 429//429 463//463 464//464
f 429//429 464//464 465//465
f 429//429 465//465 433//433
f 429//429 433//433 466//466
f 429//429 466//466 430//430
f 430//430 466//466 432//432
f 430//430 432//432 431//431
f 432//432 466//466 433//433
f 433//433 467//467 436//436
f 433//433 436//436 435//435
f 433//433 435//435 434//434
f 433//433 465//465 464//464
f 433//433 464//464 467//467
f 436//436 467//467 468//468
f 436//436 468//468 469//469
f 436//436 469//469 470//470
f 436//436 470//470 471//471
f 436//436 471//471 437//437
f 437//437 471//471 472//472
f 437//437 472//472 438//438
f 438//438 472//472 473//473
f 438//438 473//473 439//439
f 441//441 474//474 475//475
f 441//441 475//475 476//476
f 441//441 476//476 443//443
f 441//441 442//442 477//477
f 441//441 477//477 474//474
f 443//443 478//478 479//479
f 443//443 479//479 480//480
f 443//443 480//480 444//444
f 443//443 476//476 478//478
f 444//444 480//480 481//481
f 444//444 481//481 482//482
f 444//444 482//482 445//445
f 445//445 482//482 483//483
f 445//445 483//483 446//446
f 446//446 483//483 484//484
f 446//446 484//484 447//447
f 447//447 484//484 450//450
f 447//447 450//450 485//485
f 447//447 485//485 448//448
f 448//448 485//485 450//450
f 450//450 486//486 451//451
f 450//450 484//484 486//486
f 451//451 487//487 452//452
f 451//451 486//486 487//487
f 452//452 488//488 489//489
f 452//452 489//489 453//453
f 452//452 487//487 488//488
f 453//453 489//489 490//490
f 453//453 490//490 454//454
f 454//454 490//490 456//456
f 456//456 490//490 492//492
f 456//456 492//492 493//493
f 456//456 493//493 494//494
f 456//456 494//494 491//491
f 457//457 495//495 496//496
f 457//457 496//496 458//458
f 458//458 496//496 497//497
f 458//458 497//497 459//459
f 459//459 497//497 498//498
f 459//459 498//498 499//499
f 459//459 499//499 460//460
f 460//460 499//499 500//500
f 460//460 500//500 462//462
f 460//460 462//462 461//461
f 462//462 500//500 501//501
f 462//462 501//501 502//502
f 462//462 502//502 463//463
f 463//463 502//502 503//503
f 463//463 503//503 504//504
f 463//463 504//504 464//464
f 464//464 468//468 467//467
f 464//464 504//504 468//468
f 468//468 504//504 501//501
f 468//468 501//501 505//505
f 468//468 505//505 506//506
f 468//468 506//506 507//507
f 468//468 507//507 469//469
f 469//469 507//507 508//508
f 469//469 508//508 470//470
f 470//470 509//509 471//471
f 470//470 508//508 510//510
f 470//470 510//510 509//509
f 471//471 509//509 472//472
f 472//472 509//509 473//473
f 473//473 509//509 511//511
f 474//474 512//512 475//475
f 474//474 477//477 513//513
f 474//474 513//513 512//512
f 475//475 512//512 476//476
f 476//476 512//512 514//514
f 476//476 514//514 515//515
f 476//476 515//515 516//516
f 476//476 516//516 517//517
f 476//476 517//517 478//478
f 478//478 517//517 479//479
f 479//479 517//517 516//516
f 479//479 516//516 518//518
f 479//479 518//518 519//519
f 479//479 519//519 520//520
f 479//479 520//520 480//480
f 480//480 520//520 481//481
f 481//481 520//520 521//521
f 481//481 521//521 522//522
f 481//481 522//522 523//523
f 481//481 523//523 524//524
f 481//481 524//524 525//525
f 481//481 525//525 482//482
f 482//482 525//525 526//526
f 482//482 526//526 483//483
f 483//483 526//526 484//484
f 484//484 526//526 486//486
f 486//486 526//526 488//488
f 486//486 488//488 487//487
f 488//488 524//524 527//527
f 488//488 527//527 489//489
f 488//488 526//526 524//524
f 489//489 527//527 493//493
f 489//489 493//493 492//492
f 489//489 492//492 490//490
f 491//491 494//494 528//528
f 493//493 527//527 494//494
f 494//494 527//527 529//529
f 494//494 529//529 530//530
f 494//494 530//530 531//531
f 494//494 531//531 528//528
f 495//495 532//532 533//533
f 495//495 533//533 496//496
f 496//496 533//533 534//534
f 496//496 534//534 535//535
f 496//496 535//535 497//497
f 497//497 536//536 498//498
f 497//497 535//535 536//536
f 498//498 537//537 538//538
f 498//498 538//538 499//499
f 498//498 536//536 537//537
f 499//499 538//538 500//500
f 500//500 539//539 501//501
f 500//500 538//538 539//539
f 501//501 539//539 505//505
f 501//501 504//504 503//503
f 501//501 503//503 502//502
f 505//505 539//539 506//506
f 506//506 540//540 507//507
f 506//506 539//539 540//540
f 507//507 540//540 541//541
f 507//507 541//541 542//542
f 507//507 542//542 508//508
f 508//508 542//542 510//510
f 509//509 510//510 511//511
f 510//510 543//543 544//544
f 510//510 544//544 511//511
f 510//510 542//542 541//541
f 510//510 541//541 545//545
f 510//510 545//545 546//546
f 510//510 546//546 547//547
f 510//510 547//547 548//548
f 510//510 548//548 543//543
f 512//512 513//513 549//549
f 512//512 549//549 514//514
f 514//514 550//550 515//515
f 514//514 549//549 550//550
f 515//515 550//550 551//551
f 515//515 551//551 552//552
f 515//515 552//552 553//553
f 515//515 553//553 518//518
f 515//515 518//518 516//516
f 518//518 553//553 554//554
f 518//518 554//554 519//519
f 519//519 554//554 555//555
f 519//519 555//555 521//521
f 519//519 521//521 520//520
f 521//521 555//555 556//556
f 521//521 556//556 557//557
f 521//521 557//557 522//522
f 522//522 557//557 558//558
f 522//522 558//558 523//523
f 523//523 558//558 559//559
f 523//523 559//559 524//524
f 524//524 559//559 529//529
f 524//524 529//529 527//527
f 524//524 526//526 525//525
f 528//528 531//531 561//561
f 528//528 561//561 560//560
f 529//529 559//559 530//530
f 530//530 562//562 531//531
f 530//530 559//559 557//557
f 530//530 557//557 556//556
f 530//530 556//556 562//562
f 531//531 562//562 561//561
f 532//532 563//563 533//533
f 533//533 564//564 565//565
f 533//533 565//565 566//566
f 533//533 566//566 534//534
f 533//533 563//563 567//567
f 533//533 567//567 564//564
f 534//534 566//566 535//535
f 535//535 566//566 568//568
f 535//535 568//568 536//536
f 536//536 568//568 569//569
f 536//536 569//569 537//537
f 537//537 569//569 570//570
f 537//537 570//570 538//538
f 538//538 570//570 571//571
f 538//538 571//571 572//572
f 538//538 572//572 539//539
f 539//539 572//572 540//540
f 540//540 573//573 541//541
f 540//540 572//572 571//571
f 540//540 571//571 574//574
f 540//540 574//574 573//573
f 541//541 573//573 574//574
f 541//541 574//574 575//575
f 541//541 575//575 545//545
f 545//545 575//575 576//576
f 545//545 576//576 577//577
f 545//545 577//577 578//578
f 545//545 578//578 579//579
f 545//545 579//579 546//546
f 546//546 579//579 580//580
f 546//546 580//580 581//581
f 546//546 581//581 582//582
f 546//546 582//582 547//547
f 547//547 582//582 548//548
f 548//548 582//582 583//583
f 549//549 584//584 585//585
f 549//549 585//585 550//550
f 550//550 585//585 551//551
f 551//551 586//586 587//587
f 551//551 587//587 552//552
f 551//551 585//585 586//586
f 552//552 587//587 553//553
f 553//553 587//587 588//588
f 553//553 588//588 554//554
f 554//554 588//588 589//589
f 554//554 589//589 590//590
f 554//554 590//590 591//591
f 554//554 591//591 592//592
f 554//554 592//592 593//593
f 554//554 593//593 555//555
f 555//555 593//593 556//556
f 556//556 593//593 562//562
f 557//557 559//559 558//558
f 560//560 594//594 595//595
f 560//560 595//595 596//596
f 560//560 596//596 597//597
f 560//560 561//561 598//598
f 560//560 598//598 599//599
f 560//560 599//599 600//600
f 560//560 600//600 594//594
f 561//561 562//562 598//598
f 562//562 601//601 602//602
f 562//562 602//602 603//603
f 562//562 603//603 598//598
f 562//562 593//593 592//592
f 562//562 592//592 601//601
f 563//563 604//604 605//605
f 563//563 605//605 567//567
f 564//564 606//606 607//607
f 564//564 607//607 608//608
f 564//564 608//608 566//566
f 564//564 566//566 565//565
f 564//564 567//567 605//605
f 564//564 605//605 609//609
f 564//564 609//609 610//610
f 564//564 610//610 611//611
f 564//564 611//611 606//606
f 566//566 607//607 612//612
f 566//566 612//612 568//568
f 566//566 608//608 607//607
f 568//568 612//612 569//569
f 569//569 613//613 574//574
f 569//569 574//574 570//570
f 569//569 612//612 614//614
f 569//569 614//614 613//613
f 570//570 574//574 571//571
f 574//574 613//613 614//614
f 574//574 614//614 615//615
f 574//574 615//615 576//576
f 574//574 576//576 575//575
f 576//576 578//578 577//577
f 576//576 615//615 616//616
f 576//576 616//616 617//617
f 576//576 617//617 618//618
f 576//576 618//618 619//619
f 576//576 619//619 620//620
f 576//576 620//620 578//578
f 578//578 620//620 621//621
f 578//578 621//621 622//622
f 578//578 622//622 579//579
f 579//579 622//622 581//581
f 579//579 581//581 580//580
f 581//581 622//622 623//623
f 581//581 623//623 624//624
f 581//581 624//624 625//625
f 581//581 625//625 626//626
f 581//581 626//626 583//583
f 581//581 583//583 582//582
f 584//584 627//627 585//585
f 585//585 627//627 628//628
f 585//585 628//628 629//629
f 585//585 629//629 630//630
f 585//585 630//630 631//631
f 585//585 631//631 586//586
f 586//586 632//632 587//587
f 586//586 631//631 632//632
f 587//587 632//632 588//588
f 588//588 632//632 589//589
f 589//589 633//633 634//634
f 589//589 634//634 590//590
f 589//589 632//632 633//633
f 590//590 634//634 635//635
f 590//590 635//635 636//636
f 590//590 636//636 591//591
f 591//591 636//636 592//592
f 592//592 636//636 637//637
f 592//592 637//637 602//602
f 592//592 602//602 601//601
f 594//594 638//638 596//596
f 594//594 596//596 595//595
f 594//594 600//600 639//639
f 594//594 639//639 640//640
f 594//594 640//640 638//638
f 596//596 638//638 641//641
f 596//596 641//641 642//642
f 596//596 642//642 643//643
f 596//596 643//643 597//597
f 598//598 603//603 599//599
f 599//599 603//603 602//602
f 599//599 602//602 639//639
f 599//599 639//639 600//600
f 602//602 644//644 640//640
f 602//602 640//640 639//639
f 602//602 637//637 644//644
f 604//604 645//645 646//646
f 604//604 646//646 647//647
f 604//604 647//647 648//648
f 604//604 648//648 605//605
f 605//605 648//648 610//610
f 605//605 610//610 609//609
f 606//606 649//649 619//619
f 606//606 619//619 650//650
f 606//606 650//650 618//618
f 606//606 618//618 607//607
f 606//606 611//611 610//610
f 606//606 610//610 651//651
f 606//606 651//651 649//649
f 607//607 618//618 617//617
f 607//607 617//617 612//612
f 610//610 648//648 647//647
f 610//610 647//647 652//652
f 610//610 652//652 653//653
f 610//610 653//653 654//654
f 610//610 654//654 651//651
f 612//612 617//617 614//614
f 614//614 617//617 615//615
f 615//615 617//617 616//616
f 618//618 650//650 619//619
f 619//619 649//649 621//621
f 619//619 621//621 620//620
f 621//621 649//649 655//655
f 621//621 655//655 622//622
f 622//622 655//655 656//656
f 622//622 656//656 657//657
f 622//622 657//657 623//623
f 623//623 658//658 624//624
f 623//623 657//657 659//659
f 623//623 659//659 660//660
f 623//623 660//660 661//661
f 623//623 661//661 662//662
f 623//623 662//662 658//658
f 629//629 663//663 630//630
f 630//630 664//664 665//665
f 630//630 665//665 633//633
f 630//630 633//633 631//631
f 630//630 663//663 664//664
f 631//631 633//633 632//632
f 633//633 665//665 634//634
f 634//634 665//665 666//666
f 634//634 666//666 635//635
f 635//635 666//666 667//667
f 635//635 667//667 668//668
f 635//635 668//668 669//669
f 635//635 669//669 636//636
f 636//636 669//669 670//670
f 636//636 670//670 671//671
f 636//636 671//671 644//644
f 636//636 644//644 637//637
f 638//638 640//640 641//641
f 640//640 644//644 672//672
f 640//640 672//672 641//641
f 641//641 672//672 668//668
f 641//641 668//668 673//673
f 641//641 673//673 674//674
f 641//641 674//674 675//675
f 641//641 675//675 676//676
f 641//641 676//676 642//642
f 642//642 676//676 643//643
f 643//643 676//676 677//677
f 643//643 677//677 678//678
f 644//644 671//671 668//668
f 644//644 668//668 672//672
f 645//645 679//679 680//680
f 645//645 680//680 681//681
f 645//645 681//681 646//646
f 646//646 681//681 682//682
f 646//646 682//682 652//652
f 646//646 652//652 647//647
f 649//649 656//656 655//655
f 649//649 651//651 654//654
f 649//649 654//654 683//683
f 649//649 683//683 684//684
f 649//649 684//684 656//656
f 652//652 682//682 685//685
f 652//652 685//685 686//686
f 652//652 686//686 653//653
f 653//653 686//686 654//654
f 654//654 686//686 687//687
f 654//654 687//687 688//688
f 654//654 688//688 689//689
f 654//654 689//689 690//690
f 654//654 690//690 683//683
f 656//656 691//691 657//657
f 656//656 684//684 659//659
f 656//656 659//659 691//691
f 657//657 691//691 659//659
f 659//659 684//684 660//660
f 660//660 684//684 692//692
f 660//660 692//692 661//661
f 661//661 692//692 693//693
f 661//661 693//693 694//694
f 661//661 694//694 662//662
f 662//662 694//694 695//695
f 663//663 696//696 697//697
f 663//663 697//697 698//698
f 663//663 698//698 664//664
f 664//664 698//698 699//699
f 664//664 699//699 700//700
f 664//664 700//700 665//665
f 665//665 700//700 701//701
f 665//665 701//701 702//702
f 665//665 702//702 703//703
f 665//665 703//703 666//666
f 666//666 703//703 667//667
f 667//667 703//703 702//702
f 667//667 702//702 704//704
f 667//667 704//704 668//668
f 668//668 704//704 673//673
f 668//668 671//671 669//669
f 669//669 671//671 670//670
f 673//673 705//705 706//706
f 673//673 706//706 674//674
f 673//673 704//704 705//705
f 674//674 706//706 707//707
f 674//674 707//707 675//675
f 675//675 707//707 708//708
f 675//675 708//708 677//677
f 675//675 677//677 676//676
f 677//677 708//708 709//709
f 677//677 709//709 710//710
f 677//677 710//710 678//678
f 678//678 710//710 711//711
f 679//679 711//711 680//680
f 680//680 711//711 710//710
f 680//680 710//710 712//712
f 680//680 712//712 681//681
f 681//681 712//712 682//682
f 682//682 713//713 714//714
f 682//682 714//714 687//687
f 682//682 687//687 685//685
f 682//682 712//712 715//715
f 682//682 715//715 713//713
f 683//683 690//690 716//716
f 683//683 716//716 684//684
f 684//684 716//716 692//692
f 685//685 687//687 686//686
f 687//687 714//714 717//717
f 687//687 717//717 688//688
f 688//688 717//717 718//718
f 688//688 718//718 719//719
f 688//688 719//719 689//689
f 689//689 720//720 716//716
f 689//689 716//716 690//690
f 689//689 719//719 720//720
f 692//692 716//716 720//720
f 692//692 720//720 693//693
f 693//693 720//720 721//721
f 693//693 721//721 722//722
f 693//693 722//722 723//723
f 693//693 723//723 694//694
f 694//694 723//723 695//695
f 695//695 723//723 724//724
f 696//696 725//725 697//697
f 697//697 726//726 727//727
f 697//697 727//727 699//699
f 697//697 699//699 698//698
f 697//697 725//725 728//728
f 697//697 728//728 729//729
f 697//697 729//729 726//726
f 699//699 730//730 700//700
f 699//699 727//727 730//730
f 700//700 730//730 731//731
f 700//700 731//731 732//732
f 700//700 732//732 733//733
f 700//700 733//733 701//701
f 701//701 733//733 702//702
f 702//702 733//733 732//732
f 702//702 732//732 734//734
f 702//702 734//734 705//705
f 702//702 705//705 704//704
f 705//705 734//734 735//735
f 705//705 735//735 706//706
f 706//706 735//735 736//736
f 706//706 736//736 737//737
f 706//706 737//737 738//738
f 706//706 738//738 739//739
f 706//706 739//739 740//740
f 706//706 740//740 707//707
f 707//707 740//740 708//708
f 708//708 740//740 709//709
f 709//709 740//740 741//741
f 709//709 741//741 710//710
f 710//710 741//741 712//712
f 712//712 741//741 715//715
f 713//713 715//715 742//742
f 713//713 742//742 743//743
f 713//713 743//743 744//744
f 713//713 744//744 745//745
f 713//713 745//745 719//719
f 713//713 719//719 718//718
f 713//713 718//718 717//717
f 713//713 717//717 714//714
f 715//715 741//741 742//742
f 719//719 721//721 720//720
f 719//719 745//745 721//721
f 721//721 745//745 746//746
f 721//721 746//746 722//722
f 722//722 747//747 724//724
f 722//722 724//724 723//723
f 722//722 746//746 748//748
f 722//722 748//748 749//749
f 722//722 749//749 747//747
f 726//726 729//729 750//750
f 726//726 750//750 727//727
f 727//727 750//750 751//751
f 727//727 751//751 730//730
f 728//728 752//752 729//729
f 729//729 752//752 749//749
f 729//729 749//749 748//748
f 729//729 748//748 746//746
f 729//729 746//746 750//750
f 730//730 751//751 753//753
f 730//730 753//753 754//754
f 730//730 754//754 732//732
f 730//730 732//732 731//731
f 732//732 754//754 737//737
f 732//732 737//737 734//734
f 734//734 737//737 736//736
f 734//734 736//736 735//735
f 737//737 755//755 756//756
f 737//737 756//756 757//757
f 737//737 757//757 738//738
f 737//737 754//754 753//753
f 737//737 753//753 755//755
f 738//738 757//757 758//758
f 738//738 758//758 759//759
f 738//738 759//759 739//739
f 739//739 759//759 741//741
f 739//739 741//741 740//740
f 741//741 759//759 758//758
f 741//741 758//758 760//760
f 741//741 760//760 742//742
f 742//742 760//760 761//761
f 742//742 761//761 743//743
f 743//743 761//761 760//760
f 743//743 760//760 744//744
f 744//744 760//760 756//756
f 744//744 756//756 745//745
f 745//745 756//756 755//755
f 745//745 755//755 746//746
f 746//746 755//755 750//750
f 750//750 755//755 753//753
f 750//750 753//753 751//751
f 756//756 760//760 757//757
f 757//757 760//760 758//758
f 762//762 763//763 764//764
f 762//762 764//764 765//765
f 762//762 765//765 766//766
f 762//762 766//766 767//767
f 762//762 767//767 768//768
f 762//762 768//768 763//763
f 763//763 769//769 770//770
f 763//763 770//770 764//764
f 763//763 768//768 771//771
f 763//763 771//771 769//769
f 764//764 772//772 765//765
f 764//764 770//770 773//773
f 764//764 773//773 774//774
f 764//764 774//774 775//775
f 764//764 775//775 772//772
f 765//765 772//772 776//776
f 765//765 776//776 777//777
f 765//765 777//777 766//766
f 766//766 777//777 767//767
f 767//767 777//777 778//778
f 767//767 778//778 779//779
f 767//767 779//779 780//780
f 767//767 780//780 768//768
f 768//768 780//780 781//781
f 768//768 781//781 782//782
f 768//768 782//782 783//783
f 768//768 783//783 784//784
f 768//768 784//784 771//771
f 769//769 785//785 786//786
f 769//769 786//786 770//770
f 769//769 771//771 784//784
f 769//769 784//784 785//785
f 770//770 786//786 787//787
f 770//770 787//787 773//773
f 772//772 775//775 788//788
f 772//772 788//788 776//776
f 773//773 787//787 789//789
f 773//773 789//789 829//829
f 773//773 829//829 868//868
f 773//773 868//868 827//827
f 773//773 827//827 826//826
f 773//773 826//826 825//825
f 773//773 825//825 824//824
f 773//773 824//824 867//867
f 773//773 867//867 918//918
f 773//773 918//918 917//917
f 773//773 917//917 967//967
f 773//773 967//967 1022//1022
f 773//773 1022//1022 1087//1087
f 773//773 1087//1087 1149//1149
f 773//773 1149//1149 1152//1152
f 773//773 1152//1152 1091//1091
f 773//773 1091//1091 1090//1090
f 773//773 1090//1090 1151//1151
f 773//773 1151//1151 1218//1218
f 773//773 1218//1218 1285//1285
f 773//773 1285//1285 1357//1357
f 773//773 1357//1357 1356//1356
f 773//773 1356//1356 1355//1355
f 773//773 1355//1355 1354//1354
f 773//773 1354//1354 1353//1353
f 773//773 1353//1353 1352//1352
f 773//773 1352//1352 1427//1427
f 773//773 1427//1427 1426//1426
f 773//773 1426//1426 1425//1425
f 773//773 1425//1425 1424//1424
f 773//773 1424//1424 1416//1416
f 773//773 1416//1416 1461//1461
f 773//773 1461//1461 1460//1460
f 773//773 1460//1460 1459//1459
f 773//773 1459//1459 1472//1472
f 773//773 1472//1472 1471//1471
f 773//773 1471//1471 1468//1468
f 773//773 1468//1468 1464//1464
f 773//773 1464//1464 1429//1429
f 773//773 1429//1429 1463//1463
f 773//773 1463//1463 1432//1432
f 773//773 1432//1432 1361//1361
f 773//773 1361//1361 1293//1293
f 773//773 1293//1293 1225//1225
f 773//773 1225//1225 1224//1224
f 773//773 1224//1224 1229//1229
f 773//773 1229//1229 1163//1163
f 773//773 1163//1163 1161//1161
f 773//773 1161//1161 1100//1100
f 773//773 1100//1100 1030//1030
f 773//773 1030//1030 973//973
f 773//773 973//973 930//930
f 773//773 930//930 929//929
f 773//773 929//929 919//919
f 773//773 919//919 869//869
f 773//773 869//869 833//833
f 773//773 833//833 797//797
f 773//773 797//797 796//796
f 773//773 796//796 832//832
f 773//773 832//832 831//831
f 773//773 831//831 830//830
f 773//773 830//830 791//791
f 773//773 791//791 790//790
f 773//773 790//790 774//774
f 774//774 790//790 775//775
f 775//775 790//790 791//791
f 775//775 791//791 792//792
f 775//775 792//792 793//793
f 775//775 793//793 794//794
f 775//775 794//794 788//788
f 776//776 788//788 795//795
f 776//776 795//795 796//796
f 776//776 796//796 797//797
f 776//776 797//797 798//798
f 776//776 798//798 799//799
f 776//776 799//799 800//800
f 776//776 800//800 801//801
f 776//776 801//801 777//777
f 777//777 801//801 779//779
f 777//777 779//779 778//778
f 779//779 802//802 803//803
f 779//779 803//803 780//780
f 779//779 801//801 804//804
f 779//779 804//804 805//805
f 779//779 805//805 806//806
f 779//779 806//806 802//802
f 780//780 803//803 807//807
f 780//780 807//807 781//781
f 781//781 808//808 809//809
f 781//781 809//809 810//810
f 781//781 810//810 811//811
f 781//781 811//811 812//812
f 781//781 812//812 782//782
f 781//781 807//807 808//808
f 782//782 812//812 813//813
f 782//782 813//813 783//783
f 783//783 813//813 814//814
f 783//783 814//814 815//815
f 783//783 815//815 784//784
f 784//784 815//815 816//816
f 784//784 816//816 817//817
f 784//784 817//817 785//785
f 785//785 818//818 819//819
f 785//785 819//819 820//820
f 785//785 820//820 821//821
f 785//785 821//821 786//786
f 785//785 817//817 822//822
f 785//785 822//822 818//818
f 786//786 821//821 823//823
f 786//786 823//823 824//824
f 786//786 824//824 825//825
f 786//786 825//825 826//826
f 786//786 826//826 827//827
f 786//786 827//827 828//828
f 786//786 828//828 787//787
f 787//787 828//828 829//829
f 787//787 829//829 789//789
f 788//788 794//794 793//793
f 788//788 793//793 795//795
f 791//791 830//830 793//793
f 791//791 793//793 792//792
f 793//793 830//830 795//795
f 795//795 830//830 831//831
f 795//795 831//831 832//832
f 795//795 832//832 796//796
f 797//797 833//833 834//834
f 797//797 834//834 835//835
f 797//797 835//835 798//798
f 798//798 835//835 799//799
f 799//799 836//836 837//837
f 799//799 837//837 838//838
f 799//799 838//838 800//800
f 799//799 835//835 836//836
f 800//800 838//838 839//839
f 800//800 839//839 804//804
f 800//800 804//804 801//801
f 802//802 806//806 840//840
f 802//802 840//840 841//841
f 802//802 841//841 842//842
f 802//802 842//842 808//808
f 802//802 808//808 803//803
f 803//803 808//808 807//807
f 804//804 839//839 805//805
f 805//805 839//839 843//843
f 805//805 843//843 840//840
f 805//805 840//840 806//806
f 808//808 842//842 844//844
f 808//808 844//844 845//845
f 808//808 845//845 810//810
f 808//808 810//810 809//809
f 810//810 845//845 846//846
f 810//810 846//846 847//847
f 810//810 847//847 848//848
f 810//810 848//848 849//849
f 810//810 849//849 811//811
f 811//811 849//849 812//812
f 812//812 850//850 815//815
f 812//812 815//815 813//813
f 812//812 849//849 851//851
f 812//812 851//851 852//852
f 812//812 852//852 853//853
f 812//812 853//853 850//850
f 813//813 815//815 814//814
f 815//815 854//854 816//816
f 815//815 850//850 854//854
f 816//816 854//854 817//817
f 817//817 854//854 855//855
f 817//817 855//855 822//822
f 818//818 856//856 819//819
f 818//818 822//822 857//857
f 818//818 857//857 858//858
f 818//818 858//858 859//859
f 818//818 859//859 860//860
f 818//818 860//860 856//856
f 819//819 856//856 820//820
f 820//820 861//861 862//862
f 820//820 862//862 863//863
f 820//820 863//863 821//821
f 820//820 856//856 864//864
f 820//820 864//864 861//861
f 821//821 863//863 865//865
f 821//821 865//865 823//823
f 822//822 855//855 857//857
f 823//823 865//865 866//866
f 823//823 866//866 824//824
f 824//824 866//866 865//865
f 824//824 865//865 867//867
f 827//827 868//868 828//828
f 828//828 868//868 829//829
f 833//833 869//869 870//870
f 833//833 870//870 834//834
f 834//834 870//870 871//871
f 834//834 871//871 835//835
f 835//835 871//871 872//872
f 835//835 872//872 873//873
f 835//835 873//873 836//836
f 836//836 874//874 837//837
f 836//836 873//873 875//875
f 836//836 875//875 876//876
f 836//836 876//876 877//877
f 836//836 877//877 878//878
f 836//836 878//878 874//874
f 837//837 843//843 879//879
f 837//837 879//879 838//838
f 837//837 874//874 880//880
f 837//837 880//880 881//881
f 837//837 881//881 882//882
f 837//837 882//882 883//883
f 837//837 883//883 843//843
f 838//838 879//879 843//843
f 838//838 843//843 839//839
f 840//840 843//843 884//884
f 840//840 884//884 885//885
f 840//840 885//885 886//886
f 840//840 886//886 841//841
f 841//841 886//886 887//887
f 841//841 887//887 842//842
f 842//842 887//887 844//844
f 843//843 883//883 884//884
f 844//844 887//887 845//845
f 845//845 888//888 846//846
f 845//845 887//887 888//888
f 846//846 888//888 889//889
f 846//846 889//889 847//847
f 847//847 889//889 890//890
f 847//847 890//890 848//848
f 848//848 890//890 891//891
f 848//848 891//891 851//851
f 848//848 851//851 849//849
f 850//850 853//853 892//892
f 850//850 892//892 893//893
f 850//850 893//893 894//894
f 850//850 894//894 854//854
f 851//851 891//891 895//895
f 851//851 895//895 896//896
f 851//851 896//896 897//897
f 851//851 897//897 852//852
f 852//852 898//898 853//853
f 852//852 897//897 899//899
f 852//852 899//899 900//900
f 852//852 900//900 898//898
f 853//853 898//898 892//892
f 854//854 894//894 901//901
f 854//854 901//901 855//855
f 855//855 901//901 902//902
f 855//855 902//902 857//857
f 856//856 903//903 864//864
f 856//856 860//860 904//904
f 856//856 904//904 903//903
f 857//857 902//902 905//905
f 857//857 905//905 906//906
f 857//857 906//906 907//907
f 857//857 907//907 908//908
f 857//857 908//908 858//858
f 858//858 908//908 859//859
f 859//859 908//908 907//907
f 859//859 907//907 909//909
f 859//859 909//909 860//860
f 860//860 909//909 910//910
f 860//860 910//910 911//911
f 860//860 911//911 912//912
f 860//860 912//912 904//904
f 861//861 913//913 862//862
f 861//861 864//864 913//913
f 862//862 913//913 914//914
f 862//862 914//914 865//865
f 862//862 865//865 863//863
f 864//864 903//903 912//912
f 864//864 912//912 913//913
f 865//865 914//914 915//915
f 865//865 915//915 916//916
f 865//865 916//916 917//917
f 865//865 917//917 918//918
f 865//865 918//918 867//867
f 869//869 919//919 870//870
f 870//870 920//920 921//921
f 870//870 921//921 871//871
f 870//870 919//919 920//920
f 871//871 876//876 872//872
f 871//871 921//921 876//876
f 872//872 876//876 873//873
f 873//873 876//876 875//875
f 874//874 878//878 922//922
f 874//874 922//922 923//923
f 874//874 923//923 924//924
f 874//874 924//924 880//880
f 876//876 925//925 926//926
f 876//876 926//926 927//927
f 876//876 927//927 877//877
f 876//876 921//921 928//928
f 876//876 928//928 929//929
f 876//876 929//929 930//930
f 876//876 930//930 931//931
f 876//876 931//931 925//925
f 877//877 927//927 922//922
f 877//877 922//922 878//878
f 880//880 924//924 881//881
f 881//881 932//932 933//933
f 881//881 933//933 934//934
f 881//881 934//934 935//935
f 881//881 935//935 936//936
f 881//881 936//936 882//882
f 881//881 924//924 932//932
f 882//882 936//936 935//935
f 882//882 935//935 937//937
f 882//882 937//937 883//883
f 883//883 937//937 938//938
f 883//883 938//938 939//939
f 883//883 939//939 884//884
f 884//884 939//939 940//940
f 884//884 940//940 885//885
f 885//885 940//940 886//886
f 886//886 940//940 887//887
f 887//887 940//940 941//941
f 887//887 941//941 888//888
f 888//888 941//941 942//942
f 888//888 942//942 943//943
f 888//888 943//943 944//944
f 888//888 944//944 889//889
f 889//889 944//944 945//945
f 889//889 945//945 890//890
f 890//890 945//945 946//946
f 890//890 946//946 947//947
f 890//890 947//947 948//948
f 890//890 948//948 949//949
f 890//890 949//949 895//895
f 890//890 895//895 891//891
f 892//892 898//898 893//893
f 893//893 950//950 894//894
f 893//893 898//898 951//951
f 893//893 951//951 950//950
f 894//894 950//950 901//901
f 895//895 949//949 896//896
f 896//896 949//949 897//897
f 897//897 949//949 952//952
f 897//897 952//952 953//953
f 897//897 953//953 899//899
f 898//898 900//900 954//954
f 898//898 954//954 951//951
f 899//899 953//953 954//954
f 899//899 954//954 900//900
f 901//901 950//950 955//955
f 901//901 955//955 902//902
f 902//902 955//955 905//905
f 903//903 904//904 912//912
f 905//905 955//955 906//906
f 906//906 956//956 907//907
f 906//906 955//955 957//957
f 906//906 957//957 958//958
f 906//906 958//958 956//956
f 907//907 956//956 910//910
f 907//907 910//910 909//909
f 910//910 956//956 958//958
f 910//910 958//958 959//959
f 910//910 959//959 960//960
f 910//910 960//960 911//911
f 911//911 961//961 962//962
f 911//911 962//962 963//963
f 911//911 963//963 964//964
f 911//911 964//964 913//913
f 911//911 913//913 912//912
f 911//911 960//960 959//959
f 911//911 959//959 961//961
f 913//913 964//964 915//915
f 913//913 915//915 914//914
f 915//915 965//965 966//966
f 915//915 966//966 916//916
f 915//915 964//964 965//965
f 916//916 966//966 967//967
f 916//916 967//967 917//917
f 919//919 929//929 920//920
f 920//920 928//928 921//921
f 920//920 929//929 928//928
f 922//922 968//968 923//923
f 922//922 927//927 968//968
f 923//923 968//968 924//924
f 924//924 968//968 969//969
f 924//924 969//969 970//970
f 924//924 970//970 933//933
f 924//924 933//933 932//932
f 925//925 971//971 926//926
f 925//925 931//931 971//971
f 926//926 971//971 927//927
f 927//927 971//971 972//972
f 927//927 972//972 968//968
f 930//930 973//973 931//931
f 931//931 973//973 971//971
f 933//933 974//974 975//975
f 933//933 975//975 976//976
f 933//933 976//976 977//977
f 933//933 977//977 978//978
f 933//933 978//978 935//935
f 933//933 935//935 934//934
f 933//933 970//970 974//974
f 935//935 978//978 979//979
f 935//935 979//979 980//980
f 935//935 980//980 937//937
f 937//937 980//980 938//938
f 938//938 980//980 981//981
f 938//938 981//981 982//982
f 938//938 982//982 983//983
f 938//938 983//983 984//984
f 938//938 984//984 939//939
f 939//939 984//984 940//940
f 940//940 984//984 942//942
f 940//940 942//942 941//941
f 942//942 984//984 983//983
f 942//942 983//983 982//982
f 942//942 982//982 985//985
f 942//942 985//985 986//986
f 942//942 986//986 987//987
f 942//942 987//987 988//988
f 942//942 988//988 944//944
f 942//942 944//944 943//943
f 944//944 988//988 946//946
f 944//944 946//946 945//945
f 946//946 988//988 987//987
f 946//946 987//987 989//989
f 946//946 989//989 990//990
f 946//946 990//990 991//991
f 946//946 991//991 992//992
f 946//946 992//992 993//993
f 946//946 993//993 994//994
f 946//946 994//994 947//947
f 947//947 994//994 948//948
f 948//948 995//995 949//949
f 948//948 994//994 995//995
f 949//949 995//995 952//952
f 950//950 951//951 996//996
f 950//950 996//996 955//955
f 951//951 954//954 997//997
f 951//951 997//997 998//998
f 951//951 998//998 999//999
f 951//951 999//999 1000//1000
f 951//951 1000//1000 996//996
f 952//952 995//995 1001//1001
f 952//952 1001//1001 1002//1002
f 952//952 1002//1002 953//953
f 953//953 1003//1003 954//954
f 953//953 1002//1002 1003//1003
f 954//954 1003//1003 997//997
f 955//955 1004//1004 1005//1005
f 955//955 1005//1005 957//957
f 955//955 996//996 1004//1004
f 957//957 959//959 958//958
f 957//957 1005//1005 1004//1004
f 957//957 1004//1004 1006//1006
f 957//957 1006//1006 1007//1007
f 957//957 1007//1007 959//959
f 959//959 1007//1007 1008//1008
f 959//959 1008//1008 961//961
f 961//961 1008//1008 1009//1009
f 961//961 1009//1009 1010//1010
f 961//961 1010//1010 1011//1011
f 961//961 1011//1011 1012//1012
f 961//961 1012//1012 962//962
f 962//962 1013//1013 963//963
f 962//962 1012//1012 1013//1013
f 963//963 1014//1014 1015//1015
f 963//963 1015//1015 1016//1016
f 963//963 1016//1016 964//964
f 963//963 1013//1013 1014//1014
f 964//964 1016//1016 1017//1017
f 964//964 1017//1017 965//965
f 965//965 1018//1018 966//966
f 965//965 1017//1017 1019//1019
f 965//965 1019//1019 1020//1020
f 965//965 1020//1020 1018//1018
f 966//966 1018//1018 1021//1021
f 966//966 1021//1021 967//967
f 967//967 1021//1021 1022//1022
f 968//968 1023//1023 1024//1024
f 968//968 1024//1024 1025//1025
f 968//968 1025//1025 1026//1026
f 968//968 1026//1026 969//969
f 968//968 972//972 1027//1027
f 968//968 1027//1027 1023//1023
f 969//969 1026//1026 1028//1028
f 969//969 1028//1028 974//974
f 969//969 974//974 970//970
f 971//971 1029//1029 1027//1027
f 971//971 1027//1027 972//972
f 971//971 973//973 1030//1030
f 971//971 1030//1030 1029//1029
f 974//974 1028//1028 975//975
f 975//975 1028//1028 1031//1031
f 975//975 1031//1031 1032//1032
f 975//975 1032//1032 976//976
f 976//976 1032//1032 1033//1033
f 976//976 1033//1033 1034//1034
f 976//976 1034//1034 1035//1035
f 976//976 1035//1035 977//977
f 977//977 1035//1035 1034//1034
f 977//977 1034//1034 1036//1036
f 977//977 1036//1036 1037//1037
f 977//977 1037//1037 1038//1038
f 977//977 1038//1038 1039//1039
f 977//977 1039//1039 978//978
f 978//978 1039//1039 979//979
f 979//979 1039//1039 1040//1040
f 979//979 1040//1040 980//980
f 980//980 1040//1040 981//981
f 981//981 1040//1040 1041//1041
f 981//981 1041//1041 982//982
f 982//982 1041//1041 987//987
f 982//982 987//987 986//986
f 982//982 986//986 985//985
f 987//987 1041//1041 1040//1040
f 987//987 1040//1040 1042//1042
f 987//987 1042//1042 1043//1043
f 987//987 1043//1043 989//989
f 989//989 1043//1043 1042//1042
f 989//989 1042//1042 990//990
f 990//990 1044//1044 1045//1045
f 990//990 1045//1045 991//991
f 990//990 1042//1042 1046//1046
f 990//990 1046//1046 1047//1047
f 990//990 1047//1047 1044//1044
f 991//991 1045//1045 1048//1048
f 991//991 1048//1048 992//992
f 992//992 1049//1049 1050//1050
f 992//992 1050//1050 1051//1051
f 992//992 1051//1051 1052//1052
f 992//992 1052//1052 1053//1053
f 992//992 1053//1053 1054//1054
f 992//992 1054//1054 1055//1055
f 992//992 1055//1055 994//994
f 992//992 994//994 993//993
f 992//992 1048//1048 1049//1049
f 994//994 1055//1055 1056//1056
f 994//994 1056//1056 995//995
f 995//995 1056//1056 1001//1001
f 996//996 1000//1000 1057//1057
f 996//996 1057//1057 1058//1058
f 996//996 1058//1058 1006//1006
f 996//996 1006//1006 1059//1059
f 996//996 1059//1059 1004//1004
f 997//997 1060//1060 1061//1061
f 997//997 1061//1061 1062//1062
f 997//997 1062//1062 1063//1063
f 997//997 1063//1063 998//998
f 997//997 1003//1003 1060//1060
f 998//998 1064//1064 1065//1065
f 998//998 1065//1065 999//999
f 998//998 1063//1063 1062//1062
f 998//998 1062//1062 1066//1066
f 998//998 1066//1066 1064//1064
f 999//999 1065//1065 1000//1000
f 1000//1000 1065//1065 1057//1057
f 1001//1001 1056//1056 1002//1002
f 1002//1002 1056//1056 1055//1055
f 1002//1002 1055//1055 1067//1067
f 1002//1002 1067//1067 1068//1068
f 1002//1002 1068//1068 1069//1069
f 1002//1002 1069//1069 1061//1061
f 1002//1002 1061//1061 1060//1060
f 1002//1002 1060//1060 1003//1003
f 1004//1004 1059//1059 1006//1006
f 1006//1006 1058//1058 1007//1007
f 1007//1007 1058//1058 1070//1070
f 1007//1007 1070//1070 1071//1071
f 1007//1007 1071//1071 1008//1008
f 1008//1008 1071//1071 1009//1009
f 1009//1009 1071//1071 1010//1010
f 1010//1010 1071//1071 1072//1072
f 1010//1010 1072//1072 1011//1011
f 1011//1011 1073//1073 1012//1012
f 1011//1011 1072//1072 1074//1074
f 1011//1011 1074//1074 1075//1075
f 1011//1011 1075//1075 1073//1073
f 1012//1012 1073//1073 1076//1076
f 1012//1012 1076//1076 1077//1077
f 1012//1012 1077//1077 1013//1013
f 1013//1013 1078//1078 1014//1014
f 1013//1013 1077//1077 1078//1078
f 1014//1014 1078//1078 1079//1079
f 1014//1014 1079//1079 1015//1015
f 1015//1015 1079//1079 1080//1080
f 1015//1015 1080//1080 1081//1081
f 1015//1015 1081//1081 1016//1016
f 1016//1016 1081//1081 1082//1082
f 1016//1016 1082//1082 1017//1017
f 1017//1017 1082//1082 1083//1083
f 1017//1017 1083//1083 1084//1084
f 1017//1017 1084//1084 1019//1019
f 1018//1018 1020//1020 1085//1085
f 1018//1018 1085//1085 1086//1086
f 1018//1018 1086//1086 1087//1087
f 1018//1018 1087//1087 1021//1021
f 1019//1019 1084//1084 1083//1083
f 1019//1019 1083//1083 1088//1088
f 1019//1019 1088//1088 1089//1089
f 1019//1019 1089//1089 1020//1020
f 1020//1020 1089//1089 1090//1090
f 1020//1020 1090//1090 1091//1091
f 1020//1020 1091//1091 1092//1092
f 1020//1020 1092//1092 1085//1085
f 1021//1021 1087//1087 1022//1022
f 1023//1023 1093//1093 1024//1024
f 1023//1023 1027//1027 1029//1029
f 1023//1023 1029//1029 1094//1094
f 1023//1023 1094//1094 1093//1093
f 1024//1024 1093//1093 1025//1025
f 1025//1025 1093//1093 1095//1095
f 1025//1025 1095//1095 1096//1096
f 1025//1025 1096//1096 1031//1031
f 1025//1025 1031//1031 1026//1026
f 1026//1026 1031//1031 1028//1028
f 1029//1029 1097//1097 1098//1098
f 1029//1029 1098//1098 1099//1099
f 1029//1029 1099//1099 1094//1094
f 1029//1029 1030//1030 1100//1100
f 1029//1029 1100//1100 1097//1097
f 1031//1031 1096//1096 1101//1101
f 1031//1031 1101//1101 1102//1102
f 1031//1031 1102//1102 1103//1103
f 1031//1031 1103//1103 1032//1032
f 1032//1032 1103//1103 1104//1104
f 1032//1032 1104//1104 1105//1105
f 1032//1032 1105//1105 1106//1106
f 1032//1032 1106//1106 1033//1033
f 1033//1033 1106//1106 1107//1107
f 1033//1033 1107//1107 1108//1108
f 1033//1033 1108//1108 1050//1050
f 1033//1033 1050//1050 1109//1109
f 1033//1033 1109//1109 1034//1034
f 1034//1034 1109//1109 1110//1110
f 1034//1034 1110//1110 1036//1036
f 1036//1036 1110//1110 1111//1111
f 1036//1036 1111//1111 1037//1037
f 1037//1037 1111//1111 1045//1045
f 1037//1037 1045//1045 1044//1044
f 1037//1037 1044//1044 1038//1038
f 1038//1038 1047//1047 1046//1046
f 1038//1038 1046//1046 1112//1112
f 1038//1038 1112//1112 1039//1039
f 1038//1038 1044//1044 1047//1047
f 1039//1039 1112//1112 1040//1040
f 1040//1040 1112//1112 1042//1042
f 1042//1042 1112//1112 1046//1046
f 1045//1045 1111//1111 1048//1048
f 1048//1048 1111//1111 1113//1113
f 1048//1048 1113//1113 1049//1049
f 1049//1049 1113//1113 1050//1050
f 1050//1050 1108//1108 1114//1114
f 1050//1050 1114//1114 1115//1115
f 1050//1050 1115//1115 1052//1052
f 1050//1050 1052//1052 1051//1051
f 1050//1050 1113//1113 1111//1111
f 1050//1050 1111//1111 1110//1110
f 1050//1050 1110//1110 1109//1109
f 1052//1052 1115//1115 1116//1116
f 1052//1052 1116//1116 1053//1053
f 1053//1053 1116//1116 1054//1054
f 1054//1054 1116//1116 1117//1117
f 1054//1054 1117//1117 1055//1055
f 1055//1055 1117//1117 1067//1067
f 1057//1057 1065//1065 1064//1064
f 1057//1057 1064//1064 1058//1058
f 1058//1058 1064//1064 1118//1118
f 1058//1058 1118//1118 1119//1119
f 1058//1058 1119//1119 1120//1120
f 1058//1058 1120//1120 1070//1070
f 1061//1061 1069//1069 1062//1062
f 1062//1062 1069//1069 1121//1121
f 1062//1062 1121//1121 1122//1122
f 1062//1062 1122//1122 1123//1123
f 1062//1062 1123//1123 1066//1066
f 1064//1064 1124//1124 1125//1125
f 1064//1064 1125//1125 1126//1126
f 1064//1064 1126//1126 1127//1127
f 1064//1064 1127//1127 1118//1118
f 1064//1064 1066//1066 1128//1128
f 1064//1064 1128//1128 1124//1124
f 1066//1066 1123//1123 1128//1128
f 1067//1067 1117//1117 1129//1129
f 1067//1067 1129//1129 1130//1130
f 1067//1067 1130//1130 1069//1069
f 1067//1067 1069//1069 1068//1068
f 1069//1069 1130//1130 1131//1131
f 1069//1069 1131//1131 1132//1132
f 1069//1069 1132//1132 1133//1133
f 1069//1069 1133//1133 1121//1121
f 1070//1070 1120//1120 1134//1134
f 1070//1070 1134//1134 1071//1071
f 1071//1071 1134//1134 1072//1072
f 1072//1072 1134//1134 1135//1135
f 1072//1072 1135//1135 1074//1074
f 1073//1073 1075//1075 1076//1076
f 1074//1074 1135//1135 1075//1075
f 1075//1075 1135//1135 1136//1136
f 1075//1075 1136//1136 1137//1137
f 1075//1075 1137//1137 1138//1138
f 1075//1075 1138//1138 1139//1139
f 1075//1075 1139//1139 1076//1076
f 1076//1076 1139//1139 1140//1140
f 1076//1076 1140//1140 1141//1141
f 1076//1076 1141//1141 1077//1077
f 1077//1077 1141//1141 1078//1078
f 1078//1078 1142//1142 1143//1143
f 1078//1078 1143//1143 1144//1144
f 1078//1078 1144//1144 1079//1079
f 1078//1078 1141//1141 1140//1140
f 1078//1078 1140//1140 1142//1142
f 1079//1079 1145//1145 1080//1080
f 1079//1079 1144//1144 1145//1145
f 1080//1080 1145//1145 1146//1146
f 1080//1080 1146//1146 1147//1147
f 1080//1080 1147//1147 1082//1082
f 1080//1080 1082//1082 1081//1081
f 1082//1082 1147//1147 1148//1148
f 1082//1082 1148//1148 1088//1088
f 1082//1082 1088//1088 1083//1083
f 1085//1085 1092//1092 1149//1149
f 1085//1085 1149//1149 1150//1150
f 1085//1085 1150//1150 1086//1086
f 1086//1086 1150//1150 1149//1149
f 1086//1086 1149//1149 1087//1087
f 1088//1088 1148//1148 1151//1151
f 1088//1088 1151//1151 1090//1090
f 1088//1088 1090//1090 1089//1089
f 1091//1091 1152//1152 1092//1092
f 1092//1092 1152//1152 1149//1149
f 1093//1093 1094//1094 1153//1153
f 1093//1093 1153//1153 1154//1154
f 1093//1093 1154//1154 1155//1155
f 1093//1093 1155//1155 1095//1095
f 1094//1094 1099//1099 1156//1156
f 1094//1094 1156//1156 1157//1157
f 1094//1094 1157//1157 1153//1153
f 1095//1095 1155//1155 1158//1158
f 1095//1095 1158//1158 1159//1159
f 1095//1095 1159//1159 1160//1160
f 1095//1095 1160//1160 1101//1101
f 1095//1095 1101//1101 1096//1096
f 1097//1097 1100//1100 1161//1161
f 1097//1097 1161//1161 1098//1098
f 1098//1098 1162//1162 1099//1099
f 1098//1098 1161//1161 1163//1163
f 1098//1098 1163//1163 1164//1164
f 1098//1098 1164//1164 1162//1162
f 1099//1099 1162//1162 1156//1156
f 1101//1101 1160//1160 1165//1165
f 1101//1101 1165//1165 1166//1166
f 1101//1101 1166//1166 1167//1167
f 1101//1101 1167//1167 1168//1168
f 1101//1101 1168//1168 1169//1169
f 1101//1101 1169//1169 1102//1102
f 1102//1102 1169//1169 1104//1104
f 1102//1102 1104//1104 1103//1103
f 1104//1104 1170//1170 1171//1171
f 1104//1104 1171//1171 1172//1172
f 1104//1104 1172//1172 1106//1106
f 1104//1104 1106//1106 1105//1105
f 1104//1104 1169//1169 1173//1173
f 1104//1104 1173//1173 1174//1174
f 1104//1104 1174//1174 1170//1170
f 1106//1106 1172//1172 1107//1107
f 1107//1107 1175//1175 1176//1176
f 1107//1107 1176//1176 1108//1108
f 1107//1107 1172//1172 1177//1177
f 1107//1107 1177//1177 1175//1175
f 1108//1108 1178//1178 1179//1179
f 1108//1108 1179//1179 1180//1180
f 1108//1108 1180//1180 1181//1181
f 1108//1108 1181//1181 1182//1182
f 1108//1108 1182//1182 1183//1183
f 1108//1108 1183//1183 1114//1114
f 1108//1108 1176//1176 1184//1184
f 1108//1108 1184//1184 1185//1185
f 1108//1108 1185//1185 1178//1178
f 1114//1114 1183//1183 1186//1186
f 1114//1114 1186//1186 1129//1129
f 1114//1114 1129//1129 1115//1115
f 1115//1115 1129//1129 1116//1116
f 1116//1116 1129//1129 1117//1117
f 1118//1118 1127//1127 1119//1119
f 1119//1119 1127//1127 1126//1126
f 1119//1119 1126//1126 1187//1187
f 1119//1119 1187//1187 1120//1120
f 1120//1120 1187//1187 1188//1188
f 1120//1120 1188//1188 1134//1134
f 1121//1121 1189//1189 1122//1122
f 1121//1121 1133//1133 1189//1189
f 1122//1122 1189//1189 1133//1133
f 1122//1122 1133//1133 1190//1190
f 1122//1122 1190//1190 1191//1191
f 1122//1122 1191//1191 1192//1192
f 1122//1122 1192//1192 1125//1125
f 1122//1122 1125//1125 1193//1193
f 1122//1122 1193//1193 1128//1128
f 1122//1122 1128//1128 1123//1123
f 1124//1124 1128//1128 1193//1193
f 1124//1124 1193//1193 1125//1125
f 1125//1125 1192//1192 1194//1194
f 1125//1125 1194//1194 1187//1187
f 1125//1125 1187//1187 1126//1126
f 1129//1129 1186//1186 1131//1131
f 1129//1129 1131//1131 1130//1130
f 1131//1131 1186//1186 1132//1132
f 1132//1132 1186//1186 1195//1195
f 1132//1132 1195//1195 1196//1196
f 1132//1132 1196//1196 1133//1133
f 1133//1133 1196//1196 1190//1190
f 1134//1134 1188//1188 1135//1135
f 1135//1135 1188//1188 1197//1197
f 1135//1135 1197//1197 1136//1136
f 1136//1136 1197//1197 1198//1198
f 1136//1136 1198//1198 1137//1137
f 1137//1137 1198//1198 1138//1138
f 1138//1138 1198//1198 1199//1199
f 1138//1138 1199//1199 1200//1200
f 1138//1138 1200//1200 1139//1139
f 1139//1139 1201//1201 1202//1202
f 1139//1139 1202//1202 1140//1140
f 1139//1139 1200//1200 1201//1201
f 1140//1140 1202//1202 1203//1203
f 1140//1140 1203//1203 1142//1142
f 1142//1142 1204//1204 1205//1205
f 1142//1142 1205//1205 1206//1206
f 1142//1142 1206//1206 1143//1143
f 1142//1142 1203//1203 1202//1202
f 1142//1142 1202//1202 1201//1201
f 1142//1142 1201//1201 1207//1207
f 1142//1142 1207//1207 1208//1208
f 1142//1142 1208//1208 1209//1209
f 1142//1142 1209//1209 1204//1204
f 1143//1143 1206//1206 1210//1210
f 1143//1143 1210//1210 1211//1211
f 1143//1143 1211//1211 1212//1212
f 1143//1143 1212//1212 1145//1145
f 1143//1143 1145//1145 1144//1144
f 1145//1145 1212//1212 1146//1146
f 1146//1146 1213//1213 1214//1214
f 1146//1146 1214//1214 1147//1147
f 1146//1146 1212//1212 1211//1211
f 1146//1146 1211//1211 1210//1210
f 1146//1146 1210//1210 1213//1213
f 1147//1147 1215//1215 1148//1148
f 1147//1147 1214//1214 1215//1215
f 1148//1148 1215//1215 1216//1216
f 1148//1148 1216//1216 1217//1217
f 1148//1148 1217//1217 1151//1151
f 1151//1151 1217//1217 1218//1218
f 1153//1153 1157//1157 1219//1219
f 1153//1153 1219//1219 1154//1154
f 1154//1154 1220//1220 1155//1155
f 1154//1154 1219//1219 1220//1220
f 1155//1155 1220//1220 1221//1221
f 1155//1155 1221//1221 1158//1158
f 1156//1156 1222//1222 1219//1219
f 1156//1156 1219//1219 1157//1157
f 1156//1156 1162//1162 1223//1223
f 1156//1156 1223//1223 1224//1224
f 1156//1156 1224//1224 1225//1225
f 1156//1156 1225//1225 1226//1226
f 1156//1156 1226//1226 1222//1222
f 1158//1158 1221//1221 1159//1159
f 1159//1159 1221//1221 1227//1227
f 1159//1159 1227//1227 1160//1160
f 1160//1160 1228//1228 1165//1165
f 1160//1160 1227//1227 1228//1228
f 1162//1162 1164//1164 1224//1224
f 1162//1162 1224//1224 1223//1223
f 1163//1163 1229//1229 1164//1164
f 1164//1164 1229//1229 1224//1224
f 1165//1165 1228//1228 1166//1166
f 1166//1166 1228//1228 1230//1230
f 1166//1166 1230//1230 1231//1231
f 1166//1166 1231//1231 1173//1173
f 1166//1166 1173//1173 1169//1169
f 1166//1166 1169//1169 1168//1168
f 1166//1166 1168//1168 1167//1167
f 1170//1170 1177//1177 1171//1171
f 1170//1170 1174//1174 1232//1232
f 1170//1170 1232//1232 1233//1233
f 1170//1170 1233//1233 1177//1177
f 1171//1171 1177//1177 1172//1172
f 1173//1173 1234//1234 1235//1235
f 1173//1173 1235//1235 1236//1236
f 1173//1173 1236//1236 1237//1237
f 1173//1173 1237//1237 1238//1238
f 1173//1173 1238//1238 1174//1174
f 1173//1173 1231//1231 1230//1230
f 1173//1173 1230//1230 1239//1239
f 1173//1173 1239//1239 1240//1240
f 1173//1173 1240//1240 1241//1241
f 1173//1173 1241//1241 1242//1242
f 1173//1173 1242//1242 1234//1234
f 1174//1174 1238//1238 1243//1243
f 1174//1174 1243//1243 1244//1244
f 1174//1174 1244//1244 1232//1232
f 1175//1175 1233//1233 1176//1176
f 1175//1175 1177//1177 1233//1233
f 1176//1176 1233//1233 1244//1244
f 1176//1176 1244//1244 1184//1184
f 1178//1178 1185//1185 1179//1179
f 1179//1179 1245//1245 1180//1180
f 1179//1179 1185//1185 1246//1246
f 1179//1179 1246//1246 1247//1247
f 1179//1179 1247//1247 1245//1245
f 1180//1180 1245//1245 1248//1248
f 1180//1180 1248//1248 1181//1181
f 1181//1181 1248//1248 1182//1182
f 1182//1182 1249//1249 1183//1183
f 1182//1182 1248//1248 1249//1249
f 1183//1183 1249//1249 1248//1248
f 1183//1183 1248//1248 1250//1250
f 1183//1183 1250//1250 1251//1251
f 1183//1183 1251//1251 1186//1186
f 1184//1184 1244//1244 1243//1243
f 1184//1184 1243//1243 1185//1185
f 1185//1185 1243//1243 1246//1246
f 1186//1186 1251//1251 1195//1195
f 1187//1187 1194//1194 1188//1188
f 1188//1188 1194//1194 1197//1197
f 1190//1190 1196//1196 1252//1252
f 1190//1190 1252//1252 1253//1253
f 1190//1190 1253//1253 1254//1254
f 1190//1190 1254//1254 1191//1191
f 1191//1191 1254//1254 1253//1253
f 1191//1191 1253//1253 1255//1255
f 1191//1191 1255//1255 1256//1256
f 1191//1191 1256//1256 1257//1257
f 1191//1191 1257//1257 1192//1192
f 1192//1192 1257//1257 1258//1258
f 1192//1192 1258//1258 1194//1194
f 1194//1194 1258//1258 1197//1197
f 1195//1195 1251//1251 1250//1250
f 1195//1195 1250//1250 1259//1259
f 1195//1195 1259//1259 1252//1252
f 1195//1195 1252//1252 1196//1196
f 1197//1197 1258//1258 1198//1198
f 1198//1198 1258//1258 1260//1260
f 1198//1198 1260//1260 1199//1199
f 1199//1199 1261//1261 1262//1262
f 1199//1199 1262//1262 1263//1263
f 1199//1199 1263//1263 1200//1200
f 1199//1199 1260//1260 1261//1261
f 1200//1200 1263//1263 1264//1264
f 1200//1200 1264//1264 1265//1265
f 1200//1200 1265//1265 1201//1201
f 1201//1201 1265//1265 1207//1207
f 1204//1204 1209//1209 1205//1205
f 1205//1205 1266//1266 1267//1267
f 1205//1205 1267//1267 1268//1268
f 1205//1205 1268//1268 1269//1269
f 1205//1205 1269//1269 1270//1270
f 1205//1205 1270//1270 1271//1271
f 1205//1205 1271//1271 1210//1210
f 1205//1205 1210//1210 1206//1206
f 1205//1205 1209//1209 1272//1272
f 1205//1205 1272//1272 1273//1273
f 1205//1205 1273//1273 1274//1274
f 1205//1205 1274//1274 1275//1275
f 1205//1205 1275//1275 1266//1266
f 1207//1207 1265//1265 1264//1264
f 1207//1207 1264//1264 1276//1276
f 1207//1207 1276//1276 1209//1209
f 1207//1207 1209//1209 1208//1208
f 1209//1209 1276//1276 1277//1277
f 1209//1209 1277//1277 1272//1272
f 1210//1210 1271//1271 1278//1278
f 1210//1210 1278//1278 1213//1213
f 1213//1213 1278//1278 1214//1214
f 1214//1214 1278//1278 1279//1279
f 1214//1214 1279//1279 1280//1280
f 1214//1214 1280//1280 1281//1281
f 1214//1214 1281//1281 1282//1282
f 1214//1214 1282//1282 1283//1283
f 1214//1214 1283//1283 1216//1216
f 1214//1214 1216//1216 1215//1215
f 1216//1216 1283//1283 1217//1217
f 1217//1217 1283//1283 1284//1284
f 1217//1217 1284//1284 1285//1285
f 1217//1217 1285//1285 1218//1218
f 1219//1219 1222//1222 1286//1286
f 1219//1219 1286//1286 1287//1287
f 1219//1219 1287//1287 1288//1288
f 1219//1219 1288//1288 1220//1220
f 1220//1220 1288//1288 1289//1289
f 1220//1220 1289//1289 1221//1221
f 1221//1221 1289//1289 1290//1290
f 1221//1221 1290//1290 1291//1291
f 1221//1221 1291//1291 1230//1230
f 1221//1221 1230//1230 1228//1228
f 1221//1221 1228//1228 1227//1227
f 1222//1222 1226//1226 1292//1292
f 1222//1222 1292//1292 1286//1286
f 1225//1225 1293//1293 1226//1226
f 1226//1226 1293//1293 1294//1294
f 1226//1226 1294//1294 1292//1292
f 1230//1230 1295//1295 1239//1239
f 1230//1230 1291//1291 1296//1296
f 1230//1230 1296//1296 1297//1297
f 1230//1230 1297//1297 1298//1298
f 1230//1230 1298//1298 1299//1299
f 1230//1230 1299//1299 1295//1295
f 1232//1232 1244//1244 1233//1233
f 1234//1234 1242//1242 1235//1235
f 1235//1235 1300//1300 1301//1301
f 1235//1235 1301//1301 1302//1302
f 1235//1235 1302//1302 1236//1236
f 1235//1235 1242//1242 1300//1300
f 1236//1236 1302//1302 1237//1237
f 1237//1237 1302//1302 1238//1238
f 1238//1238 1302//1302 1301//1301
f 1238//1238 1301//1301 1303//1303
f 1238//1238 1303//1303 1246//1246
f 1238//1238 1246//1246 1243//1243
f 1239//1239 1295//1295 1304//1304
f 1239//1239 1304//1304 1240//1240
f 1240//1240 1304//1304 1295//1295
f 1240//1240 1295//1295 1305//1305
f 1240//1240 1305//1305 1306//1306
f 1240//1240 1306//1306 1307//1307
f 1240//1240 1307//1307 1308//1308
f 1240//1240 1308//1308 1241//1241
f 1241//1241 1308//1308 1242//1242
f 1242//1242 1308//1308 1309//1309
f 1242//1242 1309//1309 1310//1310
f 1242//1242 1310//1310 1300//1300
f 1245//1245 1247//1247 1248//1248
f 1246//1246 1303//1303 1247//1247
f 1247//1247 1303//1303 1311//1311
f 1247//1247 1311//1311 1312//1312
f 1247//1247 1312//1312 1313//1313
f 1247//1247 1313//1313 1248//1248
f 1248//1248 1313//1313 1312//1312
f 1248//1248 1312//1312 1314//1314
f 1248//1248 1314//1314 1250//1250
f 1250//1250 1315//1315 1316//1316
f 1250//1250 1316//1316 1317//1317
f 1250//1250 1317//1317 1318//1318
f 1250//1250 1318//1318 1319//1319
f 1250//1250 1319//1319 1252//1252
f 1250//1250 1252//1252 1259//1259
f 1250//1250 1314//1314 1320//1320
f 1250//1250 1320//1320 1315//1315
f 1252//1252 1319//1319 1317//1317
f 1252//1252 1317//1317 1321//1321
f 1252//1252 1321//1321 1322//1322
f 1252//1252 1322//1322 1253//1253
f 1253//1253 1322//1322 1323//1323
f 1253//1253 1323//1323 1255//1255
f 1255//1255 1323//1323 1324//1324
f 1255//1255 1324//1324 1256//1256
f 1256//1256 1324//1324 1325//1325
f 1256//1256 1325//1325 1257//1257
f 1257//1257 1325//1325 1258//1258
f 1258//1258 1325//1325 1326//1326
f 1258//1258 1326//1326 1260//1260
f 1260//1260 1326//1326 1261//1261
f 1261//1261 1326//1326 1262//1262
f 1262//1262 1326//1326 1327//1327
f 1262//1262 1327//1327 1328//1328
f 1262//1262 1328//1328 1329//1329
f 1262//1262 1329//1329 1330//1330
f 1262//1262 1330//1330 1331//1331
f 1262//1262 1331//1331 1263//1263
f 1263//1263 1332//1332 1264//1264
f 1263//1263 1331//1331 1332//1332
f 1264//1264 1333//1333 1276//1276
f 1264//1264 1332//1332 1333//1333
f 1266//1266 1275//1275 1334//1334
f 1266//1266 1334//1334 1267//1267
f 1267//1267 1335//1335 1268//1268
f 1267//1267 1334//1334 1335//1335
f 1268//1268 1335//1335 1334//1334
f 1268//1268 1334//1334 1275//1275
f 1268//1268 1275//1275 1336//1336
f 1268//1268 1336//1336 1337//1337
f 1268//1268 1337//1337 1269//1269
f 1269//1269 1337//1337 1338//1338
f 1269//1269 1338//1338 1270//1270
f 1270//1270 1338//1338 1339//1339
f 1270//1270 1339//1339 1340//1340
f 1270//1270 1340//1340 1341//1341
f 1270//1270 1341//1341 1342//1342
f 1270//1270 1342//1342 1343//1343
f 1270//1270 1343//1343 1271//1271
f 1271//1271 1343//1343 1344//1344
f 1271//1271 1344//1344 1278//1278
f 1272//1272 1277//1277 1273//1273
f 1273//1273 1277//1277 1345//1345
f 1273//1273 1345//1345 1275//1275
f 1273//1273 1275//1275 1274//1274
f 1275//1275 1345//1345 1346//1346
f 1275//1275 1346//1346 1347//1347
f 1275//1275 1347//1347 1348//1348
f 1275//1275 1348//1348 1336//1336
f 1276//1276 1333//1333 1277//1277
f 1277//1277 1333//1333 1349//1349
f 1277//1277 1349//1349 1345//1345
f 1278//1278 1344//1344 1279//1279
f 1279//1279 1344//1344 1280//1280
f 1280//1280 1344//1344 1350//1350
f 1280//1280 1350//1350 1351//1351
f 1280//1280 1351//1351 1281//1281
f 1281//1281 1351//1351 1352//1352
f 1281//1281 1352//1352 1353//1353
f 1281//1281 1353//1353 1354//1354
f 1281//1281 1354//1354 1355//1355
f 1281//1281 1355//1355 1356//1356
f 1281//1281 1356//1356 1282//1282
f 1282//1282 1356//1356 1357//1357
f 1282//1282 1357//1357 1285//1285
f 1282//1282 1285//1285 1284//1284
f 1282//1282 1284//1284 1283//1283
f 1286//1286 1292//1292 1287//1287
f 1287//1287 1358//1358 1288//1288
f 1287//1287 1292//1292 1359//1359
f 1287//1287 1359//1359 1360//1360
f 1287//1287 1360//1360 1358//1358
f 1288//1288 1358//1358 1289//1289
f 1289//1289 1358//1358 1360//1360
f 1289//1289 1360//1360 1296//1296
f 1289//1289 1296//1296 1291//1291
f 1289//1289 1291//1291 1290//1290
f 1292//1292 1294//1294 1361//1361
f 1292//1292 1361//1361 1362//1362
f 1292//1292 1362//1362 1359//1359
f 1293//1293 1361//1361 1294//1294
f 1295//1295 1299//1299 1363//1363
f 1295//1295 1363//1363 1305//1305
f 1296//1296 1364//1364 1297//1297
f 1296//1296 1360//1360 1364//1364
f 1297//1297 1364//1364 1298//1298
f 1298//1298 1364//1364 1365//1365
f 1298//1298 1365//1365 1299//1299
f 1299//1299 1365//1365 1364//1364
f 1299//1299 1364//1364 1366//1366
f 1299//1299 1366//1366 1367//1367
f 1299//1299 1367//1367 1368//1368
f 1299//1299 1368//1368 1363//1363
f 1300//1300 1310//1310 1369//1369
f 1300//1300 1369//1369 1301//1301
f 1301//1301 1370//1370 1311//1311
f 1301//1301 1311//1311 1303//1303
f 1301//1301 1369//1369 1370//1370
f 1305//1305 1363//1363 1368//1368
f 1305//1305 1368//1368 1306//1306
f 1306//1306 1371//1371 1372//1372
f 1306//1306 1372//1372 1307//1307
f 1306//1306 1368//1368 1367//1367
f 1306//1306 1367//1367 1373//1373
f 1306//1306 1373//1373 1371//1371
f 1307//1307 1372//1372 1374//1374
f 1307//1307 1374//1374 1375//1375
f 1307//1307 1375//1375 1376//1376
f 1307//1307 1376//1376 1308//1308
f 1308//1308 1376//1376 1377//1377
f 1308//1308 1377//1377 1378//1378
f 1308//1308 1378//1378 1309//1309
f 1309//1309 1378//1378 1310//1310
f 1310//1310 1378//1378 1369//1369
f 1311//1311 1379//1379 1312//1312
f 1311//1311 1370//1370 1380//1380
f 1311//1311 1380//1380 1379//1379
f 1312//1312 1379//1379 1381//1381
f 1312//1312 1381//1381 1314//1314
f 1314//1314 1381//1381 1320//1320
f 1315//1315 1382//1382 1383//1383
f 1315//1315 1383//1383 1316//1316
f 1315//1315 1320//1320 1382//1382
f 1316//1316 1384//1384 1317//1317
f 1316//1316 1383//1383 1385//1385
f 1316//1316 1385//1385 1386//1386
f 1316//1316 1386//1386 1384//1384
f 1317//1317 1384//1384 1387//1387
f 1317//1317 1387//1387 1388//1388
f 1317//1317 1388//1388 1389//1389
f 1317//1317 1389//1389 1322//1322
f 1317//1317 1322//1322 1321//1321
f 1317//1317 1319//1319 1318//1318
f 1320//1320 1390//1390 1391//1391
f 1320//1320 1391//1391 1392//1392
f 1320//1320 1392//1392 1393//1393
f 1320//1320 1393//1393 1394//1394
f 1320//1320 1394//1394 1383//1383
f 1320//1320 1383//1383 1382//1382
f 1320//1320 1381//1381 1390//1390
f 1322//1322 1389//1389 1395//1395
f 1322//1322 1395//1395 1396//1396
f 1322//1322 1396//1396 1323//1323
f 1323//1323 1396//1396 1397//1397
f 1323//1323 1397//1397 1324//1324
f 1324//1324 1397//1397 1326//1326
f 1324//1324 1326//1326 1325//1325
f 1326//1326 1397//1397 1328//1328
f 1326//1326 1328//1328 1327//1327
f 1328//1328 1398//1398 1399//1399
f 1328//1328 1399//1399 1329//1329
f 1328//1328 1397//1397 1396//1396
f 1328//1328 1396//1396 1400//1400
f 1328//1328 1400//1400 1398//1398
f 1329//1329 1399//1399 1330//1330
f 1330//1330 1399//1399 1401//1401
f 1330//1330 1401//1401 1333//1333
f 1330//1330 1333//1333 1331//1331
f 1331//1331 1333//1333 1332//1332
f 1333//1333 1402//1402 1349//1349
f 1333//1333 1401//1401 1403//1403
f 1333//1333 1403//1403 1404//1404
f 1333//1333 1404//1404 1402//1402
f 1336//1336 1405//1405 1406//1406
f 1336//1336 1406//1406 1407//1407
f 1336//1336 1407//1407 1337//1337
f 1336//1336 1348//1348 1405//1405
f 1337//1337 1407//1407 1338//1338
f 1338//1338 1408//1408 1340//1340
f 1338//1338 1340//1340 1339//1339
f 1338//1338 1407//1407 1408//1408
f 1340//1340 1408//1408 1409//1409
f 1340//1340 1409//1409 1410//1410
f 1340//1340 1410//1410 1411//1411
f 1340//1340 1411//1411 1412//1412
f 1340//1340 1412//1412 1413//1413
f 1340//1340 1413//1413 1414//1414
f 1340//1340 1414//1414 1415//1415
f 1340//1340 1415//1415 1416//1416
f 1340//1340 1416//1416 1417//1417
f 1340//1340 1417//1417 1341//1341
f 1341//1341 1417//1417 1418//1418
f 1341//1341 1418//1418 1342//1342
f 1342//1342 1418//1418 1351//1351
f 1342//1342 1351//1351 1343//1343
f 1343//1343 1350//1350 1344//1344
f 1343//1343 1351//1351 1350//1350
f 1345//1345 1349//1349 1346//1346
f 1346//1346 1419//1419 1420//1420
f 1346//1346 1420//1420 1347//1347
f 1346//1346 1349//1349 1419//1419
f 1347//1347 1420//1420 1421//1421
f 1347//1347 1421//1421 1348//1348
f 1348//1348 1421//1421 1422//1422
f 1348//1348 1422//1422 1405//1405
f 1349//1349 1402//1402 1423//1423
f 1349//1349 1423//1423 1419//1419
f 1351//1351 1418//1418 1417//1417
f 1351//1351 1417//1417 1416//1416
f 1351//1351 1416//1416 1424//1424
f 1351//1351 1424//1424 1425//1425
f 1351//1351 1425//1425 1426//1426
f 1351//1351 1426//1426 1427//1427
f 1351//1351 1427//1427 1352//1352
f 1359//1359 1362//1362 1360//1360
f 1360//1360 1362//1362 1428//1428
f 1360//1360 1428//1428 1429//1429
f 1360//1360 1429//1429 1430//1430
f 1360//1360 1430//1430 1431//1431
f 1360//1360 1431//1431 1364//1364
f 1361//1361 1432//1432 1428//1428
f 1361//1361 1428//1428 1362//1362
f 1364//1364 1433//1433 1366//1366
f 1364//1364 1431//1431 1433//1433
f 1366//1366 1433//1433 1434//1434
f 1366//1366 1434//1434 1435//1435
f 1366//1366 1435//1435 1436//1436
f 1366//1366 1436//1436 1367//1367
f 1367//1367 1436//1436 1373//1373
f 1369//1369 1378//1378 1437//1437
f 1369//1369 1437//1437 1370//1370
f 1370//1370 1437//1437 1380//1380
f 1371//1371 1373//1373 1374//1374
f 1371//1371 1374//1374 1372//1372
f 1373//1373 1436//1436 1438//1438
f 1373//1373 1438//1438 1439//1439
f 1373//1373 1439//1439 1374//1374
f 1374//1374 1440//1440 1441//1441
f 1374//1374 1441//1441 1375//1375
f 1374//1374 1439//1439 1442//1442
f 1374//1374 1442//1442 1440//1440
f 1375//1375 1443//1443 1444//1444
f 1375//1375 1444//1444 1445//1445
f 1375//1375 1445//1445 1376//1376
f 1375//1375 1441//1441 1446//1446
f 1375//1375 1446//1446 1443//1443
f 1376//1376 1445//1445 1447//1447
f 1376//1376 1447//1447 1448//1448
f 1376//1376 1448//1448 1377//1377
f 1377//1377 1448//1448 1378//1378
f 1378//1378 1448//1448 1437//1437
f 1379//1379 1380//1380 1391//1391
f 1379//1379 1391//1391 1390//1390
f 1379//1379 1390//1390 1381//1381
f 1380//1380 1437//1437 1391//1391
f 1383//1383 1394//1394 1449//1449
f 1383//1383 1449//1449 1385//1385
f 1384//1384 1386//1386 1387//1387
f 1385//1385 1450//1450 1386//1386
f 1385//1385 1449//1449 1450//1450
f 1386//1386 1450//1450 1387//1387
f 1387//1387 1450//1450 1388//1388
f 1388//1388 1450//1450 1451//1451
f 1388//1388 1451//1451 1452//1452
f 1388//1388 1452//1452 1395//1395
f 1388//1388 1395//1395 1389//1389
f 1391//1391 1437//1437 1453//1453
f 1391//1391 1453//1453 1392//1392
f 1392//1392 1453//1453 1447//1447
f 1392//1392 1447//1447 1394//1394
f 1392//1392 1394//1394 1393//1393
f 1394//1394 1447//1447 1444//1444
f 1394//1394 1444//1444 1449//1449
f 1395//1395 1452//1452 1396//1396
f 1396//1396 1452//1452 1400//1400
f 1398//1398 1403//1403 1401//1401
f 1398//1398 1401//1401 1399//1399
f 1398//1398 1400//1400 1452//1452
f 1398//1398 1452//1452 1451//1451
f 1398//1398 1451//1451 1403//1403
f 1402//1402 1454//1454 1423//1423
f 1402//1402 1404//1404 1454//1454
f 1403//1403 1451//1451 1450//1450
f 1403//1403 1450//1450 1455//1455
f 1403//1403 1455//1455 1449//1449
f 1403//1403 1449//1449 1404//1404
f 1404//1404 1449//1449 1444//1444
f 1404//1404 1444//1444 1454//1454
f 1405//1405 1442//1442 1456//1456
f 1405//1405 1456//1456 1409//1409
f 1405//1405 1409//1409 1408//1408
f 1405//1405 1408//1408 1407//1407
f 1405//1405 1407//1407 1406//1406
f 1405//1405 1422//1422 1442//1442
f 1409//1409 1456//1456 1410//1410
f 1410//1410 1456//1456 1438//1438
f 1410//1410 1438//1438 1411//1411
f 1411//1411 1435//1435 1457//1457
f 1411//1411 1457//1457 1412//1412
f 1411//1411 1438//1438 1436//1436
f 1411//1411 1436//1436 1435//1435
f 1412//1412 1457//1457 1413//1413
f 1413//1413 1458//1458 1459//1459
f 1413//1413 1459//1459 1460//1460
f 1413//1413 1460//1460 1414//1414
f 1413//1413 1457//1457 1435//1435
f 1413//1413 1435//1435 1458//1458
f 1414//1414 1460//1460 1415//1415
f 1415//1415 1460//1460 1461//1461
f 1415//1415 1461//1461 1416//1416
f 1419//1419 1423//1423 1420//1420
f 1420//1420 1423//1423 1421//1421
f 1421//1421 1440//1440 1422//1422
f 1421//1421 1423//1423 1462//1462
f 1421//1421 1462//1462 1446//1446
f 1421//1421 1446//1446 1440//1440
f 1422//1422 1440//1440 1442//1442
f 1423//1423 1454//1454 1443//1443
f 1423//1423 1443//1443 1462//1462
f 1428//1428 1432//1432 1463//1463
f 1428//1428 1463//1463 1429//1429
f 1429//1429 1464//1464 1430//1430
f 1430//1430 1465//1465 1431//1431
f 1430//1430 1464//1464 1465//1465
f 1431//1431 1466//1466 1467//1467
f 1431//1431 1467//1467 1434//1434
f 1431//1431 1434//1434 1433//1433
f 1431//1431 1465//1465 1464//1464
f 1431//1431 1464//1464 1468//1468
f 1431//1431 1468//1468 1466//1466
f 1434//1434 1467//1467 1435//1435
f 1435//1435 1469//1469 1458//1458
f 1435//1435 1467//1467 1469//1469
f 1437//1437 1448//1448 1453//1453
f 1438//1438 1456//1456 1470//1470
f 1438//1438 1470//1470 1442//1442
f 1438//1438 1442//1442 1439//1439
f 1440//1440 1446//1446 1441//1441
f 1442//1442 1470//1470 1456//1456
f 1443//1443 1446//1446 1462//1462
f 1443//1443 1454//1454 1444//1444
f 1444//1444 1447//1447 1445//1445
f 1447//1447 1453//1453 1448//1448
f 1449//1449 1455//1455 1450//1450
f 1458//1458 1471//1471 1472//1472
f 1458//1458 1472//1472 1459//1459
f 1458//1458 1469//1469 1471//1471
f 1466//1466 1468//1468 1471//1471
f 1466//1466 1471//1471 1467//1467
f 1467//1467 1471//1471 1469//1469

