#VRML V2.0 utf8

# Vertices: 1539
# Triangles: 3070

Group {
    children [
        Shape {
            appearance Appearance {
                material Material {
                    diffuseColor 0.750000 0.750000 0.750000
                    ambientIntensity 0.400000
                    specularColor 0.500000 0.500000 0.500000
                    emissiveColor 0.000000 0.000000 0.000000
                    shininess 0.400000
                    transparency 0.000000
                }
            }
            geometry IndexedFaceSet {
                ccw TRUE
                solid FALSE
                coord Coordinate {
                    point [
                        -0.02247051 0.15086777 -0.00719572,
                        -0.02232038 0.15086777 -0.01013235,
                        -0.02224531 0.14792451 -0.01013235,
                        -0.02237569 0.14792451 -0.00719572,
                        -0.02204776 0.15086777 -0.00425909,
                        -0.02187393 0.15360408 -0.00432656,
                        -0.02222951 0.15381103 -0.00719572,
                        -0.02183046 0.14792451 -0.01200015,
                        -0.02207542 0.15381103 -0.01013235,
                        -0.02175935 0.15381103 -0.01187942,
                        -0.02186997 0.15086777 -0.01210668,
                        -0.01024641 -0.07249777 0.00204028,
                        -0.01019900 -0.07249777 0.00452239,
                        -0.02165663 0.15086777 -0.00273219,
                        -0.02165663 0.15247736 -0.00272864,
                        -0.02189763 0.14815445 -0.00412060,
                        -0.02163292 0.14928117 -0.00277480,
                        -0.02173959 0.15551260 -0.00534923,
                        -0.02180281 0.15562756 -0.00719572,
                        -0.02172379 0.15546661 -0.01013235,
                        -0.02104424 0.15086777 -0.01357677,
                        -0.02094546 0.14792451 -0.01347024,
                        -0.00970514 -0.07249777 0.00056664,
                        -0.02163687 0.15530564 -0.01162020,
                        -0.02077162 0.15381103 -0.01334595,
                        -0.00982761 -0.07249777 0.00584334,
                        -0.02079533 0.15086777 -0.00126210,
                        -0.00927054 -0.07249777 0.00734539,
                        -0.00791143 -0.07249777 0.00971742,
                        -0.01932954 0.15086777 0.00102116,
                        -0.01909249 0.15381103 0.00070868,
                        -0.02062544 0.15360408 -0.00158168,
                        -0.02138006 0.15443187 -0.00339621,
                        -0.00927844 -0.07249777 0.00732764,
                        -0.02062544 0.15659333 -0.00432656,
                        -0.01909249 0.15861681 -0.00425909,
                        -0.02086249 0.15709920 -0.00719572,
                        -0.02073606 0.15693823 -0.01013235,
                        -0.01957845 0.15086777 -0.01554754,
                        -0.01947573 0.14792451 -0.01544456,
                        -0.00964982 -0.07249777 0.00049207,
                        -0.01926633 0.15886974 -0.01013235,
                        -0.01897001 0.15854782 -0.01207472,
                        -0.01830231 0.15765105 -0.01403129,
                        -0.01889889 0.15569655 -0.01478764,
                        -0.01930188 0.15381103 -0.01523861,
                        -0.00779290 -0.07249777 0.00988787,
                        -0.01821934 0.15086777 0.00249125,
                        -0.01789536 0.15381103 0.00217877,
                        -0.01878037 0.15544361 0.00028611,
                        -0.01923472 0.15654734 -0.00153197,
                        -0.01877641 0.15829489 -0.00265051,
                        -0.01615301 0.16142211 -0.00509711,
                        -0.01790722 0.16043336 -0.00719572,
                        -0.01939276 0.15896172 -0.00719572,
                        -0.01813242 0.15086777 -0.01701763,
                        -0.01801784 0.14792451 -0.01691465,
                        -0.00786797 -0.07249777 -0.00179829,
                        -0.00811687 -0.07249777 -0.00154262,
                        -0.01792302 0.16031838 -0.01013235,
                        -0.01617672 0.16146810 -0.01214929,
                        -0.01723951 0.15962857 -0.01309029,
                        -0.01714074 0.15661631 -0.01589908,
                        -0.01634266 0.15877777 -0.01505041,
                        -0.01597917 0.15558157 -0.01763194,
                        -0.01785190 0.15381103 -0.01670515,
                        -0.00602684 -0.07249777 0.01135085,
                        -0.01524431 0.15086777 0.00560188,
                        -0.01674960 0.15086777 0.00413534,
                        -0.01642563 0.15381103 0.00376604,
                        -0.01596732 0.15558157 0.00326536,
                        -0.01700246 0.15650135 0.00137981,
                        -0.01803760 0.15742112 -0.00069395,
                        -0.01607795 0.15843286 0.00051338,
                        -0.01712099 0.15886974 -0.00153197,
                        -0.01333207 0.16133013 -0.00236289,
                        -0.01430004 0.16165205 -0.00417387,
                        -0.01428028 0.16227289 -0.00719572,
                        -0.01643748 0.16160606 -0.00719572,
                        -0.01528777 0.16096222 -0.00314410,
                        -0.01645723 0.16165205 -0.01013235,
                        -0.01666268 0.15086777 -0.01807936,
                        -0.01655206 0.14792451 -0.01801189,
                        -0.01638612 0.15381103 -0.01789471,
                        -0.00587276 -0.07249777 -0.00316185,
                        -0.01428028 0.16229588 -0.01013235,
                        -0.01405508 0.16160606 -0.01310449,
                        -0.01292512 0.16119217 -0.01458879,
                        -0.01488082 0.16073228 -0.01410586,
                        -0.01301204 0.15831790 -0.01756447,
                        -0.01497169 0.15753609 -0.01701053,
                        -0.01410644 0.15663931 -0.01794798,
                        -0.00991849 0.15530564 -0.02043009,
                        -0.01204802 0.15381103 -0.02006434,
                        -0.01428028 0.15381103 -0.01901681,
                        -0.00467563 -0.07249777 0.01207169,
                        -0.01134476 0.15086777 0.00803072,
                        -0.01377457 0.15086777 0.00666716,
                        -0.01343874 0.15381103 0.00645765,
                        -0.01490453 0.15381103 0.00523613,
                        -0.01296463 0.15546661 0.00614517,
                        -0.01503096 0.15753609 0.00247350,
                        -0.01307526 0.15834088 0.00327246,
                        -0.01414595 0.15884676 0.00153960,
                        -0.01134476 0.16139911 -0.00219599,
                        -0.01134476 0.16195097 -0.00425909,
                        -0.01430004 0.16043336 -0.00135797,
                        -0.01134476 0.15852484 0.00364176,
                        -0.01134476 0.15958258 0.00161062,
                        -0.00840924 0.15875478 0.00410338,
                        -0.01134476 0.16073228 -0.00072590,
                        -0.01134476 0.16238786 -0.00719572,
                        -0.01428028 0.15086777 -0.01951394,
                        -0.01428028 0.14792451 -0.01936835,
                        -0.01272363 0.15086777 -0.02037682,
                        -0.00559224 -0.07249777 -0.00326483,
                        -0.01253003 0.14792451 -0.02029870,
                        -0.01106425 0.14792451 -0.02090236,
                        -0.01134476 0.16241086 -0.01013235,
                        -0.01134476 0.16190498 -0.01306898,
                        -0.01134476 0.16135312 -0.01490482,
                        -0.01134476 0.16013442 -0.01637491,
                        -0.01134476 0.15866280 -0.01779174,
                        -0.00840924 0.15567355 -0.02066090,
                        -0.00840924 0.15381103 -0.02128941,
                        -0.01057829 0.15381103 -0.02065025,
                        -0.00456896 -0.07249777 0.01212496,
                        -0.00959056 0.15086777 0.00885099,
                        -0.01134476 0.15381103 0.00755845,
                        -0.01134476 0.15594948 0.00652512,
                        -0.01134476 0.15739812 0.00511185,
                        -0.00840924 0.15792698 0.00557347,
                        -0.00840924 0.16130713 -0.00241615,
                        -0.00840924 0.15981250 0.00161062,
                        -0.00840924 0.16169804 -0.00425909,
                        -0.00546977 0.15799597 0.00558057,
                        -0.00546977 0.15870879 0.00411048,
                        -0.00840924 0.16206593 -0.00719572,
                        -0.00840924 0.16211192 -0.01013235,
                        -0.01125389 0.15086777 -0.02095563,
                        -0.00541445 -0.07249777 -0.00330744,
                        -0.00840924 0.14792451 -0.02160190,
                        -0.00840924 0.15086777 -0.02173683,
                        -0.00840924 0.16176702 -0.01306898,
                        -0.00840924 0.16135312 -0.01490127,
                        -0.00840924 0.16034138 -0.01636781,
                        -0.00840924 0.15886974 -0.01813618,
                        -0.00546977 0.15613344 -0.02101954,
                        -0.00840924 0.15714519 -0.01960627,
                        -0.00546977 0.15381103 -0.02190373,
                        -0.00253424 -0.07249777 0.01273927,
                        -0.00812477 0.15086777 0.00934102,
                        -0.00775339 0.15293725 0.00920608,
                        -0.00860283 0.15388001 0.00855271,
                        -0.00840924 0.15645536 0.00702580,
                        -0.00546977 0.15652433 0.00719270,
                        -0.00680912 0.16119217 -0.00265407,
                        -0.00546977 0.15962857 0.00161062,
                        -0.00633897 0.16133013 -0.00425909,
                        -0.00253424 0.15634038 0.00710748,
                        0.00040128 0.15604146 0.00682340,
                        -0.00253424 0.15781202 0.00508699,
                        -0.00253424 0.15843286 0.00362045,
                        -0.00535914 0.16144509 -0.00739457,
                        -0.00394867 0.16116916 -0.00850602,
                        -0.00522481 0.16144509 -0.01011460,
                        -0.00408300 0.16112317 -0.01108400,
                        -0.00620068 0.16133013 -0.01306898,
                        -0.00253424 -0.07249777 -0.00392885,
                        -0.00546977 0.15086777 -0.02213099,
                        -0.00546977 0.14792451 -0.02195699,
                        -0.00253424 -0.04295025 -0.00646778,
                        -0.00684863 0.16116916 -0.01458168,
                        -0.00026247 0.15838687 -0.01782014,
                        -0.00253424 0.15859381 -0.01812907,
                        -0.00253424 0.15767405 -0.01959562,
                        -0.00546977 0.15760506 -0.01974830,
                        -0.00253424 0.15620243 -0.02114027,
                        -0.00253424 0.15381103 -0.02210968,
                        0.00023534 -0.07249777 0.01342105,
                        -0.00546977 0.14792451 0.00991627,
                        -0.00546977 0.15086777 0.00986301,
                        0.00040128 -0.07249777 0.01346011,
                        -0.00546977 0.15323617 0.00936588,
                        -0.00546977 0.15470781 0.00866279,
                        -0.00253424 0.15459282 0.00857402,
                        -0.00086301 0.15827191 0.00322985,
                        -0.00025852 0.15845586 0.00161062,
                        0.00333680 0.15744411 0.00161062,
                        0.00627232 0.15714519 -0.00132601,
                        -0.00430820 0.16105420 -0.00654590,
                        0.00627232 0.15762806 -0.00425909,
                        0.00053561 0.15378803 0.00837871,
                        0.00333680 0.15558157 0.00632627,
                        0.00023139 0.15753609 0.00434484,
                        -0.00394867 0.16116916 -0.00912388,
                        0.00921180 0.15712219 -0.00719572,
                        0.00699139 0.15801896 -0.01013235,
                        -0.00473095 0.16096222 -0.01306898,
                        0.00683335 0.15797297 -0.01306898,
                        0.00536757 0.15836388 -0.01306898,
                        0.00494877 0.15824890 -0.01466691,
                        -0.00236831 -0.07249777 -0.00393596,
                        0.00040128 -0.04589350 -0.00651394,
                        -0.00253424 0.15086777 -0.02230498,
                        -0.00253424 0.14792451 -0.02214164,
                        -0.00253424 0.08039058 -0.01668739,
                        0.00169323 0.15817993 -0.01735142,
                        0.00058697 0.15758208 -0.01885702,
                        0.00040128 0.15599547 -0.02098758,
                        0.00040128 0.15381103 -0.02188597,
                        0.00040128 0.15086777 -0.02218780,
                        -0.00253424 0.14792451 0.01016129,
                        0.00332495 -0.07249777 0.01385782,
                        -0.00253424 0.15086777 0.00991272,
                        -0.00253424 0.15312120 0.00933747,
                        -0.00035334 0.15277630 0.00916702,
                        0.00333680 0.15652433 0.00455080,
                        0.00627232 0.15654734 0.00161062,
                        0.00921180 0.15675428 -0.00425909,
                        0.00333680 0.15381103 0.00747677,
                        0.00483024 0.15528266 0.00603509,
                        0.01154283 0.15576553 -0.00425909,
                        0.01177594 0.15597249 -0.00719572,
                        0.00921180 0.15732915 -0.01013235,
                        0.00921180 0.15721417 -0.01306898,
                        0.00606688 0.15744411 -0.01578900,
                        0.00333680 0.15792698 -0.01674421,
                        0.00040128 -0.07249777 -0.00404959,
                        0.00276392 -0.04881376 -0.00595289,
                        0.00333680 -0.07249777 -0.00374776,
                        0.00040128 0.08039058 -0.01665898,
                        0.00040128 0.14792451 -0.02205642,
                        0.00912883 0.15613344 -0.01606243,
                        0.00627232 0.15592650 -0.01812553,
                        0.00337236 0.15643236 -0.01906297,
                        0.00241624 0.15562756 -0.02070351,
                        0.00337236 0.15383402 -0.02107991,
                        0.00333680 0.15086777 -0.02175814,
                        0.00040128 0.14792451 0.00992692,
                        0.00627232 -0.07249777 0.01397145,
                        0.00053561 0.15100574 0.00942269,
                        0.00276392 0.15010897 0.00915282,
                        0.00472357 0.14916621 0.00893621,
                        0.00358176 0.15100574 0.00868765,
                        0.00160631 0.15206346 0.00887585,
                        0.00627232 0.15086777 0.00794195,
                        0.00599576 0.15565057 0.00436260,
                        0.00795541 0.15539762 0.00326181,
                        0.00855200 0.15565057 0.00161062,
                        0.00943700 0.15601848 -0.00112716,
                        0.01113589 0.15553559 -0.00197584,
                        0.00837026 0.15268432 0.00633337,
                        0.00599576 0.15371906 0.00659614,
                        0.01032595 0.15204048 0.00574746,
                        0.00914068 0.15374204 0.00450464,
                        0.01301257 0.15489176 -0.00425909,
                        0.01324172 0.15498374 -0.00719572,
                        0.01176013 0.15606446 -0.01013235,
                        0.01156654 0.15599547 -0.01306898,
                        0.01118725 0.15569655 -0.01512143,
                        0.00333680 -0.04295025 -0.00634349,
                        0.00354225 -0.04596248 -0.00607007,
                        0.00350274 -0.07249777 -0.00371225,
                        0.00333680 0.14792451 -0.02160900,
                        0.00809369 0.15551260 -0.01765680,
                        0.00437589 0.15484577 -0.02012116,
                        0.00534781 0.15289126 -0.02068575,
                        0.00578636 0.15086777 -0.02093787,
                        0.00565598 0.14792451 -0.02085265,
                        0.00358176 0.14808548 0.00928420,
                        0.00921970 -0.07249777 0.01354534,
                        0.00500013 0.14721169 0.00901433,
                        0.00609848 0.14808548 0.00860953,
                        0.00921180 0.14792451 0.00759041,
                        0.00929477 0.15098273 0.00680565,
                        0.01002173 0.15486876 0.00161062,
                        0.01056301 0.15521366 -0.00001572,
                        0.01145591 0.15282228 0.00379090,
                        0.01341161 0.15208646 0.00279663,
                        0.01231721 0.15337413 0.00173490,
                        0.01212757 0.15463881 -0.00112716,
                        0.01459688 0.15305221 -0.00132601,
                        0.01110033 0.15008596 0.00635113,
                        0.01225400 0.15107471 0.00461471,
                        0.01496037 0.15342012 -0.00425909,
                        0.01502753 0.15351210 -0.00719572,
                        0.01322987 0.15489176 -0.01013235,
                        0.01484974 0.15344312 -0.01013235,
                        0.01631553 0.15185652 -0.01013235,
                        0.01005334 0.15454684 -0.01707799,
                        0.01417414 0.15289126 -0.01306898,
                        0.01364866 0.15240839 -0.01458168,
                        0.01198138 0.15346611 -0.01583162,
                        0.00498828 -0.04504272 -0.00579665,
                        0.00628023 -0.07249777 -0.00310859,
                        0.00912883 0.15365006 -0.01808291,
                        0.01081587 0.15259234 -0.01757513,
                        0.00725610 0.15086777 -0.02012116,
                        0.00712572 0.14792451 -0.02009275,
                        0.00903796 -0.07249777 -0.00217469,
                        0.00758403 -0.07249777 -0.00276770,
                        0.01157049 -0.07249777 0.01248360,
                        0.01140850 0.14792451 0.00653933,
                        0.01408326 0.15263833 0.00084006,
                        0.01405956 0.15013195 0.00348196,
                        0.01670271 0.14974106 0.00043170,
                        0.01606662 0.15171855 -0.00132601,
                        0.01643010 0.15215544 -0.00425909,
                        0.01287824 0.14792451 0.00531425,
                        0.01440329 0.14792451 0.00384416,
                        0.01649727 0.15224742 -0.00719572,
                        0.01713336 0.15077579 -0.00719572,
                        0.01692792 0.15038490 -0.01013235,
                        0.01667901 0.14981003 -0.01178709,
                        0.01388572 0.15086777 -0.01484800,
                        0.01244759 0.15086777 -0.01631454,
                        0.01097785 0.15086777 -0.01769231,
                        0.00921180 0.15086777 -0.01887122,
                        0.01103317 0.14792451 -0.01772072,
                        0.00921180 0.14792451 -0.01886767,
                        0.01159419 -0.07249777 -0.00064423,
                        0.01303232 -0.07249777 0.01113780,
                        0.01586907 0.14792451 0.00218587,
                        0.01693977 0.15024693 -0.00132601,
                        0.01686865 0.14792451 0.00071578,
                        0.01751660 0.14792451 -0.00132601,
                        0.01712941 0.15070682 -0.00425909,
                        0.01444675 0.14500425 0.00390098,
                        0.01591253 0.14500425 0.00226754,
                        0.01789194 0.14792451 -0.00425909,
                        0.01784453 0.14792451 -0.00719572,
                        0.01737437 0.14792451 -0.01013235,
                        0.01676988 0.14792451 -0.01193623,
                        0.01560831 0.14792451 -0.01340632,
                        0.01414253 0.14792451 -0.01508947,
                        0.01249895 0.14792451 -0.01655601,
                        0.01170877 -0.07249777 -0.00051995,
                        0.01405561 -0.07249777 0.00966060,
                        0.01692792 0.14500425 0.00080100,
                        0.01758377 0.14500425 -0.00132601,
                        0.01788404 0.14500425 -0.00425909,
                        0.01464034 -0.07249777 0.00748743,
                        0.01442304 -0.07249777 0.00432354,
                        0.01671457 0.14500425 -0.01184746,
                        0.01316666 -0.07249777 0.00139756,
                        0.01381855 -0.07249777 0.00268300,
                        0.01329703 -0.07249777 0.00157866,
                        0.01463798 -0.07250380 0.00748545,
                        0.01442348 -0.07250380 0.00432792,
                        0.01405575 -0.07250380 0.00965695,
                        0.03423470 -0.08259595 0.01200571,
                        0.03444154 -0.08252374 0.01042141,
                        0.03462540 -0.08246355 0.00748545,
                        0.01381826 -0.07250380 0.00268822,
                        0.03447219 -0.08251772 0.00541921,
                        0.03552940 -0.08322784 0.00448857,
                        0.01302918 -0.07250380 0.01113601,
                        0.03270251 -0.08339033 0.01629885,
                        0.03526126 -0.08464808 0.01629885,
                        0.03566729 -0.08398009 0.01338506,
                        0.03591245 -0.08339033 0.01042141,
                        0.03608865 -0.08321580 0.00748545,
                        0.01329732 -0.07250380 0.00158585,
                        0.03760551 -0.08479251 0.00455504,
                        0.03738335 -0.08512953 0.00252203,
                        0.03572858 -0.08452170 0.00157477,
                        0.01316708 -0.07250380 0.00140305,
                        0.01156594 -0.07250380 0.01248211,
                        0.03466371 -0.08516563 0.01824877,
                        0.03709223 -0.08559291 0.01476440,
                        0.03732972 -0.08518970 0.01280341,
                        0.03753657 -0.08485871 0.01042141,
                        0.03766680 -0.08468419 0.00748545,
                        0.03867038 -0.08701917 0.00455504,
                        0.03948244 -0.09011242 0.00163571,
                        0.03795026 -0.08689881 0.00157477,
                        0.03857079 -0.08995594 -0.00132240,
                        0.03750592 -0.08790983 -0.00132240,
                        0.03717650 -0.08840330 -0.00287901,
                        0.03676281 -0.08584566 0.00056658,
                        0.03480161 -0.08515961 -0.00043054,
                        0.01158892 -0.07250380 -0.00064104,
                        0.01170384 -0.07250380 -0.00051363,
                        0.01139740 -0.07250380 0.01255967,
                        0.03149208 -0.08542440 0.02086343,
                        0.03256461 -0.08482261 0.01922927,
                        0.03345328 -0.08600213 0.02020976,
                        0.03487822 -0.08795797 0.02131213,
                        0.03575156 -0.08715758 0.01914063,
                        0.03673217 -0.08618868 0.01629885,
                        0.03717650 -0.08831303 0.01807150,
                        0.03739867 -0.08765708 0.01629885,
                        0.03775107 -0.08675438 0.01361218,
                        0.03847120 -0.08701917 0.01042141,
                        0.03876232 -0.08701917 0.00748545,
                        0.03964333 -0.08964903 0.00455504,
                        0.04014129 -0.09119565 0.00262728,
                        0.04027919 -0.09659378 -0.00331110,
                        0.03822605 -0.09263394 -0.00452979,
                        0.03757487 -0.08995594 -0.00356038,
                        0.03706925 -0.09147849 -0.00568756,
                        0.03591245 -0.08972124 -0.00510591,
                        0.03370609 -0.08858986 -0.00562662,
                        0.03564431 -0.08791584 -0.00351052,
                        0.00903783 -0.07250380 -0.00216995,
                        0.00922169 -0.07250380 0.01354570,
                        0.02976836 -0.08641737 0.02267486,
                        0.02976836 -0.08788576 0.02425916,
                        0.03161465 -0.08829498 0.02383816,
                        0.03357585 -0.08886067 0.02326759,
                        0.03470967 -0.09082254 0.02418715,
                        0.03683176 -0.08928795 0.02003250,
                        0.03714586 -0.09124380 0.02080249,
                        0.03791961 -0.08995594 0.01629885,
                        0.03858612 -0.08995594 0.01335736,
                        0.03922964 -0.08995594 0.01042141,
                        0.03971227 -0.09014250 0.00746884,
                        0.04015662 -0.09111742 0.00455504,
                        0.04042474 -0.09289272 0.00455504,
                        0.04085376 -0.09876627 -0.00132240,
                        0.04044773 -0.09876627 -0.00368778,
                        0.03976590 -0.09876627 -0.00515576,
                        0.03952076 -0.09570312 -0.00427498,
                        0.03754423 -0.09343434 -0.00628029,
                        0.03716118 -0.09718956 -0.00870660,
                        0.03640275 -0.09523372 -0.00823574,
                        0.03575922 -0.09279643 -0.00727740,
                        0.03511571 -0.09054570 -0.00631906,
                        0.03444154 -0.09412039 -0.00880077,
                        0.03270251 -0.09223074 -0.00822466,
                        0.00758225 -0.07250380 -0.00276268,
                        0.00627222 -0.07250380 0.01396671,
                        0.02314164 -0.09126787 0.02966575,
                        0.02543992 -0.08845747 0.02660792,
                        0.02740113 -0.08884261 0.02622016,
                        0.02976836 -0.08934813 0.02572714,
                        0.02976836 -0.09081651 0.02717296,
                        0.03154570 -0.09123777 0.02675749,
                        0.03350691 -0.09197799 0.02614260,
                        0.03455646 -0.09393383 0.02684612,
                        0.03527659 -0.09292883 0.02513995,
                        0.03672450 -0.09289272 0.02275241,
                        0.03703094 -0.09582950 0.02329528,
                        0.03725311 -0.09289272 0.02128443,
                        0.03837161 -0.09289272 0.01629885,
                        0.03998807 -0.09211038 0.00843271,
                        0.04009533 -0.09124981 0.00647726,
                        0.04017193 -0.09301308 0.00746884,
                        0.04063159 -0.09582950 0.00455504,
                        0.04086141 -0.09876627 0.00161909,
                        0.04096867 -0.10170305 -0.00132240,
                        0.04053200 -0.10170305 -0.00390937,
                        0.03988081 -0.10170305 -0.00537734,
                        0.03897682 -0.10170305 -0.00719431,
                        0.03767446 -0.10170305 -0.00947106,
                        0.03856313 -0.09876627 -0.00719431,
                        0.03785066 -0.09605818 -0.00723309,
                        0.03737569 -0.09876627 -0.00900574,
                        0.03621122 -0.10170305 -0.01093903,
                        0.03548343 -0.09887459 -0.01053465,
                        0.03439558 -0.09992172 -0.01170349,
                        0.03550641 -0.09605818 -0.00919962,
                        0.03270251 -0.09782145 -0.01138774,
                        0.03270251 -0.09582950 -0.01031307,
                        0.03117798 -0.09733399 -0.01158716,
                        0.00605006 -0.09275431 -0.01527095,
                        0.00627989 -0.07250380 -0.00310613,
                        0.00332276 -0.07250380 0.01385592,
                        0.02095827 -0.09127388 0.02965467,
                        0.02403031 -0.09264598 0.03046898,
                        0.02509518 -0.09150256 0.02945524,
                        0.02095827 -0.09289272 0.03083459,
                        0.02658907 -0.08987771 0.02751641,
                        0.02993690 -0.09288069 0.02875726,
                        0.02683422 -0.09183355 0.02919489,
                        0.03102476 -0.09454165 0.02941647,
                        0.03259525 -0.09292883 0.02737792,
                        0.03485523 -0.09582950 0.02721727,
                        0.03624187 -0.09582950 0.02510671,
                        0.03179851 -0.09649749 0.03002028,
                        0.03223519 -0.09876627 0.03049668,
                        0.03703094 -0.09876627 0.02328420,
                        0.03736036 -0.09582950 0.02182731,
                        0.03634146 -0.09876627 0.02510671,
                        0.04007234 -0.09406623 0.00907530,
                        0.03971994 -0.09301308 0.01019983,
                        0.03901513 -0.09289272 0.01335736,
                        0.04065457 -0.09876627 0.00455504,
                        0.04086908 -0.10170305 0.00161909,
                        0.04100698 -0.10463982 -0.00132240,
                        0.04054732 -0.10463982 -0.00399246,
                        0.03992679 -0.10463982 -0.00546044,
                        0.03913770 -0.10463982 -0.00719431,
                        0.03778938 -0.10463982 -0.00969264,
                        0.03647935 -0.10463982 -0.01116062,
                        0.03474032 -0.10170305 -0.01184198,
                        0.03270251 -0.10170305 -0.01239593,
                        0.01214817 -0.11051338 -0.01870546,
                        0.00920637 -0.11051338 -0.01939236,
                        0.00920637 -0.10757660 -0.01888272,
                        0.00627222 -0.10757660 -0.01955855,
                        0.00920637 -0.10463982 -0.01834539,
                        0.00627222 -0.10463982 -0.01901567,
                        0.00627222 -0.10170305 -0.01840632,
                        0.00623392 -0.09881441 -0.01777482,
                        0.00718388 -0.09786357 -0.01734273,
                        0.00523033 -0.09700902 -0.01756986,
                        0.00623392 -0.09594985 -0.01694389,
                        0.00333808 -0.09505318 -0.01721532,
                        0.00349896 -0.07250380 -0.00370994,
                        0.01721972 -0.09153266 0.02942201,
                        0.01813138 -0.09266404 0.03035819,
                        0.01918093 -0.09138221 0.02955496,
                        0.00040394 -0.07250380 0.01345707,
                        0.02389241 -0.09520362 0.03206436,
                        0.02683422 -0.09330195 0.03021970,
                        0.01508232 -0.09321769 0.03033603,
                        0.02095827 -0.09511938 0.03216407,
                        0.02906355 -0.09385560 0.02984301,
                        0.02993690 -0.09564294 0.03055761,
                        0.03370609 -0.09876627 0.02902870,
                        0.03395890 -0.10170305 0.02922258,
                        0.03494717 -0.09876627 0.02755518,
                        0.03494717 -0.10170305 0.02775461,
                        0.02982965 -0.09861582 0.03201451,
                        0.03090984 -0.10170305 0.03229703,
                        0.03118564 -0.10346631 0.03241889,
                        0.03248800 -0.10170305 0.03082905,
                        0.03688538 -0.10757660 0.02269147,
                        0.03723013 -0.10757660 0.02122350,
                        0.03727609 -0.10463982 0.02140630,
                        0.03775873 -0.10463982 0.01923481,
                        0.03735270 -0.09876627 0.02181623,
                        0.03858612 -0.09582950 0.01629885,
                        0.03622654 -0.10463982 0.02510671,
                        0.03616526 -0.10757660 0.02510671,
                        0.03605800 -0.11051338 0.02510671,
                        0.03417341 -0.10902091 0.02951618,
                        0.03417341 -0.10923756 0.02951618,
                        0.03477096 -0.10785343 0.02829748,
                        0.03473266 -0.11033283 0.02833626,
                        0.03920665 -0.09582950 0.01335736,
                        0.04007234 -0.09529991 0.00907530,
                        0.04053200 -0.10463982 0.00455504,
                        0.04085376 -0.10463982 0.00161909,
                        0.04091504 -0.10757660 -0.00132240,
                        0.04050136 -0.10757660 -0.00392044,
                        0.03990380 -0.10757660 -0.00538842,
                        0.03909174 -0.10757660 -0.00719431,
                        0.03776639 -0.10757660 -0.00958185,
                        0.03635678 -0.10757660 -0.01104982,
                        0.03488588 -0.10757660 -0.01193061,
                        0.03501611 -0.10463982 -0.01194723,
                        0.03270251 -0.10463982 -0.01266183,
                        0.01508232 -0.11638693 -0.01866668,
                        0.01214817 -0.11638693 -0.01949207,
                        0.01214817 -0.11345014 -0.01917632,
                        0.00781974 -0.11479817 -0.02042826,
                        0.00710727 -0.11284233 -0.02026761,
                        0.00618795 -0.11053745 -0.02008480,
                        0.00514606 -0.11153041 -0.02048919,
                        0.00433400 -0.10957456 -0.02031746,
                        0.00334574 -0.10751641 -0.02016236,
                        0.00333808 -0.10463982 -0.01964718,
                        -0.00130446 -0.10340614 -0.02037286,
                        0.00333808 -0.10170305 -0.01902675,
                        0.00333808 -0.09876627 -0.01837309,
                        0.00040394 -0.09876627 -0.01891596,
                        0.00333808 -0.09652156 -0.01776928,
                        0.00333808 -0.07250380 -0.00374318,
                        0.00040394 -0.09605216 -0.01802410,
                        -0.01292612 -0.09734001 -0.02039502,
                        0.00040394 -0.09458377 -0.01737597,
                        0.00024306 -0.07250380 0.01341829,
                        -0.00973150 -0.09442730 0.02654145,
                        -0.00777030 -0.09409631 0.02675749,
                        -0.00547201 -0.09372922 0.02701231,
                        -0.00253021 -0.09327787 0.02732806,
                        0.00037329 -0.09267005 0.02747763,
                        0.00333808 -0.09289272 0.02815345,
                        0.01214817 -0.09356071 0.03008675,
                        0.02389241 -0.09667202 0.03269587,
                        0.02593789 -0.09708725 0.03254076,
                        0.02789909 -0.09753259 0.03237458,
                        0.02688018 -0.09599800 0.03179293,
                        0.00920637 -0.09582950 0.03086783,
                        0.01214817 -0.09582950 0.03128883,
                        0.01508232 -0.09582950 0.03169875,
                        0.01780962 -0.09593180 0.03208652,
                        0.02095827 -0.09658776 0.03270695,
                        0.03407382 -0.10463982 0.02936661,
                        0.03238075 -0.10451946 0.03125559,
                        0.02889501 -0.09948843 0.03266817,
                        0.02943894 -0.10170305 0.03291745,
                        0.03002883 -0.10451946 0.03303378,
                        0.03131587 -0.10542216 0.03250753,
                        0.03683176 -0.11051338 0.02247543,
                        0.03718416 -0.11051338 0.02100746,
                        0.03766680 -0.10757660 0.01923481,
                        0.03791195 -0.09876627 0.01923481,
                        0.03838693 -0.10463982 0.01629885,
                        0.03847120 -0.10170305 0.01629885,
                        0.03854781 -0.09876627 0.01629885,
                        0.03476330 -0.11345014 0.02788756,
                        0.03583583 -0.11345014 0.02510671,
                        0.03677813 -0.11344413 0.02195472,
                        0.03310088 -0.10785343 0.03069056,
                        0.03320047 -0.11033283 0.03069056,
                        0.03417341 -0.11119340 0.02950510,
                        0.03914536 -0.09876627 0.01335736,
                        0.03983485 -0.09610031 0.01019983,
                        0.04004936 -0.09725576 0.00894789,
                        0.04017959 -0.10463982 0.00678747,
                        0.04013363 -0.10757660 0.00653819,
                        0.04044007 -0.10757660 0.00455504,
                        0.04076183 -0.10757660 0.00161909,
                        0.04062393 -0.11051338 0.00161909,
                        0.04076183 -0.11051338 -0.00132240,
                        0.04042474 -0.11051338 -0.00376534,
                        0.03985017 -0.11051338 -0.00523885,
                        0.03895384 -0.11051338 -0.00719431,
                        0.03768212 -0.11051338 -0.00933811,
                        0.03605034 -0.11051338 -0.01080609,
                        0.03435727 -0.11257153 -0.01170903,
                        0.03457944 -0.11051338 -0.01183090,
                        0.03752124 -0.11345014 -0.00910545,
                        0.03726843 -0.11638693 -0.00882293,
                        0.03270251 -0.11051338 -0.01257320,
                        0.02734750 -0.11638693 -0.01422952,
                        0.01718142 -0.11839091 -0.01774158,
                        0.01214817 -0.11932369 -0.01914308,
                        0.02577701 -0.11816824 -0.01466160,
                        0.00896122 -0.11620036 -0.02011250,
                        0.00781974 -0.11510509 -0.02042826,
                        0.00333808 -0.11345014 -0.02109300,
                        0.00618795 -0.11367281 -0.02060552,
                        0.00334574 -0.11053745 -0.02067199,
                        0.00049587 -0.10751641 -0.02072185,
                        -0.00042345 -0.10536198 -0.02053905,
                        0.00049587 -0.10448335 -0.02020113,
                        -0.00238465 -0.10448335 -0.02073293,
                        -0.00547201 -0.10463982 -0.02122595,
                        -0.00325800 -0.10268999 -0.02053351,
                        -0.00238465 -0.10170906 -0.02014020,
                        -0.00253021 -0.09876627 -0.01939236,
                        -0.01721625 -0.09543231 -0.01975243,
                        -0.02015040 -0.09519760 -0.01991308,
                        0.00057248 -0.07250380 -0.00402570,
                        -0.01134030 -0.09915744 -0.02076617,
                        -0.01405228 -0.09849546 -0.02092681,
                        -0.01488732 -0.09711735 -0.02051689,
                        -0.00253021 -0.07250380 0.01273693,
                        -0.01569172 -0.09734001 0.02656361,
                        -0.00168750 -0.09701504 0.02965467,
                        -0.00261448 -0.09595587 0.02889021,
                        0.00040394 -0.09513742 0.02908963,
                        -0.02896815 -0.09372320 0.02117364,
                        0.00333808 -0.09468006 0.02932783,
                        0.00706130 -0.09416854 0.02964359,
                        0.00920637 -0.09390976 0.02983193,
                        0.02389241 -0.09876627 0.03328860,
                        0.02688018 -0.09861582 0.03283436,
                        0.00615731 -0.09558878 0.03027509,
                        0.00333808 -0.09614845 0.03014769,
                        0.00333808 -0.09876627 0.03122789,
                        0.00627222 -0.09876627 0.03163228,
                        0.01865232 -0.09697893 0.03255738,
                        0.02095827 -0.09876627 0.03328860,
                        0.03140014 -0.10757660 0.03256846,
                        0.02683422 -0.10170305 0.03357666,
                        0.02683422 -0.10463982 0.03399766,
                        0.02976836 -0.10757660 0.03334954,
                        0.03713820 -0.11245718 0.02083019,
                        0.03755955 -0.11051338 0.01923481,
                        0.03828734 -0.10757660 0.01629885,
                        0.03888490 -0.10757660 0.01335736,
                        0.03906876 -0.10170305 0.01335736,
                        0.03409680 -0.11345014 0.02936107,
                        0.03392826 -0.11638693 0.02900100,
                        0.03457944 -0.11638693 0.02752749,
                        0.03547577 -0.11638693 0.02510671,
                        0.03707691 -0.11441904 0.02051444,
                        0.03149208 -0.11051338 0.03263494,
                        0.03146909 -0.11345014 0.03261832,
                        0.03286338 -0.11345014 0.03098416,
                        0.03988848 -0.10757660 0.00800617,
                        0.03945181 -0.10757660 0.01042141,
                        0.04008000 -0.11051338 0.00620582,
                        0.04032516 -0.11051338 0.00455504,
                        0.04016427 -0.11315527 0.00448857,
                        0.04010299 -0.11547821 0.00346375,
                        0.04041708 -0.11345014 0.00161909,
                        0.04050136 -0.11345014 -0.00132240,
                        0.04027919 -0.11345014 -0.00341635,
                        0.03971994 -0.11345014 -0.00488432,
                        0.03866273 -0.11345014 -0.00719431,
                        0.03712288 -0.11786735 -0.00867336,
                        0.03546045 -0.11351033 -0.01072853,
                        0.03404317 -0.11453338 -0.01151515,
                        0.02976836 -0.11638693 -0.01328780,
                        0.03824137 -0.11638693 -0.00719431,
                        0.01508232 -0.11935379 -0.01816259,
                        0.01410172 -0.12126751 -0.01773050,
                        0.01214817 -0.12180913 -0.01808503,
                        0.00920637 -0.11932369 -0.01959732,
                        0.02992924 -0.11942600 -0.01246240,
                        0.02678825 -0.11921538 -0.01388053,
                        0.00627222 -0.11573096 -0.02059444,
                        0.00040394 -0.11345014 -0.02149738,
                        -0.00253021 -0.11051338 -0.02159156,
                        0.00040394 -0.11051338 -0.02118163,
                        -0.00253021 -0.10757660 -0.02124811,
                        -0.00547201 -0.10757660 -0.02164695,
                        -0.00840616 -0.10463982 -0.02155278,
                        -0.01134030 -0.10170305 -0.02138105,
                        -0.00840616 -0.10170305 -0.02100991,
                        -0.00574015 -0.10170906 -0.02064430,
                        -0.00493575 -0.10072813 -0.02028423,
                        -0.01721625 -0.09690070 -0.02063322,
                        -0.02015040 -0.09666599 -0.02074955,
                        -0.02309220 -0.09522770 -0.01991862,
                        -0.02309220 -0.09298900 -0.01845064,
                        -0.02015040 -0.09304919 -0.01844510,
                        0.00040394 -0.07250380 -0.00404231,
                        -0.01721625 -0.09876627 -0.02131458,
                        -0.00456802 -0.07250380 0.01212204,
                        -0.01721625 -0.09783348 0.02637526,
                        -0.01910851 -0.09992774 0.02667994,
                        -0.00364105 -0.09758675 0.02942755,
                        -0.02309220 -0.09639518 0.02411513,
                        -0.02515300 -0.09693078 0.02381600,
                        0.00040394 -0.09876627 0.03069056,
                        0.00040394 -0.09660582 0.02987625,
                        -0.03067654 -0.09413242 0.02089113,
                        -0.02608763 -0.09590171 0.02306262,
                        0.02389241 -0.10170305 0.03391457,
                        0.00333808 -0.10170305 0.03190372,
                        0.00040394 -0.10170305 0.03141624,
                        0.00868542 -0.10072212 0.03236904,
                        0.02095827 -0.10170305 0.03388133,
                        0.02389241 -0.10463982 0.03428018,
                        0.02683422 -0.10757660 0.03415831,
                        0.02976836 -0.11051338 0.03344371,
                        0.03876998 -0.11051338 0.01335736,
                        0.03817243 -0.11051338 0.01629885,
                        0.03934455 -0.11051338 0.01042141,
                        0.03228115 -0.11661561 0.03126667,
                        0.03438025 -0.11830666 0.02706771,
                        0.03120862 -0.11774698 0.03243551,
                        0.03197472 -0.11932369 0.03048006,
                        0.03633380 -0.11638693 0.02217076,
                        0.03693135 -0.11660357 0.01941761,
                        0.03882361 -0.11638693 0.01042141,
                        0.03913770 -0.11345014 0.01042141,
                        0.02976836 -0.11345014 0.03338277,
                        0.03134652 -0.11579114 0.03252969,
                        0.03983485 -0.11051338 0.00767380,
                        0.04004936 -0.11198176 0.00602302,
                        0.03996509 -0.11393760 0.00542475,
                        0.03985784 -0.11642905 0.00448857,
                        0.03998807 -0.11734980 0.00161909,
                        0.04016427 -0.11588141 0.00161909,
                        0.04019492 -0.11588743 -0.00132240,
                        0.04013363 -0.11549024 -0.00303966,
                        0.03960502 -0.11643507 -0.00411433,
                        0.03751358 -0.11903483 -0.00696165,
                        0.03717650 -0.12089439 -0.00583158,
                        0.03614993 -0.11982921 -0.00778704,
                        0.03419639 -0.12081014 -0.00867890,
                        0.03102476 -0.12046711 -0.01144313,
                        0.03156868 -0.11851127 -0.01184752,
                        0.03212027 -0.11638693 -0.01212449,
                        0.01214817 -0.12327752 -0.01717101,
                        0.02906355 -0.12130963 -0.01200816,
                        0.01009504 -0.12363258 -0.01738705,
                        0.00915274 -0.12249518 -0.01820136,
                        0.00352960 -0.11662765 -0.02081602,
                        -0.00547201 -0.12276599 -0.02007926,
                        -0.00547201 -0.12129760 -0.02057782,
                        -0.00547201 -0.11932369 -0.02118163,
                        -0.00253021 -0.11638693 -0.02164141,
                        0.00040394 -0.11638693 -0.02127580,
                        -0.00253021 -0.11345014 -0.02185192,
                        -0.00547201 -0.11051338 -0.02194609,
                        -0.00840616 -0.10757660 -0.02187961,
                        -0.01428211 -0.10170305 -0.02168019,
                        -0.02015040 -0.09876627 -0.02149738,
                        -0.02309220 -0.09876627 -0.02153062,
                        -0.02309220 -0.09669609 -0.02073293,
                        -0.02543645 -0.09698495 -0.02058336,
                        -0.02625617 -0.09593782 -0.01981891,
                        -0.02602635 -0.09324176 -0.01821798,
                        -0.02309220 -0.09152062 -0.01739813,
                        -0.02602635 -0.09177338 -0.01723194,
                        -0.00253021 -0.07250380 -0.00392598,
                        -0.01721625 -0.10170305 -0.02187407,
                        -0.00467527 -0.07250380 0.01207219,
                        -0.02011209 -0.09887459 0.02602073,
                        -0.02711420 -0.09771313 0.02352240,
                        -0.02789562 -0.09966897 0.02379938,
                        -0.02116164 -0.10170305 0.02645282,
                        -0.01969074 -0.10170305 0.02681843,
                        -0.00969320 -0.10371306 0.02946632,
                        -0.00773199 -0.10233493 0.02970452,
                        -0.00253021 -0.10170305 0.03079027,
                        -0.02896815 -0.09582950 0.02220953,
                        -0.02896815 -0.08930600 0.01698021,
                        -0.03078380 -0.08829498 0.01509123,
                        -0.03274500 -0.08899307 0.01428800,
                        -0.03380221 -0.09094891 0.01527958,
                        -0.03465258 -0.09315150 0.01611605,
                        -0.03355706 -0.09410835 0.01794963,
                        -0.03264541 -0.09582950 0.01993833,
                        -0.03313571 -0.09780340 0.02048120,
                        -0.03117451 -0.09582950 0.02122904,
                        0.00513074 -0.10361676 0.03240782,
                        0.00709195 -0.10267796 0.03253523,
                        0.00617263 -0.10170305 0.03226379,
                        0.00040394 -0.10463982 0.03183724,
                        -0.00253021 -0.10463982 0.03126113,
                        0.02095827 -0.10463982 0.03421370,
                        0.02389241 -0.10757660 0.03438543,
                        0.02683422 -0.11051338 0.03419154,
                        0.03343030 -0.11929962 0.02804820,
                        0.03390528 -0.12026251 0.02566620,
                        0.03462540 -0.11929962 0.02485743,
                        0.03709223 -0.11772893 0.01766712,
                        0.03147675 -0.12118928 0.02983747,
                        0.03004416 -0.11661561 0.03301162,
                        0.02914016 -0.11932369 0.03279558,
                        0.02846600 -0.12101475 0.03253523,
                        0.03061107 -0.11932369 0.03194803,
                        0.03830266 -0.11932369 0.01042141,
                        0.03889256 -0.11932369 0.00748545,
                        0.03939052 -0.11638693 0.00748545,
                        0.03975058 -0.11315527 0.00719186,
                        0.02683422 -0.11345014 0.03409737,
                        0.02683422 -0.11638693 0.03386471,
                        0.03996509 -0.11735582 -0.00132240,
                        0.03915303 -0.11932369 0.00455504,
                        0.03850185 -0.11932369 -0.00425836,
                        0.03737569 -0.12114715 -0.00425836,
                        0.03591245 -0.12261554 -0.00425836,
                        0.03419639 -0.12374090 -0.00574849,
                        0.03517699 -0.12183320 -0.00676776,
                        0.03270251 -0.12138787 -0.00928825,
                        0.01508232 -0.12424039 -0.01511584,
                        0.01214817 -0.12479404 -0.01570303,
                        0.02994456 -0.12241694 -0.01022997,
                        0.02886437 -0.12394551 -0.00902236,
                        0.02683422 -0.12320530 -0.01093349,
                        -0.00367935 -0.12688229 -0.01764187,
                        -0.00547201 -0.12710495 -0.01784683,
                        -0.00547201 -0.12519725 -0.01898244,
                        -0.00840616 -0.12304884 -0.02016236,
                        -0.00840616 -0.12158044 -0.02068307,
                        -0.00840616 -0.11932369 -0.02137552,
                        -0.00547201 -0.11638693 -0.02190731,
                        -0.00547201 -0.11345014 -0.02212889,
                        -0.00840616 -0.11051338 -0.02212335,
                        -0.02015040 -0.10170305 -0.02204580,
                        -0.02309220 -0.10170305 -0.02213443,
                        -0.02625617 -0.09852555 -0.02098221,
                        -0.02738999 -0.09738214 -0.02038948,
                        -0.02801819 -0.09374728 -0.01785791,
                        -0.02896815 -0.09077439 -0.01513246,
                        -0.02896815 -0.08930600 -0.01384729,
                        -0.02602635 -0.09017861 -0.01576397,
                        -0.00541073 -0.07250380 -0.00330002,
                        -0.00602360 -0.07250380 0.01134651,
                        -0.02890686 -0.09872414 0.02314571,
                        -0.02992577 -0.10170305 0.02342823,
                        -0.02845487 -0.10170305 0.02402650,
                        -0.02602635 -0.10170305 0.02485743,
                        -0.02156767 -0.10362278 0.02656361,
                        -0.00859002 -0.10466991 0.02981531,
                        -0.00547201 -0.10463982 0.03056315,
                        -0.03385584 -0.08819268 0.01233255,
                        -0.00611553 -0.07250380 0.01127450,
                        -0.00779328 -0.07250380 0.00988407,
                        -0.03480580 -0.09002816 0.01322995,
                        -0.03575576 -0.09218861 0.01412735,
                        -0.03641459 -0.09414446 0.01499706,
                        -0.03402438 -0.09582950 0.01847035,
                        -0.03357238 -0.09975924 0.02088559,
                        -0.03205551 -0.09877831 0.02156695,
                        0.00341469 -0.10461575 0.03226933,
                        0.00444126 -0.10557863 0.03250199,
                        0.00617263 -0.10461575 0.03263494,
                        0.00920637 -0.10463982 0.03297839,
                        0.00040394 -0.10757660 0.03202559,
                        0.00252602 -0.10757660 0.03235796,
                        -0.01001496 -0.10567491 0.02954942,
                        -0.00253021 -0.10757660 0.03143286,
                        0.00920637 -0.10757660 0.03318335,
                        0.02095827 -0.10757660 0.03429680,
                        0.02389241 -0.11051338 0.03435773,
                        0.03187512 -0.12220632 0.02789310,
                        0.03134652 -0.12389135 0.02681843,
                        0.03314684 -0.12198365 0.02485743,
                        0.03419639 -0.12082819 0.02371075,
                        0.03726077 -0.12102678 0.01244888,
                        0.03696965 -0.12043100 0.01440433,
                        0.02963046 -0.12207994 0.03092322,
                        0.02882607 -0.12415012 0.03004797,
                        0.03078727 -0.12314512 0.02877388,
                        0.02683422 -0.11932369 0.03334954,
                        0.02683422 -0.12149017 0.03271249,
                        0.02683422 -0.12295856 0.03202005,
                        0.03752890 -0.12144203 0.01042141,
                        0.03782002 -0.12183921 0.00748545,
                        0.02389241 -0.11345014 0.03424140,
                        0.02389241 -0.11638693 0.03404198,
                        0.02389241 -0.11932369 0.03363205,
                        0.03913004 -0.11932369 0.00161909,
                        0.03899215 -0.11932369 -0.00132240,
                        0.03785066 -0.12179709 0.00455504,
                        0.03621888 -0.12289236 -0.00132240,
                        0.03760551 -0.12142397 -0.00132240,
                        0.03444154 -0.12389135 -0.00425836,
                        0.02231426 -0.12661750 -0.00857919,
                        0.03081791 -0.12352425 -0.00836315,
                        0.03015907 -0.12621429 -0.00132240,
                        0.02868817 -0.12683414 -0.00132240,
                        0.02836641 -0.12668971 -0.00286793,
                        0.02208443 -0.12945798 -0.00199269,
                        0.02012322 -0.12986119 -0.00346620,
                        0.01909666 -0.12947002 -0.00542720,
                        0.01645363 -0.12663555 -0.01156500,
                        0.01214817 -0.12626243 -0.01394700,
                        0.01021761 -0.12655130 -0.01437908,
                        0.00826407 -0.12678600 -0.01466714,
                        0.02035305 -0.12698459 -0.00909991,
                        -0.00547201 -0.12829651 -0.01600771,
                        -0.00840616 -0.12721929 -0.01797424,
                        -0.00840616 -0.12519725 -0.01919294,
                        -0.01134030 -0.12310299 -0.02017898,
                        -0.01134030 -0.12163461 -0.02070523,
                        -0.01134030 -0.11932369 -0.02143645,
                        -0.00840616 -0.11638693 -0.02199040,
                        -0.00840616 -0.11345014 -0.02220644,
                        -0.02015040 -0.10463982 -0.02216213,
                        -0.02309220 -0.10463982 -0.02216767,
                        -0.02602635 -0.10170305 -0.02164695,
                        -0.02774240 -0.09933798 -0.02065538,
                        -0.03004068 -0.09582950 -0.01709346,
                        -0.03086807 -0.09289272 -0.01499397,
                        -0.03050800 -0.09134008 -0.01459513,
                        -0.03071485 -0.08828294 -0.01189737,
                        -0.02896815 -0.08797603 -0.01237931,
                        -0.02602635 -0.08871022 -0.01424060,
                        -0.00558693 -0.07250380 -0.00326124,
                        -0.03190230 -0.10170305 0.02242004,
                        -0.03033946 -0.10388757 0.02359996,
                        -0.02920564 -0.10477221 0.02409852,
                        -0.02602635 -0.10463982 0.02520088,
                        -0.02166727 -0.10558464 0.02659131,
                        -0.01721625 -0.10757660 0.02778231,
                        -0.01161610 -0.10757660 0.02921150,
                        -0.01014519 -0.10757660 0.02958265,
                        -0.01113346 -0.10466991 0.02919489,
                        -0.03483644 -0.08781956 0.01019429,
                        -0.03634565 -0.08844543 0.00906422,
                        -0.03581704 -0.08910741 0.01102522,
                        -0.00790820 -0.07250380 0.00971789,
                        -0.03645290 -0.09106927 0.01216636,
                        -0.03661378 -0.09306123 0.01322995,
                        -0.03701215 -0.09582950 0.01335736,
                        -0.03656016 -0.09582950 0.01533497,
                        -0.03643758 -0.10247335 0.01805488,
                        -0.03603921 -0.09876627 0.01730151,
                        -0.03554125 -0.10157667 0.01911293,
                        -0.03445339 -0.09877831 0.01939545,
                        -0.03392479 -0.10170305 0.02116256,
                        0.00399692 -0.10757660 0.03256292,
                        0.00627222 -0.10757660 0.03286206,
                        0.00040394 -0.11051338 0.03205883,
                        0.00224256 -0.11051338 0.03239674,
                        -0.00840616 -0.10757660 0.03001474,
                        -0.00547201 -0.10757660 0.03072934,
                        -0.00253021 -0.11051338 0.03141624,
                        0.00627222 -0.11051338 0.03293961,
                        0.00920637 -0.11051338 0.03323321,
                        0.02095827 -0.11051338 0.03425248,
                        0.03162231 -0.12432464 0.02510671,
                        0.02979135 -0.12464962 0.02789310,
                        0.02986029 -0.12594950 0.02535599,
                        0.02683422 -0.12460147 0.03055207,
                        0.02707171 -0.12617217 0.02809252,
                        0.02820553 -0.12663555 0.02650267,
                        0.02389241 -0.12206188 0.03289530,
                        0.02389241 -0.12353027 0.03235242,
                        0.03656362 -0.12330760 0.00748545,
                        0.03078727 -0.12618420 0.02217076,
                        0.02095827 -0.11345014 0.03412507,
                        0.02095827 -0.11638693 0.03393673,
                        0.02095827 -0.11932369 0.03359328,
                        0.02095827 -0.12208595 0.03290637,
                        0.03657895 -0.12326547 0.00455504,
                        0.03474798 -0.12411402 -0.00132240,
                        0.03270251 -0.12512503 -0.00132240,
                        0.01713545 -0.12980100 -0.00603655,
                        0.02925508 -0.12708690 0.00161909,
                        0.02683422 -0.12812199 0.00161909,
                        0.02432909 -0.12916912 0.00161909,
                        0.02250578 -0.12963251 -0.00003723,
                        0.02683422 -0.12760444 -0.00132240,
                        0.02104254 -0.13004172 -0.00113406,
                        0.01801646 -0.13116709 -0.00132240,
                        0.01334328 -0.13248503 -0.00248571,
                        0.01508232 -0.13131754 -0.00425836,
                        0.01807775 -0.13024032 -0.00436915,
                        0.01801646 -0.12733965 -0.00969264,
                        0.01508232 -0.13017412 -0.00654618,
                        0.01210221 -0.13045095 -0.00736603,
                        0.00922935 -0.12749612 -0.01326564,
                        -0.00547201 -0.12932559 -0.01385837,
                        -0.00840616 -0.12844094 -0.01600771,
                        0.00920637 -0.12908486 -0.01069529,
                        0.00627222 -0.13018616 -0.00963724,
                        0.00920637 -0.13114903 -0.00719431,
                        0.00627222 -0.13157029 -0.00719431,
                        -0.01134030 -0.12718920 -0.01796316,
                        -0.01134030 -0.12519725 -0.01919848,
                        -0.01428211 -0.12519725 -0.01907661,
                        -0.01428211 -0.12294051 -0.02012358,
                        -0.01428211 -0.12147212 -0.02064984,
                        -0.01134030 -0.11638693 -0.02197378,
                        -0.01428211 -0.11932369 -0.02132012,
                        -0.02309220 -0.10757660 -0.02191285,
                        -0.01428211 -0.11638693 -0.02182976,
                        -0.02630214 -0.10488656 -0.02123703,
                        -0.02774240 -0.10407413 -0.02067753,
                        -0.02786497 -0.10170305 -0.02079386,
                        -0.03037011 -0.09797189 -0.01739813,
                        -0.03136603 -0.09582950 -0.01562548,
                        -0.03246154 -0.09288670 -0.01292773,
                        -0.03324296 -0.09189975 -0.01129356,
                        -0.03115918 -0.09020269 -0.01294988,
                        -0.03272968 -0.08989577 -0.01024105,
                        -0.03119749 -0.08790983 -0.01013026,
                        -0.00970086 -0.07250380 0.00057212,
                        -0.00964723 -0.07250380 0.00050010,
                        -0.00811504 -0.07250380 -0.00153845,
                        -0.00786223 -0.07250380 -0.00179326,
                        -0.00587038 -0.07250380 -0.00315599,
                        -0.03433082 -0.10463982 0.02143400,
                        -0.03162650 -0.10477221 0.02302385,
                        -0.03046970 -0.10584342 0.02365535,
                        -0.02922096 -0.10750438 0.02409852,
                        -0.02602635 -0.10757660 0.02521196,
                        -0.02166727 -0.10688453 0.02659131,
                        -0.01721625 -0.11051338 0.02774907,
                        -0.01428211 -0.11051338 0.02850798,
                        -0.02044151 -0.10774510 0.02691814,
                        -0.01155481 -0.11051338 0.02920042,
                        -0.01009157 -0.11051338 0.02956603,
                        -0.03282161 -0.08574938 0.00748545,
                        -0.03634565 -0.08844543 0.00825545,
                        -0.03665975 -0.08969116 0.00736358,
                        -0.03657548 -0.09003418 0.01019429,
                        -0.03315869 -0.08573132 0.00455504,
                        -0.00927185 -0.07250380 0.00734143,
                        -0.03703514 -0.09289272 0.01042141,
                        -0.03720368 -0.09876627 0.01335736,
                        -0.03669039 -0.09876627 0.01583353,
                        -0.03652951 -0.10463982 0.01836510,
                        -0.03580172 -0.10463982 0.01983861,
                        0.00371347 -0.11051338 0.03260170,
                        0.00040394 -0.11345014 0.03192587,
                        0.00238812 -0.11345014 0.03235796,
                        0.00385136 -0.11345014 0.03260170,
                        -0.00840616 -0.11051338 0.02998150,
                        -0.00547201 -0.11051338 0.03070164,
                        -0.00993835 -0.11214424 0.02952726,
                        -0.00253021 -0.11345014 0.03122236,
                        0.00627222 -0.11345014 0.03291745,
                        0.00920637 -0.11345014 0.03316673,
                        0.02894098 -0.12708690 0.02454168,
                        0.02379282 -0.12534769 0.03070718,
                        0.02275093 -0.12676794 0.02967683,
                        0.02470447 -0.12643093 0.02910071,
                        0.02625198 -0.12696653 0.02713972,
                        0.02707171 -0.12756834 0.02535599,
                        0.02095827 -0.12355434 0.03237458,
                        0.02095827 -0.12519725 0.03118358,
                        0.02095827 -0.12688229 0.02978762,
                        0.03510804 -0.12431261 0.00455504,
                        0.02932403 -0.12742992 0.02217076,
                        0.02940830 -0.12756834 0.01923481,
                        0.02999053 -0.12749010 0.01311916,
                        0.00920637 -0.11638693 0.03303932,
                        0.00627222 -0.11830666 0.03256846,
                        0.00920637 -0.11896262 0.03270695,
                        0.01084581 -0.12074394 0.03244105,
                        0.01801646 -0.12188736 0.03277342,
                        0.01801646 -0.12335574 0.03232472,
                        0.03491652 -0.12424641 0.00161909,
                        0.03270251 -0.12548612 0.00161909,
                        0.03071832 -0.12643696 0.00161909,
                        0.02683422 -0.12851316 0.00455504,
                        0.02480407 -0.12937373 0.00455504,
                        0.02285818 -0.12977693 0.00161909,
                        0.02095827 -0.13052918 0.00161909,
                        0.01801646 -0.13164853 0.00161909,
                        0.01598631 -0.13235865 0.00161909,
                        0.01502103 -0.13216607 -0.00143319,
                        0.01227841 -0.13284010 -0.00143319,
                        0.01138974 -0.13267158 -0.00319477,
                        0.01227841 -0.13211793 -0.00420850,
                        0.01400212 -0.13265955 -0.00053025,
                        -0.00547201 -0.13081804 -0.01013026,
                        -0.00840616 -0.12935567 -0.01386945,
                        0.00627222 -0.13245494 -0.00530533,
                        0.00333808 -0.13248503 -0.00542166,
                        -0.01134030 -0.12835067 -0.01600771,
                        0.00920637 -0.13230448 -0.00500619,
                        -0.01428211 -0.12711097 -0.01790223,
                        -0.01721625 -0.12696653 -0.01776374,
                        -0.01721625 -0.12519725 -0.01881071,
                        -0.01721625 -0.12257341 -0.01998509,
                        -0.01721625 -0.12110502 -0.02051689,
                        -0.01721625 -0.11932369 -0.02104868,
                        -0.01721625 -0.11638693 -0.02156940,
                        -0.02015040 -0.11345014 -0.02160264,
                        -0.02015040 -0.11638693 -0.02127580,
                        -0.02309220 -0.11051338 -0.02150846,
                        -0.02572757 -0.10757660 -0.02105422,
                        -0.02753555 -0.12383719 -0.01750338,
                        -0.02768877 -0.12226048 -0.01763633,
                        -0.03042373 -0.10601794 -0.01746460,
                        -0.02933588 -0.10170305 -0.01902675,
                        -0.03046204 -0.09992774 -0.01750892,
                        -0.03050034 -0.10406209 -0.01755324,
                        -0.03136603 -0.09887459 -0.01625145,
                        -0.03282927 -0.09582950 -0.01368110,
                        -0.03350343 -0.09385560 -0.01185306,
                        -0.03390180 -0.09288670 -0.01024105,
                        -0.03365665 -0.09083457 -0.00933257,
                        -0.03316635 -0.08880651 -0.00719431,
                        -0.03170311 -0.08750663 -0.00719431,
                        -0.03083742 -0.08523784 -0.00132240,
                        -0.01024479 -0.07250380 0.00204563,
                        -0.03138901 -0.08489482 0.00161909,
                        -0.03589365 -0.10757660 0.01995494,
                        -0.03442275 -0.10757660 0.02147278,
                        -0.03162650 -0.10750438 0.02306816,
                        -0.03046970 -0.10648133 0.02365535,
                        -0.02869236 -0.11051338 0.02411513,
                        -0.02602635 -0.11051338 0.02505132,
                        -0.03037777 -0.10843717 0.02361658,
                        -0.02147574 -0.11051338 0.02653037,
                        -0.02160598 -0.10884037 0.02657469,
                        -0.01721625 -0.11345014 0.02762720,
                        -0.02000484 -0.11051338 0.02697353,
                        -0.03168779 -0.08479854 0.00455504,
                        -0.00927951 -0.07250380 0.00732481,
                        -0.00982343 -0.07250380 0.00585129,
                        -0.01019882 -0.07250380 0.00452734,
                        -0.03629202 -0.08853570 0.00629999,
                        -0.03665208 -0.09043738 0.00455504,
                        -0.03715770 -0.09289272 0.00748545,
                        -0.03285992 -0.08608638 0.00161909,
                        -0.03721899 -0.09582950 0.01042141,
                        -0.03725730 -0.09876627 0.01042141,
                        -0.03723432 -0.10170305 0.01335736,
                        -0.03693554 -0.10463982 0.01629885,
                        -0.03655249 -0.10757660 0.01848697,
                        0.00040394 -0.11638693 0.03169875,
                        0.00286310 -0.11638693 0.03225825,
                        0.00433400 -0.11638693 0.03253523,
                        -0.01428211 -0.11345014 0.02836396,
                        -0.01721625 -0.11638693 0.02742778,
                        0.00627222 -0.11638693 0.03278450,
                        0.02683422 -0.12871175 0.02217076,
                        0.02260537 -0.12964453 0.02373291,
                        0.02370855 -0.12883211 0.02486851,
                        0.02379282 -0.12724938 0.02809252,
                        0.00813384 -0.13260539 0.02373845,
                        0.01508232 -0.12519725 0.03094538,
                        0.01801646 -0.12519725 0.03109495,
                        0.01508232 -0.12688229 0.02970452,
                        0.01801646 -0.12689432 0.02975438,
                        0.00920637 -0.12990331 0.02691260,
                        0.03270251 -0.12566666 0.00455504,
                        0.02683422 -0.12897654 0.01923481,
                        0.02683422 -0.12906681 0.01629885,
                        0.02658907 -0.12924133 0.01359002,
                        0.02658907 -0.12915708 0.01049342,
                        0.02990626 -0.12742992 0.01068730,
                        0.00470939 -0.11791549 0.03246875,
                        0.00627222 -0.11977505 0.03214746,
                        0.00920637 -0.12043100 0.03235242,
                        0.01508232 -0.12292847 0.03222501,
                        0.00784272 -0.12665360 0.02951064,
                        0.03099411 -0.12654527 0.00455504,
                        0.02952321 -0.12727345 0.00455504,
                        0.02683422 -0.12878397 0.00748545,
                        0.02333316 -0.12996350 0.00455504,
                        0.02095827 -0.13089026 0.00455504,
                        0.01639234 -0.13249104 0.00367979,
                        0.01451541 -0.13281000 0.00161909,
                        0.01214817 -0.13327940 0.00161909,
                        0.00920637 -0.13355022 0.00161909,
                        0.00920637 -0.13311692 -0.00132240,
                        0.00920637 -0.13272574 -0.00353822,
                        -0.00253021 -0.13184712 -0.00719431,
                        -0.00547201 -0.13183508 -0.00719431,
                        -0.00840616 -0.13074583 -0.01013026,
                        -0.00840616 -0.12990331 -0.01240147,
                        -0.01134030 -0.12929550 -0.01369218,
                        0.00627222 -0.13272574 -0.00383735,
                        0.00627222 -0.13315904 -0.00132240,
                        0.00333808 -0.13273779 -0.00395368,
                        0.00040394 -0.13247299 -0.00531641,
                        -0.01428211 -0.12921726 -0.01352600,
                        -0.01428211 -0.12819420 -0.01600771,
                        -0.01721625 -0.12793543 -0.01600771,
                        -0.02309220 -0.12736372 -0.01580828,
                        -0.01928471 -0.12680405 -0.01760863,
                        -0.02309220 -0.12641288 -0.01727626,
                        -0.02309220 -0.12493848 -0.01802964,
                        -0.01995121 -0.12200772 -0.01981891,
                        -0.01883271 -0.12085829 -0.02043379,
                        -0.01995121 -0.11935981 -0.02070523,
                        -0.02215757 -0.11840295 -0.02057228,
                        -0.02267085 -0.11638693 -0.02076617,
                        -0.02414175 -0.11638693 -0.02026207,
                        -0.02602635 -0.12440288 -0.01770834,
                        -0.02602635 -0.12587126 -0.01688849,
                        -0.02763514 -0.12678600 -0.01484994,
                        -0.02816375 -0.12496856 -0.01590246,
                        -0.03037777 -0.12333167 -0.01444002,
                        -0.02938184 -0.12231463 -0.01576397,
                        -0.03050034 -0.12137583 -0.01462836,
                        -0.03132006 -0.10488054 -0.01629576,
                        -0.03050034 -0.10170305 -0.01755878,
                        -0.03167247 -0.10170305 -0.01600771,
                        -0.03304378 -0.09876627 -0.01393592,
                        -0.03366431 -0.09582950 -0.01221313,
                        -0.03440743 -0.09582950 -0.01013026,
                        -0.03490539 -0.09289272 -0.00719431,
                        -0.03633033 -0.09138822 0.00002924,
                        -0.03400140 -0.09027490 -0.00719431,
                        -0.03335022 -0.08852367 -0.00553799,
                        -0.03555657 -0.11051338 0.01961149,
                        -0.03408567 -0.11051338 0.02127335,
                        -0.03645290 -0.11051338 0.01814352,
                        -0.03190230 -0.11051338 0.02263054,
                        -0.03016326 -0.11051338 0.02352794,
                        -0.02972658 -0.11345014 0.02336176,
                        -0.02825568 -0.11345014 0.02393787,
                        -0.02309220 -0.11638693 0.02550556,
                        -0.02087819 -0.11638693 0.02631987,
                        -0.01941494 -0.11638693 0.02681289,
                        -0.02119995 -0.11345014 0.02643620,
                        -0.01972904 -0.11345014 0.02690706,
                        -0.03646056 -0.09111140 0.00161909,
                        -0.03702747 -0.09289272 0.00455504,
                        -0.03719602 -0.09582950 0.00748545,
                        -0.03716537 -0.10170305 0.01042141,
                        -0.03715770 -0.10463982 0.01335736,
                        -0.03689724 -0.10757660 0.01629885,
                        -0.01905488 -0.11818028 0.02670210,
                        0.02509518 -0.12953621 0.01923481,
                        0.02458956 -0.12941585 0.02217076,
                        0.02311866 -0.12977091 0.02217076,
                        0.01508232 -0.13156428 0.02217076,
                        0.01379528 -0.13258734 0.01808258,
                        0.00627222 -0.13261742 0.02375506,
                        0.00627222 -0.13287017 0.02217076,
                        0.00627222 -0.13357429 0.01629885,
                        0.00920637 -0.13329746 0.01629885,
                        0.01214817 -0.13300257 0.01629885,
                        0.01214817 -0.13214802 0.02217076,
                        0.01214817 -0.12683414 0.02964913,
                        0.00627222 -0.12990331 0.02689044,
                        0.00627222 -0.13137169 0.02522304,
                        0.01666047 -0.13257530 0.00950184,
                        0.02544758 -0.12962649 0.01152377,
                        0.01669878 -0.13258734 0.00748545,
                        0.02095827 -0.13107682 0.00748545,
                        0.00040394 -0.11932369 0.03111156,
                        0.00356791 -0.11906493 0.03188710,
                        0.00333808 -0.12226048 0.03075149,
                        0.00627222 -0.12226048 0.03126667,
                        0.00627222 -0.12498061 0.03009783,
                        0.00627222 -0.12644899 0.02941093,
                        0.00333808 -0.12813402 0.02788202,
                        0.00627222 -0.12813402 0.02825870,
                        0.01663749 -0.13256927 0.00563525,
                        0.01777897 -0.13207580 0.00461598,
                        0.01528150 -0.13287619 0.00461598,
                        0.01214817 -0.13350808 0.00455504,
                        0.00920637 -0.13378490 0.00455504,
                        0.00627222 -0.13395944 0.00455504,
                        0.00627222 -0.13365853 0.00161909,
                        -0.00253021 -0.13244290 -0.00501173,
                        -0.00840616 -0.13170871 -0.00719431,
                        -0.01428211 -0.13043891 -0.01013026,
                        -0.01428211 -0.12977091 -0.01205802,
                        0.00333808 -0.13318311 -0.00132240,
                        0.00040394 -0.13271370 -0.00384843,
                        -0.01721625 -0.12968666 -0.01181982,
                        -0.01721625 -0.12909691 -0.01328780,
                        -0.02309220 -0.12850714 -0.01306621,
                        -0.02602635 -0.12711097 -0.01542052,
                        -0.01879441 -0.12961445 -0.01163702,
                        -0.02079392 -0.12035879 -0.02027869,
                        -0.02489253 -0.12967463 -0.00884509,
                        -0.02593441 -0.12895848 -0.00994746,
                        -0.02696098 -0.12947604 -0.00719431,
                        -0.02896815 -0.12825439 -0.00719431,
                        -0.02899113 -0.12741789 -0.00989760,
                        -0.03047736 -0.12671378 -0.00876200,
                        -0.03096000 -0.12428854 -0.01248456,
                        -0.03117451 -0.12231463 -0.01330441,
                        -0.03306676 -0.10170305 -0.01387499,
                        -0.03375624 -0.09876627 -0.01246795,
                        -0.03447637 -0.09876627 -0.01013026,
                        -0.03519650 -0.09582950 -0.00719431,
                        -0.03561786 -0.09289272 -0.00425836,
                        -0.03612348 -0.09289272 -0.00189852,
                        -0.03642225 -0.09289272 -0.00043054,
                        -0.03671337 -0.09289272 0.00161909,
                        -0.03633799 -0.11207804 0.01782222,
                        -0.03339618 -0.11496066 0.02072494,
                        -0.03361069 -0.11345014 0.02092990,
                        -0.03190230 -0.11345014 0.02212090,
                        -0.03672870 -0.11051338 0.01629885,
                        -0.02887622 -0.11663968 0.02311248,
                        -0.02747427 -0.11778911 0.02362765,
                        -0.02783433 -0.11582725 0.02376614,
                        -0.02630980 -0.11663968 0.02423700,
                        -0.03700449 -0.09582950 0.00455504,
                        -0.03670571 -0.09582950 0.00161909,
                        -0.03703514 -0.10463982 0.01042141,
                        -0.03700449 -0.10757660 0.01335736,
                        -0.02551306 -0.11881217 0.02403204,
                        -0.02336800 -0.11960654 0.02454168,
                        -0.02008145 -0.11922741 0.02590440,
                        -0.01721625 -0.12026852 0.02635864,
                        -0.00253021 -0.12519725 0.02835288,
                        -0.00253021 -0.12289236 0.02922812,
                        -0.00253021 -0.12142397 0.02972668,
                        0.01469927 -0.13284610 0.01335736,
                        0.01645363 -0.13250910 0.01145730,
                        0.01417833 -0.13269565 0.01629885,
                        0.01214817 -0.13328542 0.01335736,
                        0.00333808 -0.13256927 0.02368305,
                        0.00333808 -0.13279796 0.02217076,
                        0.00333808 -0.13318913 0.01923481,
                        0.00333808 -0.13356826 0.01629885,
                        0.00627222 -0.13381500 0.01335736,
                        0.00920637 -0.13356224 0.01335736,
                        0.00333808 -0.12974684 0.02671871,
                        0.00186718 -0.13253919 0.02363873,
                        0.01531981 -0.13288222 0.01045464,
                        0.01508232 -0.13302062 0.00748545,
                        0.01816968 -0.13208182 0.00748545,
                        -0.00075287 -0.12353629 0.02944417,
                        0.00029668 -0.12244101 0.03005351,
                        0.00333808 -0.12450518 0.02985963,
                        0.00120834 -0.12406587 0.02966021,
                        0.00333808 -0.12597357 0.02920597,
                        0.00067973 -0.12821828 0.02731699,
                        0.00183653 -0.12962046 0.02659131,
                        0.01214817 -0.13352615 0.00748545,
                        0.00920637 -0.13376083 0.00748545,
                        0.00627222 -0.13397147 0.00748545,
                        0.00333808 -0.13397749 0.00748545,
                        0.00333808 -0.13393535 0.00455504,
                        0.00333808 -0.13364650 0.00161909,
                        0.00040394 -0.13310488 -0.00132240,
                        -0.01134030 -0.13218413 -0.00425836,
                        -0.01428211 -0.13139577 -0.00719431,
                        -0.01721625 -0.13024634 -0.01013026,
                        -0.02075561 -0.12948807 -0.01128802,
                        -0.02309220 -0.12983711 -0.00929933,
                        -0.01992823 -0.12994544 -0.01023551,
                        -0.02309220 -0.13033058 -0.00719431,
                        -0.02549008 -0.12983110 -0.00719431,
                        -0.02735935 -0.12956029 -0.00425836,
                        -0.03190230 -0.12808588 0.00455504,
                        -0.02896815 -0.12870573 -0.00425836,
                        -0.03166481 -0.12754427 -0.00132240,
                        -0.02309220 -0.13067963 -0.00425836,
                        -0.02589611 -0.12998757 -0.00425836,
                        -0.03121281 -0.12727947 -0.00425836,
                        -0.03329659 -0.12653926 0.00053334,
                        -0.03313571 -0.12611198 -0.00132240,
                        -0.03117451 -0.12523937 -0.00989760,
                        -0.03243090 -0.12226048 -0.01013026,
                        -0.03296717 -0.10463982 -0.01346506,
                        -0.03368730 -0.10170305 -0.01240701,
                        -0.03506627 -0.09876627 -0.00719431,
                        -0.03579406 -0.09582950 -0.00425836,
                        -0.03425421 -0.10170305 -0.01013026,
                        -0.03642992 -0.09582950 -0.00050255,
                        -0.03587833 -0.12226048 0.01042141,
                        -0.03512756 -0.12226048 0.01335736,
                        -0.03390947 -0.12226048 0.01550116,
                        -0.03395543 -0.11611612 0.01916833,
                        -0.03318167 -0.12045508 0.01757294,
                        -0.03025519 -0.12050924 0.02055321,
                        -0.03081444 -0.11855340 0.02105177,
                        -0.03184101 -0.11611612 0.02136753,
                        -0.03680531 -0.11051338 0.01335736,
                        -0.02630980 -0.11960654 0.02336176,
                        -0.02454012 -0.12077403 0.02363319,
                        -0.02915201 -0.11945007 0.02181623,
                        -0.02829399 -0.12164062 0.02124012,
                        -0.03584002 -0.12226048 0.00748545,
                        -0.02017338 -0.12236880 0.02439211,
                        -0.02257892 -0.12146610 0.02399326,
                        -0.01721625 -0.12226048 0.02538923,
                        -0.00563289 -0.12538982 0.02737238,
                        -0.00475955 -0.12700264 0.02685166,
                        -0.00253021 -0.12738779 0.02716742,
                        0.00029668 -0.12510698 0.02902870,
                        0.01214817 -0.13344791 0.01042141,
                        0.00333808 -0.13380899 0.01335736,
                        0.00040394 -0.13328542 0.01629885,
                        -0.00253021 -0.13328542 0.01335736,
                        0.00040394 -0.13356224 0.01335736,
                        0.00920637 -0.13367659 0.01042141,
                        0.00333808 -0.13390528 0.01042141,
                        -0.02015040 -0.12705681 0.02108501,
                        -0.02168259 -0.12962649 0.01779453,
                        -0.02015040 -0.13050511 0.01629885,
                        -0.02309220 -0.13078194 0.01335736,
                        -0.02015040 -0.13132355 0.01335736,
                        -0.01721625 -0.13173880 0.01335736,
                        -0.01428211 -0.13208182 0.01335736,
                        0.00040394 -0.13379695 0.00748545,
                        0.00040394 -0.13376083 0.00455504,
                        -0.01134030 -0.13285212 0.00161909,
                        -0.00840616 -0.13302062 0.00161909,
                        0.00040394 -0.13350207 0.00161909,
                        -0.01134030 -0.13245494 -0.00206470,
                        -0.01428211 -0.13202165 -0.00425836,
                        -0.01721625 -0.13113098 -0.00719431,
                        -0.02015040 -0.13076990 -0.00719431,
                        -0.01721625 -0.13169667 -0.00425836,
                        -0.02015040 -0.13122727 -0.00425836,
                        -0.02602635 -0.13046901 0.00455504,
                        -0.02808714 -0.12981906 0.00455504,
                        -0.02955804 -0.12927143 0.00455504,
                        -0.03190230 -0.12826041 0.00748545,
                        -0.03373326 -0.12706283 0.00748545,
                        -0.03361835 -0.12694848 0.00455504,
                        -0.03345747 -0.12676794 0.00249433,
                        -0.02015040 -0.13152215 -0.00132240,
                        -0.02015040 -0.13176888 0.00161909,
                        -0.02309220 -0.13090230 -0.00132240,
                        -0.02309220 -0.13111293 0.00161909,
                        -0.03458363 -0.12519725 0.00455504,
                        -0.03396309 -0.12541389 0.00155815,
                        -0.03371028 -0.12464360 -0.00132240,
                        -0.03347279 -0.12409596 -0.00322800,
                        -0.03486708 -0.12226048 0.00161909,
                        -0.03544931 -0.12226048 0.00455504,
                        -0.03489007 -0.12519725 0.00748545,
                        -0.03443807 -0.12545602 0.01062637,
                        -0.03401672 -0.12451722 0.01335736,
                        -0.03348811 -0.12385524 0.01494167,
                        -0.03109024 -0.12226048 0.01844819,
                        -0.03051566 -0.12380710 0.01784992,
                        -0.02915201 -0.12247110 0.02001588,
                        -0.02336800 -0.12236880 0.02317341,
                        -0.02116164 -0.12342194 0.02345593,
                        -0.02621021 -0.12247110 0.02184392,
                        -0.02731339 -0.12359646 0.02059753,
                        -0.01920810 -0.12400569 0.02383816,
                        -0.02017338 -0.12507087 0.02266378,
                        -0.00253021 -0.13349003 0.01042141,
                        0.00040394 -0.13371269 0.01042141,
                        -0.01423614 -0.13238272 0.01039371,
                        -0.01323256 -0.13258132 0.00939659,
                        -0.02172855 -0.12671979 0.02075264,
                        -0.02268617 -0.12792340 0.01901322,
                        -0.02539049 -0.12717115 0.01827093,
                        -0.02363613 -0.12912699 0.01707993,
                        -0.02494615 -0.12974684 0.01511893,
                        -0.02283173 -0.12995145 0.01617698,
                        -0.02596506 -0.12999959 0.01323549,
                        -0.02602635 -0.13048705 0.01042141,
                        -0.02309220 -0.13119718 0.01042141,
                        -0.02015040 -0.13163047 0.01042141,
                        -0.01721625 -0.13202165 0.01042141,
                        -0.00253021 -0.13360438 0.00748545,
                        -0.00547201 -0.13338772 0.00455504,
                        -0.01134030 -0.13297248 0.00455504,
                        -0.01421316 -0.13262344 0.00190714,
                        -0.01318659 -0.13257530 -0.00017018,
                        -0.00840616 -0.13319516 0.00455504,
                        -0.01134030 -0.13262946 -0.00059119,
                        -0.01421316 -0.13236466 -0.00121715,
                        -0.01721625 -0.13200359 -0.00132240,
                        -0.02602635 -0.13058936 0.00748545,
                        -0.02827100 -0.12989128 0.00748545,
                        -0.02309220 -0.13124532 0.00455504,
                        -0.02974191 -0.12933160 0.00748545,
                        -0.02951208 -0.12919921 0.01042141,
                        -0.03216277 -0.12767064 0.01062637,
                        -0.03361069 -0.12691839 0.00978990,
                        -0.02015040 -0.13187119 0.00455504,
                        -0.01692514 -0.13231051 0.00190714,
                        -0.03331191 -0.12661147 0.01174536,
                        -0.03265307 -0.12598560 0.01335736,
                        -0.03051566 -0.12672582 0.01490289,
                        -0.03149626 -0.12481210 0.01590001,
                        -0.02896815 -0.12591941 0.01700791,
                        -0.02896815 -0.12445102 0.01848143,
                        -0.02535984 -0.12420428 0.02109609,
                        -0.02286237 -0.12519123 0.02144508,
                        -0.02735169 -0.12656935 0.01766158,
                        -0.02635577 -0.12538982 0.01943423,
                        -0.02368976 -0.12616013 0.02023192,
                        -0.01134030 -0.13287619 0.00748545,
                        -0.01527037 -0.13249104 0.00748545,
                        -0.01380713 -0.13264149 0.00748545,
                        -0.02614892 -0.12824836 0.01639302,
                        -0.02690736 -0.12931957 0.01413289,
                        -0.02771176 -0.12968666 0.01217744,
                        -0.02804118 -0.12981304 0.01042141,
                        -0.02309220 -0.13128143 0.00748545,
                        -0.02015040 -0.13181703 0.00748545,
                        -0.01721625 -0.13225033 0.00748545,
                        -0.01566874 -0.13253317 0.00507022,
                        -0.01452726 -0.13265955 0.00427252,
                        -0.01575301 -0.13253919 0.00308153,
                        -0.01514013 -0.13247901 0.00112607,
                        -0.01692514 -0.13237671 0.00427252,
                        -0.02879961 -0.12866962 0.01323549,
                        -0.03118983 -0.12718318 0.01335736,
                        -0.02896815 -0.12723735 0.01553994,
                        -0.01575301 -0.13253919 0.00310922,
                    ]
                }
                coordIndex [
                    0, 1, 2, -1,
                    0, 2, 3, -1,
                    0, 3, 4, -1,
                    0, 4, 5, -1,
                    0, 5, 6, -1,
                    0, 6, 1, -1,
                    1, 7, 2, -1,
                    1, 6, 8, -1,
                    1, 8, 9, -1,
                    1, 9, 10, -1,
                    1, 10, 7, -1,
                    2, 7, 11, -1,
                    2, 11, 3, -1,
                    3, 11, 12, -1,
                    3, 12, 4, -1,
                    4, 13, 14, -1,
                    4, 14, 5, -1,
                    4, 12, 15, -1,
                    4, 15, 16, -1,
                    4, 16, 13, -1,
                    5, 14, 17, -1,
                    5, 17, 6, -1,
                    6, 17, 18, -1,
                    6, 18, 19, -1,
                    6, 19, 8, -1,
                    7, 10, 20, -1,
                    7, 20, 21, -1,
                    7, 21, 22, -1,
                    7, 22, 11, -1,
                    8, 19, 23, -1,
                    8, 23, 9, -1,
                    9, 24, 20, -1,
                    9, 20, 10, -1,
                    9, 23, 24, -1,
                    11, 22, 40, -1,
                    11, 40, 58, -1,
                    11, 58, 57, -1,
                    11, 57, 84, -1,
                    11, 84, 115, -1,
                    11, 115, 140, -1,
                    11, 140, 168, -1,
                    11, 168, 202, -1,
                    11, 202, 228, -1,
                    11, 228, 230, -1,
                    11, 230, 263, -1,
                    11, 263, 295, -1,
                    11, 295, 301, -1,
                    11, 301, 300, -1,
                    11, 300, 321, -1,
                    11, 321, 337, -1,
                    11, 337, 345, -1,
                    11, 345, 347, -1,
                    11, 347, 346, -1,
                    11, 346, 343, -1,
                    11, 343, 342, -1,
                    11, 342, 338, -1,
                    11, 338, 322, -1,
                    11, 322, 302, -1,
                    11, 302, 271, -1,
                    11, 271, 240, -1,
                    11, 240, 213, -1,
                    11, 213, 182, -1,
                    11, 182, 179, -1,
                    11, 179, 150, -1,
                    11, 150, 126, -1,
                    11, 126, 95, -1,
                    11, 95, 66, -1,
                    11, 66, 46, -1,
                    11, 46, 28, -1,
                    11, 28, 27, -1,
                    11, 27, 33, -1,
                    11, 33, 25, -1,
                    11, 25, 12, -1,
                    12, 25, 16, -1,
                    12, 16, 15, -1,
                    13, 26, 14, -1,
                    13, 16, 27, -1,
                    13, 27, 28, -1,
                    13, 28, 26, -1,
                    14, 26, 29, -1,
                    14, 29, 30, -1,
                    14, 30, 31, -1,
                    14, 31, 32, -1,
                    14, 32, 17, -1,
                    16, 25, 33, -1,
                    16, 33, 27, -1,
                    17, 32, 34, -1,
                    17, 34, 35, -1,
                    17, 35, 36, -1,
                    17, 36, 18, -1,
                    18, 36, 19, -1,
                    19, 36, 37, -1,
                    19, 37, 23, -1,
                    20, 38, 21, -1,
                    20, 24, 38, -1,
                    21, 38, 39, -1,
                    21, 39, 40, -1,
                    21, 40, 22, -1,
                    23, 37, 41, -1,
                    23, 41, 42, -1,
                    23, 42, 43, -1,
                    23, 43, 44, -1,
                    23, 44, 45, -1,
                    23, 45, 24, -1,
                    24, 45, 38, -1,
                    26, 28, 29, -1,
                    28, 46, 29, -1,
                    29, 47, 30, -1,
                    29, 46, 47, -1,
                    30, 47, 48, -1,
                    30, 48, 49, -1,
                    30, 49, 31, -1,
                    31, 49, 32, -1,
                    32, 49, 50, -1,
                    32, 50, 34, -1,
                    34, 50, 51, -1,
                    34, 51, 35, -1,
                    35, 51, 52, -1,
                    35, 52, 53, -1,
                    35, 53, 54, -1,
                    35, 54, 36, -1,
                    36, 54, 41, -1,
                    36, 41, 37, -1,
                    38, 55, 39, -1,
                    38, 45, 55, -1,
                    39, 55, 56, -1,
                    39, 56, 57, -1,
                    39, 57, 58, -1,
                    39, 58, 40, -1,
                    41, 54, 59, -1,
                    41, 59, 42, -1,
                    42, 59, 60, -1,
                    42, 60, 61, -1,
                    42, 61, 43, -1,
                    43, 62, 44, -1,
                    43, 61, 63, -1,
                    43, 63, 62, -1,
                    44, 64, 65, -1,
                    44, 65, 45, -1,
                    44, 62, 64, -1,
                    45, 65, 55, -1,
                    46, 66, 67, -1,
                    46, 67, 68, -1,
                    46, 68, 47, -1,
                    47, 68, 48, -1,
                    48, 68, 69, -1,
                    48, 69, 70, -1,
                    48, 70, 49, -1,
                    49, 70, 71, -1,
                    49, 71, 72, -1,
                    49, 72, 51, -1,
                    49, 51, 50, -1,
                    51, 73, 74, -1,
                    51, 74, 52, -1,
                    51, 72, 73, -1,
                    52, 75, 76, -1,
                    52, 76, 77, -1,
                    52, 77, 78, -1,
                    52, 78, 53, -1,
                    52, 74, 79, -1,
                    52, 79, 75, -1,
                    53, 78, 80, -1,
                    53, 80, 59, -1,
                    53, 59, 54, -1,
                    55, 81, 82, -1,
                    55, 82, 56, -1,
                    55, 65, 83, -1,
                    55, 83, 81, -1,
                    56, 82, 57, -1,
                    57, 82, 84, -1,
                    59, 80, 60, -1,
                    60, 80, 85, -1,
                    60, 85, 86, -1,
                    60, 86, 87, -1,
                    60, 87, 88, -1,
                    60, 88, 63, -1,
                    60, 63, 61, -1,
                    62, 63, 64, -1,
                    63, 88, 89, -1,
                    63, 89, 90, -1,
                    63, 90, 64, -1,
                    64, 90, 89, -1,
                    64, 89, 91, -1,
                    64, 91, 92, -1,
                    64, 92, 93, -1,
                    64, 93, 94, -1,
                    64, 94, 83, -1,
                    64, 83, 65, -1,
                    66, 95, 96, -1,
                    66, 96, 97, -1,
                    66, 97, 67, -1,
                    67, 97, 98, -1,
                    67, 98, 99, -1,
                    67, 99, 69, -1,
                    67, 69, 68, -1,
                    69, 99, 70, -1,
                    70, 100, 101, -1,
                    70, 101, 71, -1,
                    70, 99, 100, -1,
                    71, 101, 73, -1,
                    71, 73, 72, -1,
                    73, 101, 102, -1,
                    73, 102, 103, -1,
                    73, 103, 79, -1,
                    73, 79, 74, -1,
                    75, 104, 105, -1,
                    75, 105, 76, -1,
                    75, 79, 106, -1,
                    75, 106, 102, -1,
                    75, 102, 107, -1,
                    75, 107, 108, -1,
                    75, 108, 109, -1,
                    75, 109, 110, -1,
                    75, 110, 104, -1,
                    76, 105, 77, -1,
                    77, 111, 118, -1,
                    77, 118, 85, -1,
                    77, 85, 80, -1,
                    77, 80, 78, -1,
                    77, 105, 111, -1,
                    79, 103, 106, -1,
                    81, 112, 82, -1,
                    81, 83, 112, -1,
                    82, 112, 113, -1,
                    82, 113, 84, -1,
                    83, 94, 114, -1,
                    83, 114, 112, -1,
                    84, 113, 116, -1,
                    84, 116, 117, -1,
                    84, 117, 115, -1,
                    85, 118, 119, -1,
                    85, 119, 86, -1,
                    86, 120, 87, -1,
                    86, 119, 120, -1,
                    87, 120, 121, -1,
                    87, 121, 89, -1,
                    87, 89, 88, -1,
                    89, 121, 122, -1,
                    89, 122, 123, -1,
                    89, 123, 92, -1,
                    89, 92, 91, -1,
                    92, 123, 124, -1,
                    92, 124, 125, -1,
                    92, 125, 93, -1,
                    93, 125, 114, -1,
                    93, 114, 94, -1,
                    95, 126, 96, -1,
                    96, 127, 128, -1,
                    96, 128, 98, -1,
                    96, 98, 97, -1,
                    96, 126, 127, -1,
                    98, 128, 100, -1,
                    98, 100, 99, -1,
                    100, 129, 130, -1,
                    100, 130, 102, -1,
                    100, 102, 101, -1,
                    100, 128, 129, -1,
                    102, 106, 103, -1,
                    102, 130, 131, -1,
                    102, 131, 107, -1,
                    104, 132, 105, -1,
                    104, 110, 109, -1,
                    104, 109, 133, -1,
                    104, 133, 132, -1,
                    105, 132, 134, -1,
                    105, 134, 111, -1,
                    107, 109, 108, -1,
                    107, 131, 109, -1,
                    109, 131, 135, -1,
                    109, 135, 136, -1,
                    109, 136, 133, -1,
                    111, 134, 137, -1,
                    111, 137, 138, -1,
                    111, 138, 118, -1,
                    112, 114, 113, -1,
                    113, 114, 116, -1,
                    114, 139, 117, -1,
                    114, 117, 116, -1,
                    114, 125, 139, -1,
                    115, 117, 141, -1,
                    115, 141, 140, -1,
                    117, 139, 142, -1,
                    117, 142, 141, -1,
                    118, 138, 143, -1,
                    118, 143, 119, -1,
                    119, 143, 144, -1,
                    119, 144, 120, -1,
                    120, 144, 145, -1,
                    120, 145, 121, -1,
                    121, 146, 122, -1,
                    121, 145, 146, -1,
                    122, 146, 147, -1,
                    122, 147, 148, -1,
                    122, 148, 123, -1,
                    123, 148, 147, -1,
                    123, 147, 149, -1,
                    123, 149, 124, -1,
                    124, 149, 142, -1,
                    124, 142, 139, -1,
                    124, 139, 125, -1,
                    126, 150, 151, -1,
                    126, 151, 127, -1,
                    127, 151, 152, -1,
                    127, 152, 128, -1,
                    128, 153, 129, -1,
                    128, 152, 153, -1,
                    129, 154, 130, -1,
                    129, 153, 154, -1,
                    130, 154, 131, -1,
                    131, 154, 155, -1,
                    131, 155, 135, -1,
                    132, 156, 134, -1,
                    132, 133, 136, -1,
                    132, 136, 157, -1,
                    132, 157, 156, -1,
                    134, 158, 137, -1,
                    134, 156, 158, -1,
                    135, 155, 159, -1,
                    135, 159, 160, -1,
                    135, 160, 161, -1,
                    135, 161, 136, -1,
                    136, 162, 157, -1,
                    136, 161, 162, -1,
                    137, 158, 163, -1,
                    137, 163, 138, -1,
                    138, 163, 164, -1,
                    138, 164, 165, -1,
                    138, 165, 166, -1,
                    138, 166, 167, -1,
                    138, 167, 143, -1,
                    140, 141, 168, -1,
                    141, 142, 169, -1,
                    141, 169, 170, -1,
                    141, 170, 171, -1,
                    141, 171, 168, -1,
                    142, 149, 169, -1,
                    143, 167, 172, -1,
                    143, 172, 144, -1,
                    144, 172, 173, -1,
                    144, 173, 174, -1,
                    144, 174, 175, -1,
                    144, 175, 145, -1,
                    145, 175, 176, -1,
                    145, 176, 146, -1,
                    146, 176, 147, -1,
                    147, 176, 177, -1,
                    147, 177, 178, -1,
                    147, 178, 149, -1,
                    149, 178, 169, -1,
                    150, 179, 151, -1,
                    151, 180, 181, -1,
                    151, 181, 152, -1,
                    151, 179, 182, -1,
                    151, 182, 180, -1,
                    152, 183, 184, -1,
                    152, 184, 153, -1,
                    152, 181, 183, -1,
                    153, 184, 154, -1,
                    154, 184, 155, -1,
                    155, 184, 185, -1,
                    155, 185, 159, -1,
                    156, 157, 186, -1,
                    156, 186, 187, -1,
                    156, 187, 188, -1,
                    156, 188, 189, -1,
                    156, 189, 158, -1,
                    157, 162, 186, -1,
                    158, 190, 163, -1,
                    158, 189, 191, -1,
                    158, 191, 190, -1,
                    159, 185, 160, -1,
                    160, 185, 192, -1,
                    160, 192, 193, -1,
                    160, 193, 161, -1,
                    161, 194, 186, -1,
                    161, 186, 162, -1,
                    161, 193, 194, -1,
                    163, 190, 164, -1,
                    164, 195, 165, -1,
                    164, 190, 196, -1,
                    164, 196, 197, -1,
                    164, 197, 195, -1,
                    165, 195, 166, -1,
                    166, 198, 167, -1,
                    166, 195, 199, -1,
                    166, 199, 200, -1,
                    166, 200, 201, -1,
                    166, 201, 198, -1,
                    167, 198, 201, -1,
                    167, 201, 172, -1,
                    168, 171, 203, -1,
                    168, 203, 202, -1,
                    169, 204, 205, -1,
                    169, 205, 170, -1,
                    169, 178, 204, -1,
                    170, 205, 206, -1,
                    170, 206, 171, -1,
                    171, 206, 203, -1,
                    172, 201, 207, -1,
                    172, 207, 173, -1,
                    173, 207, 208, -1,
                    173, 208, 175, -1,
                    173, 175, 174, -1,
                    175, 208, 209, -1,
                    175, 209, 177, -1,
                    175, 177, 176, -1,
                    177, 209, 210, -1,
                    177, 210, 178, -1,
                    178, 210, 211, -1,
                    178, 211, 204, -1,
                    180, 212, 181, -1,
                    180, 182, 213, -1,
                    180, 213, 212, -1,
                    181, 212, 214, -1,
                    181, 214, 183, -1,
                    183, 214, 215, -1,
                    183, 215, 184, -1,
                    184, 215, 185, -1,
                    185, 215, 216, -1,
                    185, 216, 192, -1,
                    186, 194, 217, -1,
                    186, 217, 218, -1,
                    186, 218, 188, -1,
                    186, 188, 187, -1,
                    188, 218, 189, -1,
                    189, 218, 219, -1,
                    189, 219, 191, -1,
                    190, 191, 196, -1,
                    191, 219, 196, -1,
                    192, 216, 220, -1,
                    192, 220, 193, -1,
                    193, 221, 217, -1,
                    193, 217, 194, -1,
                    193, 220, 221, -1,
                    195, 197, 199, -1,
                    196, 219, 222, -1,
                    196, 222, 223, -1,
                    196, 223, 224, -1,
                    196, 224, 197, -1,
                    197, 224, 199, -1,
                    199, 201, 200, -1,
                    199, 224, 225, -1,
                    199, 225, 201, -1,
                    201, 225, 226, -1,
                    201, 226, 227, -1,
                    201, 227, 207, -1,
                    202, 203, 228, -1,
                    203, 229, 230, -1,
                    203, 230, 228, -1,
                    203, 206, 205, -1,
                    203, 205, 231, -1,
                    203, 231, 229, -1,
                    204, 211, 232, -1,
                    204, 232, 205, -1,
                    205, 232, 231, -1,
                    207, 227, 233, -1,
                    207, 233, 234, -1,
                    207, 234, 235, -1,
                    207, 235, 208, -1,
                    208, 235, 236, -1,
                    208, 236, 209, -1,
                    209, 236, 210, -1,
                    210, 237, 238, -1,
                    210, 238, 211, -1,
                    210, 236, 237, -1,
                    211, 238, 232, -1,
                    212, 239, 214, -1,
                    212, 213, 240, -1,
                    212, 240, 239, -1,
                    214, 241, 216, -1,
                    214, 216, 215, -1,
                    214, 239, 241, -1,
                    216, 241, 242, -1,
                    216, 242, 243, -1,
                    216, 243, 244, -1,
                    216, 244, 245, -1,
                    216, 245, 246, -1,
                    216, 246, 220, -1,
                    217, 221, 247, -1,
                    217, 247, 248, -1,
                    217, 248, 218, -1,
                    218, 248, 249, -1,
                    218, 249, 250, -1,
                    218, 250, 219, -1,
                    219, 250, 251, -1,
                    219, 251, 222, -1,
                    220, 246, 252, -1,
                    220, 252, 253, -1,
                    220, 253, 221, -1,
                    221, 248, 247, -1,
                    221, 253, 252, -1,
                    221, 252, 254, -1,
                    221, 254, 255, -1,
                    221, 255, 248, -1,
                    222, 251, 256, -1,
                    222, 256, 223, -1,
                    223, 256, 257, -1,
                    223, 257, 258, -1,
                    223, 258, 224, -1,
                    224, 258, 225, -1,
                    225, 258, 259, -1,
                    225, 259, 260, -1,
                    225, 260, 226, -1,
                    226, 260, 233, -1,
                    226, 233, 227, -1,
                    229, 231, 261, -1,
                    229, 261, 262, -1,
                    229, 262, 230, -1,
                    230, 262, 263, -1,
                    231, 232, 264, -1,
                    231, 264, 261, -1,
                    232, 238, 264, -1,
                    233, 260, 265, -1,
                    233, 265, 234, -1,
                    234, 236, 235, -1,
                    234, 265, 236, -1,
                    236, 265, 266, -1,
                    236, 266, 267, -1,
                    236, 267, 237, -1,
                    237, 267, 238, -1,
                    238, 268, 269, -1,
                    238, 269, 264, -1,
                    238, 267, 268, -1,
                    239, 270, 243, -1,
                    239, 243, 242, -1,
                    239, 242, 241, -1,
                    239, 240, 271, -1,
                    239, 271, 270, -1,
                    243, 270, 272, -1,
                    243, 272, 273, -1,
                    243, 273, 274, -1,
                    243, 274, 275, -1,
                    243, 275, 246, -1,
                    243, 246, 244, -1,
                    244, 246, 245, -1,
                    246, 275, 252, -1,
                    248, 276, 277, -1,
                    248, 277, 249, -1,
                    248, 255, 278, -1,
                    248, 278, 279, -1,
                    248, 279, 280, -1,
                    248, 280, 276, -1,
                    249, 277, 251, -1,
                    249, 251, 250, -1,
                    251, 277, 281, -1,
                    251, 281, 282, -1,
                    251, 282, 256, -1,
                    252, 275, 254, -1,
                    254, 275, 283, -1,
                    254, 283, 284, -1,
                    254, 284, 279, -1,
                    254, 279, 278, -1,
                    254, 278, 255, -1,
                    256, 282, 285, -1,
                    256, 285, 257, -1,
                    257, 285, 286, -1,
                    257, 286, 287, -1,
                    257, 287, 258, -1,
                    258, 287, 259, -1,
                    259, 287, 288, -1,
                    259, 288, 289, -1,
                    259, 289, 260, -1,
                    260, 290, 265, -1,
                    260, 289, 291, -1,
                    260, 291, 292, -1,
                    260, 292, 293, -1,
                    260, 293, 290, -1,
                    261, 264, 262, -1,
                    262, 294, 295, -1,
                    262, 295, 263, -1,
                    262, 264, 294, -1,
                    264, 269, 294, -1,
                    265, 290, 267, -1,
                    265, 267, 266, -1,
                    267, 296, 297, -1,
                    267, 297, 298, -1,
                    267, 298, 268, -1,
                    267, 290, 296, -1,
                    268, 298, 299, -1,
                    268, 299, 269, -1,
                    269, 299, 300, -1,
                    269, 300, 301, -1,
                    269, 301, 294, -1,
                    270, 271, 272, -1,
                    271, 302, 274, -1,
                    271, 274, 272, -1,
                    272, 274, 273, -1,
                    274, 303, 283, -1,
                    274, 283, 275, -1,
                    274, 302, 303, -1,
                    276, 280, 277, -1,
                    277, 280, 304, -1,
                    277, 304, 281, -1,
                    279, 304, 280, -1,
                    279, 284, 305, -1,
                    279, 305, 306, -1,
                    279, 306, 304, -1,
                    281, 304, 282, -1,
                    282, 304, 307, -1,
                    282, 307, 308, -1,
                    282, 308, 285, -1,
                    283, 303, 309, -1,
                    283, 309, 310, -1,
                    283, 310, 305, -1,
                    283, 305, 284, -1,
                    285, 308, 311, -1,
                    285, 311, 286, -1,
                    286, 311, 287, -1,
                    287, 311, 288, -1,
                    288, 311, 289, -1,
                    289, 311, 312, -1,
                    289, 312, 313, -1,
                    289, 313, 314, -1,
                    289, 314, 291, -1,
                    290, 293, 297, -1,
                    290, 297, 296, -1,
                    291, 314, 292, -1,
                    292, 314, 315, -1,
                    292, 315, 297, -1,
                    292, 297, 293, -1,
                    294, 301, 295, -1,
                    297, 315, 316, -1,
                    297, 316, 317, -1,
                    297, 317, 318, -1,
                    297, 318, 298, -1,
                    298, 318, 319, -1,
                    298, 319, 320, -1,
                    298, 320, 299, -1,
                    299, 320, 300, -1,
                    300, 320, 321, -1,
                    302, 322, 309, -1,
                    302, 309, 303, -1,
                    304, 306, 307, -1,
                    305, 310, 323, -1,
                    305, 323, 306, -1,
                    306, 324, 307, -1,
                    306, 323, 325, -1,
                    306, 325, 326, -1,
                    306, 326, 324, -1,
                    307, 324, 308, -1,
                    308, 324, 327, -1,
                    308, 327, 311, -1,
                    309, 328, 310, -1,
                    309, 322, 328, -1,
                    310, 328, 329, -1,
                    310, 329, 323, -1,
                    311, 327, 312, -1,
                    312, 327, 330, -1,
                    312, 330, 331, -1,
                    312, 331, 313, -1,
                    313, 331, 332, -1,
                    313, 332, 314, -1,
                    314, 332, 333, -1,
                    314, 333, 334, -1,
                    314, 334, 315, -1,
                    315, 334, 335, -1,
                    315, 335, 316, -1,
                    316, 335, 317, -1,
                    317, 335, 336, -1,
                    317, 336, 319, -1,
                    317, 319, 318, -1,
                    319, 336, 321, -1,
                    319, 321, 320, -1,
                    321, 336, 335, -1,
                    321, 335, 337, -1,
                    322, 338, 329, -1,
                    322, 329, 328, -1,
                    323, 329, 339, -1,
                    323, 339, 325, -1,
                    324, 326, 330, -1,
                    324, 330, 327, -1,
                    325, 339, 326, -1,
                    326, 339, 340, -1,
                    326, 340, 330, -1,
                    329, 338, 339, -1,
                    330, 340, 341, -1,
                    330, 341, 331, -1,
                    331, 341, 342, -1,
                    331, 342, 343, -1,
                    331, 343, 332, -1,
                    332, 344, 333, -1,
                    332, 343, 344, -1,
                    333, 344, 334, -1,
                    334, 344, 337, -1,
                    334, 337, 335, -1,
                    337, 344, 345, -1,
                    338, 342, 340, -1,
                    338, 340, 339, -1,
                    340, 342, 341, -1,
                    343, 346, 344, -1,
                    344, 346, 347, -1,
                    344, 347, 345, -1,
                    348, 349, 354, -1,
                    348, 354, 363, -1,
                    348, 363, 367, -1,
                    348, 367, 383, -1,
                    348, 383, 382, -1,
                    348, 382, 405, -1,
                    348, 405, 431, -1,
                    348, 431, 467, -1,
                    348, 467, 510, -1,
                    348, 510, 570, -1,
                    348, 570, 648, -1,
                    348, 648, 724, -1,
                    348, 724, 795, -1,
                    348, 795, 869, -1,
                    348, 869, 952, -1,
                    348, 952, 1046, -1,
                    348, 1046, 1045, -1,
                    348, 1045, 1044, -1,
                    348, 1044, 1043, -1,
                    348, 1043, 1042, -1,
                    348, 1042, 1143, -1,
                    348, 1143, 1159, -1,
                    348, 1159, 1158, -1,
                    348, 1158, 1157, -1,
                    348, 1157, 1063, -1,
                    348, 1063, 965, -1,
                    348, 965, 880, -1,
                    348, 880, 879, -1,
                    348, 879, 870, -1,
                    348, 870, 797, -1,
                    348, 797, 726, -1,
                    348, 726, 652, -1,
                    348, 652, 574, -1,
                    348, 574, 514, -1,
                    348, 514, 468, -1,
                    348, 468, 432, -1,
                    348, 432, 406, -1,
                    348, 406, 384, -1,
                    348, 384, 368, -1,
                    348, 368, 357, -1,
                    348, 357, 350, -1,
                    348, 350, 351, -1,
                    348, 351, 352, -1,
                    348, 352, 353, -1,
                    348, 353, 349, -1,
                    349, 353, 355, -1,
                    349, 355, 356, -1,
                    349, 356, 354, -1,
                    350, 357, 351, -1,
                    351, 358, 359, -1,
                    351, 359, 360, -1,
                    351, 360, 361, -1,
                    351, 361, 352, -1,
                    351, 357, 358, -1,
                    352, 361, 362, -1,
                    352, 362, 353, -1,
                    353, 362, 355, -1,
                    354, 356, 363, -1,
                    355, 362, 356, -1,
                    356, 362, 364, -1,
                    356, 364, 365, -1,
                    356, 365, 366, -1,
                    356, 366, 367, -1,
                    356, 367, 363, -1,
                    357, 368, 358, -1,
                    358, 369, 359, -1,
                    358, 368, 369, -1,
                    359, 369, 370, -1,
                    359, 370, 360, -1,
                    360, 370, 371, -1,
                    360, 371, 361, -1,
                    361, 371, 372, -1,
                    361, 372, 362, -1,
                    362, 372, 373, -1,
                    362, 373, 364, -1,
                    364, 373, 374, -1,
                    364, 374, 365, -1,
                    365, 374, 375, -1,
                    365, 375, 376, -1,
                    365, 376, 377, -1,
                    365, 377, 378, -1,
                    365, 378, 379, -1,
                    365, 379, 380, -1,
                    365, 380, 366, -1,
                    366, 380, 381, -1,
                    366, 381, 382, -1,
                    366, 382, 383, -1,
                    366, 383, 367, -1,
                    368, 384, 385, -1,
                    368, 385, 386, -1,
                    368, 386, 369, -1,
                    369, 387, 388, -1,
                    369, 388, 389, -1,
                    369, 389, 390, -1,
                    369, 390, 370, -1,
                    369, 386, 385, -1,
                    369, 385, 387, -1,
                    370, 391, 392, -1,
                    370, 392, 393, -1,
                    370, 393, 371, -1,
                    370, 390, 391, -1,
                    371, 393, 394, -1,
                    371, 394, 372, -1,
                    372, 394, 395, -1,
                    372, 395, 373, -1,
                    373, 395, 374, -1,
                    374, 395, 396, -1,
                    374, 396, 397, -1,
                    374, 397, 375, -1,
                    375, 377, 376, -1,
                    375, 397, 398, -1,
                    375, 398, 377, -1,
                    377, 399, 400, -1,
                    377, 400, 379, -1,
                    377, 379, 378, -1,
                    377, 398, 399, -1,
                    379, 401, 402, -1,
                    379, 402, 403, -1,
                    379, 403, 404, -1,
                    379, 404, 381, -1,
                    379, 381, 380, -1,
                    379, 400, 401, -1,
                    381, 404, 382, -1,
                    382, 404, 403, -1,
                    382, 403, 405, -1,
                    384, 406, 385, -1,
                    385, 407, 408, -1,
                    385, 408, 409, -1,
                    385, 409, 410, -1,
                    385, 410, 387, -1,
                    385, 406, 407, -1,
                    387, 410, 388, -1,
                    388, 410, 411, -1,
                    388, 411, 412, -1,
                    388, 412, 389, -1,
                    389, 412, 390, -1,
                    390, 412, 391, -1,
                    391, 412, 413, -1,
                    391, 413, 414, -1,
                    391, 414, 415, -1,
                    391, 415, 416, -1,
                    391, 416, 392, -1,
                    392, 416, 393, -1,
                    393, 416, 394, -1,
                    394, 416, 417, -1,
                    394, 417, 395, -1,
                    395, 417, 418, -1,
                    395, 418, 396, -1,
                    396, 418, 397, -1,
                    397, 418, 419, -1,
                    397, 419, 420, -1,
                    397, 420, 398, -1,
                    398, 420, 421, -1,
                    398, 421, 422, -1,
                    398, 422, 423, -1,
                    398, 423, 399, -1,
                    399, 424, 401, -1,
                    399, 401, 400, -1,
                    399, 423, 424, -1,
                    401, 425, 426, -1,
                    401, 426, 427, -1,
                    401, 427, 428, -1,
                    401, 428, 402, -1,
                    401, 424, 425, -1,
                    402, 428, 403, -1,
                    403, 428, 429, -1,
                    403, 429, 430, -1,
                    403, 430, 431, -1,
                    403, 431, 405, -1,
                    406, 432, 433, -1,
                    406, 433, 434, -1,
                    406, 434, 407, -1,
                    407, 434, 408, -1,
                    408, 434, 435, -1,
                    408, 435, 436, -1,
                    408, 436, 409, -1,
                    409, 436, 437, -1,
                    409, 437, 438, -1,
                    409, 438, 410, -1,
                    410, 439, 411, -1,
                    410, 438, 439, -1,
                    411, 440, 441, -1,
                    411, 441, 412, -1,
                    411, 439, 440, -1,
                    412, 442, 413, -1,
                    412, 441, 442, -1,
                    413, 442, 443, -1,
                    413, 443, 444, -1,
                    413, 444, 445, -1,
                    413, 445, 446, -1,
                    413, 446, 415, -1,
                    413, 415, 414, -1,
                    415, 446, 416, -1,
                    416, 446, 417, -1,
                    417, 446, 447, -1,
                    417, 447, 418, -1,
                    418, 447, 419, -1,
                    419, 447, 448, -1,
                    419, 448, 449, -1,
                    419, 449, 450, -1,
                    419, 450, 420, -1,
                    420, 450, 451, -1,
                    420, 451, 452, -1,
                    420, 452, 421, -1,
                    421, 452, 453, -1,
                    421, 453, 422, -1,
                    422, 453, 454, -1,
                    422, 454, 455, -1,
                    422, 455, 456, -1,
                    422, 456, 423, -1,
                    423, 456, 457, -1,
                    423, 457, 424, -1,
                    424, 457, 425, -1,
                    425, 457, 458, -1,
                    425, 458, 459, -1,
                    425, 459, 460, -1,
                    425, 460, 461, -1,
                    425, 461, 462, -1,
                    425, 462, 426, -1,
                    426, 462, 429, -1,
                    426, 429, 427, -1,
                    427, 429, 428, -1,
                    429, 461, 463, -1,
                    429, 463, 464, -1,
                    429, 464, 430, -1,
                    429, 462, 461, -1,
                    430, 464, 465, -1,
                    430, 465, 466, -1,
                    430, 466, 467, -1,
                    430, 467, 431, -1,
                    432, 468, 469, -1,
                    432, 469, 433, -1,
                    433, 470, 471, -1,
                    433, 471, 434, -1,
                    433, 469, 472, -1,
                    433, 472, 470, -1,
                    434, 471, 473, -1,
                    434, 473, 435, -1,
                    435, 437, 436, -1,
                    435, 473, 437, -1,
                    437, 474, 438, -1,
                    437, 473, 475, -1,
                    437, 475, 474, -1,
                    438, 474, 476, -1,
                    438, 476, 477, -1,
                    438, 477, 439, -1,
                    439, 477, 440, -1,
                    440, 478, 479, -1,
                    440, 479, 441, -1,
                    440, 477, 476, -1,
                    440, 476, 480, -1,
                    440, 480, 481, -1,
                    440, 481, 478, -1,
                    441, 479, 442, -1,
                    442, 479, 443, -1,
                    443, 482, 483, -1,
                    443, 483, 444, -1,
                    443, 479, 484, -1,
                    443, 484, 482, -1,
                    444, 483, 445, -1,
                    445, 485, 486, -1,
                    445, 486, 487, -1,
                    445, 487, 446, -1,
                    445, 483, 485, -1,
                    446, 485, 448, -1,
                    446, 448, 447, -1,
                    446, 487, 486, -1,
                    446, 486, 485, -1,
                    448, 485, 449, -1,
                    449, 488, 450, -1,
                    449, 485, 488, -1,
                    450, 488, 489, -1,
                    450, 489, 490, -1,
                    450, 490, 451, -1,
                    451, 490, 452, -1,
                    452, 490, 491, -1,
                    452, 491, 492, -1,
                    452, 492, 453, -1,
                    453, 492, 493, -1,
                    453, 493, 454, -1,
                    454, 493, 494, -1,
                    454, 494, 455, -1,
                    455, 494, 495, -1,
                    455, 495, 459, -1,
                    455, 459, 458, -1,
                    455, 458, 456, -1,
                    456, 458, 457, -1,
                    459, 495, 496, -1,
                    459, 496, 461, -1,
                    459, 461, 460, -1,
                    461, 465, 463, -1,
                    461, 496, 497, -1,
                    461, 497, 498, -1,
                    461, 498, 499, -1,
                    461, 499, 500, -1,
                    461, 500, 501, -1,
                    461, 501, 502, -1,
                    461, 502, 503, -1,
                    461, 503, 504, -1,
                    461, 504, 505, -1,
                    461, 505, 506, -1,
                    461, 506, 507, -1,
                    461, 507, 465, -1,
                    463, 465, 464, -1,
                    465, 507, 508, -1,
                    465, 508, 509, -1,
                    465, 509, 466, -1,
                    466, 509, 510, -1,
                    466, 510, 467, -1,
                    468, 511, 512, -1,
                    468, 512, 513, -1,
                    468, 513, 469, -1,
                    468, 514, 511, -1,
                    469, 513, 472, -1,
                    470, 472, 515, -1,
                    470, 515, 516, -1,
                    470, 516, 471, -1,
                    471, 516, 475, -1,
                    471, 475, 473, -1,
                    472, 513, 512, -1,
                    472, 512, 517, -1,
                    472, 517, 518, -1,
                    472, 518, 515, -1,
                    474, 475, 519, -1,
                    474, 519, 476, -1,
                    475, 516, 519, -1,
                    476, 519, 520, -1,
                    476, 520, 480, -1,
                    478, 521, 522, -1,
                    478, 522, 523, -1,
                    478, 523, 479, -1,
                    478, 481, 521, -1,
                    479, 523, 524, -1,
                    479, 524, 484, -1,
                    480, 520, 525, -1,
                    480, 525, 481, -1,
                    481, 525, 526, -1,
                    481, 526, 527, -1,
                    481, 527, 528, -1,
                    481, 528, 521, -1,
                    482, 529, 530, -1,
                    482, 530, 531, -1,
                    482, 531, 532, -1,
                    482, 532, 533, -1,
                    482, 533, 534, -1,
                    482, 534, 483, -1,
                    482, 484, 535, -1,
                    482, 535, 536, -1,
                    482, 536, 537, -1,
                    482, 537, 529, -1,
                    483, 534, 485, -1,
                    484, 524, 538, -1,
                    484, 538, 539, -1,
                    484, 539, 540, -1,
                    484, 540, 541, -1,
                    484, 541, 535, -1,
                    485, 534, 542, -1,
                    485, 542, 543, -1,
                    485, 543, 488, -1,
                    488, 544, 545, -1,
                    488, 545, 489, -1,
                    488, 543, 544, -1,
                    489, 545, 490, -1,
                    490, 545, 616, -1,
                    490, 616, 546, -1,
                    490, 546, 547, -1,
                    490, 547, 491, -1,
                    491, 547, 548, -1,
                    491, 548, 492, -1,
                    492, 548, 549, -1,
                    492, 549, 493, -1,
                    493, 549, 494, -1,
                    494, 549, 550, -1,
                    494, 550, 495, -1,
                    495, 551, 552, -1,
                    495, 552, 553, -1,
                    495, 553, 496, -1,
                    495, 550, 551, -1,
                    496, 553, 554, -1,
                    496, 554, 555, -1,
                    496, 555, 556, -1,
                    496, 556, 497, -1,
                    497, 556, 557, -1,
                    497, 557, 558, -1,
                    497, 558, 498, -1,
                    498, 558, 499, -1,
                    499, 558, 559, -1,
                    499, 559, 560, -1,
                    499, 560, 501, -1,
                    499, 501, 500, -1,
                    501, 560, 561, -1,
                    501, 561, 562, -1,
                    501, 562, 563, -1,
                    501, 563, 564, -1,
                    501, 564, 503, -1,
                    501, 503, 502, -1,
                    503, 564, 504, -1,
                    504, 564, 565, -1,
                    504, 565, 566, -1,
                    504, 566, 505, -1,
                    505, 566, 567, -1,
                    505, 567, 507, -1,
                    505, 507, 506, -1,
                    507, 567, 568, -1,
                    507, 568, 569, -1,
                    507, 569, 509, -1,
                    507, 509, 508, -1,
                    509, 570, 510, -1,
                    509, 569, 571, -1,
                    509, 571, 572, -1,
                    509, 572, 573, -1,
                    509, 573, 570, -1,
                    511, 517, 512, -1,
                    511, 514, 517, -1,
                    514, 574, 575, -1,
                    514, 575, 576, -1,
                    514, 576, 577, -1,
                    514, 577, 578, -1,
                    514, 578, 579, -1,
                    514, 579, 580, -1,
                    514, 580, 581, -1,
                    514, 581, 517, -1,
                    515, 582, 583, -1,
                    515, 583, 584, -1,
                    515, 584, 585, -1,
                    515, 585, 516, -1,
                    515, 518, 582, -1,
                    516, 585, 519, -1,
                    517, 581, 586, -1,
                    517, 586, 587, -1,
                    517, 587, 518, -1,
                    518, 587, 588, -1,
                    518, 588, 589, -1,
                    518, 589, 590, -1,
                    518, 590, 582, -1,
                    519, 584, 520, -1,
                    519, 585, 584, -1,
                    520, 584, 525, -1,
                    521, 528, 522, -1,
                    522, 591, 523, -1,
                    522, 528, 592, -1,
                    522, 592, 591, -1,
                    523, 591, 538, -1,
                    523, 538, 524, -1,
                    525, 584, 593, -1,
                    525, 593, 526, -1,
                    526, 593, 594, -1,
                    526, 594, 527, -1,
                    527, 594, 595, -1,
                    527, 595, 596, -1,
                    527, 596, 528, -1,
                    528, 596, 592, -1,
                    529, 537, 597, -1,
                    529, 597, 598, -1,
                    529, 598, 530, -1,
                    530, 598, 599, -1,
                    530, 599, 532, -1,
                    530, 532, 531, -1,
                    532, 600, 533, -1,
                    532, 599, 601, -1,
                    532, 601, 602, -1,
                    532, 602, 603, -1,
                    532, 603, 600, -1,
                    533, 600, 534, -1,
                    534, 600, 603, -1,
                    534, 603, 542, -1,
                    535, 541, 536, -1,
                    536, 541, 537, -1,
                    537, 541, 604, -1,
                    537, 604, 605, -1,
                    537, 605, 606, -1,
                    537, 606, 597, -1,
                    538, 591, 607, -1,
                    538, 607, 608, -1,
                    538, 608, 539, -1,
                    539, 608, 609, -1,
                    539, 609, 540, -1,
                    540, 609, 541, -1,
                    541, 609, 604, -1,
                    542, 603, 610, -1,
                    542, 610, 611, -1,
                    542, 611, 543, -1,
                    543, 611, 612, -1,
                    543, 612, 544, -1,
                    544, 613, 614, -1,
                    544, 614, 615, -1,
                    544, 615, 616, -1,
                    544, 616, 545, -1,
                    544, 612, 613, -1,
                    546, 616, 617, -1,
                    546, 617, 618, -1,
                    546, 618, 619, -1,
                    546, 619, 547, -1,
                    547, 619, 620, -1,
                    547, 620, 548, -1,
                    548, 620, 549, -1,
                    549, 621, 550, -1,
                    549, 620, 621, -1,
                    550, 621, 622, -1,
                    550, 622, 551, -1,
                    551, 623, 624, -1,
                    551, 624, 625, -1,
                    551, 625, 552, -1,
                    551, 622, 626, -1,
                    551, 626, 627, -1,
                    551, 627, 623, -1,
                    552, 625, 628, -1,
                    552, 628, 629, -1,
                    552, 629, 555, -1,
                    552, 555, 553, -1,
                    553, 555, 554, -1,
                    555, 630, 631, -1,
                    555, 631, 556, -1,
                    555, 629, 632, -1,
                    555, 632, 630, -1,
                    556, 631, 633, -1,
                    556, 633, 634, -1,
                    556, 634, 558, -1,
                    556, 558, 557, -1,
                    558, 634, 635, -1,
                    558, 635, 636, -1,
                    558, 636, 561, -1,
                    558, 561, 559, -1,
                    559, 561, 560, -1,
                    561, 636, 635, -1,
                    561, 635, 637, -1,
                    561, 637, 638, -1,
                    561, 638, 639, -1,
                    561, 639, 562, -1,
                    562, 639, 563, -1,
                    563, 639, 565, -1,
                    563, 565, 640, -1,
                    563, 640, 564, -1,
                    564, 640, 565, -1,
                    565, 639, 641, -1,
                    565, 641, 642, -1,
                    565, 642, 643, -1,
                    565, 643, 644, -1,
                    565, 644, 568, -1,
                    565, 568, 567, -1,
                    565, 567, 566, -1,
                    568, 644, 645, -1,
                    568, 645, 569, -1,
                    569, 645, 572, -1,
                    569, 572, 571, -1,
                    570, 573, 646, -1,
                    570, 646, 647, -1,
                    570, 647, 648, -1,
                    572, 649, 650, -1,
                    572, 650, 651, -1,
                    572, 651, 573, -1,
                    572, 645, 649, -1,
                    573, 651, 646, -1,
                    574, 652, 575, -1,
                    575, 653, 654, -1,
                    575, 654, 655, -1,
                    575, 655, 656, -1,
                    575, 656, 576, -1,
                    575, 652, 657, -1,
                    575, 657, 653, -1,
                    576, 656, 577, -1,
                    577, 656, 578, -1,
                    578, 656, 579, -1,
                    579, 656, 658, -1,
                    579, 658, 580, -1,
                    580, 658, 659, -1,
                    580, 659, 660, -1,
                    580, 660, 581, -1,
                    581, 660, 586, -1,
                    582, 661, 583, -1,
                    582, 590, 661, -1,
                    583, 661, 662, -1,
                    583, 662, 584, -1,
                    584, 662, 593, -1,
                    586, 660, 663, -1,
                    586, 663, 664, -1,
                    586, 664, 665, -1,
                    586, 665, 587, -1,
                    587, 665, 588, -1,
                    588, 665, 666, -1,
                    588, 666, 589, -1,
                    589, 667, 590, -1,
                    589, 666, 667, -1,
                    590, 667, 668, -1,
                    590, 668, 661, -1,
                    591, 592, 607, -1,
                    592, 596, 669, -1,
                    592, 669, 607, -1,
                    593, 662, 670, -1,
                    593, 670, 594, -1,
                    594, 670, 671, -1,
                    594, 671, 595, -1,
                    595, 671, 672, -1,
                    595, 672, 596, -1,
                    596, 672, 669, -1,
                    597, 606, 673, -1,
                    597, 673, 598, -1,
                    598, 673, 674, -1,
                    598, 674, 599, -1,
                    599, 674, 675, -1,
                    599, 675, 601, -1,
                    601, 676, 677, -1,
                    601, 677, 602, -1,
                    601, 675, 676, -1,
                    602, 677, 610, -1,
                    602, 610, 603, -1,
                    604, 609, 678, -1,
                    604, 678, 679, -1,
                    604, 679, 680, -1,
                    604, 680, 605, -1,
                    605, 680, 681, -1,
                    605, 681, 606, -1,
                    606, 682, 673, -1,
                    606, 681, 682, -1,
                    607, 669, 683, -1,
                    607, 683, 608, -1,
                    608, 683, 684, -1,
                    608, 684, 685, -1,
                    608, 685, 609, -1,
                    609, 685, 678, -1,
                    610, 677, 611, -1,
                    611, 677, 612, -1,
                    612, 686, 614, -1,
                    612, 614, 613, -1,
                    612, 677, 687, -1,
                    612, 687, 686, -1,
                    614, 686, 757, -1,
                    614, 757, 688, -1,
                    614, 688, 615, -1,
                    615, 689, 616, -1,
                    615, 688, 689, -1,
                    616, 689, 617, -1,
                    617, 689, 690, -1,
                    617, 690, 691, -1,
                    617, 691, 692, -1,
                    617, 692, 618, -1,
                    618, 692, 693, -1,
                    618, 693, 694, -1,
                    618, 694, 619, -1,
                    619, 694, 695, -1,
                    619, 695, 620, -1,
                    620, 695, 696, -1,
                    620, 696, 621, -1,
                    621, 696, 622, -1,
                    622, 696, 626, -1,
                    623, 627, 697, -1,
                    623, 697, 698, -1,
                    623, 698, 624, -1,
                    624, 698, 697, -1,
                    624, 697, 699, -1,
                    624, 699, 700, -1,
                    624, 700, 625, -1,
                    625, 700, 628, -1,
                    626, 696, 701, -1,
                    626, 701, 627, -1,
                    627, 701, 697, -1,
                    628, 700, 629, -1,
                    629, 700, 632, -1,
                    630, 702, 631, -1,
                    630, 632, 702, -1,
                    631, 702, 703, -1,
                    631, 703, 704, -1,
                    631, 704, 705, -1,
                    631, 705, 633, -1,
                    632, 700, 706, -1,
                    632, 706, 707, -1,
                    632, 707, 702, -1,
                    633, 705, 708, -1,
                    633, 708, 634, -1,
                    634, 708, 709, -1,
                    634, 709, 635, -1,
                    635, 709, 710, -1,
                    635, 710, 711, -1,
                    635, 711, 637, -1,
                    637, 711, 638, -1,
                    638, 711, 712, -1,
                    638, 712, 639, -1,
                    639, 712, 641, -1,
                    641, 712, 642, -1,
                    642, 712, 713, -1,
                    642, 713, 714, -1,
                    642, 714, 715, -1,
                    642, 715, 716, -1,
                    642, 716, 643, -1,
                    643, 716, 717, -1,
                    643, 717, 718, -1,
                    643, 718, 644, -1,
                    644, 718, 645, -1,
                    645, 718, 649, -1,
                    646, 651, 719, -1,
                    646, 719, 647, -1,
                    647, 720, 721, -1,
                    647, 721, 722, -1,
                    647, 722, 723, -1,
                    647, 723, 724, -1,
                    647, 724, 648, -1,
                    647, 719, 720, -1,
                    649, 715, 650, -1,
                    649, 718, 716, -1,
                    649, 716, 715, -1,
                    650, 725, 651, -1,
                    650, 715, 725, -1,
                    651, 725, 719, -1,
                    652, 726, 657, -1,
                    653, 727, 728, -1,
                    653, 728, 729, -1,
                    653, 729, 654, -1,
                    653, 657, 730, -1,
                    653, 730, 731, -1,
                    653, 731, 727, -1,
                    654, 729, 732, -1,
                    654, 732, 665, -1,
                    654, 665, 733, -1,
                    654, 733, 656, -1,
                    654, 656, 655, -1,
                    656, 733, 664, -1,
                    656, 664, 658, -1,
                    657, 734, 735, -1,
                    657, 735, 730, -1,
                    657, 726, 734, -1,
                    658, 664, 659, -1,
                    659, 664, 660, -1,
                    660, 664, 663, -1,
                    661, 736, 670, -1,
                    661, 670, 662, -1,
                    661, 668, 736, -1,
                    664, 733, 665, -1,
                    665, 737, 666, -1,
                    665, 732, 738, -1,
                    665, 738, 737, -1,
                    666, 737, 739, -1,
                    666, 739, 668, -1,
                    666, 668, 667, -1,
                    668, 739, 740, -1,
                    668, 740, 736, -1,
                    669, 672, 683, -1,
                    670, 736, 671, -1,
                    671, 736, 741, -1,
                    671, 741, 742, -1,
                    671, 742, 672, -1,
                    672, 743, 683, -1,
                    672, 742, 743, -1,
                    673, 682, 744, -1,
                    673, 744, 745, -1,
                    673, 745, 674, -1,
                    674, 745, 675, -1,
                    675, 745, 744, -1,
                    675, 744, 676, -1,
                    676, 744, 746, -1,
                    676, 746, 687, -1,
                    676, 687, 677, -1,
                    678, 685, 747, -1,
                    678, 747, 679, -1,
                    679, 748, 680, -1,
                    679, 747, 749, -1,
                    679, 749, 750, -1,
                    679, 750, 748, -1,
                    680, 748, 681, -1,
                    681, 748, 751, -1,
                    681, 751, 682, -1,
                    682, 751, 752, -1,
                    682, 752, 753, -1,
                    682, 753, 754, -1,
                    682, 754, 744, -1,
                    683, 743, 684, -1,
                    684, 743, 755, -1,
                    684, 755, 756, -1,
                    684, 756, 685, -1,
                    685, 756, 749, -1,
                    685, 749, 747, -1,
                    686, 687, 746, -1,
                    686, 746, 757, -1,
                    688, 757, 758, -1,
                    688, 758, 689, -1,
                    689, 758, 690, -1,
                    690, 758, 759, -1,
                    690, 759, 691, -1,
                    691, 759, 760, -1,
                    691, 760, 761, -1,
                    691, 761, 762, -1,
                    691, 762, 692, -1,
                    692, 762, 693, -1,
                    693, 762, 761, -1,
                    693, 761, 763, -1,
                    693, 763, 764, -1,
                    693, 764, 694, -1,
                    694, 764, 765, -1,
                    694, 765, 695, -1,
                    695, 765, 701, -1,
                    695, 701, 696, -1,
                    697, 701, 765, -1,
                    697, 765, 766, -1,
                    697, 766, 767, -1,
                    697, 767, 768, -1,
                    697, 768, 769, -1,
                    697, 769, 770, -1,
                    697, 770, 771, -1,
                    697, 771, 699, -1,
                    699, 771, 772, -1,
                    699, 772, 700, -1,
                    700, 772, 706, -1,
                    702, 707, 703, -1,
                    703, 773, 704, -1,
                    703, 707, 774, -1,
                    703, 774, 773, -1,
                    704, 773, 775, -1,
                    704, 775, 776, -1,
                    704, 776, 705, -1,
                    705, 777, 708, -1,
                    705, 776, 778, -1,
                    705, 778, 779, -1,
                    705, 779, 780, -1,
                    705, 780, 781, -1,
                    705, 781, 782, -1,
                    705, 782, 777, -1,
                    706, 772, 771, -1,
                    706, 771, 770, -1,
                    706, 770, 774, -1,
                    706, 774, 707, -1,
                    708, 777, 782, -1,
                    708, 782, 781, -1,
                    708, 781, 709, -1,
                    709, 781, 783, -1,
                    709, 783, 710, -1,
                    710, 783, 784, -1,
                    710, 784, 713, -1,
                    710, 713, 712, -1,
                    710, 712, 711, -1,
                    713, 784, 785, -1,
                    713, 785, 714, -1,
                    714, 785, 786, -1,
                    714, 786, 715, -1,
                    715, 786, 725, -1,
                    716, 718, 717, -1,
                    719, 725, 720, -1,
                    720, 787, 788, -1,
                    720, 788, 789, -1,
                    720, 789, 721, -1,
                    720, 725, 787, -1,
                    721, 789, 790, -1,
                    721, 790, 791, -1,
                    721, 791, 792, -1,
                    721, 792, 722, -1,
                    722, 793, 724, -1,
                    722, 724, 723, -1,
                    722, 792, 794, -1,
                    722, 794, 793, -1,
                    724, 793, 795, -1,
                    725, 786, 796, -1,
                    725, 796, 787, -1,
                    726, 797, 734, -1,
                    727, 731, 798, -1,
                    727, 798, 728, -1,
                    728, 798, 799, -1,
                    728, 799, 800, -1,
                    728, 800, 801, -1,
                    728, 801, 802, -1,
                    728, 802, 803, -1,
                    728, 803, 804, -1,
                    728, 804, 805, -1,
                    728, 805, 732, -1,
                    728, 732, 729, -1,
                    730, 735, 731, -1,
                    731, 735, 806, -1,
                    731, 806, 799, -1,
                    731, 799, 798, -1,
                    732, 805, 738, -1,
                    734, 807, 808, -1,
                    734, 808, 809, -1,
                    734, 809, 810, -1,
                    734, 810, 811, -1,
                    734, 811, 812, -1,
                    734, 812, 813, -1,
                    734, 813, 814, -1,
                    734, 814, 815, -1,
                    734, 815, 806, -1,
                    734, 806, 735, -1,
                    734, 797, 807, -1,
                    736, 740, 741, -1,
                    737, 816, 817, -1,
                    737, 817, 818, -1,
                    737, 818, 739, -1,
                    737, 738, 819, -1,
                    737, 819, 816, -1,
                    738, 805, 820, -1,
                    738, 820, 819, -1,
                    739, 818, 817, -1,
                    739, 817, 740, -1,
                    740, 817, 821, -1,
                    740, 821, 741, -1,
                    741, 822, 742, -1,
                    741, 821, 822, -1,
                    742, 822, 823, -1,
                    742, 823, 743, -1,
                    743, 823, 755, -1,
                    744, 754, 746, -1,
                    746, 754, 758, -1,
                    746, 758, 757, -1,
                    748, 750, 824, -1,
                    748, 824, 825, -1,
                    748, 825, 826, -1,
                    748, 826, 827, -1,
                    748, 827, 751, -1,
                    749, 828, 750, -1,
                    749, 756, 755, -1,
                    749, 755, 829, -1,
                    749, 829, 830, -1,
                    749, 830, 831, -1,
                    749, 831, 832, -1,
                    749, 832, 828, -1,
                    750, 828, 824, -1,
                    751, 827, 752, -1,
                    752, 827, 833, -1,
                    752, 833, 753, -1,
                    753, 833, 834, -1,
                    753, 834, 835, -1,
                    753, 835, 754, -1,
                    754, 835, 836, -1,
                    754, 836, 758, -1,
                    755, 823, 837, -1,
                    755, 837, 838, -1,
                    755, 838, 829, -1,
                    758, 836, 759, -1,
                    759, 836, 835, -1,
                    759, 835, 760, -1,
                    760, 835, 834, -1,
                    760, 834, 761, -1,
                    761, 839, 763, -1,
                    761, 834, 840, -1,
                    761, 840, 839, -1,
                    763, 839, 764, -1,
                    764, 839, 765, -1,
                    765, 839, 841, -1,
                    765, 841, 766, -1,
                    766, 841, 767, -1,
                    767, 841, 842, -1,
                    767, 842, 843, -1,
                    767, 843, 844, -1,
                    767, 844, 845, -1,
                    767, 845, 769, -1,
                    767, 769, 768, -1,
                    769, 845, 844, -1,
                    769, 844, 846, -1,
                    769, 846, 770, -1,
                    770, 846, 774, -1,
                    773, 847, 848, -1,
                    773, 848, 775, -1,
                    773, 774, 847, -1,
                    774, 846, 849, -1,
                    774, 849, 850, -1,
                    774, 850, 851, -1,
                    774, 851, 847, -1,
                    775, 848, 852, -1,
                    775, 852, 853, -1,
                    775, 853, 854, -1,
                    775, 854, 776, -1,
                    776, 854, 778, -1,
                    778, 854, 855, -1,
                    778, 855, 856, -1,
                    778, 856, 779, -1,
                    779, 856, 857, -1,
                    779, 857, 780, -1,
                    780, 857, 858, -1,
                    780, 858, 781, -1,
                    781, 858, 859, -1,
                    781, 859, 783, -1,
                    783, 859, 784, -1,
                    784, 859, 860, -1,
                    784, 860, 785, -1,
                    785, 860, 861, -1,
                    785, 861, 796, -1,
                    785, 796, 786, -1,
                    787, 861, 862, -1,
                    787, 862, 788, -1,
                    787, 796, 861, -1,
                    788, 862, 863, -1,
                    788, 863, 790, -1,
                    788, 790, 789, -1,
                    790, 863, 864, -1,
                    790, 864, 791, -1,
                    791, 864, 792, -1,
                    792, 864, 865, -1,
                    792, 865, 794, -1,
                    793, 794, 795, -1,
                    794, 865, 866, -1,
                    794, 866, 867, -1,
                    794, 867, 868, -1,
                    794, 868, 795, -1,
                    795, 868, 869, -1,
                    797, 870, 808, -1,
                    797, 808, 807, -1,
                    799, 806, 871, -1,
                    799, 871, 800, -1,
                    800, 871, 872, -1,
                    800, 872, 873, -1,
                    800, 873, 874, -1,
                    800, 874, 801, -1,
                    801, 875, 802, -1,
                    801, 874, 875, -1,
                    802, 875, 803, -1,
                    803, 876, 877, -1,
                    803, 877, 820, -1,
                    803, 820, 804, -1,
                    803, 875, 876, -1,
                    804, 820, 805, -1,
                    806, 815, 871, -1,
                    808, 878, 809, -1,
                    808, 870, 879, -1,
                    808, 879, 880, -1,
                    808, 880, 878, -1,
                    809, 878, 810, -1,
                    810, 878, 881, -1,
                    810, 881, 882, -1,
                    810, 882, 883, -1,
                    810, 883, 811, -1,
                    811, 883, 812, -1,
                    812, 883, 813, -1,
                    813, 883, 884, -1,
                    813, 884, 814, -1,
                    814, 885, 815, -1,
                    814, 884, 883, -1,
                    814, 883, 885, -1,
                    815, 885, 886, -1,
                    815, 886, 872, -1,
                    815, 872, 871, -1,
                    816, 819, 887, -1,
                    816, 887, 888, -1,
                    816, 888, 889, -1,
                    816, 889, 817, -1,
                    817, 889, 890, -1,
                    817, 890, 821, -1,
                    819, 820, 891, -1,
                    819, 891, 892, -1,
                    819, 892, 888, -1,
                    819, 888, 887, -1,
                    820, 877, 893, -1,
                    820, 893, 894, -1,
                    820, 894, 891, -1,
                    821, 890, 895, -1,
                    821, 895, 896, -1,
                    821, 896, 822, -1,
                    822, 897, 823, -1,
                    822, 896, 897, -1,
                    823, 897, 837, -1,
                    824, 828, 898, -1,
                    824, 898, 825, -1,
                    825, 898, 899, -1,
                    825, 899, 900, -1,
                    825, 900, 901, -1,
                    825, 901, 826, -1,
                    826, 901, 902, -1,
                    826, 902, 903, -1,
                    826, 903, 827, -1,
                    827, 903, 902, -1,
                    827, 902, 833, -1,
                    828, 832, 904, -1,
                    828, 904, 905, -1,
                    828, 905, 906, -1,
                    828, 906, 898, -1,
                    829, 838, 830, -1,
                    830, 838, 907, -1,
                    830, 907, 831, -1,
                    831, 905, 904, -1,
                    831, 904, 832, -1,
                    831, 907, 908, -1,
                    831, 908, 909, -1,
                    831, 909, 905, -1,
                    833, 910, 834, -1,
                    833, 902, 910, -1,
                    834, 910, 911, -1,
                    834, 911, 840, -1,
                    837, 897, 912, -1,
                    837, 912, 913, -1,
                    837, 913, 838, -1,
                    838, 913, 914, -1,
                    838, 914, 907, -1,
                    839, 840, 915, -1,
                    839, 915, 916, -1,
                    839, 916, 841, -1,
                    840, 911, 917, -1,
                    840, 917, 915, -1,
                    841, 916, 842, -1,
                    842, 918, 843, -1,
                    842, 916, 919, -1,
                    842, 919, 918, -1,
                    843, 918, 920, -1,
                    843, 920, 844, -1,
                    844, 921, 850, -1,
                    844, 850, 922, -1,
                    844, 922, 849, -1,
                    844, 849, 846, -1,
                    844, 920, 923, -1,
                    844, 923, 924, -1,
                    844, 924, 925, -1,
                    844, 925, 926, -1,
                    844, 926, 927, -1,
                    844, 927, 928, -1,
                    844, 928, 921, -1,
                    847, 929, 930, -1,
                    847, 930, 848, -1,
                    847, 851, 929, -1,
                    848, 930, 931, -1,
                    848, 931, 932, -1,
                    848, 932, 852, -1,
                    849, 922, 850, -1,
                    850, 921, 933, -1,
                    850, 933, 929, -1,
                    850, 929, 851, -1,
                    852, 932, 853, -1,
                    853, 932, 934, -1,
                    853, 934, 935, -1,
                    853, 935, 936, -1,
                    853, 936, 854, -1,
                    854, 936, 855, -1,
                    855, 936, 937, -1,
                    855, 937, 938, -1,
                    855, 938, 856, -1,
                    856, 938, 939, -1,
                    856, 939, 857, -1,
                    857, 940, 858, -1,
                    857, 939, 940, -1,
                    858, 940, 859, -1,
                    859, 940, 941, -1,
                    859, 941, 860, -1,
                    860, 941, 862, -1,
                    860, 862, 861, -1,
                    862, 941, 942, -1,
                    862, 942, 943, -1,
                    862, 943, 944, -1,
                    862, 944, 863, -1,
                    863, 944, 945, -1,
                    863, 945, 864, -1,
                    864, 945, 946, -1,
                    864, 946, 947, -1,
                    864, 947, 948, -1,
                    864, 948, 865, -1,
                    865, 948, 866, -1,
                    866, 948, 949, -1,
                    866, 949, 867, -1,
                    867, 950, 951, -1,
                    867, 951, 868, -1,
                    867, 949, 950, -1,
                    868, 951, 952, -1,
                    868, 952, 869, -1,
                    872, 886, 953, -1,
                    872, 953, 954, -1,
                    872, 954, 873, -1,
                    873, 954, 955, -1,
                    873, 955, 956, -1,
                    873, 956, 874, -1,
                    874, 956, 875, -1,
                    875, 956, 957, -1,
                    875, 957, 958, -1,
                    875, 958, 959, -1,
                    875, 959, 960, -1,
                    875, 960, 893, -1,
                    875, 893, 961, -1,
                    875, 961, 876, -1,
                    876, 961, 893, -1,
                    876, 893, 877, -1,
                    878, 962, 963, -1,
                    878, 963, 964, -1,
                    878, 964, 881, -1,
                    878, 880, 962, -1,
                    880, 965, 962, -1,
                    881, 964, 966, -1,
                    881, 966, 882, -1,
                    882, 966, 883, -1,
                    883, 966, 967, -1,
                    883, 967, 968, -1,
                    883, 968, 969, -1,
                    883, 969, 970, -1,
                    883, 970, 971, -1,
                    883, 971, 972, -1,
                    883, 972, 973, -1,
                    883, 973, 885, -1,
                    885, 974, 953, -1,
                    885, 953, 886, -1,
                    885, 973, 972, -1,
                    885, 972, 974, -1,
                    888, 892, 975, -1,
                    888, 975, 976, -1,
                    888, 976, 889, -1,
                    889, 976, 890, -1,
                    890, 976, 895, -1,
                    891, 977, 978, -1,
                    891, 978, 892, -1,
                    891, 894, 977, -1,
                    892, 978, 1069, -1,
                    892, 1069, 975, -1,
                    893, 960, 979, -1,
                    893, 979, 980, -1,
                    893, 980, 894, -1,
                    894, 980, 981, -1,
                    894, 981, 977, -1,
                    895, 976, 982, -1,
                    895, 982, 983, -1,
                    895, 983, 896, -1,
                    896, 983, 984, -1,
                    896, 984, 897, -1,
                    897, 984, 912, -1,
                    898, 906, 899, -1,
                    899, 985, 900, -1,
                    899, 906, 986, -1,
                    899, 986, 987, -1,
                    899, 987, 985, -1,
                    900, 985, 901, -1,
                    901, 985, 902, -1,
                    902, 985, 910, -1,
                    905, 909, 988, -1,
                    905, 988, 989, -1,
                    905, 989, 990, -1,
                    905, 990, 986, -1,
                    905, 986, 906, -1,
                    907, 914, 991, -1,
                    907, 991, 908, -1,
                    908, 991, 992, -1,
                    908, 992, 909, -1,
                    909, 992, 988, -1,
                    910, 993, 911, -1,
                    910, 985, 994, -1,
                    910, 994, 993, -1,
                    911, 993, 917, -1,
                    912, 984, 995, -1,
                    912, 995, 996, -1,
                    912, 996, 913, -1,
                    913, 996, 997, -1,
                    913, 997, 914, -1,
                    914, 997, 998, -1,
                    914, 998, 991, -1,
                    915, 917, 916, -1,
                    916, 917, 919, -1,
                    917, 993, 999, -1,
                    917, 999, 919, -1,
                    918, 999, 1000, -1,
                    918, 1000, 920, -1,
                    918, 919, 999, -1,
                    920, 1000, 1001, -1,
                    920, 1001, 923, -1,
                    921, 928, 1002, -1,
                    921, 1002, 933, -1,
                    923, 1001, 1003, -1,
                    923, 1003, 1004, -1,
                    923, 1004, 924, -1,
                    924, 1004, 1005, -1,
                    924, 1005, 1006, -1,
                    924, 1006, 1007, -1,
                    924, 1007, 926, -1,
                    924, 926, 925, -1,
                    926, 1008, 1009, -1,
                    926, 1009, 927, -1,
                    926, 1007, 1006, -1,
                    926, 1006, 1008, -1,
                    927, 1009, 1010, -1,
                    927, 1010, 1011, -1,
                    927, 1011, 1012, -1,
                    927, 1012, 928, -1,
                    928, 1012, 1011, -1,
                    928, 1011, 1002, -1,
                    929, 933, 1013, -1,
                    929, 1013, 1014, -1,
                    929, 1014, 931, -1,
                    929, 931, 930, -1,
                    931, 1015, 1016, -1,
                    931, 1016, 932, -1,
                    931, 1014, 1015, -1,
                    932, 1016, 934, -1,
                    933, 1002, 1014, -1,
                    933, 1014, 1013, -1,
                    934, 1017, 1018, -1,
                    934, 1018, 935, -1,
                    934, 1016, 1019, -1,
                    934, 1019, 1020, -1,
                    934, 1020, 1021, -1,
                    934, 1021, 1022, -1,
                    934, 1022, 1017, -1,
                    935, 1018, 1023, -1,
                    935, 1023, 1024, -1,
                    935, 1024, 936, -1,
                    936, 1024, 937, -1,
                    937, 1024, 1025, -1,
                    937, 1025, 1026, -1,
                    937, 1026, 1027, -1,
                    937, 1027, 938, -1,
                    938, 1027, 939, -1,
                    939, 1028, 940, -1,
                    939, 1027, 1029, -1,
                    939, 1029, 1028, -1,
                    940, 1028, 941, -1,
                    941, 1028, 943, -1,
                    941, 943, 942, -1,
                    943, 1030, 944, -1,
                    943, 1028, 1031, -1,
                    943, 1031, 1030, -1,
                    944, 1032, 1033, -1,
                    944, 1033, 1034, -1,
                    944, 1034, 945, -1,
                    944, 1030, 1032, -1,
                    945, 1034, 1035, -1,
                    945, 1035, 946, -1,
                    946, 1035, 1036, -1,
                    946, 1036, 947, -1,
                    947, 1036, 1037, -1,
                    947, 1037, 948, -1,
                    948, 1037, 1038, -1,
                    948, 1038, 1039, -1,
                    948, 1039, 949, -1,
                    949, 1039, 1038, -1,
                    949, 1038, 1040, -1,
                    949, 1040, 1041, -1,
                    949, 1041, 1042, -1,
                    949, 1042, 1043, -1,
                    949, 1043, 1044, -1,
                    949, 1044, 1045, -1,
                    949, 1045, 1046, -1,
                    949, 1046, 950, -1,
                    950, 1046, 952, -1,
                    950, 952, 951, -1,
                    953, 974, 1047, -1,
                    953, 1047, 1048, -1,
                    953, 1048, 954, -1,
                    954, 1048, 1049, -1,
                    954, 1049, 955, -1,
                    955, 1050, 1051, -1,
                    955, 1051, 956, -1,
                    955, 1049, 1050, -1,
                    956, 1051, 957, -1,
                    957, 1051, 1052, -1,
                    957, 1052, 958, -1,
                    958, 1053, 1054, -1,
                    958, 1054, 959, -1,
                    958, 1052, 1055, -1,
                    958, 1055, 1053, -1,
                    959, 1054, 1056, -1,
                    959, 1056, 960, -1,
                    960, 1056, 1057, -1,
                    960, 1057, 979, -1,
                    962, 1058, 963, -1,
                    962, 965, 1058, -1,
                    963, 1059, 1060, -1,
                    963, 1060, 1061, -1,
                    963, 1061, 966, -1,
                    963, 966, 964, -1,
                    963, 1058, 1062, -1,
                    963, 1062, 1059, -1,
                    965, 1063, 1058, -1,
                    966, 1061, 1064, -1,
                    966, 1064, 967, -1,
                    967, 1064, 968, -1,
                    968, 1064, 1065, -1,
                    968, 1065, 1066, -1,
                    968, 1066, 969, -1,
                    969, 1066, 970, -1,
                    970, 1066, 1067, -1,
                    970, 1067, 1068, -1,
                    970, 1068, 972, -1,
                    970, 972, 971, -1,
                    972, 1068, 974, -1,
                    974, 1068, 1047, -1,
                    975, 1069, 982, -1,
                    975, 982, 976, -1,
                    977, 981, 1070, -1,
                    977, 1070, 1071, -1,
                    977, 1071, 978, -1,
                    978, 1071, 1072, -1,
                    978, 1072, 1069, -1,
                    979, 1073, 1074, -1,
                    979, 1074, 980, -1,
                    979, 1057, 1073, -1,
                    980, 1074, 981, -1,
                    981, 1074, 1075, -1,
                    981, 1075, 1076, -1,
                    981, 1076, 1070, -1,
                    982, 1077, 983, -1,
                    982, 1069, 1072, -1,
                    982, 1072, 1077, -1,
                    983, 1077, 984, -1,
                    984, 1077, 1078, -1,
                    984, 1078, 1092, -1,
                    984, 1092, 995, -1,
                    985, 987, 994, -1,
                    986, 990, 987, -1,
                    987, 990, 1079, -1,
                    987, 1079, 994, -1,
                    988, 992, 1080, -1,
                    988, 1080, 1081, -1,
                    988, 1081, 1082, -1,
                    988, 1082, 989, -1,
                    989, 1082, 1083, -1,
                    989, 1083, 990, -1,
                    990, 1083, 1084, -1,
                    990, 1084, 1079, -1,
                    991, 998, 1085, -1,
                    991, 1085, 992, -1,
                    992, 1085, 1086, -1,
                    992, 1086, 1087, -1,
                    992, 1087, 1081, -1,
                    992, 1081, 1080, -1,
                    993, 1088, 999, -1,
                    993, 994, 1089, -1,
                    993, 1089, 1090, -1,
                    993, 1090, 1091, -1,
                    993, 1091, 1088, -1,
                    994, 1079, 1089, -1,
                    995, 1092, 996, -1,
                    996, 1092, 997, -1,
                    997, 1092, 1093, -1,
                    997, 1093, 1094, -1,
                    997, 1094, 1095, -1,
                    997, 1095, 1096, -1,
                    997, 1096, 998, -1,
                    998, 1096, 1097, -1,
                    998, 1097, 1085, -1,
                    999, 1088, 1098, -1,
                    999, 1098, 1000, -1,
                    1000, 1098, 1099, -1,
                    1000, 1099, 1001, -1,
                    1001, 1099, 1100, -1,
                    1001, 1100, 1003, -1,
                    1002, 1011, 1014, -1,
                    1003, 1100, 1101, -1,
                    1003, 1101, 1004, -1,
                    1004, 1101, 1102, -1,
                    1004, 1102, 1005, -1,
                    1005, 1102, 1103, -1,
                    1005, 1103, 1006, -1,
                    1006, 1103, 1008, -1,
                    1008, 1103, 1104, -1,
                    1008, 1104, 1009, -1,
                    1009, 1104, 1105, -1,
                    1009, 1105, 1106, -1,
                    1009, 1106, 1107, -1,
                    1009, 1107, 1010, -1,
                    1010, 1108, 1109, -1,
                    1010, 1109, 1110, -1,
                    1010, 1110, 1011, -1,
                    1010, 1107, 1111, -1,
                    1010, 1111, 1108, -1,
                    1011, 1110, 1014, -1,
                    1014, 1110, 1015, -1,
                    1015, 1021, 1019, -1,
                    1015, 1019, 1016, -1,
                    1015, 1110, 1021, -1,
                    1017, 1112, 1113, -1,
                    1017, 1113, 1018, -1,
                    1017, 1022, 1114, -1,
                    1017, 1114, 1115, -1,
                    1017, 1115, 1112, -1,
                    1018, 1113, 1116, -1,
                    1018, 1116, 1023, -1,
                    1019, 1021, 1020, -1,
                    1021, 1110, 1117, -1,
                    1021, 1117, 1022, -1,
                    1022, 1117, 1114, -1,
                    1023, 1116, 1118, -1,
                    1023, 1118, 1024, -1,
                    1024, 1118, 1025, -1,
                    1025, 1118, 1119, -1,
                    1025, 1119, 1120, -1,
                    1025, 1120, 1026, -1,
                    1026, 1120, 1121, -1,
                    1026, 1121, 1122, -1,
                    1026, 1122, 1027, -1,
                    1027, 1122, 1029, -1,
                    1028, 1029, 1031, -1,
                    1029, 1122, 1123, -1,
                    1029, 1123, 1124, -1,
                    1029, 1124, 1031, -1,
                    1030, 1125, 1126, -1,
                    1030, 1126, 1127, -1,
                    1030, 1127, 1128, -1,
                    1030, 1128, 1032, -1,
                    1030, 1031, 1125, -1,
                    1031, 1124, 1125, -1,
                    1032, 1128, 1129, -1,
                    1032, 1129, 1033, -1,
                    1033, 1129, 1130, -1,
                    1033, 1130, 1131, -1,
                    1033, 1131, 1034, -1,
                    1034, 1132, 1133, -1,
                    1034, 1133, 1035, -1,
                    1034, 1131, 1134, -1,
                    1034, 1134, 1132, -1,
                    1035, 1133, 1135, -1,
                    1035, 1135, 1136, -1,
                    1035, 1136, 1036, -1,
                    1036, 1136, 1037, -1,
                    1037, 1136, 1137, -1,
                    1037, 1137, 1038, -1,
                    1038, 1137, 1138, -1,
                    1038, 1138, 1139, -1,
                    1038, 1139, 1040, -1,
                    1040, 1139, 1140, -1,
                    1040, 1140, 1041, -1,
                    1041, 1140, 1141, -1,
                    1041, 1141, 1142, -1,
                    1041, 1142, 1042, -1,
                    1042, 1142, 1144, -1,
                    1042, 1144, 1143, -1,
                    1047, 1068, 1145, -1,
                    1047, 1145, 1146, -1,
                    1047, 1146, 1048, -1,
                    1048, 1147, 1049, -1,
                    1048, 1146, 1147, -1,
                    1049, 1147, 1148, -1,
                    1049, 1148, 1050, -1,
                    1050, 1149, 1150, -1,
                    1050, 1150, 1051, -1,
                    1050, 1148, 1151, -1,
                    1050, 1151, 1149, -1,
                    1051, 1150, 1152, -1,
                    1051, 1152, 1153, -1,
                    1051, 1153, 1052, -1,
                    1052, 1153, 1055, -1,
                    1053, 1154, 1054, -1,
                    1053, 1055, 1153, -1,
                    1053, 1153, 1155, -1,
                    1053, 1155, 1154, -1,
                    1054, 1154, 1056, -1,
                    1056, 1075, 1057, -1,
                    1056, 1154, 1075, -1,
                    1057, 1075, 1073, -1,
                    1058, 1156, 1062, -1,
                    1058, 1063, 1157, -1,
                    1058, 1157, 1158, -1,
                    1058, 1158, 1159, -1,
                    1058, 1159, 1156, -1,
                    1059, 1160, 1060, -1,
                    1059, 1062, 1160, -1,
                    1060, 1161, 1162, -1,
                    1060, 1162, 1064, -1,
                    1060, 1064, 1061, -1,
                    1060, 1160, 1161, -1,
                    1062, 1156, 1144, -1,
                    1062, 1144, 1163, -1,
                    1062, 1163, 1160, -1,
                    1064, 1162, 1164, -1,
                    1064, 1164, 1065, -1,
                    1065, 1164, 1165, -1,
                    1065, 1165, 1166, -1,
                    1065, 1166, 1167, -1,
                    1065, 1167, 1067, -1,
                    1065, 1067, 1066, -1,
                    1067, 1167, 1168, -1,
                    1067, 1168, 1145, -1,
                    1067, 1145, 1068, -1,
                    1070, 1076, 1169, -1,
                    1070, 1169, 1170, -1,
                    1070, 1170, 1071, -1,
                    1071, 1170, 1171, -1,
                    1071, 1171, 1072, -1,
                    1072, 1171, 1077, -1,
                    1073, 1075, 1074, -1,
                    1075, 1154, 1172, -1,
                    1075, 1172, 1173, -1,
                    1075, 1173, 1076, -1,
                    1076, 1173, 1169, -1,
                    1077, 1174, 1092, -1,
                    1077, 1092, 1078, -1,
                    1077, 1171, 1174, -1,
                    1079, 1084, 1175, -1,
                    1079, 1175, 1089, -1,
                    1081, 1176, 1177, -1,
                    1081, 1177, 1178, -1,
                    1081, 1178, 1083, -1,
                    1081, 1083, 1082, -1,
                    1081, 1087, 1179, -1,
                    1081, 1179, 1176, -1,
                    1083, 1178, 1177, -1,
                    1083, 1177, 1084, -1,
                    1084, 1177, 1176, -1,
                    1084, 1176, 1175, -1,
                    1085, 1097, 1180, -1,
                    1085, 1180, 1181, -1,
                    1085, 1181, 1086, -1,
                    1086, 1181, 1182, -1,
                    1086, 1182, 1183, -1,
                    1086, 1183, 1087, -1,
                    1087, 1183, 1184, -1,
                    1087, 1184, 1179, -1,
                    1088, 1091, 1185, -1,
                    1088, 1185, 1098, -1,
                    1089, 1175, 1186, -1,
                    1089, 1186, 1090, -1,
                    1090, 1186, 1091, -1,
                    1091, 1186, 1187, -1,
                    1091, 1187, 1188, -1,
                    1091, 1188, 1189, -1,
                    1091, 1189, 1190, -1,
                    1091, 1190, 1185, -1,
                    1092, 1174, 1093, -1,
                    1093, 1174, 1191, -1,
                    1093, 1191, 1192, -1,
                    1093, 1192, 1193, -1,
                    1093, 1193, 1094, -1,
                    1094, 1193, 1095, -1,
                    1095, 1193, 1194, -1,
                    1095, 1194, 1096, -1,
                    1096, 1194, 1097, -1,
                    1097, 1194, 1195, -1,
                    1097, 1195, 1180, -1,
                    1098, 1185, 1099, -1,
                    1099, 1185, 1196, -1,
                    1099, 1196, 1197, -1,
                    1099, 1197, 1100, -1,
                    1100, 1197, 1101, -1,
                    1101, 1198, 1102, -1,
                    1101, 1197, 1198, -1,
                    1102, 1199, 1103, -1,
                    1102, 1198, 1189, -1,
                    1102, 1189, 1199, -1,
                    1103, 1199, 1104, -1,
                    1104, 1200, 1105, -1,
                    1104, 1199, 1200, -1,
                    1105, 1200, 1201, -1,
                    1105, 1201, 1106, -1,
                    1106, 1201, 1202, -1,
                    1106, 1202, 1111, -1,
                    1106, 1111, 1107, -1,
                    1108, 1111, 1203, -1,
                    1108, 1203, 1204, -1,
                    1108, 1204, 1109, -1,
                    1109, 1204, 1205, -1,
                    1109, 1205, 1206, -1,
                    1109, 1206, 1114, -1,
                    1109, 1114, 1117, -1,
                    1109, 1117, 1110, -1,
                    1111, 1202, 1203, -1,
                    1112, 1207, 1208, -1,
                    1112, 1208, 1209, -1,
                    1112, 1209, 1210, -1,
                    1112, 1210, 1113, -1,
                    1112, 1115, 1207, -1,
                    1113, 1210, 1211, -1,
                    1113, 1211, 1116, -1,
                    1114, 1206, 1212, -1,
                    1114, 1212, 1115, -1,
                    1115, 1212, 1213, -1,
                    1115, 1213, 1214, -1,
                    1115, 1214, 1215, -1,
                    1115, 1215, 1208, -1,
                    1115, 1208, 1207, -1,
                    1116, 1211, 1216, -1,
                    1116, 1216, 1217, -1,
                    1116, 1217, 1118, -1,
                    1118, 1217, 1119, -1,
                    1119, 1217, 1218, -1,
                    1119, 1218, 1219, -1,
                    1119, 1219, 1220, -1,
                    1119, 1220, 1120, -1,
                    1120, 1220, 1221, -1,
                    1120, 1221, 1222, -1,
                    1120, 1222, 1121, -1,
                    1121, 1222, 1223, -1,
                    1121, 1223, 1224, -1,
                    1121, 1224, 1122, -1,
                    1122, 1224, 1123, -1,
                    1123, 1224, 1225, -1,
                    1123, 1225, 1126, -1,
                    1123, 1126, 1124, -1,
                    1124, 1126, 1125, -1,
                    1126, 1225, 1226, -1,
                    1126, 1226, 1227, -1,
                    1126, 1227, 1127, -1,
                    1127, 1227, 1128, -1,
                    1128, 1227, 1228, -1,
                    1128, 1228, 1129, -1,
                    1129, 1229, 1230, -1,
                    1129, 1230, 1231, -1,
                    1129, 1231, 1232, -1,
                    1129, 1232, 1233, -1,
                    1129, 1233, 1234, -1,
                    1129, 1234, 1130, -1,
                    1129, 1228, 1226, -1,
                    1129, 1226, 1229, -1,
                    1130, 1234, 1131, -1,
                    1131, 1233, 1235, -1,
                    1131, 1235, 1236, -1,
                    1131, 1236, 1134, -1,
                    1131, 1234, 1233, -1,
                    1132, 1134, 1237, -1,
                    1132, 1237, 1133, -1,
                    1133, 1237, 1238, -1,
                    1133, 1238, 1135, -1,
                    1134, 1236, 1238, -1,
                    1134, 1238, 1237, -1,
                    1135, 1238, 1239, -1,
                    1135, 1239, 1136, -1,
                    1136, 1239, 1240, -1,
                    1136, 1240, 1137, -1,
                    1137, 1240, 1241, -1,
                    1137, 1241, 1138, -1,
                    1138, 1241, 1242, -1,
                    1138, 1242, 1139, -1,
                    1139, 1242, 1243, -1,
                    1139, 1243, 1244, -1,
                    1139, 1244, 1140, -1,
                    1140, 1245, 1163, -1,
                    1140, 1163, 1141, -1,
                    1140, 1244, 1160, -1,
                    1140, 1160, 1245, -1,
                    1141, 1144, 1142, -1,
                    1141, 1163, 1144, -1,
                    1143, 1144, 1156, -1,
                    1143, 1156, 1159, -1,
                    1145, 1246, 1247, -1,
                    1145, 1247, 1146, -1,
                    1145, 1168, 1248, -1,
                    1145, 1248, 1246, -1,
                    1146, 1247, 1249, -1,
                    1146, 1249, 1147, -1,
                    1147, 1249, 1250, -1,
                    1147, 1250, 1151, -1,
                    1147, 1151, 1148, -1,
                    1149, 1151, 1250, -1,
                    1149, 1250, 1251, -1,
                    1149, 1251, 1252, -1,
                    1149, 1252, 1253, -1,
                    1149, 1253, 1254, -1,
                    1149, 1254, 1150, -1,
                    1150, 1254, 1255, -1,
                    1150, 1255, 1256, -1,
                    1150, 1256, 1152, -1,
                    1152, 1256, 1257, -1,
                    1152, 1257, 1155, -1,
                    1152, 1155, 1153, -1,
                    1154, 1173, 1172, -1,
                    1154, 1155, 1257, -1,
                    1154, 1257, 1255, -1,
                    1154, 1255, 1173, -1,
                    1160, 1244, 1243, -1,
                    1160, 1243, 1161, -1,
                    1160, 1163, 1245, -1,
                    1161, 1243, 1258, -1,
                    1161, 1258, 1259, -1,
                    1161, 1259, 1162, -1,
                    1162, 1260, 1165, -1,
                    1162, 1165, 1164, -1,
                    1162, 1259, 1260, -1,
                    1165, 1260, 1261, -1,
                    1165, 1261, 1262, -1,
                    1165, 1262, 1166, -1,
                    1166, 1262, 1263, -1,
                    1166, 1263, 1167, -1,
                    1167, 1263, 1168, -1,
                    1168, 1263, 1248, -1,
                    1169, 1173, 1264, -1,
                    1169, 1264, 1191, -1,
                    1169, 1191, 1170, -1,
                    1170, 1191, 1171, -1,
                    1171, 1191, 1174, -1,
                    1173, 1255, 1264, -1,
                    1175, 1265, 1186, -1,
                    1175, 1176, 1266, -1,
                    1175, 1266, 1265, -1,
                    1176, 1267, 1266, -1,
                    1176, 1179, 1268, -1,
                    1176, 1268, 1269, -1,
                    1176, 1269, 1267, -1,
                    1179, 1184, 1270, -1,
                    1179, 1270, 1271, -1,
                    1179, 1271, 1272, -1,
                    1179, 1272, 1273, -1,
                    1179, 1273, 1274, -1,
                    1179, 1274, 1269, -1,
                    1179, 1269, 1275, -1,
                    1179, 1275, 1268, -1,
                    1180, 1195, 1276, -1,
                    1180, 1276, 1181, -1,
                    1181, 1276, 1182, -1,
                    1182, 1276, 1277, -1,
                    1182, 1277, 1183, -1,
                    1183, 1277, 1184, -1,
                    1184, 1277, 1278, -1,
                    1184, 1278, 1270, -1,
                    1185, 1190, 1189, -1,
                    1185, 1189, 1196, -1,
                    1186, 1265, 1279, -1,
                    1186, 1279, 1188, -1,
                    1186, 1188, 1187, -1,
                    1188, 1280, 1189, -1,
                    1188, 1279, 1281, -1,
                    1188, 1281, 1280, -1,
                    1189, 1198, 1197, -1,
                    1189, 1197, 1196, -1,
                    1189, 1280, 1282, -1,
                    1189, 1282, 1200, -1,
                    1189, 1200, 1199, -1,
                    1191, 1264, 1283, -1,
                    1191, 1283, 1284, -1,
                    1191, 1284, 1192, -1,
                    1192, 1284, 1285, -1,
                    1192, 1285, 1286, -1,
                    1192, 1286, 1193, -1,
                    1193, 1286, 1194, -1,
                    1194, 1286, 1287, -1,
                    1194, 1287, 1288, -1,
                    1194, 1288, 1195, -1,
                    1195, 1288, 1289, -1,
                    1195, 1289, 1290, -1,
                    1195, 1290, 1277, -1,
                    1195, 1277, 1276, -1,
                    1200, 1282, 1291, -1,
                    1200, 1291, 1292, -1,
                    1200, 1292, 1201, -1,
                    1201, 1291, 1293, -1,
                    1201, 1293, 1202, -1,
                    1201, 1292, 1291, -1,
                    1202, 1293, 1294, -1,
                    1202, 1294, 1203, -1,
                    1203, 1294, 1295, -1,
                    1203, 1295, 1204, -1,
                    1204, 1295, 1296, -1,
                    1204, 1296, 1297, -1,
                    1204, 1297, 1205, -1,
                    1205, 1297, 1213, -1,
                    1205, 1213, 1212, -1,
                    1205, 1212, 1206, -1,
                    1208, 1215, 1298, -1,
                    1208, 1298, 1299, -1,
                    1208, 1299, 1209, -1,
                    1209, 1211, 1210, -1,
                    1209, 1299, 1300, -1,
                    1209, 1300, 1301, -1,
                    1209, 1301, 1211, -1,
                    1211, 1301, 1216, -1,
                    1213, 1297, 1214, -1,
                    1214, 1297, 1302, -1,
                    1214, 1302, 1215, -1,
                    1215, 1303, 1298, -1,
                    1215, 1302, 1303, -1,
                    1216, 1301, 1304, -1,
                    1216, 1304, 1305, -1,
                    1216, 1305, 1217, -1,
                    1217, 1305, 1218, -1,
                    1218, 1305, 1219, -1,
                    1219, 1306, 1307, -1,
                    1219, 1307, 1221, -1,
                    1219, 1221, 1220, -1,
                    1219, 1305, 1308, -1,
                    1219, 1308, 1306, -1,
                    1221, 1307, 1230, -1,
                    1221, 1230, 1229, -1,
                    1221, 1229, 1222, -1,
                    1222, 1229, 1223, -1,
                    1223, 1229, 1309, -1,
                    1223, 1309, 1224, -1,
                    1224, 1309, 1225, -1,
                    1225, 1309, 1226, -1,
                    1226, 1228, 1227, -1,
                    1226, 1309, 1229, -1,
                    1230, 1307, 1231, -1,
                    1231, 1307, 1310, -1,
                    1231, 1310, 1311, -1,
                    1231, 1311, 1312, -1,
                    1231, 1312, 1313, -1,
                    1231, 1313, 1314, -1,
                    1231, 1314, 1315, -1,
                    1231, 1315, 1316, -1,
                    1231, 1316, 1233, -1,
                    1231, 1233, 1232, -1,
                    1233, 1316, 1317, -1,
                    1233, 1317, 1235, -1,
                    1235, 1317, 1236, -1,
                    1236, 1317, 1318, -1,
                    1236, 1318, 1238, -1,
                    1238, 1318, 1239, -1,
                    1239, 1318, 1319, -1,
                    1239, 1319, 1240, -1,
                    1240, 1319, 1241, -1,
                    1241, 1320, 1321, -1,
                    1241, 1321, 1242, -1,
                    1241, 1319, 1320, -1,
                    1242, 1321, 1322, -1,
                    1242, 1322, 1243, -1,
                    1243, 1323, 1324, -1,
                    1243, 1324, 1325, -1,
                    1243, 1325, 1259, -1,
                    1243, 1259, 1258, -1,
                    1243, 1322, 1323, -1,
                    1246, 1248, 1326, -1,
                    1246, 1326, 1327, -1,
                    1246, 1327, 1247, -1,
                    1247, 1327, 1328, -1,
                    1247, 1328, 1329, -1,
                    1247, 1329, 1249, -1,
                    1248, 1263, 1330, -1,
                    1248, 1330, 1326, -1,
                    1249, 1329, 1251, -1,
                    1249, 1251, 1250, -1,
                    1251, 1331, 1332, -1,
                    1251, 1332, 1333, -1,
                    1251, 1333, 1252, -1,
                    1251, 1329, 1331, -1,
                    1252, 1333, 1334, -1,
                    1252, 1334, 1253, -1,
                    1253, 1264, 1254, -1,
                    1253, 1334, 1332, -1,
                    1253, 1332, 1264, -1,
                    1254, 1264, 1255, -1,
                    1255, 1257, 1256, -1,
                    1259, 1335, 1260, -1,
                    1259, 1325, 1336, -1,
                    1259, 1336, 1335, -1,
                    1260, 1335, 1261, -1,
                    1261, 1337, 1262, -1,
                    1261, 1335, 1337, -1,
                    1262, 1338, 1263, -1,
                    1262, 1337, 1338, -1,
                    1263, 1338, 1330, -1,
                    1264, 1332, 1339, -1,
                    1264, 1339, 1340, -1,
                    1264, 1340, 1341, -1,
                    1264, 1341, 1342, -1,
                    1264, 1342, 1343, -1,
                    1264, 1343, 1344, -1,
                    1264, 1344, 1345, -1,
                    1264, 1345, 1283, -1,
                    1265, 1266, 1346, -1,
                    1265, 1346, 1347, -1,
                    1265, 1347, 1279, -1,
                    1266, 1267, 1269, -1,
                    1266, 1269, 1348, -1,
                    1266, 1348, 1346, -1,
                    1268, 1275, 1269, -1,
                    1269, 1274, 1349, -1,
                    1269, 1349, 1348, -1,
                    1270, 1278, 1350, -1,
                    1270, 1350, 1271, -1,
                    1271, 1350, 1351, -1,
                    1271, 1351, 1352, -1,
                    1271, 1352, 1353, -1,
                    1271, 1353, 1272, -1,
                    1272, 1354, 1355, -1,
                    1272, 1355, 1349, -1,
                    1272, 1349, 1273, -1,
                    1272, 1353, 1422, -1,
                    1272, 1422, 1354, -1,
                    1273, 1349, 1274, -1,
                    1277, 1290, 1356, -1,
                    1277, 1356, 1357, -1,
                    1277, 1357, 1278, -1,
                    1278, 1357, 1350, -1,
                    1279, 1347, 1358, -1,
                    1279, 1358, 1359, -1,
                    1279, 1359, 1281, -1,
                    1280, 1281, 1360, -1,
                    1280, 1360, 1291, -1,
                    1280, 1291, 1282, -1,
                    1281, 1359, 1291, -1,
                    1281, 1291, 1360, -1,
                    1283, 1345, 1361, -1,
                    1283, 1361, 1362, -1,
                    1283, 1362, 1284, -1,
                    1284, 1362, 1285, -1,
                    1285, 1363, 1286, -1,
                    1285, 1362, 1361, -1,
                    1285, 1361, 1364, -1,
                    1285, 1364, 1363, -1,
                    1286, 1363, 1287, -1,
                    1287, 1363, 1365, -1,
                    1287, 1365, 1288, -1,
                    1288, 1365, 1289, -1,
                    1289, 1356, 1290, -1,
                    1289, 1365, 1366, -1,
                    1289, 1366, 1367, -1,
                    1289, 1367, 1356, -1,
                    1291, 1359, 1293, -1,
                    1293, 1359, 1294, -1,
                    1294, 1359, 1368, -1,
                    1294, 1368, 1295, -1,
                    1295, 1368, 1369, -1,
                    1295, 1369, 1370, -1,
                    1295, 1370, 1296, -1,
                    1296, 1370, 1371, -1,
                    1296, 1371, 1372, -1,
                    1296, 1372, 1373, -1,
                    1296, 1373, 1297, -1,
                    1297, 1373, 1302, -1,
                    1298, 1303, 1374, -1,
                    1298, 1374, 1375, -1,
                    1298, 1375, 1299, -1,
                    1299, 1375, 1376, -1,
                    1299, 1376, 1300, -1,
                    1300, 1376, 1377, -1,
                    1300, 1377, 1304, -1,
                    1300, 1304, 1301, -1,
                    1302, 1373, 1303, -1,
                    1303, 1373, 1374, -1,
                    1304, 1377, 1308, -1,
                    1304, 1308, 1305, -1,
                    1306, 1378, 1379, -1,
                    1306, 1379, 1310, -1,
                    1306, 1310, 1307, -1,
                    1306, 1308, 1378, -1,
                    1308, 1377, 1380, -1,
                    1308, 1380, 1378, -1,
                    1310, 1379, 1381, -1,
                    1310, 1381, 1382, -1,
                    1310, 1382, 1312, -1,
                    1310, 1312, 1311, -1,
                    1312, 1383, 1384, -1,
                    1312, 1384, 1385, -1,
                    1312, 1385, 1386, -1,
                    1312, 1386, 1313, -1,
                    1312, 1382, 1387, -1,
                    1312, 1387, 1388, -1,
                    1312, 1388, 1383, -1,
                    1313, 1386, 1389, -1,
                    1313, 1389, 1315, -1,
                    1313, 1315, 1314, -1,
                    1315, 1389, 1390, -1,
                    1315, 1390, 1391, -1,
                    1315, 1391, 1392, -1,
                    1315, 1392, 1316, -1,
                    1316, 1392, 1391, -1,
                    1316, 1391, 1393, -1,
                    1316, 1393, 1317, -1,
                    1317, 1393, 1394, -1,
                    1317, 1394, 1318, -1,
                    1318, 1394, 1395, -1,
                    1318, 1395, 1319, -1,
                    1319, 1395, 1320, -1,
                    1320, 1396, 1397, -1,
                    1320, 1397, 1321, -1,
                    1320, 1395, 1398, -1,
                    1320, 1398, 1396, -1,
                    1321, 1397, 1324, -1,
                    1321, 1324, 1323, -1,
                    1321, 1323, 1322, -1,
                    1324, 1399, 1325, -1,
                    1324, 1397, 1399, -1,
                    1325, 1399, 1336, -1,
                    1326, 1330, 1400, -1,
                    1326, 1400, 1401, -1,
                    1326, 1401, 1402, -1,
                    1326, 1402, 1403, -1,
                    1326, 1403, 1327, -1,
                    1327, 1403, 1402, -1,
                    1327, 1402, 1404, -1,
                    1327, 1404, 1405, -1,
                    1327, 1405, 1406, -1,
                    1327, 1406, 1407, -1,
                    1327, 1407, 1331, -1,
                    1327, 1331, 1329, -1,
                    1327, 1329, 1328, -1,
                    1330, 1338, 1408, -1,
                    1330, 1408, 1400, -1,
                    1331, 1407, 1332, -1,
                    1332, 1409, 1410, -1,
                    1332, 1410, 1339, -1,
                    1332, 1334, 1333, -1,
                    1332, 1407, 1411, -1,
                    1332, 1411, 1412, -1,
                    1332, 1412, 1409, -1,
                    1335, 1336, 1413, -1,
                    1335, 1413, 1337, -1,
                    1336, 1399, 1413, -1,
                    1337, 1413, 1338, -1,
                    1338, 1413, 1408, -1,
                    1339, 1410, 1340, -1,
                    1340, 1410, 1341, -1,
                    1341, 1414, 1342, -1,
                    1341, 1410, 1415, -1,
                    1341, 1415, 1414, -1,
                    1342, 1416, 1417, -1,
                    1342, 1417, 1343, -1,
                    1342, 1414, 1416, -1,
                    1343, 1417, 1418, -1,
                    1343, 1418, 1419, -1,
                    1343, 1419, 1420, -1,
                    1343, 1420, 1361, -1,
                    1343, 1361, 1344, -1,
                    1344, 1361, 1345, -1,
                    1346, 1348, 1349, -1,
                    1346, 1349, 1421, -1,
                    1346, 1421, 1358, -1,
                    1346, 1358, 1347, -1,
                    1349, 1355, 1421, -1,
                    1350, 1357, 1351, -1,
                    1351, 1357, 1352, -1,
                    1352, 1357, 1353, -1,
                    1353, 1357, 1423, -1,
                    1353, 1423, 1424, -1,
                    1353, 1424, 1425, -1,
                    1353, 1425, 1422, -1,
                    1354, 1370, 1369, -1,
                    1354, 1369, 1426, -1,
                    1354, 1426, 1421, -1,
                    1354, 1421, 1355, -1,
                    1354, 1422, 1427, -1,
                    1354, 1427, 1370, -1,
                    1356, 1367, 1357, -1,
                    1357, 1367, 1418, -1,
                    1357, 1418, 1428, -1,
                    1357, 1428, 1429, -1,
                    1357, 1429, 1430, -1,
                    1357, 1430, 1431, -1,
                    1357, 1431, 1432, -1,
                    1357, 1432, 1433, -1,
                    1357, 1433, 1434, -1,
                    1357, 1434, 1423, -1,
                    1358, 1421, 1359, -1,
                    1359, 1421, 1368, -1,
                    1361, 1420, 1364, -1,
                    1363, 1364, 1420, -1,
                    1363, 1420, 1365, -1,
                    1365, 1420, 1419, -1,
                    1365, 1419, 1366, -1,
                    1366, 1419, 1367, -1,
                    1367, 1419, 1418, -1,
                    1368, 1421, 1369, -1,
                    1369, 1421, 1426, -1,
                    1370, 1427, 1371, -1,
                    1371, 1427, 1435, -1,
                    1371, 1435, 1436, -1,
                    1371, 1436, 1372, -1,
                    1372, 1436, 1437, -1,
                    1372, 1437, 1438, -1,
                    1372, 1438, 1439, -1,
                    1372, 1439, 1373, -1,
                    1373, 1439, 1375, -1,
                    1373, 1375, 1374, -1,
                    1375, 1440, 1441, -1,
                    1375, 1441, 1376, -1,
                    1375, 1439, 1440, -1,
                    1376, 1441, 1442, -1,
                    1376, 1442, 1377, -1,
                    1377, 1442, 1380, -1,
                    1378, 1380, 1379, -1,
                    1379, 1380, 1442, -1,
                    1379, 1442, 1443, -1,
                    1379, 1443, 1381, -1,
                    1381, 1387, 1382, -1,
                    1381, 1443, 1444, -1,
                    1381, 1444, 1445, -1,
                    1381, 1445, 1387, -1,
                    1383, 1388, 1446, -1,
                    1383, 1446, 1447, -1,
                    1383, 1447, 1448, -1,
                    1383, 1448, 1384, -1,
                    1384, 1449, 1450, -1,
                    1384, 1450, 1451, -1,
                    1384, 1451, 1386, -1,
                    1384, 1386, 1385, -1,
                    1384, 1448, 1449, -1,
                    1386, 1451, 1452, -1,
                    1386, 1452, 1390, -1,
                    1386, 1390, 1389, -1,
                    1387, 1445, 1453, -1,
                    1387, 1453, 1454, -1,
                    1387, 1454, 1455, -1,
                    1387, 1455, 1388, -1,
                    1388, 1455, 1456, -1,
                    1388, 1456, 1446, -1,
                    1390, 1452, 1457, -1,
                    1390, 1457, 1458, -1,
                    1390, 1458, 1391, -1,
                    1391, 1458, 1459, -1,
                    1391, 1459, 1460, -1,
                    1391, 1460, 1393, -1,
                    1393, 1395, 1394, -1,
                    1393, 1460, 1461, -1,
                    1393, 1461, 1398, -1,
                    1393, 1398, 1395, -1,
                    1396, 1398, 1462, -1,
                    1396, 1462, 1397, -1,
                    1397, 1462, 1399, -1,
                    1398, 1461, 1462, -1,
                    1399, 1462, 1413, -1,
                    1400, 1413, 1463, -1,
                    1400, 1463, 1464, -1,
                    1400, 1464, 1401, -1,
                    1400, 1408, 1413, -1,
                    1401, 1464, 1465, -1,
                    1401, 1465, 1466, -1,
                    1401, 1466, 1402, -1,
                    1402, 1466, 1404, -1,
                    1404, 1466, 1405, -1,
                    1405, 1466, 1467, -1,
                    1405, 1467, 1468, -1,
                    1405, 1468, 1469, -1,
                    1405, 1469, 1412, -1,
                    1405, 1412, 1411, -1,
                    1405, 1411, 1406, -1,
                    1406, 1411, 1407, -1,
                    1409, 1412, 1410, -1,
                    1410, 1470, 1471, -1,
                    1410, 1471, 1415, -1,
                    1410, 1412, 1472, -1,
                    1410, 1472, 1470, -1,
                    1412, 1469, 1473, -1,
                    1412, 1473, 1472, -1,
                    1413, 1462, 1457, -1,
                    1413, 1457, 1463, -1,
                    1414, 1415, 1471, -1,
                    1414, 1471, 1474, -1,
                    1414, 1474, 1416, -1,
                    1416, 1418, 1417, -1,
                    1416, 1474, 1418, -1,
                    1418, 1474, 1475, -1,
                    1418, 1475, 1428, -1,
                    1422, 1425, 1476, -1,
                    1422, 1476, 1477, -1,
                    1422, 1477, 1427, -1,
                    1423, 1434, 1424, -1,
                    1424, 1434, 1478, -1,
                    1424, 1478, 1479, -1,
                    1424, 1479, 1425, -1,
                    1425, 1479, 1476, -1,
                    1427, 1477, 1491, -1,
                    1427, 1491, 1435, -1,
                    1428, 1475, 1480, -1,
                    1428, 1480, 1429, -1,
                    1429, 1480, 1481, -1,
                    1429, 1481, 1482, -1,
                    1429, 1482, 1483, -1,
                    1429, 1483, 1484, -1,
                    1429, 1484, 1485, -1,
                    1429, 1485, 1430, -1,
                    1430, 1485, 1431, -1,
                    1431, 1485, 1484, -1,
                    1431, 1484, 1486, -1,
                    1431, 1486, 1487, -1,
                    1431, 1487, 1488, -1,
                    1431, 1488, 1432, -1,
                    1432, 1488, 1489, -1,
                    1432, 1489, 1433, -1,
                    1433, 1490, 1478, -1,
                    1433, 1478, 1434, -1,
                    1433, 1489, 1490, -1,
                    1435, 1491, 1496, -1,
                    1435, 1496, 1492, -1,
                    1435, 1492, 1436, -1,
                    1436, 1492, 1437, -1,
                    1437, 1493, 1494, -1,
                    1437, 1494, 1495, -1,
                    1437, 1495, 1438, -1,
                    1437, 1492, 1496, -1,
                    1437, 1496, 1493, -1,
                    1438, 1495, 1439, -1,
                    1439, 1495, 1497, -1,
                    1439, 1497, 1440, -1,
                    1440, 1497, 1495, -1,
                    1440, 1495, 1441, -1,
                    1441, 1498, 1444, -1,
                    1441, 1444, 1442, -1,
                    1441, 1495, 1498, -1,
                    1442, 1444, 1443, -1,
                    1444, 1498, 1499, -1,
                    1444, 1499, 1445, -1,
                    1445, 1499, 1453, -1,
                    1446, 1500, 1501, -1,
                    1446, 1501, 1447, -1,
                    1446, 1456, 1502, -1,
                    1446, 1502, 1500, -1,
                    1447, 1501, 1448, -1,
                    1448, 1501, 1503, -1,
                    1448, 1503, 1449, -1,
                    1449, 1503, 1504, -1,
                    1449, 1504, 1505, -1,
                    1449, 1505, 1506, -1,
                    1449, 1506, 1450, -1,
                    1450, 1506, 1463, -1,
                    1450, 1463, 1451, -1,
                    1451, 1463, 1457, -1,
                    1451, 1457, 1452, -1,
                    1453, 1499, 1454, -1,
                    1454, 1507, 1502, -1,
                    1454, 1502, 1456, -1,
                    1454, 1456, 1455, -1,
                    1454, 1499, 1508, -1,
                    1454, 1508, 1507, -1,
                    1457, 1462, 1459, -1,
                    1457, 1459, 1458, -1,
                    1459, 1462, 1460, -1,
                    1460, 1462, 1461, -1,
                    1463, 1506, 1464, -1,
                    1464, 1506, 1509, -1,
                    1464, 1509, 1465, -1,
                    1465, 1509, 1466, -1,
                    1466, 1509, 1510, -1,
                    1466, 1510, 1511, -1,
                    1466, 1511, 1512, -1,
                    1466, 1512, 1468, -1,
                    1466, 1468, 1467, -1,
                    1468, 1512, 1511, -1,
                    1468, 1511, 1513, -1,
                    1468, 1513, 1514, -1,
                    1468, 1514, 1473, -1,
                    1468, 1473, 1469, -1,
                    1470, 1472, 1515, -1,
                    1470, 1515, 1471, -1,
                    1471, 1475, 1474, -1,
                    1471, 1515, 1516, -1,
                    1471, 1516, 1475, -1,
                    1472, 1473, 1515, -1,
                    1473, 1517, 1518, -1,
                    1473, 1518, 1519, -1,
                    1473, 1519, 1515, -1,
                    1473, 1514, 1517, -1,
                    1475, 1516, 1480, -1,
                    1476, 1491, 1477, -1,
                    1476, 1479, 1520, -1,
                    1476, 1520, 1491, -1,
                    1478, 1490, 1521, -1,
                    1478, 1521, 1479, -1,
                    1479, 1521, 1522, -1,
                    1479, 1522, 1520, -1,
                    1480, 1516, 1515, -1,
                    1480, 1515, 1519, -1,
                    1480, 1519, 1481, -1,
                    1481, 1519, 1482, -1,
                    1482, 1518, 1517, -1,
                    1482, 1517, 1483, -1,
                    1482, 1519, 1518, -1,
                    1483, 1517, 1523, -1,
                    1483, 1523, 1484, -1,
                    1484, 1523, 1524, -1,
                    1484, 1524, 1525, -1,
                    1484, 1525, 1486, -1,
                    1486, 1525, 1487, -1,
                    1487, 1525, 1526, -1,
                    1487, 1526, 1501, -1,
                    1487, 1501, 1500, -1,
                    1487, 1500, 1488, -1,
                    1488, 1527, 1528, -1,
                    1488, 1528, 1529, -1,
                    1488, 1529, 1489, -1,
                    1488, 1500, 1527, -1,
                    1489, 1529, 1490, -1,
                    1490, 1529, 1521, -1,
                    1491, 1520, 1493, -1,
                    1491, 1493, 1496, -1,
                    1493, 1520, 1522, -1,
                    1493, 1522, 1530, -1,
                    1493, 1530, 1531, -1,
                    1493, 1531, 1538, -1,
                    1493, 1538, 1532, -1,
                    1493, 1532, 1494, -1,
                    1494, 1532, 1533, -1,
                    1494, 1533, 1495, -1,
                    1495, 1533, 1498, -1,
                    1498, 1533, 1499, -1,
                    1499, 1533, 1508, -1,
                    1500, 1502, 1527, -1,
                    1501, 1526, 1503, -1,
                    1502, 1507, 1527, -1,
                    1503, 1526, 1504, -1,
                    1504, 1526, 1525, -1,
                    1504, 1525, 1505, -1,
                    1505, 1509, 1506, -1,
                    1505, 1525, 1509, -1,
                    1507, 1534, 1528, -1,
                    1507, 1528, 1527, -1,
                    1507, 1508, 1532, -1,
                    1507, 1532, 1534, -1,
                    1508, 1533, 1532, -1,
                    1509, 1525, 1535, -1,
                    1509, 1535, 1536, -1,
                    1509, 1536, 1511, -1,
                    1509, 1511, 1510, -1,
                    1511, 1536, 1524, -1,
                    1511, 1524, 1537, -1,
                    1511, 1537, 1517, -1,
                    1511, 1517, 1513, -1,
                    1513, 1517, 1514, -1,
                    1517, 1537, 1523, -1,
                    1521, 1530, 1522, -1,
                    1521, 1529, 1530, -1,
                    1523, 1537, 1524, -1,
                    1524, 1536, 1535, -1,
                    1524, 1535, 1525, -1,
                    1528, 1534, 1529, -1,
                    1529, 1534, 1530, -1,
                    1530, 1538, 1531, -1,
                    1530, 1534, 1538, -1,
                    1532, 1538, 1534, -1,
                ]
            }
        }
    ]
}
