# https://github.com/mikedh/trimesh
v -0.01434906 -0.06600056 -0.00106667
v -0.01404650 -0.06600056 0.00107838
v -0.01422325 -0.06600056 -0.00321173
v -0.01136242 -0.08861684 -0.00106667
v -0.01144630 -0.08861684 0.00107838
v -0.01112577 -0.09054118 0.00322620
v -0.01133546 -0.08861684 0.00322620
v -0.01364809 -0.06600056 0.00323998
v -0.01095202 -0.09019656 0.00460201
v -0.01392069 -0.06600056 -0.00398924
v -0.01093405 -0.09015997 -0.00277059
v -0.01108383 -0.09044968 -0.00106667
v -0.01114075 -0.09056862 0.00107838
v -0.01053563 -0.09164210 0.00107838
v -0.01046673 -0.09161161 0.00322620
v -0.01309389 -0.06600056 0.00475917
v -0.00903782 -0.09216055 0.00459098
v -0.00960399 -0.09075770 0.00531335
v -0.00873526 -0.08988550 0.00659542
v -0.00889103 -0.08861684 0.00673328
v -0.01062550 -0.06600056 0.00855024
v -0.01064647 -0.06600056 0.00853094
v -0.01152419 -0.06600056 0.00737018
v -0.01248578 -0.06600056 0.00586202
v -0.01345337 -0.06600056 -0.00510037
v -0.01058057 -0.08861684 -0.00402233
v -0.00994549 -0.08861684 -0.00535954
v -0.00884011 -0.09076381 -0.00696420
v -0.00958602 -0.09076381 -0.00535954
v -0.00861543 -0.09190438 -0.00658923
v -0.01031395 -0.09083090 -0.00337716
v -0.01044876 -0.09152317 -0.00106667
v -0.01327663 -0.06600056 -0.00549740
v -0.00937632 -0.09256310 -0.00106667
v -0.00946020 -0.09255396 0.00107838
v -0.00939430 -0.09242892 0.00322620
v -0.00746811 -0.09139813 0.00608811
v -0.00746811 -0.09032465 0.00695661
v -0.00653647 -0.09405744 0.00438971
v -0.00733930 -0.09288941 0.00492735
v -0.00595831 -0.08919323 0.00840687
v -0.00649453 -0.08776293 0.00866052
v -0.00742318 -0.06600056 0.01098755
v -0.00946919 -0.06600056 0.00943804
v -0.00829191 -0.08861684 -0.00827108
v -0.00697683 -0.09039479 -0.00904860
v -0.00760291 -0.09097118 -0.00814150
v -0.01218322 -0.06600056 -0.00751011
v -0.01179679 -0.06600056 -0.00812771
v -0.01117070 -0.06600056 -0.00911201
v -0.00636872 -0.09182509 -0.00856886
v -0.00746811 -0.09232828 -0.00708000
v -0.00597030 -0.09385616 -0.00607916
v -0.00656942 -0.09410928 -0.00464820
v -0.00883412 -0.09210565 -0.00535954
v -0.00917262 -0.09241367 -0.00321173
v -0.00788750 -0.09348715 -0.00321173
v -0.00800133 -0.09363659 -0.00106667
v -0.00795041 -0.09362744 0.00107838
v -0.00781560 -0.09350240 0.00322620
v -0.00627585 -0.09177019 0.00639140
v -0.00540113 -0.09080650 0.00756042
v -0.00452641 -0.08984280 0.00870188
v -0.00674317 -0.09416417 0.00322620
v -0.00265414 -0.09639042 -0.00106667
v -0.00224673 -0.09620439 0.00023194
v -0.00088972 -0.09631113 0.00100118
v -0.00008090 -0.09616171 0.00223087
v 0.00111436 -0.09576220 0.00348537
v 0.00111436 -0.09482900 0.00537125
v -0.00010486 -0.09403914 0.00652925
v -0.00144990 -0.09159331 0.00840135
v -0.00317538 -0.09123040 0.00811461
v -0.00527531 -0.08853145 0.00895002
v -0.00315441 -0.08649733 0.01043061
v -0.00532324 -0.08646988 0.00947112
v -0.00454738 -0.06600056 0.01302232
v -0.00567073 -0.06600056 0.01226686
v -0.00700678 -0.06600056 0.01129359
v -0.00721947 -0.08861684 -0.00925263
v -0.01067642 -0.06600056 -0.00962760
v -0.01012523 -0.06600056 -0.01020108
v -0.00466121 -0.09006543 -0.01105304
v -0.00317538 -0.09042224 -0.01141423
v -0.00317538 -0.09149572 -0.01024796
v -0.00265414 -0.09635383 -0.00455722
v -0.00403512 -0.09603056 -0.00321173
v -0.00532324 -0.09523460 -0.00321173
v -0.00681506 -0.09426176 -0.00321173
v -0.00692590 -0.09428616 -0.00106667
v -0.00687498 -0.09422822 0.00107838
v -0.00317538 -0.09015692 0.00891969
v -0.00317538 -0.08861684 0.00971099
v -0.00295969 -0.09650326 -0.00321173
v -0.00102751 -0.09677163 -0.00106667
v 0.00111436 -0.09657645 0.00107838
v 0.00111436 -0.09624099 0.00241284
v 0.00326222 -0.09585064 0.00358738
v 0.00326222 -0.09501503 0.00537125
v 0.00111436 -0.09412453 0.00662851
v -0.00001799 -0.09186168 0.00860814
v -0.00085077 -0.09083090 0.00909339
v -0.00165959 -0.08722925 0.01065945
v -0.00242348 -0.08579895 0.01084142
v -0.00381644 -0.08432292 0.01056847
v -0.00415195 -0.06600056 0.01316569
v -0.00274401 -0.08432292 0.01097928
v -0.00590140 -0.08861684 -0.01032516
v -0.00897791 -0.06600056 -0.01110818
v -0.00482896 -0.08861684 -0.01119090
v -0.00020971 -0.08978486 -0.01293065
v -0.00317538 -0.08861684 -0.01207318
v -0.00088073 -0.09075161 -0.01176438
v -0.00155474 -0.09172139 -0.01053746
v -0.00102751 -0.09651851 -0.00480260
v -0.00102751 -0.09695461 -0.00321173
v -0.00012284 -0.09187388 -0.01077733
v -0.00097958 -0.08848876 0.01032308
v 0.00111436 -0.09693327 -0.00106667
v 0.00326222 -0.09661610 0.00107838
v 0.00326222 -0.09626845 0.00251485
v 0.00540709 -0.09492964 0.00537125
v 0.00456831 -0.09619524 0.00236873
v 0.00540709 -0.09420382 0.00665332
v 0.00326222 -0.09421907 0.00670295
v 0.00070695 -0.09186168 0.00860814
v 0.00129709 -0.09097728 0.00920368
v 0.00111436 -0.08889436 0.01041682
v -0.00022768 -0.08768669 0.01078904
v -0.00097958 -0.08649733 0.01099307
v -0.00102751 -0.08432292 0.01147832
v -0.00317538 -0.06600056 0.01341659
v -0.00842072 -0.06600056 -0.01151900
v -0.00747111 -0.06600056 -0.01212833
v -0.00692291 -0.06600056 -0.01247573
v -0.00629682 -0.06600056 -0.01282864
v 0.00111436 -0.08861684 -0.01323118
v 0.00111436 -0.08999834 -0.01308781
v 0.00111436 -0.09107182 -0.01200977
v -0.00329520 -0.06600056 -0.01399767
v -0.00514950 -0.06600056 -0.01339110
v 0.00111436 -0.09583234 -0.00607364
v 0.00326222 -0.09598177 -0.00624459
v 0.00111436 -0.09661306 -0.00500112
v 0.00111436 -0.09198671 -0.01093724
v 0.00111436 -0.09708270 -0.00321173
v 0.00326222 -0.09715589 -0.00321173
v 0.00326222 -0.09695157 -0.00106667
v 0.00540709 -0.09664050 -0.00106667
v 0.00533220 -0.09576220 0.00314073
v 0.00742315 -0.09433496 0.00522237
v 0.00662032 -0.09409098 0.00654028
v 0.00533220 -0.09629894 0.00086884
v 0.00600022 -0.09598177 0.00144233
v 0.00540709 -0.09291076 0.00751079
v 0.00213287 -0.09183423 0.00859159
v 0.00326222 -0.09064791 0.00925055
v 0.00328319 -0.08853755 0.01036444
v 0.00258221 -0.08776904 0.01082212
v 0.00111436 -0.08782088 0.01083867
v 0.00111436 -0.08646988 0.01130462
v 0.00111436 -0.08432292 0.01188638
v -0.00096461 -0.06600056 0.01379984
v 0.00326222 -0.08861684 -0.01345451
v -0.00102751 -0.06600056 -0.01428441
v 0.00326222 -0.09014167 -0.01319810
v 0.00326222 -0.09121515 -0.01211730
v 0.00540709 -0.09594823 -0.00619496
v 0.00326222 -0.09668014 -0.00517206
v 0.00540709 -0.09662221 -0.00512243
v 0.00540709 -0.09696986 -0.00321173
v 0.00668922 -0.09623794 -0.00106667
v 0.00648551 -0.09613120 0.00001137
v 0.00755495 -0.09490829 0.00322620
v 0.00875320 -0.09404829 0.00440901
v 0.01294708 -0.08971472 0.00647962
v 0.00867831 -0.08971167 0.00860814
v 0.00755495 -0.09002578 0.00877632
v 0.00540709 -0.09043444 0.00904101
v 0.00540709 -0.08861684 0.00986264
v 0.00401113 -0.08734513 0.01067048
v 0.00328319 -0.08656442 0.01110335
v 0.00326222 -0.08432292 0.01177334
v 0.00111436 -0.06600056 0.01388255
v 0.00505660 -0.08861684 -0.01314847
v 0.00487686 -0.08997699 -0.01308230
v 0.00116828 -0.06600056 -0.01401697
v 0.00481396 -0.09197757 -0.01092070
v 0.00678508 -0.09640263 -0.00475297
v 0.00624586 -0.09176714 -0.01063120
v 0.00755495 -0.09156586 -0.01033067
v 0.00898986 -0.09202636 -0.00886387
v 0.00691389 -0.09644227 -0.00321173
v 0.01360013 -0.09223679 0.00107838
v 0.01184768 -0.09316084 0.00107838
v 0.00901981 -0.09417637 0.00322620
v 0.01326462 -0.09204771 0.00244317
v 0.01379185 -0.09078820 0.00318484
v 0.01474146 -0.09077295 0.00122451
v 0.01452278 -0.08861684 0.00322620
v 0.01360612 -0.08861684 0.00537125
v 0.01302497 -0.08861684 0.00659542
v 0.01184768 -0.08861684 0.00728747
v 0.00755196 -0.08453335 0.01039752
v 0.00647653 -0.08539030 0.01073665
v 0.00504462 -0.08591179 0.01091862
v 0.00561978 -0.08453335 0.01113919
v 0.00683301 -0.08396001 0.01089105
v 0.00636269 -0.06600056 0.01285689
v 0.00316936 -0.06600056 0.01359305
v 0.00755495 -0.08861684 -0.01217244
v 0.00251032 -0.06600056 -0.01363097
v 0.00422681 -0.06600056 -0.01310987
v 0.00460127 -0.06600056 -0.01297477
v 0.00919955 -0.09011423 -0.01109164
v 0.00755495 -0.09049238 -0.01147764
v 0.00556286 -0.09087054 -0.01185813
v 0.01042177 -0.09160246 -0.00825730
v 0.01120662 -0.09203856 -0.00682634
v 0.01303395 -0.09192268 -0.00456273
v 0.01324065 -0.09205686 -0.00321173
v 0.01357616 -0.09223374 -0.00106667
v 0.00981066 -0.09085834 -0.00971583
v 0.01466657 -0.09077295 -0.00104462
v 0.01515785 -0.09006543 -0.00031673
v 0.01515785 -0.09006543 0.00060415
v 0.01501406 -0.08861684 0.00182005
v 0.01583486 -0.06600056 0.00326480
v 0.01528966 -0.06600056 0.00481707
v 0.01475644 -0.06600056 0.00581791
v 0.01386973 -0.06600056 0.00745290
v 0.01331854 -0.06600056 0.00841789
v 0.01308488 -0.06600056 0.00880941
v 0.01191658 -0.06600056 0.00983231
v 0.01123358 -0.06600056 0.01033135
v 0.01070036 -0.06600056 0.01069529
v 0.00959797 -0.06600056 0.01135425
v 0.00766280 -0.06600056 0.01234682
v 0.00944519 -0.08861684 -0.01124328
v 0.00526929 -0.06600056 -0.01270733
v 0.01113173 -0.09017217 -0.00913683
v 0.01052062 -0.08861684 -0.01046577
v 0.01263853 -0.09141033 -0.00599644
v 0.01327959 -0.09072111 -0.00530991
v 0.01398656 -0.09076381 -0.00321173
v 0.01301598 -0.08998004 -0.00658096
v 0.01445388 -0.08861684 -0.00321173
v 0.01491820 -0.08861684 -0.00152436
v 0.01604156 -0.06600056 -0.00106667
v 0.01616139 -0.06600056 -0.00007135
v 0.01625425 -0.06600056 0.00107838
v 0.00569467 -0.06600056 -0.01248124
v 0.00747108 -0.06600056 -0.01153003
v 0.00933735 -0.06600056 -0.01033894
v 0.01132345 -0.08861684 -0.00939324
v 0.00990053 -0.06600056 -0.00992813
v 0.01060450 -0.06600056 -0.00934637
v 0.01110776 -0.06600056 -0.00891074
v 0.01158407 -0.06600056 -0.00848063
v 0.01221015 -0.06600056 -0.00784373
v 0.01319871 -0.06600056 -0.00673536
v 0.01350427 -0.06600056 -0.00635487
v 0.01239888 -0.08861684 -0.00775826
v 0.01308188 -0.08861684 -0.00668297
v 0.01368999 -0.08861684 -0.00535954
v 0.01564015 -0.06600056 -0.00222467
v 0.01311783 -0.08646988 -0.00672433
v 0.01412736 -0.06600056 -0.00544501
v 0.01376488 -0.08646988 -0.00535954
v 0.01539451 -0.06600056 -0.00291120
v 0.01463362 -0.06600056 -0.00455170
v -0.00750723 0.07885908 -0.02199062
v -0.00746768 0.07885908 -0.02199062
v -0.00827666 0.07885908 -0.02193059
v -0.00961417 0.09599723 -0.02272032
v -0.00558724 0.07885908 -0.02167196
v -0.00944159 0.07885908 -0.02183822
v -0.01159168 0.09599723 -0.02217535
v -0.01123214 0.09814395 -0.02192135
v -0.00961417 0.09814395 -0.02223077
v -0.00746768 0.09599723 -0.02233238
v -0.01187213 0.07885908 -0.02164425
v -0.01290762 0.07885908 -0.02150570
v -0.00422456 0.09485285 -0.02147799
v -0.00461287 0.07885908 -0.02132097
v -0.01283931 0.08863371 -0.02145952
v -0.01266673 0.09599723 -0.02123784
v -0.01082585 0.09934752 -0.02155189
v -0.01230718 0.09814395 -0.02093303
v -0.01300470 0.09948958 -0.01950136
v -0.00756835 0.09817946 -0.02181975
v -0.00459849 0.10799355 -0.01728919
v -0.00392254 0.10799355 -0.01728919
v -0.00580297 0.09748494 -0.02163963
v -0.00437197 0.09659310 -0.02141796
v -0.00518096 0.09592621 -0.02173662
v -0.01382088 0.07885908 -0.02038807
v -0.00345513 0.07885908 -0.02089147
v -0.00422456 0.09516460 -0.02147799
v 0.00121179 0.07885908 -0.01893331
v 0.00022663 0.07885908 -0.01939052
v -0.00095268 0.07885908 -0.01989392
v -0.01482401 0.07885908 -0.01902568
v -0.01341099 0.08943478 -0.02058666
v -0.01351526 0.09170382 -0.02031418
v -0.01342897 0.09599723 -0.02016639
v -0.01509008 0.09814395 -0.01734461
v -0.01500738 0.09925676 -0.01720144
v -0.01324560 0.09814395 -0.01986159
v -0.01167797 0.10013675 -0.02027723
v -0.01109910 0.10180203 -0.01962144
v -0.00532118 0.11145433 -0.01453207
v -0.01378852 0.10008940 -0.01809740
v -0.01314133 0.10186123 -0.01756167
v -0.01253010 0.10092204 -0.01899334
v -0.00317468 0.11145038 -0.01455054
v -0.00317468 0.11037703 -0.01531256
v -0.00319266 0.10877489 -0.01643943
v -0.00118998 0.10882224 -0.01547882
v 0.00022304 0.10807642 -0.01519248
v -0.00249514 0.10723589 -0.01699824
v -0.00209964 0.09922125 -0.01931663
v 0.00418525 0.07885908 -0.01703518
v -0.00119717 0.10660056 -0.01651332
v 0.00317852 0.07885908 -0.01778797
v 0.00313537 0.07885908 -0.01781568
v 0.00127651 0.07885908 -0.01890098
v 0.00125853 0.07885908 -0.01891022
v -0.01483480 0.07885908 -0.01900720
v -0.01525547 0.09385053 -0.01759400
v -0.01454716 0.09385053 -0.01866545
v -0.01450042 0.09599723 -0.01858694
v -0.01519794 0.09599723 -0.01751549
v -0.01576603 0.09814395 -0.01609305
v -0.01719702 0.09943828 -0.01301265
v -0.01694534 0.10087074 -0.01249540
v -0.01540648 0.10227952 -0.01383009
v -0.01509367 0.10370408 -0.01304036
v -0.01393233 0.10461564 -0.01397325
v -0.01318448 0.10409869 -0.01553886
v -0.01269190 0.10328973 -0.01697053
v -0.01189730 0.10254785 -0.01833755
v -0.01126090 0.10403556 -0.01768175
v -0.00668746 0.11233432 -0.01309116
v -0.00532118 0.11267764 -0.01345600
v -0.00317468 0.11275656 -0.01347909
v -0.00103178 0.11469807 -0.01110990
v -0.00155672 0.11243692 -0.01311887
v -0.00201334 0.11000609 -0.01505855
v -0.00106774 0.11098868 -0.01391321
v -0.00012572 0.11197128 -0.01276326
v -0.00058235 0.10950493 -0.01470294
v 0.00041360 0.11053882 -0.01327127
v 0.00103202 0.10866439 -0.01379314
v 0.00219695 0.10781992 -0.01288333
v 0.00038843 0.10672683 -0.01540031
v -0.00022640 0.10243342 -0.01694744
v 0.00655466 0.07885908 -0.01503084
v -0.01542086 0.07885908 -0.01795423
v -0.01640602 0.07885908 -0.01609305
v -0.01602130 0.09385053 -0.01609305
v -0.01594580 0.09599723 -0.01609305
v -0.01673321 0.09814395 -0.01418108
v -0.01744152 0.10020779 -0.01178418
v -0.01723298 0.09814395 -0.01310963
v -0.02044373 0.08741040 -0.00750301
v -0.02119519 0.08741040 -0.00547096
v -0.02143968 0.08855874 -0.00436257
v -0.01808510 0.10028671 -0.00965052
v -0.01727253 0.10161656 -0.01106372
v -0.01649591 0.10237422 -0.01178418
v -0.01467660 0.10513259 -0.01222753
v -0.01324560 0.10615859 -0.01347909
v -0.01270987 0.10552720 -0.01491077
v -0.00673060 0.11450471 -0.01100368
v -0.00532118 0.11375099 -0.01238917
v -0.00317468 0.11495062 -0.01143780
v -0.00317468 0.11382991 -0.01251387
v -0.00103178 0.11577142 -0.01001999
v 0.00009360 0.11433107 -0.01079124
v -0.00091673 0.11315907 -0.01225524
v 0.00242347 0.10832108 -0.01179803
v 0.00439738 0.10795014 -0.00667634
v 0.01421662 0.07885908 -0.00320799
v 0.01416628 0.07885908 -0.00333269
v 0.01286112 0.07885908 -0.00652855
v 0.01236135 0.07885908 -0.00772931
v 0.01151642 0.07885908 -0.00925797
v 0.01141934 0.07885908 -0.00939190
v 0.01058519 0.07885908 -0.01047720
v 0.00956407 0.07885908 -0.01174723
v 0.00111831 0.11316696 -0.00965052
v 0.00217178 0.10990744 -0.01068040
v 0.00864004 0.07885908 -0.01286486
v 0.00759376 0.07885908 -0.01402405
v -0.01704242 0.07885908 -0.01483226
v -0.01959880 0.08741040 -0.00923026
v -0.01754578 0.07885908 -0.01375619
v -0.02043654 0.08526370 -0.00750301
v -0.02119519 0.08526370 -0.00547096
v -0.02144687 0.08741040 -0.00439951
v -0.02147204 0.08741040 -0.00321261
v -0.02145047 0.08861793 -0.00321261
v -0.02034306 0.10028671 0.00537281
v -0.02015250 0.10028671 0.00322530
v -0.01994396 0.10028671 0.00107779
v -0.01924644 0.10113119 -0.00406238
v -0.01910981 0.10036563 -0.00532779
v -0.01863162 0.10028671 -0.00750301
v -0.01749185 0.10204669 -0.00965052
v -0.01690579 0.10312004 -0.00965052
v -0.01501098 0.10570083 -0.01079586
v -0.01533816 0.10448147 -0.01162716
v -0.01389278 0.10664791 -0.01169643
v -0.01310538 0.10814350 -0.01116532
v -0.01259482 0.10759104 -0.01259700
v -0.00890946 0.11246059 -0.01108681
v -0.00816160 0.11388911 -0.01013544
v -0.00745689 0.11484407 -0.00951197
v -0.00621645 0.11633967 -0.00840358
v -0.00542904 0.11591743 -0.00958587
v -0.00532118 0.11476121 -0.01131311
v -0.00317468 0.11602397 -0.01019548
v -0.00103178 0.11660406 -0.00894392
v 0.00004686 0.11639491 -0.00858831
v 0.00028057 0.11515187 -0.00944270
v 0.00287650 0.10906690 -0.00983987
v 0.00451603 0.10823032 -0.00536012
v 0.01481346 0.07885908 -0.00106510
v 0.01474515 0.07885908 -0.00145766
v 0.00382570 0.10874726 -0.00743836
v 0.00213223 0.11197128 -0.00838973
v 0.00233358 0.11241719 -0.00695805
v 0.00205313 0.11394435 -0.00536012
v 0.00218617 0.11424031 -0.00428406
v 0.00273627 0.11338005 -0.00342505
v 0.00386525 0.11085057 -0.00307406
v 0.00436502 0.11002187 -0.00226586
v 0.00245223 0.11054277 -0.00924873
v 0.00194167 0.11116231 -0.00983987
v -0.01845544 0.07885908 -0.01177032
v -0.02037902 0.08311698 -0.00750301
v -0.02121316 0.08307358 -0.00518924
v -0.02143968 0.08376021 -0.00436257
v -0.02144687 0.08526370 -0.00439489
v -0.02146125 0.08526370 -0.00321261
v -0.02148283 0.08741040 -0.00106510
v -0.02146125 0.08868106 -0.00106510
v -0.02095429 0.09385053 0.00537281
v -0.02029632 0.10028671 0.00751571
v -0.01973183 0.10224795 0.00751571
v -0.01974981 0.10231503 0.00537281
v -0.01964914 0.10217297 0.00322530
v -0.01954487 0.10194015 0.00107779
v -0.01942622 0.10167970 -0.00106510
v -0.01933273 0.10148239 -0.00263070
v -0.01841589 0.10243342 -0.00536012
v -0.01776151 0.10261494 -0.00765542
v -0.01709635 0.10344757 -0.00846824
v -0.01671523 0.10456039 -0.00765542
v -0.01605726 0.10458012 -0.00965052
v -0.01520513 0.10600863 -0.00965052
v -0.01449323 0.10708199 -0.00965052
v -0.01342178 0.10853812 -0.00965052
v -0.01252291 0.10961147 -0.00965052
v -0.01131123 0.11103209 -0.00947041
v -0.01034046 0.11175424 -0.01006155
v -0.01104517 0.11032572 -0.01111914
v -0.00860384 0.11431134 -0.00870377
v -0.00857149 0.11641464 -0.00435795
v -0.00741734 0.11577931 -0.00761385
v -0.00666948 0.11651330 -0.00697191
v -0.00532118 0.11776423 -0.00321261
v -0.00253828 0.11864028 -0.00255681
v -0.00317468 0.11724729 -0.00750301
v -0.00478545 0.11650541 -0.00882385
v -0.00317468 0.11668693 -0.00912404
v -0.00103178 0.11704603 -0.00750301
v 0.00012956 0.11648962 -0.00750301
v 0.00232279 0.11441394 -0.00285238
v 0.00182302 0.11314723 -0.00760461
v -0.00190189 0.11864028 -0.00255681
v -0.00168616 0.11876656 -0.00106510
v -0.00061471 0.11799706 -0.00106510
v 0.00463828 0.10891300 -0.00307406
v 0.00494749 0.10887354 -0.00106510
v 0.00547602 0.10887354 0.00322530
v 0.01496807 0.07885908 0.00020493
v 0.00317852 0.11316696 -0.00106510
v 0.00401267 0.11126097 -0.00106510
v -0.01910622 0.07885908 -0.01014006
v -0.02097227 0.08097028 -0.00536012
v -0.02094710 0.07885908 -0.00321261
v -0.02120957 0.08097028 -0.00321261
v -0.02133541 0.07885908 0.00124867
v -0.02141092 0.07885908 0.00231088
v -0.02145047 0.07885908 0.00317450
v -0.02145766 0.07885908 0.00435217
v -0.02145047 0.08864555 0.00045894
v -0.02146125 0.07885908 0.00518346
v -0.02104418 0.09170382 0.00537281
v -0.02061632 0.09599723 0.00751571
v -0.02048688 0.09814395 0.00751571
v -0.01989003 0.10028671 0.00966322
v -0.01936150 0.10154948 0.01109489
v -0.01953768 0.10189279 0.00966322
v -0.01899116 0.10296614 0.00966322
v -0.01916734 0.10332130 0.00751571
v -0.01921408 0.10338838 0.00537281
v -0.01914577 0.10324633 0.00322530
v -0.01903071 0.10301350 0.00107779
v -0.01883656 0.10229135 -0.00329112
v -0.01825409 0.10458012 0.00107779
v -0.01797365 0.10458012 -0.00106510
v -0.01749545 0.10421313 -0.00536012
v -0.01729770 0.10383035 -0.00703656
v -0.01707837 0.10555877 -0.00393306
v -0.01693455 0.10528649 -0.00536012
v -0.01546760 0.10676629 -0.00735061
v -0.01477727 0.10750817 -0.00796022
v -0.01501457 0.10783965 -0.00652855
v -0.01277459 0.10987192 -0.00836202
v -0.01071079 0.11211728 -0.00862988
v -0.00872250 0.11654881 -0.00321261
v -0.00746768 0.11708549 -0.00321261
v -0.00741734 0.11665536 -0.00518924
v -0.01516199 0.10801722 -0.00536012
v -0.00541826 0.11890862 0.00340542
v -0.00466680 0.11873104 0.00107779
v -0.00396569 0.11846270 -0.00154540
v -0.00317468 0.11899938 0.00107779
v 0.00026618 0.11665536 -0.00536012
v 0.00242706 0.11454811 -0.00106510
v -0.00317468 0.11917301 0.00322530
v -0.00160706 0.11880602 0.00107779
v -0.00053561 0.11808387 0.00107779
v 0.00048191 0.11692370 -0.00106510
v 0.00038124 0.11680137 -0.00321261
v 0.00467423 0.11067299 0.00322530
v 0.00553355 0.10887354 0.00537281
v 0.00630298 0.10662029 0.00524812
v 0.01524852 0.07885908 0.00322530
v 0.01514784 0.07885908 0.00207535
v 0.01505436 0.07885908 0.00107779
v 0.00348054 0.11316696 0.00322530
v 0.00417446 0.11174634 0.00322530
v -0.02003025 0.07885908 -0.00746607
v -0.02067025 0.07885908 -0.00536012
v -0.02140732 0.07885908 0.00621796
v -0.02124912 0.08955711 0.00322530
v -0.02129227 0.07885908 0.00727093
v -0.02127069 0.07885908 0.00746028
v -0.02099025 0.07885908 0.00966322
v -0.02098306 0.07885908 0.00970016
v -0.02001228 0.09814395 0.00966322
v -0.01945138 0.10028671 0.01133504
v -0.01912420 0.10028671 0.01241110
v -0.01878622 0.10233476 0.01181073
v -0.01758533 0.10467483 0.01172760
v -0.01701365 0.10544828 0.01238339
v -0.01717545 0.10572846 0.01095634
v -0.01807791 0.10458012 0.00966322
v -0.01729051 0.10589025 0.00966322
v -0.01840510 0.10458012 0.00751571
v -0.01851297 0.10458012 0.00537281
v -0.01749904 0.10620989 0.00322530
v -0.01844465 0.10458012 0.00322530
v -0.01717905 0.10574819 -0.00250139
v -0.01742713 0.10614280 0.00107779
v -0.01728332 0.10592971 -0.00106510
v -0.01655343 0.10656898 -0.00321261
v -0.01603928 0.10672683 -0.00536012
v -0.01000967 0.11547546 -0.00106510
v -0.01017147 0.11575958 0.00107779
v -0.00893463 0.11670666 -0.00106510
v -0.00641061 0.11854162 0.00423671
v -0.01537412 0.10826188 -0.00321261
v -0.00641061 0.11854162 0.00432446
v -0.00528882 0.11884942 0.00517423
v 0.00155696 0.11562147 -0.00106510
v 0.00163606 0.11571617 0.00107779
v 0.00249897 0.11464282 0.00107779
v -0.00455175 0.11868368 0.00691533
v -0.00391535 0.11868368 0.00691533
v -0.00318906 0.11889283 0.00528506
v -0.00193065 0.11861266 0.00451381
v -0.00174368 0.11870737 0.00322530
v -0.00066864 0.11810360 0.00322530
v 0.00062573 0.11703024 0.00322530
v 0.00056101 0.11701051 0.00107779
v 0.00621669 0.10697544 0.00751571
v 0.00467783 0.11063352 0.00537281
v 0.00526389 0.10887354 0.00966322
v 0.00614478 0.10684917 0.00966322
v 0.01524492 0.07885908 0.00407507
v 0.00256729 0.11472963 0.00322530
v 0.00250976 0.11465861 0.00537281
v 0.00337986 0.11316696 0.00537281
v 0.00413491 0.11170688 0.00537281
v -0.02049048 0.07885908 0.01181073
v -0.02047969 0.07885908 0.01183843
v -0.01970666 0.07885908 0.01357953
v -0.01969588 0.07885908 0.01359801
v -0.01819656 0.10028671 0.01395824
v -0.01722938 0.10154553 0.01513590
v -0.01771837 0.10233081 0.01397671
v -0.01739477 0.10401977 0.01327011
v -0.01507570 0.10581922 0.01515899
v -0.01540288 0.10661239 0.01375503
v -0.01499300 0.10780808 0.01290526
v -0.01639164 0.10696361 0.00966322
v -0.01020743 0.11583456 0.00322530
v -0.01743792 0.10609150 0.00751571
v -0.01750264 0.10618621 0.00537281
v -0.01670444 0.10728324 0.00322530
v -0.01671883 0.10721616 0.00107779
v -0.01660737 0.10700307 -0.00106510
v -0.00909642 0.11678164 0.00107779
v -0.01553232 0.10843946 -0.00106510
v -0.00913238 0.11681321 0.00322530
v -0.00890227 0.11666720 0.00500335
v -0.00747127 0.11748405 0.00537743
v -0.00598275 0.11829696 0.00575613
v 0.00170078 0.11580299 0.00322530
v -0.00528882 0.11804046 0.00758498
v -0.00546500 0.11712890 0.00975558
v -0.00484298 0.11677769 0.01128886
v -0.00317468 0.11675401 0.01133042
v -0.00317468 0.11746432 0.00966322
v -0.00114324 0.11792208 0.00528506
v 0.00052146 0.11684083 0.00537281
v -0.00193424 0.11648962 0.01097481
v 0.00159651 0.11573196 0.00537281
v 0.00655826 0.10590209 0.00751571
v 0.01523054 0.07885908 0.00537281
v 0.00652590 0.10577581 0.00966322
v 0.00452682 0.11024680 0.00966322
v 0.00444412 0.11011263 0.01106718
v 0.00483603 0.10895246 0.01179687
v 0.00595063 0.10652164 0.01160752
v 0.00648635 0.10566532 0.01075313
v 0.00230841 0.11440210 0.00751571
v -0.01904510 0.07885908 0.01465098
v -0.01809229 0.07885908 0.01612422
v -0.01713950 0.08218175 0.01718643
v -0.01522670 0.10028671 0.01746352
v -0.01509727 0.10159683 0.01729727
v -0.01343616 0.10458012 0.01778219
v -0.01311616 0.10612307 0.01745429
v -0.01684467 0.10297799 0.01470178
v -0.01384245 0.10668737 0.01602262
v -0.01456514 0.10725167 0.01433232
v -0.00627398 0.11628442 0.01052684
v -0.00743172 0.11570434 0.00975558
v -0.00822273 0.11613841 0.00751571
v -0.00853553 0.11638308 0.00643502
v -0.01313414 0.10800933 0.01545456
v -0.01102719 0.11476121 0.00322530
v -0.00714768 0.11690791 0.00751571
v -0.00669105 0.11660406 0.00909978
v -0.00317468 0.11611079 0.01240187
v -0.00659757 0.11441394 0.01308999
v -0.00898497 0.10811983 0.01964336
v -0.00746768 0.10960752 0.01880745
v -0.00610499 0.10989165 0.01925081
v -0.00246637 0.11435475 0.01517285
v -0.00190189 0.11435475 0.01517285
v 0.00027338 0.11657249 0.00691071
v 0.00219336 0.11424820 0.00861948
v -0.00112526 0.11463493 0.01380121
v -0.00114324 0.11564909 0.01173683
v 0.00044596 0.11455206 0.01181073
v -0.00049606 0.11605554 0.00966322
v 0.01513706 0.07885908 0.00638884
v 0.00195606 0.11398776 0.01004653
v 0.00248819 0.11250795 0.01181073
v 0.00363514 0.11090581 0.01179687
v 0.00419963 0.10972196 0.01249885
v 0.00454120 0.10818691 0.01395824
v 0.00659062 0.10377905 0.01328396
v 0.00517400 0.10672683 0.01395824
v 0.00545086 0.10458012 0.01610575
v 0.00639646 0.10327394 0.01471564
v 0.00670208 0.10452882 0.01160752
v 0.01450066 0.07885908 0.01177378
v 0.01481706 0.07885908 0.00966322
v 0.01489616 0.07885908 0.00895661
v -0.01726174 0.07885908 0.01731112
v -0.01352964 0.08955711 0.01999435
v -0.01423076 0.09814395 0.01864119
v -0.01412290 0.10028671 0.01853959
v -0.01291482 0.10154158 0.01938012
v -0.01257684 0.10297404 0.01913997
v -0.01219213 0.10458012 0.01885363
v -0.01258044 0.10755552 0.01688624
v -0.01080787 0.10588630 0.01941245
v -0.01041596 0.10731481 0.01902913
v -0.01114944 0.10806458 0.01759746
v -0.00952069 0.10880646 0.01815627
v -0.00966451 0.10665186 0.01987428
v -0.00729509 0.10656898 0.02101962
v -0.00746768 0.10853417 0.01998974
v -0.00536073 0.10905506 0.02009134
v -0.00467399 0.11003371 0.01940783
v -0.00317468 0.11223961 0.01732036
v -0.00317468 0.11122545 0.01839642
v -0.00317468 0.11015209 0.01953253
v -0.00166818 0.11228302 0.01736654
v -0.00001786 0.10992322 0.01930161
v -0.00023718 0.11195943 0.01698784
v -0.00047089 0.11388516 0.01441083
v 0.00009720 0.11428372 0.01297916
v 0.00152100 0.11358131 0.01181073
v 0.00226167 0.11218042 0.01303457
v 0.00277582 0.11103603 0.01383354
v 0.00394076 0.10926026 0.01395824
v 0.00434704 0.10782781 0.01507586
v 0.00459513 0.10666369 0.01591640
v 0.00685668 0.10250839 0.01398133
v 0.00444772 0.10590209 0.01735269
v 0.00645759 0.10127719 0.01708483
v 0.00624905 0.10250839 0.01626277
v 0.00665174 0.10184149 0.01565315
v 0.00730252 0.10243342 0.01181073
v 0.01403325 0.07885908 0.01395824
v -0.01586310 0.07885908 0.01852112
v -0.01360515 0.08741040 0.02006363
v -0.01305144 0.10028671 0.01945863
v -0.01228201 0.08741040 0.02113507
v -0.01213819 0.08955711 0.02106580
v -0.01112068 0.10458012 0.01960180
v -0.00961417 0.08955711 0.02237278
v -0.00961417 0.10243342 0.02077946
v -0.00961417 0.10458012 0.02042847
v -0.00780205 0.10458012 0.02122744
v -0.00646094 0.10574819 0.02149068
v -0.00532118 0.10715302 0.02129210
v -0.00317468 0.10755552 0.02138446
v -0.00317468 0.10887354 0.02051622
v -0.00144886 0.11014026 0.01951405
v -0.00085201 0.10907479 0.02019294
v -0.00103178 0.10749238 0.02133828
v 0.00059697 0.10849471 0.01989275
v 0.00136280 0.10919318 0.01851650
v 0.00213223 0.10989165 0.01709868
v 0.00070124 0.11053093 0.01786994
v 0.00041360 0.11245271 0.01555617
v 0.00097090 0.11303279 0.01372270
v 0.00184460 0.11176213 0.01446163
v 0.00251335 0.11032967 0.01566701
v 0.00330436 0.10885775 0.01608727
v 0.00409177 0.10733454 0.01650754
v 0.00266077 0.10845919 0.01773139
v 0.00324683 0.10668737 0.01825787
v 0.00390840 0.10458012 0.01886749
v 0.00426435 0.10334103 0.01925543
v 0.00474614 0.10458012 0.01779605
v 0.00636770 0.09901605 0.01914459
v 0.00666612 0.09984474 0.01771292
v 0.00689983 0.09823865 0.01835948
v 0.00665174 0.09758754 0.01950482
v 0.01324224 0.07885908 0.01592101
v -0.01576603 0.07885908 0.01860425
v -0.01494985 0.07885908 0.01929699
v -0.01106315 0.08955711 0.02165694
v -0.01221729 0.07885908 0.02121359
v -0.01121056 0.08741040 0.02173084
v -0.01434581 0.07885908 0.01977268
v -0.01406896 0.07885908 0.01998974
v -0.01393952 0.07885908 0.02007748
v -0.00961417 0.08741040 0.02248824
v -0.00661555 0.08905990 0.02368900
v -0.00738498 0.08968733 0.02331953
v -0.00822992 0.10243342 0.02136137
v -0.00715847 0.10243342 0.02172622
v -0.00672701 0.10458012 0.02157843
v -0.00317468 0.10458012 0.02229889
v -0.00532118 0.10607967 0.02160614
v -0.00625600 0.09049235 0.02360125
v -0.00532118 0.10243342 0.02222038
v -0.00317468 0.10243342 0.02269606
v -0.00317468 0.10648217 0.02174931
v -0.00103178 0.10458012 0.02238663
v -0.00103178 0.10641903 0.02173545
v 0.00021225 0.10604021 0.02161076
v 0.00202797 0.10747660 0.01915844
v 0.00112191 0.10675840 0.02041924
v 0.00199920 0.10301745 0.02130595
v 0.01172136 0.07885908 0.01830868
v 0.01300135 0.07885908 0.01630895
v 0.00121539 0.10235449 0.02214187
v 0.00224369 0.09290345 0.02365667
v 0.00386885 0.08955711 0.02330568
v 0.00896004 0.07885908 0.02168004
v 0.01017890 0.07885908 0.02043771
v 0.01031912 0.07885908 0.02026222
v -0.01219932 0.07885908 0.02122282
v -0.00763666 0.08741040 0.02330106
v -0.00656162 0.08741040 0.02367514
v -0.00532118 0.08741040 0.02392915
v -0.00317468 0.08741040 0.02426167
v -0.00545421 0.08968733 0.02380445
v -0.00103178 0.10243342 0.02298702
v -0.00103178 0.10028671 0.02329182
v 0.00056461 0.10458012 0.02189248
v 0.00111472 0.10028671 0.02267759
v 0.00013315 0.09767435 0.02366129
v 0.00247021 0.09170382 0.02376289
v 0.00433266 0.08633310 0.02361510
v 0.00451603 0.08490065 0.02373980
v 0.00467423 0.08311698 0.02383216
v 0.00755780 0.07885908 0.02250671
v -0.01114225 0.07885908 0.02163847
v -0.01111708 0.07885908 0.02164771
v -0.00317468 0.07885908 0.02399380
v -0.00957822 0.07885908 0.02217881
v -0.00746768 0.07885908 0.02285770
v -0.00554050 0.07885908 0.02339804
v -0.00446546 0.07885908 0.02367514
v -0.00317468 0.08097028 0.02408617
v -0.00317468 0.08311698 0.02417853
v -0.00317468 0.08526370 0.02425705
v -0.00103178 0.08955711 0.02428014
v -0.00317468 0.08955711 0.02410926
v -0.00103178 0.08311698 0.02446025
v -0.00103178 0.08526370 0.02444178
v -0.00103178 0.08741040 0.02439098
v -0.00017246 0.09767435 0.02366129
v 0.00111472 0.08955711 0.02422472
v 0.00111472 0.09170382 0.02404460
v 0.00279380 0.08955711 0.02387835
v 0.00499063 0.07885908 0.02395224
v 0.00500861 0.07885908 0.02394300
v 0.00606568 0.07885908 0.02337033
v 0.00326121 0.08311698 0.02421548
v -0.00103178 0.07885908 0.02431708
v -0.00103178 0.08097028 0.02440483
v 0.00111472 0.08097028 0.02444640
v 0.00111472 0.08311698 0.02443254
v 0.00111472 0.07885908 0.02440945
v 0.00111472 0.08526370 0.02438636
v 0.00111472 0.08741040 0.02432632
v 0.00328638 0.07885908 0.02435865
v 0.00326121 0.07885908 0.02436327
v -0.02426665 -0.02636426 0.00322537
v -0.02412921 -0.02636426 0.00536840
v -0.02311421 0.00626158 -0.00106569
v -0.02321994 0.00626158 -0.00277812
v -0.02324637 0.00626158 -0.00320873
v -0.02375387 -0.00919537 -0.00535676
v -0.02382259 -0.01133883 -0.00535676
v -0.02382788 -0.01133883 -0.00750480
v -0.02388603 -0.01348937 -0.00750480
v -0.02382788 -0.01563282 -0.00750480
v -0.02411863 -0.02636426 0.00107734
v -0.02402348 -0.02851479 0.00107734
v -0.02416092 -0.02851479 0.00322537
v -0.02358999 -0.02760224 0.00867809
v -0.02358999 -0.02696556 0.00867809
v -0.02337325 -0.02207735 0.00966448
v -0.02355827 -0.02207735 0.00846278
v -0.02401819 -0.02851479 0.00536840
v -0.02305606 0.00626158 -0.00063008
v -0.02318822 0.00626158 -0.00492615
v -0.02375387 -0.00919537 -0.00750480
v -0.02361642 -0.00751881 -0.00871151
v -0.02366400 -0.00919537 -0.00885171
v -0.02369572 -0.01133883 -0.00897188
v -0.02372744 -0.01348937 -0.00905199
v -0.02370101 -0.01563282 -0.00896186
v -0.02396004 -0.02636426 -0.00106569
v -0.02382259 -0.02851479 -0.00106569
v -0.02293447 -0.03923916 -0.00106569
v -0.02323051 -0.03709571 0.00322537
v -0.02310892 -0.03709571 0.00536840
v -0.02301377 -0.03923916 0.00107734
v -0.02325166 -0.02839454 0.00950425
v -0.02336267 -0.02629352 0.00950425
v -0.02287104 -0.03709571 0.00751644
v -0.02224195 -0.03709571 0.00966448
v -0.02255385 -0.02207735 0.01181252
v -0.02249570 -0.01992681 0.01181252
v -0.02023310 0.00626158 0.01431606
v -0.02035998 0.00626158 0.01395555
v -0.02324109 -0.01992681 0.00966448
v -0.02334153 -0.02422081 0.00966448
v -0.02275473 0.00626158 0.00150795
v -0.02281817 0.00626158 0.00107734
v -0.02317236 0.00626158 -0.00535676
v -0.02306663 0.00626158 -0.00750480
v -0.02269130 0.00626158 -0.00965284
v -0.02332567 -0.01133883 -0.01004339
v -0.02197763 0.00626158 -0.01179587
v -0.02335210 -0.01348937 -0.01012351
v -0.02152828 -0.01992681 -0.01519067
v -0.02151242 -0.02207735 -0.01516063
v -0.02362171 -0.01778336 -0.00873154
v -0.02190890 -0.02207735 -0.01394391
v -0.02143841 -0.02573467 -0.01504046
v -0.02141198 -0.02716364 -0.01497036
v -0.02135383 -0.03065118 -0.01467494
v -0.02372744 -0.02645623 -0.00334392
v -0.02364286 -0.02851479 -0.00260788
v -0.02267544 -0.03923916 -0.00320873
v -0.02270187 -0.04138969 -0.00106569
v -0.02297148 -0.03923916 0.00322537
v -0.02281817 -0.03923916 0.00536840
v -0.02262786 -0.03923916 0.00751644
v -0.02272830 -0.04138969 0.00107734
v -0.02240054 -0.02636426 0.01181252
v -0.02222609 -0.02851479 0.01181252
v -0.02249041 -0.02422081 0.01181252
v -0.02190362 -0.03929575 0.00982971
v -0.02149128 -0.03862372 0.01086117
v -0.02166573 -0.02207735 0.01328460
v -0.02104193 -0.01992681 0.01440118
v -0.02168687 -0.01992681 0.01332966
v -0.01970975 0.00626158 0.01575309
v -0.02070888 0.00626158 0.01224313
v -0.02210450 0.00626158 0.00536840
v -0.02249570 0.00626158 0.00322537
v -0.02272301 -0.01348937 -0.01179587
v -0.02150185 0.00626158 -0.01309270
v -0.02117938 0.00626158 -0.01394891
v -0.02151771 -0.01778336 -0.01517064
v -0.02074589 -0.02207735 -0.01623715
v -0.01794408 0.00626158 -0.02038302
v -0.01734142 0.00626158 -0.02126927
v -0.01717755 0.00626158 -0.02150460
v -0.02071417 -0.02422081 -0.01616705
v -0.02050271 -0.03065118 -0.01609195
v -0.02357413 -0.01897888 -0.00860636
v -0.02005337 -0.03295734 -0.01628722
v -0.02123753 -0.03285831 -0.01398897
v -0.02148070 -0.04491968 -0.00662856
v -0.02149128 -0.03217919 -0.01330300
v -0.02356884 -0.02318799 -0.00645331
v -0.02362171 -0.02579833 -0.00462072
v -0.02185075 -0.04353316 -0.00535676
v -0.02244283 -0.04138969 -0.00320873
v -0.02351069 -0.02461696 -0.00605275
v -0.02336267 -0.02402980 -0.00730452
v -0.02221023 -0.04353316 -0.00320873
v -0.02239526 -0.04353316 -0.00106569
v -0.02258028 -0.04138969 0.00322537
v -0.02212036 -0.04138969 0.00751644
v -0.02170802 -0.04138969 0.00918881
v -0.02065073 -0.04997060 0.00322537
v -0.02197234 -0.04568369 -0.00106569
v -0.02230010 -0.04353316 0.00107734
v -0.02149656 -0.02851479 0.01299920
v -0.02157057 -0.02636426 0.01311937
v -0.02095206 -0.02422081 0.01429102
v -0.02162872 -0.02422081 0.01321450
v -0.02189833 -0.03054507 0.01195772
v -0.02135912 -0.03118881 0.01277388
v -0.02144370 -0.02976692 0.01291408
v -0.02101021 -0.02207735 0.01435612
v -0.02138026 -0.04005269 0.01066089
v -0.02098378 -0.03709571 0.01210293
v -0.02093620 -0.03929575 0.01167232
v -0.01996878 -0.01992681 0.01583821
v -0.01998993 -0.01778336 0.01587326
v -0.01910181 -0.00275792 0.01699985
v -0.02106307 -0.01778336 0.01433609
v -0.01981019 -0.00275792 0.01592834
v -0.01909123 -0.00060739 0.01697482
v -0.01894850 0.00626158 0.01682961
v -0.02145956 -0.01411189 -0.01508051
v -0.02149128 -0.01563282 -0.01513559
v -0.02109479 0.00626158 -0.01416422
v -0.01896436 0.00626158 -0.01870564
v -0.01967274 -0.02207735 -0.01768420
v -0.01884806 -0.02422081 -0.01873569
v -0.01964102 -0.02422081 -0.01766417
v -0.01628942 0.00626158 -0.02216053
v -0.01311228 -0.02636426 -0.02381287
v -0.01418542 -0.02636426 -0.02300172
v -0.01560219 -0.02636426 -0.02193020
v -0.01667533 -0.02636426 -0.02107900
v -0.01774319 -0.02636426 -0.02000749
v -0.01871590 -0.03065118 -0.01854041
v -0.01940842 -0.03234897 -0.01734872
v -0.01881634 -0.02636426 -0.01867560
v -0.01876876 -0.02851479 -0.01860550
v -0.01870532 -0.03295734 -0.01813484
v -0.01924983 -0.03377794 -0.01713342
v -0.01981019 -0.03494517 -0.01574646
v -0.01986834 -0.04571905 -0.00976800
v -0.02050800 -0.04353316 -0.00965284
v -0.02102607 -0.04565539 -0.00740967
v -0.01940313 -0.05568649 -0.00453560
v -0.02134326 -0.04635573 -0.00591255
v -0.02157586 -0.04565539 -0.00526163
v -0.02187719 -0.04568369 -0.00320873
v -0.02086748 -0.04997060 0.00107734
v -0.02149128 -0.04265596 0.00875319
v -0.02031769 -0.04997060 0.00536840
v -0.02120581 -0.04138969 0.01026032
v -0.02086748 -0.04343412 0.00954431
v -0.01993706 -0.05426459 -0.00106569
v -0.01946657 -0.05591286 -0.00106569
v -0.02002693 -0.05212113 0.00322537
v -0.02006394 -0.05426459 -0.00320873
v -0.02101550 -0.04997060 -0.00106569
v -0.02080404 -0.02851479 0.01407071
v -0.02088334 -0.02636426 0.01419589
v -0.01987891 -0.02422081 0.01571804
v -0.01993706 -0.02207735 0.01579315
v -0.01981019 -0.02636426 0.01563292
v -0.02044985 -0.03280171 0.01395555
v -0.01981019 -0.03706033 0.01411578
v -0.02081990 -0.03054507 0.01376027
v -0.01977318 -0.03923916 0.01368517
v -0.02040227 -0.04138969 0.01181252
v -0.01954587 -0.04138969 0.01330463
v -0.01894321 -0.01992681 0.01691473
v -0.01898551 -0.01778336 0.01694478
v -0.01900665 -0.01563282 0.01695980
v -0.01802866 -0.00275792 0.01783103
v -0.01801809 -0.00060739 0.01785607
v -0.01797051 0.00153607 0.01786107
v -0.01787535 0.00626158 0.01779098
v -0.02025954 0.00626158 -0.01609195
v -0.01950886 0.00626158 -0.01763413
v -0.01491495 0.00626158 -0.02316194
v -0.01175895 -0.02851479 -0.02436865
v -0.01175895 -0.03065118 -0.02431858
v -0.01306470 -0.02851479 -0.02377782
v -0.01314400 -0.02422081 -0.02383289
v -0.01175895 0.00368660 -0.02490441
v -0.01554932 -0.02851479 -0.02189015
v -0.01662247 -0.02851479 -0.02102893
v -0.01769562 -0.02851479 -0.01995741
v -0.01763747 -0.03065118 -0.01989733
v -0.01750530 -0.03280171 -0.01974211
v -0.01730442 -0.03445706 -0.01951679
v -0.01707710 -0.03588603 -0.01924641
v -0.01710882 -0.04025784 -0.01713843
v -0.01918639 -0.04646891 -0.01056413
v -0.01940842 -0.04503286 -0.01095969
v -0.01707182 -0.05304077 -0.01063923
v -0.01957759 -0.04782715 -0.00911208
v -0.01976790 -0.04992816 -0.00757490
v -0.02040756 -0.04782715 -0.00750480
v -0.01947186 -0.05212113 -0.00678879
v -0.01724098 -0.05568649 -0.00880164
v -0.01699781 -0.05712254 -0.00831595
v -0.01874233 -0.05640805 -0.00529668
v -0.01773791 -0.05860810 -0.00541184
v -0.01735728 -0.06012197 -0.00473589
v -0.01701895 -0.06155094 -0.00391973
v -0.01854673 -0.05855858 -0.00320873
v -0.01914939 -0.05716498 -0.00320873
v -0.01953530 -0.05609679 -0.00320873
v -0.02144898 -0.04688629 -0.00448052
v -0.02049743 -0.05212113 -0.00106569
v -0.01943485 -0.05139958 0.00670530
v -0.01936613 -0.05340155 0.00456727
v -0.01963574 -0.05211406 0.00531833
v -0.01973618 -0.04348363 0.01187260
v -0.01949829 -0.04516728 0.01119665
v -0.01911238 -0.05698105 -0.00106569
v -0.01954587 -0.03280171 0.01534251
v -0.01973089 -0.02851479 0.01553779
v -0.01889035 -0.02207735 0.01686466
v -0.01881105 -0.02422081 0.01678956
v -0.01931855 -0.03631755 0.01508214
v -0.01941371 -0.03494517 0.01520231
v -0.01905423 -0.03923916 0.01475668
v -0.01920225 -0.03775360 0.01493694
v -0.01913353 -0.04416275 0.01262867
v -0.01935027 -0.04273378 0.01299920
v -0.01873176 -0.04138969 0.01437614
v -0.01523742 -0.03280171 0.01953844
v -0.01554932 0.00153607 0.01973873
v -0.01662247 0.00153607 0.01893259
v -0.01660661 0.00368660 0.01890255
v -0.01656432 0.00626158 0.01886249
v -0.01356162 0.00626158 -0.02412330
v -0.00961266 -0.03065118 -0.02487437
v -0.00961266 -0.03280171 -0.02470413
v -0.01190168 -0.03281586 -0.02404820
v -0.01293254 -0.03210137 -0.02368268
v -0.01301183 -0.03065118 -0.02373776
v -0.01213429 0.00626158 -0.02477423
v -0.01175895 0.00626158 -0.02494447
v -0.01548060 -0.03065118 -0.02184008
v -0.01655375 -0.03065118 -0.02096884
v -0.01638458 -0.03280171 -0.02081863
v -0.01609383 -0.03502299 -0.02041807
v -0.01578721 -0.03709571 -0.02000749
v -0.01511055 -0.03416702 -0.02155467
v -0.01531672 -0.03923916 -0.01959690
v -0.01686565 -0.03709571 -0.01896101
v -0.01652731 -0.03942309 -0.01820994
v -0.01502597 -0.05756821 -0.01075940
v -0.01682864 -0.05426459 -0.01029375
v -0.01913353 -0.05061435 -0.00833598
v -0.01644273 -0.05640805 -0.00957273
v -0.01549646 -0.05839588 -0.00963281
v -0.01521099 -0.06010074 -0.00890678
v -0.01485151 -0.06152971 -0.00833097
v -0.01668062 -0.05860810 -0.00755988
v -0.01734671 -0.05792899 -0.00688392
v -0.01669648 -0.06078693 -0.00541184
v -0.01561276 -0.06289502 -0.00536177
v -0.01518456 -0.06417543 -0.00465077
v -0.01659604 -0.06276768 -0.00320372
v -0.01721984 -0.06198953 -0.00248771
v -0.01755817 -0.06078693 -0.00320372
v -0.01721984 -0.06198953 -0.00175667
v -0.01909652 -0.05282855 0.00599930
v -0.01522685 -0.06232202 0.00472249
v -0.01451318 -0.06296577 0.00540846
v -0.01334488 -0.06278184 0.00750142
v -0.01743129 -0.04730366 0.01326958
v -0.01890621 -0.04580394 0.01187260
v -0.01849387 -0.05855858 -0.00106569
v -0.01704538 -0.06158631 -0.00032965
v -0.01687622 -0.06116894 0.00107734
v -0.01660132 -0.06055348 0.00310520
v -0.01547531 -0.06296577 0.00326042
v -0.01489380 -0.06375099 0.00400147
v -0.01846215 -0.03280171 0.01641403
v -0.01836699 -0.03494517 0.01627383
v -0.01622599 -0.03494517 0.01841686
v -0.01515284 -0.03494517 0.01946835
v -0.01798108 -0.03923916 0.01585824
v -0.01765861 -0.04138969 0.01554780
v -0.01778548 -0.04568369 0.01367015
v -0.01688679 -0.04568369 0.01474166
v -0.01479865 -0.04621425 0.01698984
v -0.01390524 -0.03280171 0.02032456
v -0.01390524 0.00153607 0.02073514
v -0.01390524 0.00368660 0.02075517
v -0.01553346 0.00368660 0.01974874
v -0.01549117 0.00626158 0.01971870
v -0.01634758 0.00626158 0.01903774
v -0.00746636 -0.03065118 -0.02510469
v -0.00532007 -0.03280171 -0.02518981
v -0.00961266 0.00153607 -0.02523488
v -0.00961266 -0.03494517 -0.02432359
v -0.01092369 -0.03655100 -0.02372775
v -0.01130960 -0.03494517 -0.02390800
v -0.00532007 -0.03494517 -0.02491443
v -0.00532007 -0.03709571 -0.02463403
v -0.00756681 -0.03932405 -0.02389298
v -0.01271579 -0.03353742 -0.02353247
v -0.01375194 -0.03281586 -0.02290658
v -0.01531143 -0.03280171 -0.02170989
v -0.01004614 0.00626158 -0.02518481
v -0.00961266 0.00368660 -0.02524990
v -0.01447089 -0.03709571 -0.02108401
v -0.01401097 -0.03490980 -0.02214050
v -0.01382595 -0.03925331 -0.02073852
v -0.01501539 -0.04036395 -0.01934154
v -0.01305413 -0.03854590 -0.02161976
v -0.01069109 -0.06178438 -0.01287239
v -0.01281095 -0.06172779 -0.01069932
v -0.01460834 -0.05899718 -0.01033881
v -0.01401626 -0.06091427 -0.00980305
v -0.01337131 -0.06285258 -0.00921722
v -0.01522156 -0.06220175 -0.00690395
v -0.01561276 -0.06077279 -0.00756989
v -0.01295897 -0.06408347 -0.00874155
v -0.01443389 -0.06289502 -0.00756989
v -0.01478808 -0.06363073 -0.00608279
v -0.01547003 -0.06450084 -0.00320873
v -0.01331845 -0.06452914 -0.00750480
v -0.01218186 -0.06599348 -0.00750981
v -0.01327616 -0.06599348 -0.00549696
v -0.01345061 -0.06599348 -0.00509640
v -0.01392110 -0.06599348 -0.00398983
v -0.01552289 -0.06456451 -0.00106569
v -0.01665419 -0.06276768 -0.00105067
v -0.01609383 -0.06285258 0.00107734
v -0.01303298 -0.06425325 0.00677539
v -0.01255720 -0.06344680 0.00820742
v -0.01294311 -0.06201783 0.00872816
v -0.01532729 -0.04782715 0.01544766
v -0.01509469 -0.06408347 0.00256945
v -0.01437045 -0.06488285 0.00326042
v -0.01364621 -0.06599348 0.00323539
v -0.01309113 -0.06599348 0.00475754
v -0.01342418 -0.06498188 0.00532835
v -0.01502068 -0.03623266 0.01935819
v -0.01390524 -0.03494517 0.02018436
v -0.01580307 -0.03923916 0.01798124
v -0.01502597 -0.04478527 0.01723018
v -0.01551232 -0.04138969 0.01771086
v -0.01433873 -0.04782715 0.01651918
v -0.01326558 -0.04782715 0.01748554
v -0.01401097 -0.04557050 0.01776594
v -0.01225059 -0.03280171 0.02118577
v -0.01265764 0.00153607 0.02139107
v -0.01267879 0.00368660 0.02140108
v -0.01267879 0.00583006 0.02139607
v -0.01390524 0.00583006 0.02072512
v -0.01390524 0.00626158 0.02071511
v -0.00532007 -0.03065118 -0.02528995
v -0.00317378 -0.03280171 -0.02534503
v -0.00317378 -0.03494517 -0.02507966
v -0.01046377 -0.03797997 -0.02355250
v -0.01238275 -0.03494517 -0.02331216
v -0.01168494 -0.03719474 -0.02304678
v -0.00317378 -0.03709571 -0.02478424
v -0.00532007 -0.03923916 -0.02424848
v -0.00691657 -0.04073180 -0.02372274
v -0.00834920 -0.04009513 -0.02356251
v -0.01339774 -0.03709571 -0.02187513
v -0.00961266 0.00626158 -0.02523988
v -0.00102749 -0.00060739 -0.02561041
v -0.00102749 -0.00275792 -0.02561541
v -0.00102749 -0.03065118 -0.02552529
v -0.00317378 -0.03065118 -0.02541513
v -0.01262593 -0.03997487 -0.02130432
v -0.01184882 -0.03925331 -0.02217555
v -0.00654124 -0.06192587 -0.01509554
v -0.00941706 -0.06264035 -0.01312775
v -0.00857123 -0.06394906 -0.01288741
v -0.00999857 -0.06322043 -0.01237169
v -0.01091312 -0.06421081 -0.01093966
v -0.01124088 -0.06264035 -0.01171075
v -0.01119859 -0.04102892 -0.02182506
v -0.00920560 -0.04353316 -0.02191518
v -0.01244619 -0.06285258 -0.01029375
v -0.01116687 -0.06599348 -0.00911208
v -0.01179595 -0.06599348 -0.00812568
v -0.01422243 -0.06599348 -0.00320873
v -0.01434402 -0.06599348 -0.00106569
v -0.01404797 -0.06599348 0.00107734
v -0.01526914 -0.06429569 0.00107734
v -0.01259421 -0.06568223 0.00601432
v -0.01152635 -0.06599348 0.00736623
v -0.01064351 -0.06599348 0.00852787
v -0.01088140 -0.06203905 0.01094129
v -0.01279509 -0.06599348 0.00529831
v -0.01248319 -0.06599348 0.00585910
v -0.01482508 -0.03766164 0.01922300
v -0.01402683 -0.03700374 0.01977378
v -0.01209728 -0.03494517 0.02111067
v -0.01455019 -0.03923916 0.01905777
v -0.01314400 -0.05154813 0.01534752
v -0.01287439 -0.04895900 0.01720515
v -0.01174309 -0.04581102 0.01900269
v -0.00628749 -0.05306199 0.01927808
v -0.01251491 -0.04353316 0.01919296
v -0.01387352 -0.04155947 0.01888252
v -0.01102414 -0.03494517 0.02163641
v -0.01117744 -0.03280171 0.02170651
v -0.00961266 -0.02207735 0.02260278
v -0.00961266 -0.00704484 0.02275299
v -0.01160564 0.00583006 0.02190179
v -0.01245676 0.00626158 0.02150122
v -0.00961266 -0.00490138 0.02276801
v -0.00961266 -0.00275792 0.02277803
v -0.01267350 0.00626158 0.02139107
v -0.01365149 0.00626158 0.02085531
v -0.00102749 -0.03280171 -0.02544517
v -0.00102749 -0.03494517 -0.02516478
v -0.00756681 -0.04142507 -0.02338726
v -0.00746636 -0.04353316 -0.02267125
v -0.00102749 -0.03709571 -0.02486936
v -0.00317378 -0.03923916 -0.02434862
v -0.00532007 -0.04097940 -0.02379784
v -0.00532007 -0.04205466 -0.02348240
v -0.00532007 -0.04353316 -0.02297168
v 0.00111881 0.00626158 -0.02555533
v 0.00111881 0.00153607 -0.02565547
v 0.00111881 -0.00060739 -0.02569052
v 0.00111881 -0.00275792 -0.02568552
v 0.00111881 -0.03065118 -0.02556534
v 0.00111881 -0.03280171 -0.02549024
v -0.00532007 -0.06239984 -0.01535090
v -0.00532007 -0.06347510 -0.01475506
v -0.00515091 -0.06599348 -0.01339313
v -0.00746636 -0.06442303 -0.01317783
v -0.00871396 -0.04484186 -0.02158972
v -0.00629806 -0.06599348 -0.01282733
v -0.00692186 -0.06599348 -0.01247683
v -0.00747165 -0.06599348 -0.01212634
v -0.00841792 -0.06599348 -0.01152048
v -0.00897828 -0.06599348 -0.01110489
v -0.01012544 -0.06599348 -0.01019861
v -0.01067523 -0.06599348 -0.00962780
v -0.01062237 -0.06599348 0.00854790
v -0.00867167 -0.06190464 0.01297917
v -0.01014659 -0.06070912 0.01240836
v -0.01347704 -0.03923916 0.01964860
v -0.01079153 -0.03625388 0.02152125
v -0.01280038 -0.04238715 0.01930812
v -0.01313342 -0.04095817 0.01946334
v -0.00889370 -0.05360670 0.01743047
v -0.00677384 -0.05163302 0.01951341
v -0.01061179 -0.04661747 0.01928809
v -0.01101356 -0.04518850 0.01946334
v -0.00547338 -0.05434949 0.01898266
v -0.00485486 -0.05369159 0.01957850
v -0.00304690 -0.05202918 0.02096046
v -0.00547338 -0.05225555 0.01987893
v -0.00752980 -0.05429996 0.01791114
v -0.00685842 -0.05591994 0.01748054
v -0.00621877 -0.05735599 0.01710000
v -0.00865053 -0.04052665 0.02151624
v -0.01044263 -0.03768286 0.02136603
v -0.00961266 -0.03494517 0.02225729
v -0.00961266 -0.03280171 0.02243755
v -0.00797915 -0.00704484 0.02344397
v -0.01120387 0.00626158 0.02208204
v -0.01160036 0.00626158 0.02190179
v -0.00961266 -0.00060739 0.02278304
v -0.00800029 -0.00490138 0.02344897
v 0.00111881 -0.03494517 -0.02519983
v -0.00102749 -0.05212113 -0.02034796
v -0.00057814 -0.06004415 -0.01731367
v -0.00118608 -0.06073741 -0.01694315
v -0.00317378 -0.06070912 -0.01660768
v 0.00111881 -0.03709571 -0.02487937
v -0.00102749 -0.03923916 -0.02440370
v -0.00317378 -0.04102892 -0.02383289
v -0.00026624 -0.04912171 -0.02151962
v 0.00282632 0.00626158 -0.02546020
v 0.00325981 0.00153607 -0.02556034
v 0.00325981 -0.00060739 -0.02559038
v 0.00325981 -0.00275792 -0.02558537
v 0.00325981 -0.03065118 -0.02547021
v 0.00325981 -0.03280171 -0.02542014
v -0.00329537 -0.06304357 -0.01557622
v -0.00409362 -0.06388540 -0.01499539
v -0.00329008 -0.06599348 -0.01399398
v -0.00946464 -0.06599348 0.00943916
v -0.00742407 -0.06599348 0.01098635
v -0.00700644 -0.06599348 0.01129178
v -0.00630335 -0.06599348 0.01180250
v -0.00566898 -0.06599348 0.01226316
v -0.00454297 -0.06599348 0.01302423
v -0.00674212 -0.06001586 0.01525739
v -0.00968138 -0.03701789 0.02182668
v -0.00532007 -0.04997060 0.02061998
v -0.00604960 -0.04613643 0.02133098
v -0.00978182 -0.04581102 0.01983386
v -0.00533064 -0.04795448 0.02116074
v -0.00728663 -0.04552098 0.02095545
v -0.00783641 -0.04353316 0.02118077
v -0.00394560 -0.05512056 0.01921299
v -0.00321078 -0.05434949 0.01990396
v -0.00224337 -0.05125102 0.02152626
v -0.00478614 -0.05786532 0.01738540
v -0.00644608 -0.04470038 0.02149121
v -0.00533064 -0.04552098 0.02175658
v -0.00897828 -0.03923916 0.02165144
v -0.00746636 -0.03494517 0.02302337
v -0.00746636 -0.03280171 0.02322366
v -0.00754566 -0.02207735 0.02336886
v -0.00690072 -0.00704484 0.02376442
v -0.00692715 -0.00490138 0.02377444
v -0.00961266 0.00626158 0.02278304
v -0.00797386 -0.00275792 0.02344897
v 0.00325981 -0.03494517 -0.02510970
v 0.00062188 -0.06004415 -0.01731367
v -0.00102749 -0.06285258 -0.01604688
v 0.00111881 -0.05212113 -0.02036800
v 0.00325981 -0.03709571 -0.02474919
v 0.00111881 -0.03923916 -0.02436365
v 0.00068532 -0.04912171 -0.02151962
v 0.00325981 0.00626158 -0.02543516
v 0.00540611 0.00153607 -0.02534503
v 0.00540611 -0.00060739 -0.02538509
v 0.00540611 -0.03065118 -0.02532501
v 0.00540611 -0.03280171 -0.02527494
v -0.00102749 -0.06599348 -0.01428439
v -0.00415177 -0.06599348 0.01316443
v -0.00251826 -0.05561575 0.01947836
v -0.00321078 -0.05636560 0.01880741
v -0.00374471 -0.04997060 0.02126589
v -0.00461698 -0.04731781 0.02162139
v -0.00414648 -0.04874678 0.02143112
v -0.00102749 -0.05252436 0.02122583
v -0.00102749 -0.05145617 0.02161638
v -0.00102749 -0.04997060 0.02203698
v -0.00102749 -0.04782715 0.02257274
v -0.00317378 -0.04568369 0.02248762
v -0.00332709 -0.04795448 0.02195686
v -0.00267157 -0.04997060 0.02169149
v -0.00481257 -0.03494517 0.02377944
v -0.00623463 -0.03280171 0.02357415
v -0.00532007 -0.00704484 0.02422007
v -0.00532007 -0.00490138 0.02425011
v -0.00924261 0.00626158 0.02291322
v -0.00532007 -0.00275792 0.02423008
v -0.00773069 0.00626158 0.02342394
v 0.00540611 -0.03494517 -0.02492944
v 0.00125097 -0.06073741 -0.01687305
v 0.00057430 -0.06426033 -0.01522071
v 0.00271531 -0.05355011 -0.01945671
v 0.00128797 -0.04989279 -0.02118916
v 0.00211794 -0.04886704 -0.02144952
v 0.00540611 -0.03709571 -0.02452387
v 0.00325981 -0.03923916 -0.02418339
v 0.00497262 0.00626158 -0.02523988
v 0.00755240 0.00153607 -0.02506964
v 0.00755240 -0.00060739 -0.02511971
v 0.00540611 0.00626158 -0.02518481
v 0.00755240 -0.03065118 -0.02507966
v 0.00755240 -0.03280171 -0.02499454
v 0.00117167 -0.06599348 -0.01401401
v -0.00317378 -0.06599348 0.01341479
v -0.00230680 -0.05975411 0.01725522
v -0.00102749 -0.05693861 0.01903273
v -0.00102749 -0.05586334 0.01959352
v -0.00102749 -0.05426459 0.02042470
v 0.00111881 -0.05248192 0.02114572
v 0.00111881 -0.05141372 0.02162640
v 0.00111881 -0.04997060 0.02214714
v 0.00111881 -0.04782715 0.02277803
v -0.00102749 -0.04568369 0.02293325
v -0.00317378 -0.03494517 0.02420505
v -0.00317378 -0.03280171 0.02439531
v -0.00516148 -0.03280171 0.02387458
v -0.00317378 -0.00490138 0.02483093
v -0.00317378 -0.00275792 0.02482592
v -0.00665754 0.00626158 0.02367930
v 0.00755240 -0.03494517 -0.02459898
v 0.00325981 -0.06070912 -0.01615704
v 0.00325981 -0.06232909 -0.01536091
v 0.00122453 -0.06300113 -0.01573144
v 0.00540611 -0.05154813 -0.01952180
v 0.00660084 -0.05113076 -0.01935156
v 0.00897974 -0.04917122 -0.01942666
v 0.00969869 -0.04992108 -0.01885085
v 0.00422723 -0.06599348 -0.01310773
v 0.00251443 -0.06599348 -0.01362846
v 0.00540611 -0.04997060 -0.02017272
v 0.00325981 -0.04997060 -0.02073852
v 0.00540082 -0.04774933 -0.02106398
v 0.00325981 -0.04851334 -0.02130932
v 0.00534267 -0.03936650 -0.02390299
v 0.00601404 -0.04016587 -0.02355250
v 0.00755240 -0.03865908 -0.02377281
v 0.00468186 -0.04697825 -0.02153965
v 0.00755240 -0.03709571 -0.02416837
v 0.00711891 0.00626158 -0.02495448
v 0.00755240 0.00626158 -0.02489439
v 0.00927049 0.00626158 -0.02454390
v 0.00969869 0.00368660 -0.02454390
v 0.00969869 0.00153607 -0.02458396
v 0.00969869 -0.00275792 -0.02464404
v 0.00969869 -0.03065118 -0.02447380
v 0.00969869 -0.00490138 -0.02463904
v 0.01184498 -0.00490138 -0.02406322
v 0.00969869 -0.03280171 -0.02436865
v -0.00096405 -0.06599348 0.01380033
v -0.00102749 -0.05992389 0.01735536
v -0.00102749 -0.05855858 0.01813646
v 0.00111881 -0.05692446 0.01903273
v 0.00111881 -0.05426459 0.02032456
v 0.00111881 -0.05585627 0.01957350
v 0.00271002 -0.05119443 0.02153627
v 0.00335497 -0.05015453 0.02191681
v 0.00325981 -0.04782715 0.02284813
v 0.00325981 -0.04568369 0.02328875
v 0.00111881 -0.04568369 0.02313353
v -0.00102749 -0.03494517 0.02444038
v -0.00102749 -0.03280171 0.02465568
v -0.00102749 -0.03065118 0.02471577
v -0.00102749 -0.00490138 0.02515138
v -0.00102749 -0.00275792 0.02517141
v -0.00102749 -0.00060739 0.02507628
v -0.00317378 0.00626158 0.02439031
v -0.00532007 0.00626158 0.02397973
v -0.00637736 0.00626158 0.02374439
v 0.00902731 -0.03709571 -0.02376780
v 0.00870484 -0.03825586 -0.02363762
v 0.00450741 -0.06191171 -0.01509053
v 0.01200358 -0.05014038 -0.01788949
v 0.00460257 -0.06599348 -0.01297253
v 0.00740966 -0.04992108 -0.01961192
v 0.00755240 -0.04782715 -0.02042307
v 0.00969869 -0.04785544 -0.01971707
v 0.01041236 -0.04859115 -0.01919133
v 0.00610920 -0.04651136 -0.02136440
v 0.00708190 -0.04508239 -0.02163479
v 0.00969869 0.00626158 -0.02445377
v 0.01297628 0.00540561 -0.02362760
v 0.01205644 0.00600691 -0.02385292
v 0.01293927 0.00626158 -0.02361258
v 0.01244235 -0.03065118 -0.02342732
v 0.01312959 -0.00490138 -0.02368268
v 0.01120532 -0.03280171 -0.02377281
v 0.01088285 -0.03408920 -0.02364763
v 0.00976213 -0.03486028 -0.02393804
v 0.00111881 -0.06599348 0.01388044
v 0.00325981 -0.05664857 0.01885247
v 0.00325981 -0.05558038 0.01943830
v 0.00316994 -0.06599348 0.01359003
v 0.00325981 -0.05426459 0.02004917
v 0.00413736 -0.05098927 0.02144614
v 0.00540611 -0.04782715 0.02255271
v 0.00540611 -0.04568369 0.02315857
v 0.00111881 -0.03065118 0.02480589
v 0.00325981 -0.02851479 0.02493107
v 0.00111881 -0.02851479 0.02486598
v 0.00325981 -0.00275792 0.02546182
v 0.00111881 -0.00275792 0.02532663
v 0.00111881 -0.00060739 0.02523150
v -0.00102749 0.00626158 0.02451549
v 0.01010046 -0.03709571 -0.02331216
v 0.01051809 -0.03551818 -0.02349742
v 0.01184498 -0.03709571 -0.02255108
v 0.01360537 -0.03709571 -0.02176998
v 0.01317716 -0.03853175 -0.02157470
v 0.01399656 -0.04138969 -0.02032293
v 0.01399127 -0.04343412 -0.01968703
v 0.01327761 -0.04505409 -0.01947673
v 0.01264323 -0.04649014 -0.01921136
v 0.01189785 -0.04573321 -0.01976214
v 0.00851453 -0.04450231 -0.02141948
v 0.00526866 -0.06599348 -0.01270716
v 0.01189785 -0.04785544 -0.01895099
v 0.01399656 -0.04937638 -0.01741882
v 0.01282297 -0.05096805 -0.01711339
v 0.00770042 -0.04574735 -0.02118916
v 0.00969869 -0.04568369 -0.02055826
v 0.01121061 -0.04716217 -0.01946672
v 0.01174983 0.00626158 -0.02392302
v 0.01353136 0.00626158 -0.02336724
v 0.01381154 0.00600691 -0.02325708
v 0.01420273 -0.00490138 -0.02323205
v 0.01399656 -0.03065118 -0.02279643
v 0.01227847 -0.03280171 -0.02334220
v 0.01413930 -0.00704484 -0.02322203
v 0.00442811 -0.05539646 0.01935318
v 0.00634709 -0.06599348 0.01285900
v 0.00969869 -0.04733195 0.02173655
v 0.00755240 -0.04568369 0.02272796
v 0.00755240 -0.04353316 0.02304340
v 0.00540611 -0.04353316 0.02334383
v 0.00540611 -0.02851479 0.02460061
v 0.00540611 -0.00275792 0.02511633
v 0.00540611 -0.00060739 0.02495611
v 0.00325981 -0.00060739 0.02529158
v 0.00111881 0.00626158 0.02442536
v 0.01169696 -0.03486028 -0.02314192
v 0.01417101 -0.03508665 -0.02200030
v 0.01467851 -0.03709571 -0.02127928
v 0.01500627 -0.03590018 -0.02142950
v 0.01393312 -0.03924624 -0.02100389
v 0.01518601 -0.04264889 -0.01937659
v 0.01471023 -0.04408493 -0.01913124
v 0.01399656 -0.04782715 -0.01807475
v 0.01506971 -0.04890241 -0.01716346
v 0.00569157 -0.06599348 -0.01248184
v 0.01610056 -0.04994938 -0.01607192
v 0.01713670 -0.05099635 -0.01497036
v 0.01383797 0.00626158 -0.02323705
v 0.01607413 0.00583006 -0.02210045
v 0.01634903 -0.00478820 -0.02203535
v 0.01631731 -0.00700240 -0.02203034
v 0.01579924 -0.03065118 -0.02190016
v 0.01565122 -0.03280171 -0.02178500
v 0.01399656 -0.03280171 -0.02259615
v 0.00636295 -0.06599348 0.01285399
v 0.00756297 -0.05650002 0.01772588
v 0.00586074 -0.05492956 0.01912786
v 0.01094629 -0.04694288 0.02155630
v 0.00969869 -0.04568369 0.02219220
v 0.00969869 -0.04353316 0.02257274
v 0.00969869 -0.04138969 0.02287817
v 0.00877885 -0.02795594 0.02365927
v 0.01184498 -0.03923916 0.02238247
v 0.01184498 -0.02851479 0.02257774
v 0.01184498 -0.01778336 0.02264784
v 0.00755240 -0.00275792 0.02430519
v 0.00755240 -0.00060739 0.02422007
v 0.00957710 -0.02860676 0.02338388
v 0.00969869 0.00626158 0.02261279
v 0.00740966 0.00626158 0.02333381
v 0.00548540 0.00626158 0.02384454
v 0.00325981 0.00626158 0.02426012
v 0.01533932 -0.03447121 -0.02159974
v 0.01614286 -0.03709571 -0.02056828
v 0.01751204 -0.03861664 -0.01946171
v 0.01625387 -0.03929575 -0.01987229
v 0.01791381 -0.03709571 -0.01967201
v 0.01825214 -0.03929575 -0.01885585
v 0.01939401 -0.04254277 -0.01719351
v 0.01825743 -0.04337045 -0.01751396
v 0.01751733 -0.04503994 -0.01732369
v 0.01652348 -0.04782715 -0.01683800
v 0.01775522 -0.04956031 -0.01540097
v 0.00747310 -0.06599348 -0.01152549
v 0.01918784 -0.04852748 -0.01485019
v 0.01853232 -0.05028186 -0.01419426
v 0.01158066 -0.06599348 -0.00847618
v 0.01110488 -0.06599348 -0.00891179
v 0.01060267 -0.06599348 -0.00934240
v 0.00989957 -0.06599348 -0.00992823
v 0.00933921 -0.06599348 -0.01033881
v 0.01565122 0.00626158 -0.02230073
v 0.01605827 0.00626158 -0.02209043
v 0.01828915 0.00626158 -0.02070847
v 0.01725829 -0.00542487 -0.02148457
v 0.01725829 -0.00625961 -0.02148457
v 0.01828915 -0.03065118 -0.02042808
v 0.01828915 -0.03280171 -0.02029789
v 0.01672436 -0.03280171 -0.02118916
v 0.01927771 -0.03573040 -0.01926143
v 0.00766341 -0.06599348 0.01234327
v 0.00828721 -0.05727817 0.01705994
v 0.00762112 -0.05423630 0.01889253
v 0.01510143 -0.04678725 0.01934317
v 0.01693053 -0.04405664 0.01917793
v 0.01726358 -0.04262059 0.01936320
v 0.01614286 -0.04138969 0.02020939
v 0.01121590 -0.04568369 0.02169149
v 0.01306086 -0.05328129 0.01723519
v 0.01449349 -0.05263755 0.01690472
v 0.01518072 -0.05120857 0.01724520
v 0.01204058 -0.04155947 0.02204198
v 0.01330404 -0.04095817 0.02163140
v 0.01353664 -0.03923916 0.02172654
v 0.01378510 -0.01778336 0.02184170
v 0.01465737 -0.03709571 0.02131596
v 0.01006874 -0.00275792 0.02332881
v 0.00899559 -0.00275792 0.02375441
v 0.00887929 -0.00060739 0.02371435
v 0.00869427 0.00068010 0.02364425
v 0.01149079 0.00626158 0.02184170
v 0.00995244 -0.00060739 0.02328374
v 0.01898696 -0.03709571 -0.01911122
v 0.01961076 -0.04138969 -0.01738377
v 0.02107510 -0.03923916 -0.01665775
v 0.02361787 -0.04233055 -0.01281231
v 0.02231741 -0.04353316 -0.01370858
v 0.01978521 -0.04568369 -0.01545605
v 0.01949445 -0.04709144 -0.01516063
v 0.01840016 -0.04781299 -0.01570139
v 0.01894995 -0.04397882 -0.01689308
v 0.02127598 -0.04834356 -0.01260702
v 0.02184163 -0.04953909 -0.01117499
v 0.01984336 -0.04956031 -0.01342317
v 0.02186278 -0.04568369 -0.01324292
v 0.02145044 -0.05096805 -0.01065426
v 0.01930943 -0.05099635 -0.01282232
v 0.01220975 -0.06599348 -0.00784028
v 0.01982750 0.00626158 -0.01968703
v 0.01809884 -0.00478820 -0.02090375
v 0.01983279 -0.00490138 -0.01969705
v 0.01983279 -0.00704484 -0.01968703
v 0.01969005 -0.03065118 -0.01955685
v 0.01960547 -0.03280171 -0.01949175
v 0.01945216 -0.03429435 -0.01937659
v 0.02047773 -0.03514325 -0.01827503
v 0.02030856 -0.03709571 -0.01803970
v 0.02000195 -0.03923916 -0.01773427
v 0.00959825 -0.06599348 0.01135187
v 0.01759662 -0.04740270 0.01749556
v 0.01649176 -0.04568369 0.01891757
v 0.01715785 -0.04883167 0.01714005
v 0.01795082 -0.04568369 0.01784105
v 0.01825743 -0.04339874 0.01821157
v 0.01943102 -0.04274086 0.01725021
v 0.01845303 -0.04138969 0.01844690
v 0.01737988 -0.04138969 0.01947836
v 0.01902925 -0.04568369 0.01684964
v 0.01614286 -0.03923916 0.02046976
v 0.01460979 -0.03923916 0.02128091
v 0.01401242 -0.04155947 0.02118577
v 0.01068197 -0.06599348 0.01070095
v 0.01069783 -0.06599348 0.01069093
v 0.01555606 -0.05377648 0.01547270
v 0.01608470 -0.05203624 0.01610359
v 0.01671908 -0.04997060 0.01681459
v 0.01485825 -0.01778336 0.02137605
v 0.01614286 -0.03494517 0.02061497
v 0.01184498 -0.00060739 0.02229735
v 0.01614286 -0.01563282 0.02064000
v 0.01184498 0.00153607 0.02213712
v 0.01293927 0.00270330 0.02148119
v 0.01287584 0.00626158 0.02112569
v 0.02138171 -0.03709571 -0.01701826
v 0.02379233 -0.04090158 -0.01304764
v 0.02478089 -0.03923916 -0.01179587
v 0.02571659 -0.03771823 -0.01054410
v 0.02623466 -0.03703911 -0.00975799
v 0.02603906 -0.03923916 -0.00906701
v 0.02396149 -0.04353316 -0.01137528
v 0.02375532 -0.04490553 -0.01093966
v 0.02339056 -0.04353316 -0.01245180
v 0.02260288 -0.04993524 -0.00961779
v 0.02325840 -0.04782715 -0.00994826
v 0.02365488 -0.04890241 -0.00857632
v 0.02193150 -0.05176036 -0.00922724
v 0.02150330 -0.05318932 -0.00857632
v 0.02111210 -0.05426459 -0.00808062
v 0.01955789 -0.05555208 -0.00878661
v 0.01319831 -0.06599348 -0.00673371
v 0.02090065 0.00626158 -0.01869062
v 0.02091122 -0.00704484 -0.01875071
v 0.02076320 -0.03065118 -0.01853039
v 0.02067862 -0.03280171 -0.01849034
v 0.02150330 -0.03599214 -0.01715845
v 0.01973763 -0.04745222 0.01542763
v 0.01847417 -0.04813841 0.01628384
v 0.01749089 -0.05144202 0.01530246
v 0.01795082 -0.04997060 0.01573807
v 0.01925128 -0.04416982 0.01705994
v 0.01955789 -0.04138969 0.01737539
v 0.02113853 -0.04568369 0.01462650
v 0.02102752 -0.03709571 0.01666438
v 0.01750147 -0.03923916 0.01958851
v 0.02118083 -0.03494517 0.01685966
v 0.02006539 -0.04568369 0.01577312
v 0.01766535 -0.03494517 0.01968365
v 0.01614286 -0.03709571 0.02054988
v 0.01123176 -0.06599348 0.01033042
v 0.01698340 -0.05287099 0.01476670
v 0.01191371 -0.06599348 0.00982971
v 0.01308201 -0.06599348 0.00880827
v 0.01614286 -0.01778336 0.02067505
v 0.01299743 0.00153607 0.02151624
v 0.01760720 -0.01563282 0.01969867
v 0.01557192 0.00626158 0.01964860
v 0.01430846 0.00626158 0.02036962
v 0.01399656 0.00626158 0.02053485
v 0.02336941 -0.03709571 -0.01468496
v 0.02397735 -0.03923916 -0.01330801
v 0.02530953 -0.03703911 -0.01164065
v 0.02723380 -0.03709571 -0.00750480
v 0.02584875 -0.03628925 -0.01082450
v 0.02656242 -0.03494517 -0.00965284
v 0.02759856 -0.03504421 -0.00734958
v 0.02793160 -0.03582236 -0.00636819
v 0.02670515 -0.03923916 -0.00750480
v 0.02581174 -0.04466502 -0.00645832
v 0.02450599 -0.04782715 -0.00750480
v 0.02336412 -0.05033139 -0.00804056
v 0.02394563 -0.04975838 -0.00739965
v 0.02267689 -0.05222724 -0.00759493
v 0.02190507 -0.05426459 -0.00700910
v 0.02155088 -0.05538938 -0.00648836
v 0.01349964 -0.06599348 -0.00635317
v 0.02172004 0.00626158 -0.01783441
v 0.02308923 -0.00704484 -0.01658264
v 0.02308923 -0.00919537 -0.01660768
v 0.02201608 -0.00704484 -0.01767919
v 0.02170947 -0.03280171 -0.01741882
v 0.02412008 -0.01133883 -0.01551113
v 0.02160903 -0.03455610 -0.01728363
v 0.02233327 -0.03514325 -0.01630224
v 0.02353858 -0.03494517 -0.01487523
v 0.02180463 -0.04743099 0.01324955
v 0.01935172 -0.04888119 0.01502206
v 0.02148215 -0.04885997 0.01284898
v 0.02200551 -0.04568369 0.01354997
v 0.02193150 -0.03709571 0.01559286
v 0.02209538 -0.03494517 0.01578313
v 0.02010768 -0.03494517 0.01776093
v 0.02216410 -0.03280171 0.01583821
v 0.02122840 -0.03280171 0.01691473
v 0.02015526 -0.03280171 0.01779598
v 0.01875964 -0.03280171 0.01886750
v 0.01768649 -0.03280171 0.01967364
v 0.01331990 -0.06599348 0.00841772
v 0.02116497 -0.02851479 0.01689471
v 0.02224869 -0.02636426 0.01576311
v 0.01951031 -0.00490138 0.01734534
v 0.01946802 -0.00313993 0.01729527
v 0.01664507 0.00626158 0.01889253
v 0.01578866 0.00626158 0.01950339
v 0.02120726 -0.03065118 0.01690973
v 0.02417824 -0.03709571 -0.01361344
v 0.02536240 -0.03494517 -0.01201118
v 0.02591219 -0.03494517 -0.01093966
v 0.02759327 -0.03280171 -0.00772511
v 0.02801619 -0.01950944 -0.00870650
v 0.02798976 -0.03439339 -0.00652842
v 0.02936423 -0.03065118 -0.00320873
v 0.02914220 -0.03280171 -0.00320873
v 0.02883030 -0.03494517 -0.00320873
v 0.02810077 -0.03667126 -0.00493617
v 0.02782059 -0.03727256 -0.00553201
v 0.02544698 -0.04769981 -0.00521156
v 0.02473860 -0.04997060 -0.00535676
v 0.02375003 -0.05126516 -0.00661354
v 0.02342756 -0.05270121 -0.00593759
v 0.02297822 -0.05419385 -0.00527665
v 0.02190507 -0.05573601 -0.00535676
v 0.01463093 -0.06599348 -0.00455062
v 0.01412344 -0.06599348 -0.00544188
v 0.02192621 0.00626158 -0.01761410
v 0.02410951 -0.00919537 -0.01553115
v 0.02366016 -0.03183256 -0.01502544
v 0.02293064 -0.03264608 -0.01588165
v 0.02361259 -0.03326153 -0.01496035
v 0.02519323 -0.01133883 -0.01405407
v 0.02514565 -0.01348937 -0.01405907
v 0.02428925 -0.03494517 -0.01380371
v 0.02358615 -0.04621425 0.01058078
v 0.02315267 -0.04557050 0.01162225
v 0.02230684 -0.04801814 0.01200780
v 0.02189450 -0.04952493 0.01142197
v 0.02364959 -0.04888826 0.00858295
v 0.02580646 -0.03391235 0.01074601
v 0.02512451 -0.03475417 0.01160222
v 0.02382404 -0.03672785 0.01311436
v 0.02396678 -0.03494517 0.01330463
v 0.02316853 -0.03494517 0.01437614
v 0.02527781 -0.03065118 0.01219306
v 0.02535711 -0.02851479 0.01233326
v 0.02428396 -0.02851479 0.01360005
v 0.02333769 -0.02851479 0.01467657
v 0.02226455 -0.02851479 0.01581818
v 0.01386969 -0.06599348 0.00745135
v 0.02145044 -0.05096098 0.01063085
v 0.02332183 -0.02636426 0.01467657
v 0.02127598 0.00626158 0.01479674
v 0.02041958 0.00626158 0.01557284
v 0.02020284 0.00626158 0.01576811
v 0.01791381 0.00626158 0.01782102
v 0.01690410 0.00626158 0.01867723
v 0.02541526 -0.03280171 -0.01212634
v 0.02748226 -0.01778336 -0.00989318
v 0.02806377 -0.01778336 -0.00881666
v 0.02861355 -0.03065118 -0.00535676
v 0.02803205 -0.03280171 -0.00665360
v 0.02849197 -0.03280171 -0.00535676
v 0.02966555 -0.03065118 -0.00106569
v 0.02943824 -0.02851479 -0.00320873
v 0.02940123 -0.03280171 -0.00106569
v 0.02908933 -0.03494517 -0.00106569
v 0.02865056 -0.03709571 -0.00106569
v 0.02831223 -0.03727256 -0.00338397
v 0.02569016 -0.04832233 -0.00369441
v 0.02537297 -0.04979375 -0.00306853
v 0.02373946 -0.05342277 -0.00450556
v 0.02326897 -0.05464660 -0.00320873
v 0.01604241 -0.06599348 -0.00106569
v 0.01564064 -0.06599348 -0.00222233
v 0.01539218 -0.06599348 -0.00290830
v 0.02278262 0.00626158 -0.01669780
v 0.02299936 0.00626158 -0.01646247
v 0.02377647 0.00626158 -0.01560626
v 0.02396678 0.00626158 -0.01538595
v 0.02420995 -0.03264608 -0.01412416
v 0.02583818 -0.01521545 -0.01293749
v 0.02586461 -0.01133883 -0.01298255
v 0.02586461 -0.01348937 -0.01298756
v 0.02474917 0.00626158 -0.01424934
v 0.02495534 0.00626158 -0.01394391
v 0.02341170 -0.04803937 0.00978465
v 0.02389277 -0.04745929 0.00914875
v 0.02497649 -0.04568369 0.00751644
v 0.02569016 -0.03534132 0.01047062
v 0.02235441 -0.05013330 0.00981469
v 0.02431040 -0.04803937 0.00772674
v 0.02336412 -0.05010501 0.00772674
v 0.02396678 -0.04947542 0.00715093
v 0.02608664 -0.03475417 0.00971956
v 0.02694304 -0.03494517 0.00751644
v 0.02669987 -0.03065118 0.00966448
v 0.02588575 -0.03280171 0.01088120
v 0.02603906 -0.03065118 0.01112154
v 0.02613422 -0.02851479 0.01126174
v 0.02616065 -0.02636426 0.01129178
v 0.02537297 -0.02636426 0.01236330
v 0.02429982 -0.02636426 0.01360005
v 0.01475252 -0.06599348 0.00581904
v 0.02182049 -0.05154813 0.00919882
v 0.01528645 -0.06599348 0.00481763
v 0.02533596 -0.02422081 0.01236330
v 0.02426282 -0.02422081 0.01353495
v 0.02438969 0.00626158 0.01147704
v 0.02635096 -0.01580967 -0.01201118
v 0.02753512 -0.01563282 -0.00993324
v 0.02844968 -0.01778336 -0.00750480
v 0.02807962 -0.01563282 -0.00885671
v 0.02848139 -0.01563282 -0.00750480
v 0.02937480 -0.03065118 0.00107734
v 0.02912105 -0.03280171 0.00107734
v 0.02973956 -0.02851479 -0.00106569
v 0.02898889 -0.01778336 -0.00535676
v 0.02947524 -0.01778336 -0.00320873
v 0.02884087 -0.03494517 0.00107734
v 0.02843910 -0.03709571 0.00107734
v 0.02624523 -0.04782715 -0.00106569
v 0.02623466 -0.04782715 0.00107734
v 0.02582232 -0.04896608 -0.00226239
v 0.02445313 -0.05212113 -0.00320873
v 0.02383462 -0.05357133 -0.00320873
v 0.01625387 -0.06599348 0.00107734
v 0.01615871 -0.06599348 -0.00007429
v 0.02383990 -0.05351474 -0.00106569
v 0.02652013 -0.01133883 -0.01179587
v 0.02653598 -0.01348937 -0.01179587
v 0.02571659 0.00626158 -0.01272719
v 0.02622937 0.00626158 -0.01187098
v 0.02635625 0.00626158 -0.01165066
v 0.02534125 -0.04762199 0.00516311
v 0.02561615 -0.04568369 0.00570889
v 0.02770957 -0.03510080 0.00532835
v 0.02655184 -0.03709571 0.00751644
v 0.02221697 -0.05220602 0.00757653
v 0.02357558 -0.05090439 0.00619457
v 0.02424167 -0.05010501 0.00543850
v 0.02580646 -0.04890949 0.00216387
v 0.02781002 -0.03280171 0.00601933
v 0.02800033 -0.02996499 0.00658012
v 0.02724437 -0.03280171 0.00751644
v 0.02686374 -0.02851479 0.00966448
v 0.02691132 -0.02422081 0.00966448
v 0.02618179 -0.02422081 0.01129178
v 0.01583095 -0.06599348 0.00326042
v 0.02174119 -0.05352888 0.00690558
v 0.02546284 0.00626158 0.01024530
v 0.02460644 0.00626158 0.01123170
v 0.02754041 -0.01348937 -0.00991822
v 0.02806905 -0.01348937 -0.00884670
v 0.02896774 -0.01563282 -0.00535676
v 0.02791046 0.00626158 -0.00829592
v 0.02889374 -0.03065118 0.00322537
v 0.02944881 -0.02851479 0.00107734
v 0.02899418 -0.02851479 0.00322537
v 0.02861884 -0.03280171 0.00322537
v 0.02944352 -0.01778336 -0.00106569
v 0.02836509 0.00626158 0.00322537
v 0.02826994 0.00626158 -0.00576234
v 0.02832280 0.00626158 -0.00535676
v 0.02852368 0.00626158 -0.00364434
v 0.02857126 0.00626158 -0.00320873
v 0.02859769 0.00626158 -0.00106569
v 0.02825408 -0.03510080 0.00340062
v 0.02793160 -0.03591433 0.00423680
v 0.02807434 -0.03709571 0.00265457
v 0.02580117 -0.04676602 0.00430690
v 0.02590690 -0.04762199 0.00301508
v 0.02592805 -0.04916416 -0.00106569
v 0.02591219 -0.04912171 0.00107734
v 0.02544698 -0.05023942 -0.00106569
v 0.02455886 -0.05212113 -0.00106569
v 0.02375003 -0.05334496 0.00049151
v 0.02534654 -0.05019697 0.00107734
v 0.02718093 0.00626158 -0.01006843
v 0.02803733 -0.03448535 0.00458229
v 0.02379233 -0.05130761 0.00476255
v 0.02316853 -0.05205747 0.00543850
v 0.02401436 -0.05171791 0.00322537
v 0.02511394 -0.04976546 0.00301508
v 0.02360730 -0.05311151 0.00192353
v 0.02815363 -0.03280171 0.00494781
v 0.02825936 -0.03067240 0.00550360
v 0.02841796 -0.02851479 0.00536840
v 0.02801090 -0.02851479 0.00661016
v 0.02810077 0.00626158 0.00466241
v 0.02774129 0.00626158 0.00551862
v 0.02703291 0.00626158 0.00717596
v 0.02687960 0.00626158 0.00751644
v 0.02627166 0.00626158 0.00883331
v 0.02611307 0.00626158 0.00917379
v 0.02559500 0.00626158 0.01003000
v 0.02343285 -0.05278610 0.00322537
v 0.02739239 0.00626158 -0.00965284
v 0.02816949 0.00626158 0.00435197
v 0.02850254 0.00626158 0.00107734
v 0.02839681 0.00626158 0.00278976
v 0.02420467 -0.05228384 0.00115745
v -0.02548110 0.05735054 0.00322227
v -0.02523835 0.05735054 0.00536913
v -0.02520598 0.05949643 0.00536913
v -0.02534084 0.05949643 0.00322227
v -0.02534084 0.05735054 0.00107541
v -0.02514125 0.04018350 -0.00321314
v -0.02516822 0.04018350 -0.00106628
v -0.02511428 0.03803762 -0.00106628
v -0.02493087 0.03589174 0.00107541
v -0.02478522 0.03589174 0.00322227
v -0.02340966 0.04662115 0.01010775
v -0.02453169 0.05949643 0.00751599
v -0.02470970 0.03374586 0.00322227
v -0.02428355 0.03374586 0.00536913
v -0.02381963 0.03589174 0.00726251
v -0.02491469 0.06164231 0.00536913
v -0.02443998 0.06164231 0.00751599
v -0.02247104 0.07023293 0.01180972
v -0.02293496 0.07023293 0.00966285
v -0.02494166 0.06164231 0.00322227
v -0.02519519 0.05949643 0.00107541
v -0.02374411 0.06797336 0.00536913
v -0.02515743 0.05735054 -0.00106628
v -0.02484456 0.04018350 -0.00536001
v -0.02487153 0.03803762 -0.00536001
v -0.02508191 0.03803762 -0.00321314
v -0.02465036 0.02945410 -0.00321314
v -0.02467194 0.02945410 -0.00106628
v -0.02482298 0.03374586 0.00107541
v -0.02337190 0.06164231 0.01027846
v -0.02382503 0.06164231 0.00920762
v -0.02208804 0.02730822 0.01180972
v -0.02159176 0.02730822 0.01344444
v -0.02126271 0.02730822 0.01452045
v -0.02470970 0.03159998 0.00107541
v -0.02311297 0.00626865 -0.00106628
v -0.02455866 0.03159998 0.00322227
v -0.02395449 0.02945410 0.00536913
v -0.02036185 0.00626865 0.01395658
v -0.02320468 0.07023293 0.00751599
v -0.02176438 0.07023293 0.01329441
v -0.02159176 0.07237881 0.01308749
v -0.02210962 0.07237881 0.01180972
v -0.02256814 0.07237881 0.00966285
v -0.02478522 0.06164231 0.00107541
v -0.02354452 0.06904630 0.00536913
v -0.02145151 0.07885908 0.00317571
v -0.02140835 0.07885908 0.00231179
v -0.02132744 0.07885908 0.00115300
v -0.02500639 0.05949643 -0.00106628
v -0.02483917 0.05735054 -0.00321314
v -0.02454248 0.03803762 -0.00750169
v -0.02456405 0.03589174 -0.00750169
v -0.02449932 0.03374586 -0.00750169
v -0.02447774 0.02945410 -0.00536001
v -0.02306442 0.00626865 -0.00750169
v -0.02317231 0.00626865 -0.00536001
v -0.02318849 0.00626865 -0.00492546
v -0.02324244 0.00626865 -0.00321314
v -0.02154321 0.02516234 0.01327889
v -0.02121955 0.02516234 0.01435491
v -0.01970913 0.00626865 0.01575684
v -0.02026475 0.02730822 0.01610344
v -0.02322086 0.00626865 -0.00277860
v -0.02305903 0.00626865 -0.00063174
v -0.02282168 0.00626865 0.00107541
v -0.02275694 0.00626865 0.00150995
v -0.02249801 0.00626865 0.00322227
v -0.02210423 0.00626865 0.00536913
v -0.02023238 0.00626865 0.01431870
v -0.02277852 0.07237881 0.00751599
v -0.01977386 0.07023293 0.01562234
v -0.01726009 0.07885908 0.01731396
v -0.01924522 0.04018350 0.01714325
v -0.01809082 0.07885908 0.01612413
v -0.01902944 0.07885908 0.01468082
v -0.01969295 0.07885908 0.01359963
v -0.01970374 0.07885908 0.01357894
v -0.02142454 0.07345885 0.01288573
v -0.02049131 0.07885908 0.01180972
v -0.02099299 0.07885908 0.00966285
v -0.02127350 0.07885908 0.00745909
v -0.02140835 0.07885908 0.00621753
v -0.02458563 0.06164231 -0.00106628
v -0.02094444 0.07885908 -0.00321314
v -0.02146230 0.07885908 0.00518290
v -0.02067472 0.07885908 -0.00531862
v -0.02066933 0.07885908 -0.00536001
v -0.02468273 0.05949643 -0.00321314
v -0.02443459 0.05735054 -0.00536001
v -0.02415948 0.05305878 -0.00750169
v -0.02421881 0.05091290 -0.00750169
v -0.02393291 0.03600543 -0.00985031
v -0.02379806 0.05091290 -0.00919332
v -0.02392213 0.03378850 -0.00980375
v -0.02392752 0.03159998 -0.00942611
v -0.02380345 0.02730822 -0.00915193
v -0.02269221 0.00626865 -0.00964856
v -0.02276773 0.00626865 -0.00921918
v -0.01894853 0.00626865 0.01682768
v -0.01934771 0.02730822 0.01723119
v -0.01882446 0.07023293 0.01669318
v -0.01586295 0.07885908 0.01851931
v -0.01764309 0.07237881 0.01763987
v -0.01817174 0.04018350 0.01814684
v -0.01777795 0.06808705 0.01777955
v -0.02048052 0.07885908 0.01183558
v -0.02001661 0.07885908 -0.00750169
v -0.02137599 0.06459111 -0.01270590
v -0.02353373 0.06025672 -0.00841734
v -0.02368477 0.06107386 -0.00698438
v -0.02427276 0.05949643 -0.00536001
v -0.02399765 0.05735054 -0.00750169
v -0.02408396 0.05520466 -0.00750169
v -0.02376029 0.05305878 -0.00909503
v -0.02359846 0.03535883 -0.01079700
v -0.02359846 0.03453458 -0.01079700
v -0.02181833 0.05735054 -0.01391124
v -0.02339348 0.05091290 -0.01026416
v -0.02197476 0.00626865 -0.01179542
v -0.02212041 0.00626865 -0.01136605
v -0.01787505 0.00626865 0.01778989
v -0.01474093 0.03803762 0.02130764
v -0.01596005 0.03803762 0.02023162
v -0.01703353 0.03803762 0.01923838
v -0.01761073 0.00626865 0.01800717
v -0.01656422 0.00626865 0.01886591
v -0.01775098 0.07023293 0.01772781
v -0.01557166 0.07885908 0.01876762
v -0.01647791 0.07023293 0.01880383
v -0.01636463 0.07237881 0.01871071
v -0.01495131 0.07885908 0.01929528
v -0.01701735 0.04018350 0.01922286
v -0.01560402 0.06164231 0.01992123
v -0.01657501 0.06808705 0.01885039
v -0.01594387 0.04018350 0.02021610
v -0.01910496 0.07885908 -0.01014001
v -0.01934771 0.06729122 -0.01737726
v -0.01948257 0.06594117 -0.01778077
v -0.02219054 0.06164231 -0.01179542
v -0.02247104 0.05949643 -0.01179542
v -0.02325323 0.05952485 -0.00950888
v -0.02360925 0.05882140 -0.00870187
v -0.02379266 0.05952485 -0.00762068
v -0.02366320 0.05735054 -0.00882602
v -0.02371714 0.05520466 -0.00896570
v -0.02218514 0.03589174 -0.01394228
v -0.02140835 0.05735054 -0.01498726
v -0.02094444 0.05735054 -0.01608914
v -0.01996267 0.05949643 -0.01823601
v -0.02025936 0.00626865 -0.01608914
v -0.02109548 0.00626865 -0.01416473
v -0.02150545 0.00626865 -0.01309388
v -0.02258972 0.05735054 -0.01179542
v -0.02175899 0.05949643 -0.01376122
v -0.01366745 0.03803762 0.02192842
v -0.01364587 0.04018350 0.02192325
v -0.01471935 0.04018350 0.02128695
v -0.01549074 0.00626865 0.01971948
v -0.01517787 0.00626865 0.01991606
v -0.01390480 0.00626865 0.02071273
v -0.01529654 0.07237881 0.01957463
v -0.01518326 0.07452469 0.01948669
v -0.01550153 0.06808705 0.01975569
v -0.01406663 0.07885908 0.01999366
v -0.01554468 0.06594117 0.01983329
v -0.01909957 0.07885908 -0.01015553
v -0.01904562 0.06594117 -0.01885161
v -0.01845224 0.07885908 -0.01176955
v -0.01844146 0.07885908 -0.01179542
v -0.01754599 0.07885908 -0.01375605
v -0.01704971 0.07885908 -0.01481137
v -0.01921824 0.06442768 -0.01919821
v -0.02156479 0.03589174 -0.01522522
v -0.01939626 0.05949643 -0.01947239
v -0.02134902 0.05949643 -0.01483206
v -0.02084195 0.05949643 -0.01608914
v -0.01935310 0.06164231 -0.01941549
v -0.01950954 0.00626865 -0.01763074
v -0.01929916 0.06299947 -0.01934306
v -0.01176324 0.03803762 0.02280269
v -0.01176324 0.04018350 0.02284407
v -0.01365126 0.00626865 0.02085758
v -0.01267489 0.00626865 0.02139558
v -0.01245911 0.00626865 0.02150422
v -0.01160141 0.00626865 0.02190256
v -0.01120762 0.00626865 0.02208361
v -0.01301473 0.06379529 0.02155078
v -0.01414215 0.06164231 0.02099208
v -0.01419070 0.05949643 0.02102829
v -0.01408281 0.06379529 0.02095069
v -0.01398572 0.06594117 0.02090413
v -0.01390480 0.07667057 0.02024714
v -0.01221637 0.07885908 0.02121453
v -0.01510235 0.07172510 -0.02162443
v -0.01729246 0.07386387 -0.01743417
v -0.01755139 0.07237881 -0.01783767
v -0.01543680 0.07885908 -0.01792562
v -0.01482184 0.07885908 -0.01902750
v -0.01381849 0.07885908 -0.02038804
v -0.01641857 0.07885908 -0.01606845
v -0.01838212 0.06374555 -0.02009834
v -0.01808003 0.01013408 -0.02038287
v -0.01900247 0.00798820 -0.01876367
v -0.01799912 0.06159967 -0.02066739
v -0.01715220 0.06085359 -0.02147440
v -0.01726549 0.01013408 -0.02158821
v -0.01896471 0.00626865 -0.01870676
v -0.01709287 0.06228891 -0.02142785
v -0.00924947 0.04018350 0.02392009
v -0.00961628 0.00626865 0.02278199
v -0.00920631 0.04232938 0.02391491
v -0.01291224 0.06594117 0.02150422
v -0.01114289 0.07885908 0.02163872
v -0.01290684 0.07885908 -0.02150544
v -0.01405045 0.07241434 -0.02218313
v -0.01390480 0.07023293 -0.02274700
v -0.01569573 0.06594117 -0.02209518
v -0.01699037 0.06379529 -0.02133990
v -0.01802609 0.00798820 -0.02038287
v -0.01624595 0.06159967 -0.02211588
v -0.01605175 0.01013408 -0.02247283
v -0.01605175 0.00798820 -0.02241592
v -0.01722772 0.00798820 -0.02155200
v -0.01794517 0.00626865 -0.02038287
v -0.01591690 0.06379529 -0.02220899
v -0.00746933 0.04018350 0.02460294
v -0.00924407 0.00626865 0.02291132
v -0.00746933 0.04232938 0.02456156
v -0.00961628 0.07885908 0.02216639
v -0.01187113 0.07885908 -0.02164512
v -0.00961628 0.07667057 -0.02255559
v -0.00961628 0.07186721 -0.02375577
v -0.01088935 0.07145509 -0.02364196
v -0.01166614 0.07225091 -0.02328501
v -0.01233504 0.07023293 -0.02351263
v -0.01268028 0.06885445 -0.02357471
v -0.01292842 0.06741913 -0.02364196
v -0.01416912 0.06594117 -0.02317120
v -0.01734101 0.00626865 -0.02127265
v -0.01448200 0.06164231 -0.02334191
v -0.01450357 0.05949643 -0.02333674
v -0.01470856 0.01013408 -0.02341434
v -0.01468159 0.00798820 -0.02339365
v -0.01463843 0.00626865 -0.02335743
v -0.01491354 0.00626865 -0.02316086
v -0.01605175 0.00626865 -0.02233315
v -0.01717918 0.00626865 -0.02150544
v -0.01435793 0.06379529 -0.02328501
v -0.00532237 0.03803762 0.02518751
v -0.00532237 0.04018350 0.02522372
v -0.00772826 0.00626865 0.02342346
v -0.00218825 0.04791436 0.02578760
v -0.00743696 0.07885908 0.02286476
v -0.00746933 0.07885908 0.02285442
v -0.00750709 0.07885908 -0.02199172
v -0.00746933 0.07667057 -0.02276252
v -0.00685437 0.07364360 -0.02366265
v -0.00752867 0.07252092 -0.02390062
v -0.00746933 0.07023293 -0.02443345
v -0.00746933 0.06808705 -0.02484731
v -0.00746933 0.06594117 -0.02518356
v -0.00961628 0.06594117 -0.02473350
v -0.01176324 0.06594117 -0.02412306
v -0.01309565 0.06594117 -0.02370921
v -0.01340852 0.06164231 -0.02385406
v -0.01343010 0.05949643 -0.02387475
v -0.01363508 0.01013408 -0.02415410
v -0.01360811 0.00798820 -0.02413858
v -0.01356495 0.00626865 -0.02412306
v -0.01328445 0.06379529 -0.02379198
v -0.00245797 0.03589174 0.02586519
v -0.00365012 0.03803762 0.02562206
v -0.00257665 0.03803762 0.02588072
v -0.00751248 0.00626865 0.02347520
v -0.00102846 0.03589174 0.02621180
v -0.00102846 0.04662115 0.02595314
v -0.00099070 0.07885908 0.02431842
v -0.00102846 0.07885908 0.02431325
v -0.00317542 0.07885908 0.02399251
v -0.00443770 0.07885908 0.02368212
v -0.00552197 0.07885908 0.02340277
v -0.00102846 0.03803762 0.02619111
v -0.00746933 0.07885908 -0.02199172
v -0.00746933 0.07881645 -0.02200724
v -0.00618008 0.07364360 -0.02366265
v -0.00532237 0.07023293 -0.02451622
v -0.00532237 0.06808705 -0.02503871
v -0.00746933 0.06379529 -0.02528702
v -0.00961628 0.06379529 -0.02484213
v -0.00532237 0.06594117 -0.02537497
v -0.00283018 0.06164231 -0.02583021
v -0.01176324 0.06379529 -0.02425756
v -0.01176324 0.06164231 -0.02435068
v -0.01176324 0.05949643 -0.02438689
v -0.01176324 0.01013408 -0.02501285
v -0.01213545 0.00626865 -0.02477488
v -0.00637427 0.00626865 0.02374420
v 0.00111849 0.03589174 0.02630492
v -0.00532237 0.00626865 0.02398216
v -0.00317542 0.00626865 0.02439084
v -0.00102846 0.00626865 0.02451500
v 0.00111849 0.04662115 0.02595314
v 0.00326005 0.06808705 0.02509440
v 0.00326005 0.07023293 0.02500128
v 0.00111849 0.07023293 0.02489264
v 0.00111849 0.03803762 0.02626870
v 0.00111849 0.07237881 0.02477883
v 0.00326005 0.07237881 0.02487712
v 0.00111849 0.07885908 0.02440637
v -0.00558670 0.07885908 -0.02167099
v 0.00540701 0.06594117 -0.02431964
v 0.00111849 0.06808705 -0.02432999
v -0.00102846 0.06808705 -0.02463521
v -0.00317542 0.06808705 -0.02491456
v -0.00317542 0.06594117 -0.02538532
v -0.00532237 0.06164231 -0.02557155
v -0.00317542 0.03803762 -0.02616646
v -0.00508502 0.03589174 -0.02591298
v -0.00240942 0.06294973 -0.02578365
v -0.00102846 0.05949643 -0.02595954
v 0.00111849 0.04018350 -0.02652341
v -0.00102846 0.04018350 -0.02635270
v -0.00961628 0.00626865 -0.02524047
v -0.01004783 0.00626865 -0.02518356
v -0.01176324 0.00626865 -0.02494042
v 0.00288784 0.03589174 0.02595314
v 0.00313059 0.03803762 0.02595314
v 0.00755396 0.05520466 0.02505818
v 0.00111849 0.00626865 0.02442706
v 0.00326005 0.00626865 0.02426152
v 0.00548253 0.00626865 0.02384249
v 0.00540701 0.06594117 0.02502714
v 0.00540701 0.06808705 0.02492886
v 0.00540701 0.07023293 0.02477883
v 0.00326005 0.07885908 0.02436498
v 0.00115625 0.07885908 0.02440637
v -0.00532237 0.07885908 -0.02157787
v 0.00976025 0.06819363 -0.02212622
v 0.00985735 0.06596959 -0.02327467
v 0.00805564 0.06670146 -0.02347124
v 0.00742450 0.06596959 -0.02391096
v 0.00985735 0.06397293 -0.02411789
v 0.00755396 0.06379529 -0.02463003
v 0.00326005 0.06594117 -0.02465073
v 0.00540701 0.06379529 -0.02494559
v -0.00102846 0.06594117 -0.02519908
v 0.00409078 0.06038462 -0.02573709
v -0.00186459 0.06294973 -0.02578365
v -0.00102846 0.03803762 -0.02637339
v -0.00109859 0.06165652 -0.02586124
v 0.00111849 0.05949643 -0.02595436
v 0.00326005 0.04232938 -0.02648202
v 0.00326005 0.04018350 -0.02654410
v 0.00111849 0.04232938 -0.02646651
v 0.00326005 0.03803762 -0.02653376
v 0.00111849 0.03803762 -0.02648720
v 0.00111849 0.00626865 -0.02555603
v 0.00420406 0.03803762 0.02573070
v 0.00970092 0.05520466 0.02467537
v 0.00740831 0.00626865 0.02333552
v 0.00970092 0.05949643 0.02444775
v 0.01168604 0.05949643 0.02393043
v 0.00755396 0.06808705 0.02437532
v 0.00540701 0.07237881 0.02455639
v 0.00328702 0.07885908 0.02435981
v -0.00461032 0.07885908 -0.02132438
v 0.00908596 0.06945842 -0.02166064
v 0.01184787 0.06741913 -0.02170202
v 0.01184787 0.06594117 -0.02251421
v 0.01067730 0.06480428 -0.02357471
v 0.00924240 0.06526614 -0.02377129
v 0.01184787 0.06325527 -0.02384371
v 0.01184787 0.06164231 -0.02431964
v 0.00970092 0.06164231 -0.02481627
v 0.00540701 0.06164231 -0.02538532
v 0.01184787 0.05735054 -0.02520425
v 0.00970092 0.05735054 -0.02545257
v 0.01184787 0.05520466 -0.02545774
v 0.00692822 0.05661867 -0.02578365
v 0.00471113 0.05894930 -0.02579399
v 0.00333018 0.05960301 -0.02584055
v 0.00266128 0.06073279 -0.02577848
v 0.00326005 0.05735054 -0.02596988
v 0.00540701 0.04018350 -0.02649237
v 0.00540701 0.03803762 -0.02653376
v 0.00282850 0.00626865 -0.02546291
v 0.00755396 0.03803762 -0.02644581
v 0.00540701 0.03803762 0.02540478
v 0.01184787 0.05520466 0.02417875
v 0.00970092 0.00626865 0.02261645
v 0.00755396 0.04018350 0.02486160
v 0.01301305 0.05683894 0.02367178
v 0.01275952 0.05949643 0.02355279
v 0.01140014 0.06164231 0.02384249
v 0.01065032 0.06664462 0.02357866
v 0.00499164 0.07881645 0.02395630
v 0.00499164 0.07885908 0.02395113
v -0.00369867 0.07885908 -0.02098296
v 0.01051546 0.06897525 -0.02133990
v -0.00345593 0.07885908 -0.02088984
v -0.00327252 0.07885908 -0.02081741
v -0.00097992 0.07885908 -0.01990694
v 0.00023382 0.07885908 -0.01938962
v 0.01292674 0.06701411 -0.02145888
v 0.01528947 0.06503876 -0.02155718
v 0.01184787 0.06849207 -0.02103469
v 0.01184787 0.06432821 -0.02334191
v 0.01298069 0.06277919 -0.02363161
v 0.01333132 0.06164231 -0.02378164
v 0.01399483 0.05735054 -0.02455761
v 0.01184787 0.05949643 -0.02477488
v 0.01399483 0.05520466 -0.02488352
v 0.01184787 0.05305878 -0.02552499
v 0.00970092 0.04018350 -0.02617681
v 0.00755396 0.04018350 -0.02637856
v 0.00950132 0.05503413 -0.02565949
v 0.00835772 0.05563100 -0.02573192
v 0.01399483 0.05305878 -0.02501285
v 0.01282964 0.04232938 -0.02573709
v 0.00541779 0.05734344 -0.02585090
v 0.00760790 0.05503413 -0.02581469
v 0.00540701 0.05520466 -0.02594402
v 0.00326005 0.00626865 -0.02543187
v 0.00970092 0.03803762 -0.02618198
v 0.00497546 0.00626865 -0.02524047
v 0.01309397 0.05345670 0.02372351
v 0.01312094 0.05520466 0.02373903
v 0.01149184 0.00626865 0.02184565
v 0.01685384 0.05949643 0.02126108
v 0.01561313 0.06164231 0.02177323
v 0.01399483 0.05949643 0.02287511
v 0.01399483 0.06164231 0.02266301
v 0.01247362 0.06164231 0.02343381
v 0.01213377 0.06379529 0.02327344
v 0.01168065 0.06593406 0.02316998
v 0.01408114 0.06578485 0.02191807
v 0.01184787 0.06808705 0.02264232
v 0.01035903 0.06808705 0.02343898
v 0.00606512 0.07885908 0.02337173
v 0.00121559 0.07885908 -0.01893438
v 0.00128032 0.07885908 -0.01890334
v 0.01435625 0.06647409 -0.02111746
v 0.01671898 0.06439216 -0.02113815
v 0.01735551 0.06296394 -0.02156752
v 0.01606087 0.06372423 -0.02184170
v 0.01485253 0.06899656 -0.01915166
v 0.01342302 0.06949395 -0.01957585
v 0.01388694 0.06800178 -0.02034666
v 0.01614178 0.06164231 -0.02254007
v 0.01440480 0.06164231 -0.02331088
v 0.01483635 0.06017856 -0.02350228
v 0.01407035 0.05947511 -0.02401443
v 0.01525171 0.05874323 -0.02368334
v 0.01560774 0.05735054 -0.02384371
v 0.01668122 0.05735054 -0.02336778
v 0.01594219 0.05520466 -0.02400408
v 0.01175617 0.04232938 -0.02587159
v 0.01601232 0.05305878 -0.02408685
v 0.01614178 0.04447526 -0.02437137
v 0.01399483 0.04447526 -0.02534910
v 0.01701567 0.05520466 -0.02351263
v 0.01399483 0.04232938 -0.02538014
v 0.01270018 0.04018350 -0.02570605
v 0.01162670 0.04018350 -0.02589746
v 0.01135159 0.03803762 -0.02587159
v 0.00755396 0.00626865 -0.02489386
v 0.00712241 0.00626865 -0.02495594
v 0.00540701 0.00626865 -0.02518356
v 0.01697251 0.05520466 0.02132316
v 0.01419442 0.05520466 0.02306651
v 0.01287280 0.00626865 0.02112658
v 0.01430770 0.00626865 0.02036613
v 0.01556998 0.00626865 0.01964706
v 0.01691857 0.05735054 0.02129729
v 0.01827255 0.05949643 0.02018507
v 0.01812151 0.06164231 0.02006608
v 0.01668661 0.06164231 0.02114210
v 0.01530026 0.06379529 0.02160251
v 0.01399483 0.06379529 0.02232675
v 0.01510067 0.06496771 0.02148870
v 0.01485253 0.06639593 0.02134385
v 0.01099556 0.07452469 0.02161803
v 0.00755396 0.07885908 0.02250781
v 0.01077979 0.07561895 0.02147836
v 0.00313598 0.07885908 -0.01781181
v 0.01554301 0.06756123 -0.01968449
v 0.01757668 0.06530878 -0.01970518
v 0.01763602 0.06164231 -0.02176410
v 0.01603929 0.05947511 -0.02315568
v 0.01818085 0.06361765 -0.02026388
v 0.01942695 0.06284314 -0.01938962
v 0.01870950 0.06164231 -0.02075534
v 0.01939458 0.05850875 -0.02149510
v 0.01330435 0.07160430 -0.01749624
v 0.01559695 0.06961475 -0.01771869
v 0.01702646 0.06895393 -0.01697376
v 0.01628743 0.06825758 -0.01839120
v 0.01697791 0.06673700 -0.01906371
v 0.00317914 0.07885908 -0.01778594
v 0.00418249 0.07885908 -0.01703583
v 0.00655600 0.07885908 -0.01503382
v 0.01828874 0.05735054 -0.02247800
v 0.01731775 0.04447526 -0.02366783
v 0.01614178 0.04232938 -0.02439207
v 0.01828874 0.05520466 -0.02275735
v 0.01614178 0.04018350 -0.02432482
v 0.01399483 0.04018350 -0.02530772
v 0.01399483 0.03803762 -0.02519908
v 0.01293753 0.00626865 -0.02361092
v 0.01200970 0.00626865 -0.02385406
v 0.00970092 0.00626865 -0.02445415
v 0.01828874 0.05520466 0.02027818
v 0.01939997 0.05683894 0.01936253
v 0.01849372 0.05747134 0.02006608
v 0.01578575 0.00626865 0.01950221
v 0.01664346 0.00626865 0.01889177
v 0.01779246 0.03803762 0.01974534
v 0.01934603 0.05949643 0.01931080
v 0.02161166 0.06110228 0.01726740
v 0.01919499 0.06164231 0.01918147
v 0.02146601 0.06253761 0.01714325
v 0.01776548 0.06379529 0.01982294
v 0.01637374 0.06379529 0.02089379
v 0.01594758 0.06578485 0.02068686
v 0.01722605 0.06703543 0.01933667
v 0.01614718 0.06788809 0.01989537
v 0.00896728 0.07881645 0.02168528
v 0.00895649 0.07885908 0.02168011
v 0.01513843 0.07141245 0.01939874
v 0.01962654 0.06521640 -0.01747555
v 0.01900619 0.06427136 -0.01890334
v 0.01764681 0.06752571 -0.01763074
v 0.01907631 0.06665173 -0.01684443
v 0.01832650 0.05933300 -0.02195034
v 0.02145523 0.06259445 -0.01709791
v 0.02175192 0.06116623 -0.01744968
v 0.01967509 0.06164231 -0.01968449
v 0.01996099 0.06365318 -0.01821014
v 0.02143904 0.05806110 -0.01922925
v 0.01953483 0.05735054 -0.02163994
v 0.02209715 0.05949643 -0.01785319
v 0.01473385 0.07104296 -0.01682373
v 0.01771154 0.06960054 -0.01554596
v 0.01623349 0.07032531 -0.01618226
v 0.01839123 0.06820784 -0.01619261
v 0.00758093 0.07885908 -0.01404057
v 0.01839123 0.04447526 -0.02302118
v 0.01733394 0.04232938 -0.02367817
v 0.01835886 0.04018350 -0.02300566
v 0.01728539 0.04018350 -0.02364713
v 0.01966969 0.05520466 -0.02177445
v 0.01992862 0.04447526 -0.02194516
v 0.01724223 0.03879792 -0.02362127
v 0.01633598 0.03806605 -0.02411789
v 0.01383839 0.00626865 -0.02323328
v 0.01353091 0.00626865 -0.02336778
v 0.01936221 0.05410330 0.01932632
v 0.01939458 0.05520466 0.01935736
v 0.01886593 0.03803762 0.01889177
v 0.02162245 0.05949643 0.01727775
v 0.01690239 0.00626865 0.01867450
v 0.02263120 0.05949643 0.01610344
v 0.02358600 0.05949643 0.01489809
v 0.02351048 0.06164231 0.01476876
v 0.02231293 0.06174889 0.01629485
v 0.02209176 0.06379529 0.01575684
v 0.02116393 0.06379529 0.01682768
v 0.01739867 0.06594117 0.01951255
v 0.00897268 0.07885908 0.02166459
v 0.01933524 0.06694306 0.01714842
v 0.02171955 0.06530167 0.01531712
v 0.01990704 0.06808705 0.01569476
v 0.01031587 0.07885908 0.02026266
v 0.01018101 0.07885908 0.02043338
v 0.02159548 0.06500323 -0.01515280
v 0.02113156 0.06379529 -0.01667888
v 0.01967509 0.06746176 -0.01541146
v 0.02036557 0.06582748 -0.01600120
v 0.02233990 0.06178442 -0.01626503
v 0.02395281 0.05911272 -0.01548906
v 0.02326234 0.05969538 -0.01615639
v 0.02190296 0.06379529 -0.01560804
v 0.02347272 0.05735054 -0.01690133
v 0.02225899 0.05735054 -0.01840155
v 0.02074856 0.05735054 -0.02021733
v 0.02156851 0.05663288 -0.01938962
v 0.01543512 0.07158299 -0.01539594
v 0.01686463 0.07103586 -0.01462514
v 0.01914105 0.06888998 -0.01465100
v 0.01743643 0.07151904 -0.01319735
v 0.00863823 0.07885908 -0.01286626
v 0.01994480 0.04232938 -0.02195551
v 0.01840741 0.04232938 -0.02302635
v 0.01993941 0.04018350 -0.02193482
v 0.01991244 0.03803762 -0.02188826
v 0.01808914 0.03806605 -0.02307808
v 0.02100210 0.04447526 -0.02085880
v 0.01717750 0.03736260 -0.02357988
v 0.01606087 0.00626865 -0.02209001
v 0.01999875 0.03803762 0.01782093
v 0.02230214 0.04232938 0.01580340
v 0.02154693 0.05592232 0.01721567
v 0.01791653 0.00626865 0.01782093
v 0.02041951 0.00626865 0.01557578
v 0.02127182 0.00626865 0.01479980
v 0.02337562 0.04232938 0.01462392
v 0.02256646 0.05735054 0.01610344
v 0.02356981 0.05735054 0.01487740
v 0.02797701 0.05639129 0.00649688
v 0.02506405 0.06164231 0.01180972
v 0.02407688 0.06164231 0.01369792
v 0.02585163 0.02381939 0.01079578
v 0.02640185 0.02532577 0.00987495
v 0.02390426 0.06323395 0.01333580
v 0.02320300 0.06388766 0.01401348
v 0.02136891 0.06672989 0.01477911
v 0.01171841 0.07885908 0.01830721
v 0.01950786 0.06938026 0.01522917
v 0.02120169 0.06657356 -0.01394228
v 0.02150377 0.06700701 -0.01285074
v 0.02191914 0.06550063 -0.01394228
v 0.02376401 0.06500323 -0.01094185
v 0.02339719 0.06437084 -0.01237481
v 0.02296025 0.06371002 -0.01384399
v 0.02584084 0.05850875 -0.01293351
v 0.02593794 0.06086069 -0.01094702
v 0.02619147 0.05933300 -0.01171782
v 0.02417398 0.05735054 -0.01583049
v 0.02379638 0.04447526 -0.01735139
v 0.02295486 0.04447526 -0.01842224
v 0.02188138 0.04447526 -0.01978278
v 0.00956606 0.07885908 -0.01174369
v 0.01952944 0.06935184 -0.01321804
v 0.01770075 0.07183879 -0.01179542
v 0.01058559 0.07885908 -0.01047626
v 0.01142172 0.07885908 -0.00939507
v 0.01151342 0.07885908 -0.00925540
v 0.01236034 0.07885908 -0.00772931
v 0.02101828 0.04232938 -0.02086915
v 0.02101289 0.04018350 -0.02085880
v 0.02098592 0.03803762 -0.02085880
v 0.02092658 0.03589174 -0.02084328
v 0.02085645 0.03374586 -0.02081741
v 0.02076475 0.03159998 -0.02080189
v 0.01985310 0.03589174 -0.02180549
v 0.01969127 0.03159998 -0.02165547
v 0.01828874 0.00626865 -0.02070878
v 0.02147680 0.00626865 0.01458253
v 0.02438976 0.00626865 0.01147863
v 0.02460553 0.00626865 0.01123550
v 0.02842474 0.05526861 0.00552950
v 0.02838698 0.05720844 0.00542604
v 0.02571137 0.06164231 0.01049056
v 0.02799858 0.04379313 0.00653827
v 0.02848408 0.04449658 0.00553984
v 0.02546323 0.00626865 0.01024742
v 0.02611056 0.00626865 0.00917140
v 0.02627239 0.00626865 0.00883515
v 0.02751309 0.02516234 0.00751599
v 0.02595412 0.06301368 0.00910933
v 0.02436818 0.06388766 0.01191835
v 0.02355363 0.06466217 0.01270467
v 0.02394742 0.06544378 0.01127171
v 0.02327312 0.06606907 0.01191835
v 0.02176270 0.06745466 0.01334615
v 0.02098592 0.06813679 0.01401866
v 0.01178314 0.07885908 0.01820892
v 0.01323962 0.07885908 0.01591721
v 0.01300226 0.07885908 0.01631037
v 0.01196115 0.07885908 0.01793474
v 0.01973982 0.06959343 -0.01179542
v 0.02305196 0.06629645 -0.00964856
v 0.02394202 0.06521640 -0.00964856
v 0.02585163 0.06280051 -0.00872256
v 0.02559270 0.06229602 -0.01015553
v 0.02408767 0.06371002 -0.01171265
v 0.02794464 0.05837375 -0.00856219
v 0.02667697 0.05735054 -0.01179542
v 0.02591636 0.05735054 -0.01305767
v 0.02524746 0.05735054 -0.01413369
v 0.02708694 0.05949643 -0.00964856
v 0.02454619 0.04447526 -0.01608914
v 0.02557112 0.02300936 -0.01456823
v 0.02374243 0.02730822 -0.01727380
v 0.02187598 0.04232938 -0.01979830
v 0.01421599 0.07885908 -0.00320797
v 0.01474464 0.07885908 -0.00145427
v 0.01285662 0.07885908 -0.00652914
v 0.02182744 0.03159998 -0.01972588
v 0.02181665 0.02945410 -0.01967414
v 0.01978297 0.03374586 -0.02172272
v 0.02118011 0.01227996 -0.01899129
v 0.01982613 0.00626865 -0.01968449
v 0.02935257 0.05520466 0.00322227
v 0.02921771 0.05735054 0.00322227
v 0.02855960 0.04232938 0.00536913
v 0.02688195 0.00626865 0.00751599
v 0.02703299 0.00626865 0.00717974
v 0.02816041 0.00798820 0.00475870
v 0.02938493 0.04447526 0.00322227
v 0.02613753 0.06334764 0.00751599
v 0.02375322 0.06719886 0.00902656
v 0.02358060 0.06687200 0.01045435
v 0.02534995 0.06375266 0.00976114
v 0.02842474 0.05970249 0.00341368
v 0.02793925 0.06055515 0.00425173
v 0.02218886 0.06813679 0.01184593
v 0.02134194 0.06888998 0.01258569
v 0.01403259 0.07885908 0.01395658
v 0.02174113 0.06942290 0.01115790
v 0.02415780 0.06549352 -0.00750169
v 0.02523128 0.06405109 -0.00750169
v 0.02596491 0.06297815 -0.00750169
v 0.02713009 0.06164231 -0.00536001
v 0.02794464 0.06056936 -0.00426847
v 0.02785294 0.06037751 -0.00536001
v 0.02841395 0.05930458 -0.00536001
v 0.02815502 0.05887824 -0.00712923
v 0.02767492 0.05956038 -0.00770862
v 0.02614292 0.06160677 -0.00952440
v 0.02769110 0.05753529 -0.00953475
v 0.02900193 0.05735054 -0.00536001
v 0.02799858 0.05693842 -0.00874325
v 0.02763716 0.05520466 -0.00980375
v 0.02670394 0.05520466 -0.01179542
v 0.02611056 0.02300936 -0.01349739
v 0.02556033 0.02086348 -0.01454754
v 0.02553336 0.01871760 -0.01451133
v 0.02448685 0.02086348 -0.01602189
v 0.02445988 0.01871760 -0.01594947
v 0.02371007 0.02556736 -0.01722724
v 0.01481477 0.07885908 -0.00106628
v 0.02438976 0.01657172 -0.01588739
v 0.02344574 0.01657172 -0.01695823
v 0.02338101 0.01442584 -0.01687029
v 0.02219965 0.01227996 -0.01791527
v 0.02171955 0.00626865 -0.01783250
v 0.02089961 0.00626865 -0.01869125
v 0.02962768 0.05520466 0.00107541
v 0.02942809 0.05735054 0.00107541
v 0.02774505 0.00626865 0.00551915
v 0.02810108 0.00626865 0.00466041
v 0.02817120 0.00626865 0.00435519
v 0.02848947 0.00798820 0.00322227
v 0.02944427 0.04447526 0.00107541
v 0.02863512 0.00798820 0.00107541
v 0.02868367 0.01013408 0.00107541
v 0.02766953 0.06159257 0.00341368
v 0.02628857 0.06390898 0.00533292
v 0.02587860 0.06496771 0.00459316
v 0.02319760 0.06842101 0.00751599
v 0.02312748 0.06798757 0.00970941
v 0.02866209 0.05949643 0.00107541
v 0.02805253 0.06083938 0.00282394
v 0.01450190 0.07885908 0.01177350
v 0.02197308 0.06967870 0.00966285
v 0.02434121 0.06573511 -0.00536001
v 0.02541469 0.06432821 -0.00536001
v 0.02615371 0.06325527 -0.00536001
v 0.02847329 0.05971670 -0.00341490
v 0.02628318 0.06349685 -0.00321314
v 0.02581926 0.06488954 -0.00011959
v 0.02590018 0.06499613 0.00107541
v 0.02662302 0.06379529 0.00107541
v 0.02938493 0.05735054 -0.00321314
v 0.02952519 0.05520466 -0.00321314
v 0.02908824 0.05520466 -0.00536001
v 0.02770729 0.02300936 -0.00990722
v 0.02694129 0.02300936 -0.01179542
v 0.02609437 0.02086348 -0.01347670
v 0.02607819 0.01871760 -0.01344048
v 0.02605122 0.01657172 -0.01335254
v 0.02546323 0.01657172 -0.01442856
v 0.01496581 0.07885908 0.00020114
v 0.02316524 0.06854180 0.00107541
v 0.02400676 0.06746887 0.00107541
v 0.02384493 0.06725570 -0.00106628
v 0.02438976 0.06611881 -0.00326488
v 0.02429266 0.01442584 -0.01579427
v 0.02396360 0.00626865 -0.01538559
v 0.02377480 0.00626865 -0.01560287
v 0.02299801 0.00626865 -0.01646161
v 0.02278224 0.00626865 -0.01669440
v 0.02192453 0.00626865 -0.01761523
v 0.02962228 0.05520466 -0.00106628
v 0.02942809 0.05735054 -0.00106628
v 0.02836540 0.00626865 0.00322227
v 0.02839777 0.00626865 0.00279290
v 0.02866209 0.00798820 -0.00106628
v 0.02850026 0.00626865 0.00107541
v 0.02859736 0.00626865 -0.00106628
v 0.02667697 0.06379529 0.00322227
v 0.02594333 0.06506008 0.00322227
v 0.02326773 0.06857734 0.00536913
v 0.02212413 0.06984923 0.00751599
v 0.02861893 0.05949643 -0.00106628
v 0.02759940 0.06188389 0.00107541
v 0.01481477 0.07885908 0.00966285
v 0.02559270 0.06456980 -0.00321314
v 0.02571677 0.06474743 -0.00154221
v 0.02504787 0.06573511 -0.00092143
v 0.02508023 0.06606907 0.00107541
v 0.02327312 0.06866260 0.00322227
v 0.02407149 0.06758966 0.00322227
v 0.02857039 0.00626865 -0.00321314
v 0.02852723 0.00626865 -0.00364252
v 0.02832224 0.00626865 -0.00536001
v 0.02807950 0.00996355 -0.00770862
v 0.02796622 0.01056752 -0.00862944
v 0.02798240 0.01227996 -0.00868118
v 0.02798779 0.01442584 -0.00871739
v 0.02801477 0.02300936 -0.00883120
v 0.02765874 0.01657172 -0.00981410
v 0.02763716 0.01442584 -0.00979341
v 0.02687656 0.01871760 -0.01179542
v 0.02683880 0.01657172 -0.01179542
v 0.02675249 0.01442584 -0.01179542
v 0.02635870 0.00626865 -0.01165057
v 0.02622923 0.00626865 -0.01186784
v 0.02557112 0.00626865 -0.01295938
v 0.02495077 0.00626865 -0.01394228
v 0.02474579 0.00626865 -0.01424750
v 0.01505212 0.07885908 0.00107541
v 0.01523013 0.07885908 0.00536913
v 0.01513843 0.07885908 0.00638824
v 0.01489568 0.07885908 0.00895413
v 0.01514382 0.07885908 0.00207900
v 0.01524632 0.07885908 0.00322227
v 0.01524092 0.07885908 0.00407584
v 0.02826830 0.00626865 -0.00576351
v 0.02758322 0.01227996 -0.00975719
v 0.02794464 0.00913219 -0.00856219
v 0.02739441 0.00626865 -0.00964856
v 0.02717864 0.00626865 -0.01006758
v 0.02790688 0.00626865 -0.00829836
f 1 2 8
f 1 8 16
f 1 16 24
f 1 24 23
f 1 23 22
f 1 22 21
f 1 21 44
f 1 44 43
f 1 43 79
f 1 79 78
f 1 78 77
f 1 77 106
f 1 106 132
f 1 132 163
f 1 163 184
f 1 184 210
f 1 210 209
f 1 209 238
f 1 238 237
f 1 237 236
f 1 236 235
f 1 235 234
f 1 234 233
f 1 233 232
f 1 232 231
f 1 231 230
f 1 230 229
f 1 229 228
f 1 228 251
f 1 251 250
f 1 250 249
f 1 249 266
f 1 266 270
f 1 270 271
f 1 271 268
f 1 268 262
f 1 262 261
f 1 261 260
f 1 260 259
f 1 259 258
f 1 258 257
f 1 257 256
f 1 256 254
f 1 254 253
f 1 253 252
f 1 252 240
f 1 240 214
f 1 214 213
f 1 213 212
f 1 212 187
f 1 187 165
f 1 165 140
f 1 140 141
f 1 141 136
f 1 136 135
f 1 135 134
f 1 134 133
f 1 133 109
f 1 109 82
f 1 82 81
f 1 81 50
f 1 50 49
f 1 49 48
f 1 48 33
f 1 33 25
f 1 25 10
f 1 10 3
f 1 3 4
f 1 4 5
f 1 5 6
f 1 6 7
f 1 7 2
f 2 7 9
f 2 9 8
f 3 10 11
f 3 11 4
f 4 11 12
f 4 12 5
f 5 12 13
f 5 13 6
f 6 9 7
f 6 13 14
f 6 14 15
f 6 15 9
f 8 9 16
f 9 15 17
f 9 17 18
f 9 18 19
f 9 19 20
f 9 20 21
f 9 21 22
f 9 22 23
f 9 23 24
f 9 24 16
f 10 25 11
f 11 26 27
f 11 27 28
f 11 28 29
f 11 29 30
f 11 30 31
f 11 31 32
f 11 32 12
f 11 25 33
f 11 33 26
f 12 32 14
f 12 14 13
f 14 32 34
f 14 34 35
f 14 35 15
f 15 35 36
f 15 36 17
f 17 37 38
f 17 38 19
f 17 19 18
f 17 36 39
f 17 39 40
f 17 40 37
f 19 38 41
f 19 41 42
f 19 42 20
f 20 42 43
f 20 43 44
f 20 44 21
f 26 33 27
f 27 33 28
f 28 45 46
f 28 46 47
f 28 47 30
f 28 30 29
f 28 33 48
f 28 48 49
f 28 49 50
f 28 50 45
f 30 51 52
f 30 52 53
f 30 53 54
f 30 54 55
f 30 55 31
f 30 47 51
f 31 55 32
f 32 55 56
f 32 56 34
f 34 56 57
f 34 57 58
f 34 58 35
f 35 58 59
f 35 59 36
f 36 59 60
f 36 60 39
f 37 40 39
f 37 39 61
f 37 61 38
f 38 62 63
f 38 63 41
f 38 61 62
f 39 60 64
f 39 64 65
f 39 65 66
f 39 66 67
f 39 67 68
f 39 68 69
f 39 69 70
f 39 70 71
f 39 71 72
f 39 72 73
f 39 73 62
f 39 62 61
f 41 63 74
f 41 74 42
f 42 74 75
f 42 75 76
f 42 76 77
f 42 77 78
f 42 78 79
f 42 79 43
f 45 80 46
f 45 50 81
f 45 81 82
f 45 82 80
f 46 83 51
f 46 51 47
f 46 80 83
f 51 83 84
f 51 84 85
f 51 85 86
f 51 86 53
f 51 53 52
f 53 86 54
f 54 86 87
f 54 87 88
f 54 88 89
f 54 89 57
f 54 57 55
f 55 57 56
f 57 89 58
f 58 89 88
f 58 88 87
f 58 87 90
f 58 90 59
f 59 90 87
f 59 87 91
f 59 91 64
f 59 64 60
f 62 73 63
f 63 73 92
f 63 92 93
f 63 93 74
f 64 91 87
f 64 87 94
f 64 94 65
f 65 94 95
f 65 95 66
f 66 95 67
f 67 95 68
f 68 95 96
f 68 96 97
f 68 97 69
f 69 98 99
f 69 99 70
f 69 97 98
f 70 99 100
f 70 100 71
f 71 100 101
f 71 101 72
f 72 101 102
f 72 102 92
f 72 92 73
f 74 93 75
f 75 93 103
f 75 103 104
f 75 104 105
f 75 105 76
f 76 105 77
f 77 105 107
f 77 107 106
f 80 108 83
f 80 82 108
f 82 109 110
f 82 110 108
f 83 111 84
f 83 108 110
f 83 110 112
f 83 112 111
f 84 111 113
f 84 113 114
f 84 114 85
f 85 114 86
f 86 115 116
f 86 116 94
f 86 94 87
f 86 114 117
f 86 117 115
f 92 102 118
f 92 118 93
f 93 118 103
f 94 116 95
f 95 116 119
f 95 119 96
f 96 119 120
f 96 120 121
f 96 121 97
f 97 121 98
f 98 122 99
f 98 121 123
f 98 123 122
f 99 122 124
f 99 124 125
f 99 125 100
f 100 125 101
f 101 126 127
f 101 127 128
f 101 128 102
f 101 125 126
f 102 128 118
f 103 118 129
f 103 129 130
f 103 130 104
f 104 107 105
f 104 130 131
f 104 131 107
f 106 107 131
f 106 131 132
f 109 133 110
f 110 133 134
f 110 134 135
f 110 135 136
f 110 136 112
f 111 137 138
f 111 138 139
f 111 139 113
f 111 112 140
f 111 140 137
f 112 136 141
f 112 141 140
f 113 139 114
f 114 139 117
f 115 142 143
f 115 143 144
f 115 144 116
f 115 117 145
f 115 145 142
f 116 146 119
f 116 144 146
f 117 139 145
f 118 128 129
f 119 146 147
f 119 147 148
f 119 148 120
f 120 149 123
f 120 123 121
f 120 148 149
f 122 123 150
f 122 150 151
f 122 151 152
f 122 152 124
f 123 149 153
f 123 153 154
f 123 154 150
f 124 152 155
f 124 155 156
f 124 156 125
f 125 156 126
f 126 156 127
f 127 156 157
f 127 157 128
f 128 157 158
f 128 158 159
f 128 159 160
f 128 160 129
f 129 160 161
f 129 161 162
f 129 162 130
f 130 162 131
f 131 162 132
f 132 162 163
f 137 164 138
f 137 140 165
f 137 165 164
f 138 164 166
f 138 166 139
f 139 167 145
f 139 166 167
f 142 145 143
f 143 168 169
f 143 169 144
f 143 145 167
f 143 167 168
f 144 169 146
f 146 169 147
f 147 169 170
f 147 170 171
f 147 171 148
f 148 171 149
f 149 171 172
f 149 172 173
f 149 173 153
f 150 154 174
f 150 174 151
f 151 175 152
f 151 174 175
f 152 175 176
f 152 176 177
f 152 177 178
f 152 178 179
f 152 179 155
f 153 173 154
f 154 173 174
f 155 179 157
f 155 157 156
f 157 179 158
f 158 180 159
f 158 179 178
f 158 178 180
f 159 180 181
f 159 181 182
f 159 182 183
f 159 183 161
f 159 161 160
f 161 183 162
f 162 183 184
f 162 184 163
f 164 185 186
f 164 186 166
f 164 165 187
f 164 187 185
f 166 186 167
f 167 186 188
f 167 188 168
f 168 189 170
f 168 170 169
f 168 188 190
f 168 190 191
f 168 191 192
f 168 192 189
f 170 189 171
f 171 189 193
f 171 193 172
f 172 193 194
f 172 194 195
f 172 195 173
f 173 195 196
f 173 196 174
f 174 196 175
f 175 196 194
f 175 194 197
f 175 197 176
f 176 197 198
f 176 198 199
f 176 199 200
f 176 200 201
f 176 201 202
f 176 202 203
f 176 203 204
f 176 204 205
f 176 205 177
f 177 205 180
f 177 180 178
f 180 205 206
f 180 206 181
f 181 206 182
f 182 206 183
f 183 206 205
f 183 205 207
f 183 207 208
f 183 208 209
f 183 209 210
f 183 210 184
f 185 211 186
f 185 187 212
f 185 212 213
f 185 213 214
f 185 214 211
f 186 215 216
f 186 216 217
f 186 217 188
f 186 211 215
f 188 217 190
f 189 192 218
f 189 218 219
f 189 219 220
f 189 220 221
f 189 221 222
f 189 222 193
f 190 217 216
f 190 216 191
f 191 216 215
f 191 215 192
f 192 215 223
f 192 223 218
f 193 222 194
f 194 222 199
f 194 199 197
f 194 196 195
f 197 199 198
f 199 222 224
f 199 224 225
f 199 225 226
f 199 226 200
f 200 226 227
f 200 227 228
f 200 228 229
f 200 229 201
f 201 229 202
f 202 204 203
f 202 229 230
f 202 230 231
f 202 231 232
f 202 232 233
f 202 233 234
f 202 234 235
f 202 235 236
f 202 236 204
f 204 208 205
f 204 236 237
f 204 237 208
f 205 208 207
f 208 237 238
f 208 238 209
f 211 239 215
f 211 214 240
f 211 240 239
f 215 241 223
f 215 239 242
f 215 242 241
f 218 243 219
f 218 223 241
f 218 241 243
f 219 243 220
f 220 243 244
f 220 244 245
f 220 245 224
f 220 224 221
f 221 224 222
f 224 245 225
f 225 245 244
f 225 244 246
f 225 246 247
f 225 247 248
f 225 248 249
f 225 249 250
f 225 250 251
f 225 251 226
f 226 251 227
f 227 251 228
f 239 240 252
f 239 252 253
f 239 253 254
f 239 254 242
f 241 242 255
f 241 255 246
f 241 246 243
f 242 254 256
f 242 256 257
f 242 257 258
f 242 258 259
f 242 259 260
f 242 260 261
f 242 261 262
f 242 262 255
f 243 246 244
f 246 255 263
f 246 263 264
f 246 264 265
f 246 265 247
f 247 265 266
f 247 266 249
f 247 249 248
f 255 267 263
f 255 262 268
f 255 268 267
f 263 267 264
f 264 267 269
f 264 269 265
f 265 269 270
f 265 270 266
f 267 268 271
f 267 271 269
f 269 271 270
f 272 273 276
f 272 276 285
f 272 285 298
f 272 298 302
f 272 302 301
f 272 301 300
f 272 300 328
f 272 328 327
f 272 327 326
f 272 326 325
f 272 325 323
f 272 323 358
f 272 358 395
f 272 395 394
f 272 394 391
f 272 391 390
f 272 390 389
f 272 389 388
f 272 388 387
f 272 387 386
f 272 386 385
f 272 385 384
f 272 384 430
f 272 430 429
f 272 429 488
f 272 488 544
f 272 544 543
f 272 543 542
f 272 542 595
f 272 595 635
f 272 635 674
f 272 674 687
f 272 687 686
f 272 686 685
f 272 685 725
f 272 725 762
f 272 762 790
f 272 790 789
f 272 789 796
f 272 796 795
f 272 795 794
f 272 794 812
f 272 812 834
f 272 834 833
f 272 833 832
f 272 832 843
f 272 843 844
f 272 844 840
f 272 840 836
f 272 836 815
f 272 815 819
f 272 819 818
f 272 818 817
f 272 817 816
f 272 816 814
f 272 814 813
f 272 813 797
f 272 797 766
f 272 766 770
f 272 770 769
f 272 769 768
f 272 768 764
f 272 764 763
f 272 763 726
f 272 726 688
f 272 688 644
f 272 644 643
f 272 643 603
f 272 603 602
f 272 602 601
f 272 601 600
f 272 600 554
f 272 554 553
f 272 553 552
f 272 552 551
f 272 551 549
f 272 549 500
f 272 500 498
f 272 498 497
f 272 497 496
f 272 496 495
f 272 495 493
f 272 493 548
f 272 548 547
f 272 547 491
f 272 491 441
f 272 441 398
f 272 398 396
f 272 396 360
f 272 360 359
f 272 359 329
f 272 329 303
f 272 303 297
f 272 297 283
f 272 283 282
f 272 282 277
f 272 277 274
f 272 274 275
f 272 275 273
f 273 275 276
f 274 277 275
f 275 278 279
f 275 279 280
f 275 280 281
f 275 281 276
f 275 277 282
f 275 282 283
f 275 283 278
f 276 281 284
f 276 284 285
f 278 283 286
f 278 286 287
f 278 287 279
f 279 288 280
f 279 287 289
f 279 289 290
f 279 290 288
f 280 291 281
f 280 288 292
f 280 292 293
f 280 293 291
f 281 291 294
f 281 294 295
f 281 295 296
f 281 296 284
f 283 297 286
f 284 298 285
f 284 296 299
f 284 299 300
f 284 300 301
f 284 301 302
f 284 302 298
f 286 297 303
f 286 303 304
f 286 304 305
f 286 305 306
f 286 306 287
f 287 306 307
f 287 307 308
f 287 308 309
f 287 309 289
f 288 310 311
f 288 311 312
f 288 312 292
f 288 290 310
f 289 309 290
f 290 309 308
f 290 308 313
f 290 313 314
f 290 314 315
f 290 315 310
f 291 293 294
f 292 312 316
f 292 316 293
f 293 295 294
f 293 316 317
f 293 317 318
f 293 318 319
f 293 319 320
f 293 320 321
f 293 321 295
f 295 322 323
f 295 323 299
f 295 299 296
f 295 321 324
f 295 324 322
f 299 323 325
f 299 325 326
f 299 326 327
f 299 327 328
f 299 328 300
f 303 329 330
f 303 330 331
f 303 331 304
f 304 331 305
f 305 331 306
f 306 331 332
f 306 332 307
f 307 332 333
f 307 333 334
f 307 334 308
f 308 314 313
f 308 334 335
f 308 335 336
f 308 336 337
f 308 337 338
f 308 338 339
f 308 339 340
f 308 340 341
f 308 341 314
f 310 315 311
f 311 315 342
f 311 342 343
f 311 343 312
f 312 344 345
f 312 345 346
f 312 346 316
f 312 343 344
f 314 341 315
f 315 341 342
f 316 346 347
f 316 347 348
f 316 348 349
f 316 349 317
f 317 349 318
f 318 349 319
f 319 349 350
f 319 350 351
f 319 351 352
f 319 352 320
f 320 324 321
f 320 352 351
f 320 351 353
f 320 353 354
f 320 354 355
f 320 355 356
f 320 356 322
f 320 322 324
f 322 356 357
f 322 357 358
f 322 358 323
f 329 359 330
f 330 333 332
f 330 332 331
f 330 359 360
f 330 360 361
f 330 361 362
f 330 362 333
f 333 362 334
f 334 362 363
f 334 363 335
f 335 364 336
f 335 363 365
f 335 365 366
f 335 366 367
f 335 367 368
f 335 368 369
f 335 369 364
f 336 364 370
f 336 370 371
f 336 371 338
f 336 338 337
f 338 371 372
f 338 372 373
f 338 373 339
f 339 373 374
f 339 374 340
f 340 374 341
f 341 374 343
f 341 343 342
f 343 374 375
f 343 375 344
f 344 375 345
f 345 375 376
f 345 376 377
f 345 377 378
f 345 378 346
f 346 378 347
f 347 379 380
f 347 380 351
f 347 351 381
f 347 381 348
f 347 378 377
f 347 377 379
f 348 381 351
f 348 351 350
f 348 350 349
f 351 380 353
f 353 355 354
f 353 380 355
f 355 382 383
f 355 383 384
f 355 384 385
f 355 385 386
f 355 386 387
f 355 387 388
f 355 388 389
f 355 389 390
f 355 390 391
f 355 391 356
f 355 380 392
f 355 392 393
f 355 393 382
f 356 391 394
f 356 394 395
f 356 395 357
f 357 395 358
f 360 396 361
f 361 396 397
f 361 397 366
f 361 366 362
f 362 366 363
f 363 366 365
f 364 369 370
f 366 397 396
f 366 396 398
f 366 398 399
f 366 399 400
f 366 400 367
f 367 400 401
f 367 401 368
f 368 401 402
f 368 402 403
f 368 403 404
f 368 404 405
f 368 405 406
f 368 406 407
f 368 407 408
f 368 408 409
f 368 409 369
f 369 409 407
f 369 407 370
f 370 407 410
f 370 410 411
f 370 411 412
f 370 412 413
f 370 413 371
f 371 413 372
f 372 413 412
f 372 412 414
f 372 414 373
f 373 414 415
f 373 415 416
f 373 416 374
f 374 416 417
f 374 417 375
f 375 417 418
f 375 418 419
f 375 419 420
f 375 420 421
f 375 421 422
f 375 422 376
f 376 422 377
f 377 422 423
f 377 423 379
f 379 423 424
f 379 424 425
f 379 425 380
f 380 425 426
f 380 426 392
f 382 393 427
f 382 427 383
f 383 428 429
f 383 429 430
f 383 430 384
f 383 427 431
f 383 431 432
f 383 432 433
f 383 433 434
f 383 434 435
f 383 435 436
f 383 436 437
f 383 437 438
f 383 438 428
f 392 426 425
f 392 425 432
f 392 432 439
f 392 439 440
f 392 440 393
f 393 440 439
f 393 439 427
f 398 441 399
f 399 442 400
f 399 441 442
f 400 442 443
f 400 443 444
f 400 444 445
f 400 445 401
f 401 445 402
f 402 445 446
f 402 446 447
f 402 447 448
f 402 448 403
f 403 448 404
f 404 449 450
f 404 450 451
f 404 451 452
f 404 452 453
f 404 453 454
f 404 454 455
f 404 455 405
f 404 448 449
f 405 455 456
f 405 456 406
f 406 456 407
f 407 456 457
f 407 457 410
f 407 409 408
f 410 457 458
f 410 458 459
f 410 459 411
f 411 459 460
f 411 460 461
f 411 461 412
f 412 415 414
f 412 461 462
f 412 462 463
f 412 463 415
f 415 463 464
f 415 464 465
f 415 465 466
f 415 466 467
f 415 467 468
f 415 468 416
f 416 468 417
f 417 468 418
f 418 468 467
f 418 467 469
f 418 469 419
f 419 469 470
f 419 470 471
f 419 471 420
f 420 472 473
f 420 473 474
f 420 474 475
f 420 475 476
f 420 476 421
f 420 471 470
f 420 470 472
f 421 476 477
f 421 477 423
f 421 423 422
f 423 477 424
f 424 477 475
f 424 475 478
f 424 478 425
f 425 479 480
f 425 480 435
f 425 435 434
f 425 434 481
f 425 481 432
f 425 478 482
f 425 482 483
f 425 483 484
f 425 484 479
f 427 439 431
f 428 438 485
f 428 485 429
f 429 486 487
f 429 487 488
f 429 485 486
f 431 439 432
f 432 481 433
f 433 481 434
f 435 480 436
f 436 480 489
f 436 489 490
f 436 490 438
f 436 438 437
f 438 486 485
f 438 490 487
f 438 487 486
f 441 491 442
f 442 491 443
f 443 491 492
f 443 492 444
f 444 446 445
f 444 492 493
f 444 493 494
f 444 494 495
f 444 495 496
f 444 496 497
f 444 497 446
f 446 497 498
f 446 498 447
f 447 499 448
f 447 498 500
f 447 500 499
f 448 499 449
f 449 501 502
f 449 502 503
f 449 503 450
f 449 499 501
f 450 503 504
f 450 504 505
f 450 505 506
f 450 506 451
f 451 506 507
f 451 507 508
f 451 508 509
f 451 509 452
f 452 509 510
f 452 510 453
f 453 510 454
f 454 511 455
f 454 510 511
f 455 511 456
f 456 512 457
f 456 511 513
f 456 513 514
f 456 514 512
f 457 515 516
f 457 516 458
f 457 512 517
f 457 517 515
f 458 516 459
f 459 516 460
f 460 516 518
f 460 518 519
f 460 519 462
f 460 462 461
f 462 519 520
f 462 520 463
f 463 520 464
f 464 520 521
f 464 521 522
f 464 522 465
f 465 522 470
f 465 470 523
f 465 523 466
f 466 523 467
f 467 523 469
f 469 523 470
f 470 524 525
f 470 525 526
f 470 526 472
f 470 522 521
f 470 521 527
f 470 527 524
f 472 526 525
f 472 525 473
f 473 525 528
f 473 528 529
f 473 529 530
f 473 530 474
f 474 482 475
f 474 530 529
f 474 529 528
f 474 528 531
f 474 531 482
f 475 477 476
f 475 482 478
f 479 532 480
f 479 484 532
f 480 533 489
f 480 532 533
f 482 531 483
f 483 531 534
f 483 534 535
f 483 535 536
f 483 536 484
f 484 537 538
f 484 538 532
f 484 536 590
f 484 590 537
f 487 539 540
f 487 540 541
f 487 541 542
f 487 542 543
f 487 543 544
f 487 544 488
f 487 490 489
f 487 489 539
f 489 533 545
f 489 545 546
f 489 546 539
f 491 547 492
f 492 547 548
f 492 548 493
f 493 495 494
f 499 500 549
f 499 549 550
f 499 550 501
f 501 549 551
f 501 551 552
f 501 552 502
f 501 550 549
f 502 552 553
f 502 553 554
f 502 554 555
f 502 555 504
f 502 504 503
f 504 555 556
f 504 556 505
f 505 556 557
f 505 557 558
f 505 558 506
f 506 558 507
f 507 558 559
f 507 559 560
f 507 560 561
f 507 561 562
f 507 562 508
f 508 562 563
f 508 563 564
f 508 564 565
f 508 565 509
f 509 565 566
f 509 566 567
f 509 567 510
f 510 567 513
f 510 513 511
f 512 514 568
f 512 568 517
f 513 567 569
f 513 569 570
f 513 570 514
f 514 570 568
f 515 517 518
f 515 518 516
f 517 568 571
f 517 571 572
f 517 572 518
f 518 572 519
f 519 572 521
f 519 521 520
f 521 572 527
f 524 527 573
f 524 573 574
f 524 574 575
f 524 575 576
f 524 576 528
f 524 528 525
f 527 572 571
f 527 571 577
f 527 577 573
f 528 576 578
f 528 578 579
f 528 579 534
f 528 534 531
f 532 538 533
f 533 538 580
f 533 580 581
f 533 581 582
f 533 582 545
f 534 579 583
f 534 583 584
f 534 584 585
f 534 585 586
f 534 586 587
f 534 587 535
f 535 587 588
f 535 588 536
f 536 588 589
f 536 589 590
f 537 580 538
f 537 590 581
f 537 581 580
f 539 546 540
f 540 591 541
f 540 546 592
f 540 592 593
f 540 593 594
f 540 594 591
f 541 591 542
f 542 591 595
f 545 596 597
f 545 597 598
f 545 598 599
f 545 599 592
f 545 592 546
f 545 582 596
f 554 600 555
f 555 600 556
f 556 600 557
f 557 600 601
f 557 601 602
f 557 602 603
f 557 603 604
f 557 604 605
f 557 605 606
f 557 606 558
f 558 606 607
f 558 607 560
f 558 560 559
f 560 607 608
f 560 608 609
f 560 609 610
f 560 610 561
f 561 611 563
f 561 563 562
f 561 610 612
f 561 612 611
f 563 611 612
f 563 612 613
f 563 613 564
f 564 613 614
f 564 614 565
f 565 614 566
f 566 614 615
f 566 615 616
f 566 616 569
f 566 569 567
f 568 570 617
f 568 617 571
f 569 616 617
f 569 617 570
f 571 617 577
f 573 577 574
f 574 616 612
f 574 612 618
f 574 618 575
f 574 577 619
f 574 619 616
f 575 618 576
f 576 620 578
f 576 618 620
f 577 617 619
f 578 620 621
f 578 621 622
f 578 622 623
f 578 623 583
f 578 583 579
f 581 590 624
f 581 624 596
f 581 596 582
f 583 623 625
f 583 625 626
f 583 626 627
f 583 627 584
f 584 586 585
f 584 627 628
f 584 628 629
f 584 629 586
f 586 630 631
f 586 631 588
f 586 588 587
f 586 629 632
f 586 632 630
f 588 631 589
f 589 624 590
f 589 631 633
f 589 633 624
f 591 634 635
f 591 635 595
f 591 594 636
f 591 636 634
f 592 599 593
f 593 637 638
f 593 638 639
f 593 639 640
f 593 640 641
f 593 641 594
f 593 599 598
f 593 598 637
f 594 641 636
f 596 624 597
f 597 624 633
f 597 633 642
f 597 642 638
f 597 638 598
f 598 638 637
f 603 643 604
f 604 643 644
f 604 644 645
f 604 645 605
f 605 645 646
f 605 646 647
f 605 647 648
f 605 648 649
f 605 649 608
f 605 608 650
f 605 650 606
f 606 650 608
f 606 608 607
f 608 649 651
f 608 651 652
f 608 652 609
f 609 652 610
f 610 653 654
f 610 654 655
f 610 655 656
f 610 656 621
f 610 621 612
f 610 652 657
f 610 657 653
f 612 658 614
f 612 614 613
f 612 621 620
f 612 620 618
f 612 616 658
f 614 658 615
f 615 658 616
f 616 619 617
f 621 656 622
f 622 656 659
f 622 659 623
f 623 659 660
f 623 660 626
f 623 626 625
f 626 660 653
f 626 653 627
f 627 661 628
f 627 653 662
f 627 662 663
f 627 663 664
f 627 664 665
f 627 665 666
f 627 666 661
f 628 632 629
f 628 661 667
f 628 667 632
f 630 668 631
f 630 632 668
f 631 668 669
f 631 669 633
f 632 667 670
f 632 670 671
f 632 671 672
f 632 672 673
f 632 673 668
f 633 669 642
f 634 636 635
f 635 636 641
f 635 641 674
f 638 642 669
f 638 669 675
f 638 675 676
f 638 676 677
f 638 677 678
f 638 678 639
f 639 678 679
f 639 679 640
f 640 680 641
f 640 679 681
f 640 681 682
f 640 682 683
f 640 683 680
f 641 680 684
f 641 684 685
f 641 685 686
f 641 686 687
f 641 687 674
f 644 688 645
f 645 688 689
f 645 689 690
f 645 690 646
f 646 690 691
f 646 691 647
f 647 691 692
f 647 692 648
f 648 692 693
f 648 693 694
f 648 694 649
f 649 695 651
f 649 694 696
f 649 696 697
f 649 697 695
f 651 695 652
f 652 695 657
f 653 660 656
f 653 656 655
f 653 655 654
f 653 657 695
f 653 695 662
f 656 660 659
f 661 666 667
f 662 695 698
f 662 698 699
f 662 699 663
f 663 699 698
f 663 698 695
f 663 695 697
f 663 697 700
f 663 700 701
f 663 701 702
f 663 702 665
f 663 665 664
f 665 702 703
f 665 703 704
f 665 704 666
f 666 704 705
f 666 705 706
f 666 706 707
f 666 707 708
f 666 708 667
f 667 708 709
f 667 709 710
f 667 710 711
f 667 711 670
f 668 673 672
f 668 672 675
f 668 675 669
f 670 711 712
f 670 712 671
f 671 712 672
f 672 712 713
f 672 713 675
f 675 713 714
f 675 714 676
f 676 714 677
f 677 714 715
f 677 715 678
f 678 715 716
f 678 716 717
f 678 717 679
f 679 717 718
f 679 718 682
f 679 682 681
f 680 719 684
f 680 683 719
f 682 718 720
f 682 720 721
f 682 721 722
f 682 722 683
f 683 722 723
f 683 723 719
f 684 719 724
f 684 724 685
f 685 724 719
f 685 719 725
f 688 726 727
f 688 727 689
f 689 728 690
f 689 727 729
f 689 729 730
f 689 730 728
f 690 728 691
f 691 728 692
f 692 731 696
f 692 696 693
f 692 728 732
f 692 732 733
f 692 733 734
f 692 734 731
f 693 696 694
f 696 731 700
f 696 700 697
f 700 731 734
f 700 734 701
f 701 734 735
f 701 735 736
f 701 736 737
f 701 737 702
f 702 737 703
f 703 707 704
f 703 737 738
f 703 738 739
f 703 739 707
f 704 707 706
f 704 706 705
f 707 739 740
f 707 740 708
f 708 740 709
f 709 740 741
f 709 741 742
f 709 742 743
f 709 743 744
f 709 744 745
f 709 745 746
f 709 746 710
f 710 745 747
f 710 747 711
f 710 746 745
f 711 747 712
f 712 747 748
f 712 748 713
f 713 748 714
f 714 748 749
f 714 749 745
f 714 745 750
f 714 750 715
f 715 750 716
f 716 750 751
f 716 751 752
f 716 752 717
f 717 752 718
f 718 752 720
f 719 723 725
f 720 752 753
f 720 753 754
f 720 754 755
f 720 755 756
f 720 756 757
f 720 757 758
f 720 758 721
f 721 723 722
f 721 758 759
f 721 759 725
f 721 725 723
f 725 759 760
f 725 760 761
f 725 761 762
f 726 763 727
f 727 763 764
f 727 764 729
f 728 730 765
f 728 765 732
f 729 766 767
f 729 767 730
f 729 764 768
f 729 768 769
f 729 769 770
f 729 770 766
f 730 767 765
f 732 765 767
f 732 767 771
f 732 771 772
f 732 772 773
f 732 773 733
f 733 773 774
f 733 774 735
f 733 735 734
f 735 774 772
f 735 772 775
f 735 775 776
f 735 776 736
f 736 777 778
f 736 778 737
f 736 776 779
f 736 779 780
f 736 780 781
f 736 781 777
f 737 778 782
f 737 782 738
f 738 742 739
f 738 782 783
f 738 783 784
f 738 784 742
f 739 742 740
f 740 742 741
f 742 784 785
f 742 785 743
f 743 786 753
f 743 753 744
f 743 785 787
f 743 787 786
f 744 753 745
f 745 752 751
f 745 751 750
f 745 749 747
f 745 753 752
f 747 749 748
f 753 786 754
f 754 786 755
f 755 786 756
f 756 761 758
f 756 758 757
f 756 786 787
f 756 787 785
f 756 785 788
f 756 788 761
f 758 761 760
f 758 760 759
f 761 789 790
f 761 790 762
f 761 788 791
f 761 791 792
f 761 792 793
f 761 793 794
f 761 794 795
f 761 795 796
f 761 796 789
f 766 797 767
f 767 797 771
f 771 798 772
f 771 797 798
f 772 799 800
f 772 800 801
f 772 801 802
f 772 802 779
f 772 779 776
f 772 776 775
f 772 774 773
f 772 798 799
f 777 783 782
f 777 782 778
f 777 781 803
f 777 803 783
f 779 802 804
f 779 804 781
f 779 781 780
f 781 804 803
f 783 785 784
f 783 803 785
f 785 803 805
f 785 805 788
f 788 805 791
f 791 805 806
f 791 806 792
f 792 806 807
f 792 807 808
f 792 808 793
f 793 808 809
f 793 809 794
f 794 809 810
f 794 810 811
f 794 811 812
f 797 813 798
f 798 813 814
f 798 814 799
f 799 815 800
f 799 814 816
f 799 816 817
f 799 817 818
f 799 818 819
f 799 819 815
f 800 815 820
f 800 820 821
f 800 821 822
f 800 822 801
f 801 823 824
f 801 824 802
f 801 822 825
f 801 825 826
f 801 826 827
f 801 827 823
f 802 824 804
f 803 804 807
f 803 807 805
f 804 824 828
f 804 828 807
f 805 807 806
f 807 828 823
f 807 823 829
f 807 829 830
f 807 830 808
f 808 830 831
f 808 831 810
f 808 810 809
f 810 831 811
f 811 832 833
f 811 833 834
f 811 834 812
f 811 831 835
f 811 835 832
f 815 836 820
f 820 836 821
f 821 836 837
f 821 837 822
f 822 837 825
f 823 828 824
f 823 827 829
f 825 838 839
f 825 839 826
f 825 837 840
f 825 840 838
f 826 839 841
f 826 841 827
f 827 841 842
f 827 842 829
f 829 842 835
f 829 835 831
f 829 831 830
f 832 835 843
f 835 842 844
f 835 844 843
f 836 840 837
f 838 840 844
f 838 844 839
f 839 844 841
f 841 844 842
f 845 846 847
f 845 847 848
f 845 848 849
f 845 849 850
f 845 850 851
f 845 851 852
f 845 852 853
f 845 853 854
f 845 854 855
f 845 855 856
f 845 856 857
f 845 857 846
f 846 858 859
f 846 859 860
f 846 860 861
f 846 861 847
f 846 857 862
f 846 862 858
f 847 863 888
f 847 888 887
f 847 887 921
f 847 921 920
f 847 920 919
f 847 919 884
f 847 884 883
f 847 883 918
f 847 918 968
f 847 968 1023
f 847 1023 1079
f 847 1079 1139
f 847 1139 1138
f 847 1138 1200
f 847 1200 1259
f 847 1259 1258
f 847 1258 1255
f 847 1255 1311
f 847 1311 1310
f 847 1310 1358
f 847 1358 1390
f 847 1390 1392
f 847 1392 1423
f 847 1423 1472
f 847 1472 1471
f 847 1471 1470
f 847 1470 1507
f 847 1507 1543
f 847 1543 1580
f 847 1580 1579
f 847 1579 1578
f 847 1578 1577
f 847 1577 1629
f 847 1629 1681
f 847 1681 1726
f 847 1726 1725
f 847 1725 1724
f 847 1724 1771
f 847 1771 1770
f 847 1770 1822
f 847 1822 1821
f 847 1821 1820
f 847 1820 1819
f 847 1819 1818
f 847 1818 1874
f 847 1874 1917
f 847 1917 1916
f 847 1916 1961
f 847 1961 1960
f 847 1960 1959
f 847 1959 1958
f 847 1958 1957
f 847 1957 1956
f 847 1956 1955
f 847 1955 1964
f 847 1964 1927
f 847 1927 1966
f 847 1966 1965
f 847 1965 1932
f 847 1932 1931
f 847 1931 1930
f 847 1930 1929
f 847 1929 1928
f 847 1928 1921
f 847 1921 1963
f 847 1963 1944
f 847 1944 1899
f 847 1899 1898
f 847 1898 1897
f 847 1897 1851
f 847 1851 1850
f 847 1850 1845
f 847 1845 1844
f 847 1844 1843
f 847 1843 1842
f 847 1842 1792
f 847 1792 1744
f 847 1744 1699
f 847 1699 1647
f 847 1647 1602
f 847 1602 1601
f 847 1601 1600
f 847 1600 1556
f 847 1556 1527
f 847 1527 1487
f 847 1487 1526
f 847 1526 1484
f 847 1484 1445
f 847 1445 1444
f 847 1444 1443
f 847 1443 1404
f 847 1404 1401
f 847 1401 1367
f 847 1367 1323
f 847 1323 1269
f 847 1269 1212
f 847 1212 1152
f 847 1152 1087
f 847 1087 1086
f 847 1086 1080
f 847 1080 1026
f 847 1026 976
f 847 976 929
f 847 929 928
f 847 928 927
f 847 927 972
f 847 972 1025
f 847 1025 1024
f 847 1024 971
f 847 971 924
f 847 924 923
f 847 923 893
f 847 893 891
f 847 891 890
f 847 890 889
f 847 889 864
f 847 864 849
f 847 849 848
f 847 861 863
f 849 864 865
f 849 865 852
f 849 852 850
f 850 852 851
f 852 865 866
f 852 866 867
f 852 867 853
f 853 867 868
f 853 868 869
f 853 869 870
f 853 870 854
f 854 870 871
f 854 871 855
f 855 871 856
f 856 871 872
f 856 872 873
f 856 873 857
f 857 874 875
f 857 875 862
f 857 873 876
f 857 876 874
f 858 877 878
f 858 878 860
f 858 860 859
f 858 862 879
f 858 879 880
f 858 880 877
f 860 881 882
f 860 882 883
f 860 883 884
f 860 884 885
f 860 885 861
f 860 878 886
f 860 886 881
f 861 885 887
f 861 887 888
f 861 888 863
f 862 875 879
f 864 889 865
f 865 889 890
f 865 890 866
f 866 890 891
f 866 891 867
f 867 892 868
f 867 891 893
f 867 893 892
f 868 892 869
f 869 892 894
f 869 894 895
f 869 895 896
f 869 896 870
f 870 897 871
f 870 896 898
f 870 898 899
f 870 899 900
f 870 900 901
f 870 901 897
f 871 897 902
f 871 902 872
f 872 902 903
f 872 903 873
f 873 903 902
f 873 902 904
f 873 904 940
f 873 940 905
f 873 905 876
f 874 876 906
f 874 906 875
f 875 906 907
f 875 907 908
f 875 908 879
f 876 905 909
f 876 909 906
f 877 910 878
f 877 880 911
f 877 911 910
f 878 912 881
f 878 881 886
f 878 910 912
f 879 908 880
f 880 908 913
f 880 913 914
f 880 914 911
f 881 915 916
f 881 916 917
f 881 917 918
f 881 918 882
f 881 912 915
f 882 918 883
f 884 919 885
f 885 919 920
f 885 920 921
f 885 921 887
f 892 922 894
f 892 893 923
f 892 923 924
f 892 924 922
f 894 922 925
f 894 925 895
f 895 926 896
f 895 925 927
f 895 927 928
f 895 928 929
f 895 929 926
f 896 926 930
f 896 930 931
f 896 931 899
f 896 899 898
f 897 932 902
f 897 901 932
f 899 931 900
f 900 931 901
f 901 931 933
f 901 933 934
f 901 934 935
f 901 935 936
f 901 936 932
f 902 932 937
f 902 937 938
f 902 938 904
f 904 936 935
f 904 935 939
f 904 939 940
f 904 938 941
f 904 941 942
f 904 942 936
f 905 940 943
f 905 943 944
f 905 944 909
f 906 909 945
f 906 945 907
f 907 945 908
f 908 946 947
f 908 947 913
f 908 945 948
f 908 948 946
f 909 944 949
f 909 949 950
f 909 950 945
f 910 911 951
f 910 951 952
f 910 952 953
f 910 953 954
f 910 954 912
f 911 914 955
f 911 955 956
f 911 956 957
f 911 957 951
f 912 954 958
f 912 958 915
f 913 947 959
f 913 959 914
f 914 960 956
f 914 956 955
f 914 959 961
f 914 961 960
f 915 958 916
f 916 962 963
f 916 963 964
f 916 964 965
f 916 965 917
f 916 958 1009
f 916 1009 962
f 917 965 918
f 918 966 967
f 918 967 968
f 918 965 966
f 922 969 970
f 922 970 925
f 922 924 969
f 924 971 969
f 925 970 972
f 925 972 927
f 926 973 974
f 926 974 975
f 926 975 930
f 926 929 973
f 929 976 977
f 929 977 978
f 929 978 979
f 929 979 980
f 929 980 981
f 929 981 974
f 929 974 973
f 930 975 931
f 931 982 983
f 931 983 933
f 931 975 984
f 931 984 985
f 931 985 982
f 932 942 937
f 932 936 942
f 933 986 987
f 933 987 988
f 933 988 934
f 933 983 986
f 934 988 989
f 934 989 990
f 934 990 991
f 934 991 935
f 935 991 992
f 935 992 993
f 935 993 994
f 935 994 943
f 935 943 939
f 937 942 941
f 937 941 938
f 939 943 940
f 943 994 995
f 943 995 944
f 944 995 949
f 945 950 996
f 945 996 948
f 946 997 947
f 946 948 998
f 946 998 997
f 947 999 959
f 947 997 1000
f 947 1000 999
f 948 996 1001
f 948 1001 1002
f 948 1002 1003
f 948 1003 998
f 949 995 1004
f 949 1004 1005
f 949 1005 996
f 949 996 950
f 951 957 1006
f 951 1006 1007
f 951 1007 952
f 952 1007 953
f 953 1008 1009
f 953 1009 958
f 953 958 954
f 953 1007 1010
f 953 1010 1008
f 956 1011 957
f 956 960 1012
f 956 1012 1011
f 957 1013 1006
f 957 1011 1013
f 959 1014 961
f 959 999 1015
f 959 1015 1016
f 959 1016 1014
f 960 961 1014
f 960 1014 1012
f 962 1017 1018
f 962 1018 963
f 962 1009 1017
f 963 1018 1019
f 963 1019 964
f 964 1020 1021
f 964 1021 967
f 964 967 965
f 964 1019 1020
f 965 967 966
f 967 1021 1022
f 967 1022 1023
f 967 1023 968
f 969 971 1024
f 969 1024 970
f 970 1024 1025
f 970 1025 972
f 974 981 984
f 974 984 975
f 976 1026 977
f 977 1027 1028
f 977 1028 1029
f 977 1029 978
f 977 1026 1030
f 977 1030 1031
f 977 1031 1027
f 978 1029 979
f 979 1029 1032
f 979 1032 980
f 980 1032 1033
f 980 1033 1034
f 980 1034 981
f 981 1034 984
f 982 1035 1036
f 982 1036 983
f 982 985 1034
f 982 1034 1035
f 983 1036 986
f 984 1034 985
f 986 1036 1037
f 986 1037 987
f 987 1037 1038
f 987 1038 1039
f 987 1039 988
f 988 1040 1041
f 988 1041 989
f 988 1039 1042
f 988 1042 1040
f 989 1041 1040
f 989 1040 1043
f 989 1043 1044
f 989 1044 1045
f 989 1045 990
f 990 1045 991
f 991 1045 992
f 992 1045 1046
f 992 1046 1047
f 992 1047 1048
f 992 1048 1049
f 992 1049 1050
f 992 1050 1051
f 992 1051 1052
f 992 1052 1053
f 992 1053 1054
f 992 1054 1055
f 992 1055 1004
f 992 1004 993
f 993 1056 995
f 993 995 994
f 993 1004 1056
f 995 1056 1004
f 996 1005 1057
f 996 1057 1001
f 997 998 1058
f 997 1058 1000
f 998 1003 1059
f 998 1059 1060
f 998 1060 1058
f 999 1000 1061
f 999 1061 1015
f 1000 1062 1061
f 1000 1058 1062
f 1001 1004 1002
f 1001 1057 1004
f 1002 1004 1055
f 1002 1055 1063
f 1002 1063 1003
f 1003 1063 1059
f 1004 1057 1005
f 1006 1013 1064
f 1006 1064 1007
f 1007 1064 1065
f 1007 1065 1010
f 1008 1010 1066
f 1008 1066 1009
f 1009 1066 1017
f 1010 1067 1066
f 1010 1065 1067
f 1011 1012 1068
f 1011 1068 1069
f 1011 1069 1013
f 1012 1014 1068
f 1013 1069 1064
f 1014 1016 1070
f 1014 1070 1071
f 1014 1071 1068
f 1015 1061 1072
f 1015 1072 1073
f 1015 1073 1016
f 1016 1074 1070
f 1016 1073 1074
f 1017 1066 1075
f 1017 1075 1018
f 1018 1075 1019
f 1019 1076 1020
f 1019 1075 1076
f 1020 1076 1077
f 1020 1077 1021
f 1021 1077 1022
f 1022 1077 1078
f 1022 1078 1079
f 1022 1079 1023
f 1026 1080 1030
f 1027 1031 1081
f 1027 1081 1028
f 1028 1081 1082
f 1028 1082 1083
f 1028 1083 1084
f 1028 1084 1085
f 1028 1085 1029
f 1029 1085 1032
f 1030 1080 1086
f 1030 1086 1031
f 1031 1086 1087
f 1031 1087 1081
f 1032 1085 1088
f 1032 1088 1033
f 1033 1088 1089
f 1033 1089 1035
f 1033 1035 1034
f 1035 1089 1036
f 1036 1089 1090
f 1036 1090 1037
f 1037 1091 1092
f 1037 1092 1038
f 1037 1090 1093
f 1037 1093 1091
f 1038 1092 1094
f 1038 1094 1095
f 1038 1095 1039
f 1039 1095 1096
f 1039 1096 1097
f 1039 1097 1042
f 1040 1042 1043
f 1042 1097 1098
f 1042 1098 1047
f 1042 1047 1099
f 1042 1099 1043
f 1043 1099 1044
f 1044 1099 1047
f 1044 1047 1046
f 1044 1046 1045
f 1047 1098 1048
f 1048 1098 1100
f 1048 1100 1101
f 1048 1101 1102
f 1048 1102 1103
f 1048 1103 1104
f 1048 1104 1105
f 1048 1105 1049
f 1049 1105 1050
f 1050 1105 1051
f 1051 1105 1104
f 1051 1104 1106
f 1051 1106 1052
f 1052 1106 1107
f 1052 1107 1108
f 1052 1108 1109
f 1052 1109 1110
f 1052 1110 1111
f 1052 1111 1053
f 1053 1111 1110
f 1053 1110 1054
f 1054 1110 1112
f 1054 1112 1063
f 1054 1063 1055
f 1058 1060 1113
f 1058 1113 1114
f 1058 1114 1115
f 1058 1115 1116
f 1058 1116 1117
f 1058 1117 1118
f 1058 1118 1062
f 1059 1113 1060
f 1059 1063 1119
f 1059 1119 1112
f 1059 1112 1120
f 1059 1120 1121
f 1059 1121 1122
f 1059 1122 1123
f 1059 1123 1124
f 1059 1124 1113
f 1061 1062 1072
f 1062 1118 1072
f 1063 1112 1119
f 1064 1125 1065
f 1064 1069 1126
f 1064 1126 1127
f 1064 1127 1125
f 1065 1125 1128
f 1065 1128 1067
f 1066 1067 1128
f 1066 1128 1075
f 1068 1071 1127
f 1068 1127 1126
f 1068 1126 1069
f 1070 1129 1071
f 1070 1074 1130
f 1070 1130 1129
f 1071 1129 1127
f 1072 1118 1117
f 1072 1117 1131
f 1072 1131 1073
f 1073 1131 1074
f 1074 1131 1132
f 1074 1132 1133
f 1074 1133 1130
f 1075 1128 1134
f 1075 1134 1135
f 1075 1135 1076
f 1076 1135 1136
f 1076 1136 1137
f 1076 1137 1077
f 1077 1137 1078
f 1078 1137 1138
f 1078 1138 1139
f 1078 1139 1079
f 1081 1140 1141
f 1081 1141 1082
f 1081 1087 1142
f 1081 1142 1140
f 1082 1143 1144
f 1082 1144 1145
f 1082 1145 1083
f 1082 1141 1146
f 1082 1146 1147
f 1082 1147 1148
f 1082 1148 1143
f 1083 1145 1149
f 1083 1149 1084
f 1084 1149 1150
f 1084 1150 1151
f 1084 1151 1088
f 1084 1088 1085
f 1087 1152 1153
f 1087 1153 1142
f 1088 1151 1089
f 1089 1151 1090
f 1090 1151 1093
f 1091 1093 1092
f 1092 1093 1154
f 1092 1154 1094
f 1093 1151 1150
f 1093 1150 1149
f 1093 1149 1155
f 1093 1155 1154
f 1094 1156 1157
f 1094 1157 1097
f 1094 1097 1096
f 1094 1096 1095
f 1094 1154 1158
f 1094 1158 1156
f 1097 1159 1160
f 1097 1160 1161
f 1097 1161 1102
f 1097 1102 1101
f 1097 1101 1100
f 1097 1100 1098
f 1097 1157 1159
f 1102 1161 1162
f 1102 1162 1163
f 1102 1163 1103
f 1103 1164 1106
f 1103 1106 1165
f 1103 1165 1104
f 1103 1163 1166
f 1103 1166 1167
f 1103 1167 1164
f 1104 1165 1106
f 1106 1164 1107
f 1107 1168 1108
f 1107 1164 1168
f 1108 1169 1109
f 1108 1168 1166
f 1108 1166 1170
f 1108 1170 1171
f 1108 1171 1172
f 1108 1172 1173
f 1108 1173 1174
f 1108 1174 1169
f 1109 1169 1110
f 1110 1169 1175
f 1110 1175 1112
f 1112 1175 1176
f 1112 1176 1177
f 1112 1177 1120
f 1113 1124 1114
f 1114 1124 1115
f 1115 1124 1178
f 1115 1178 1116
f 1116 1178 1179
f 1116 1179 1180
f 1116 1180 1117
f 1117 1181 1133
f 1117 1133 1131
f 1117 1180 1181
f 1120 1177 1121
f 1121 1177 1123
f 1121 1123 1122
f 1123 1177 1124
f 1124 1177 1182
f 1124 1182 1183
f 1124 1183 1184
f 1124 1184 1185
f 1124 1185 1186
f 1124 1186 1178
f 1125 1127 1128
f 1127 1129 1187
f 1127 1187 1128
f 1128 1187 1188
f 1128 1188 1134
f 1129 1189 1187
f 1129 1130 1190
f 1129 1190 1191
f 1129 1191 1189
f 1130 1133 1190
f 1131 1133 1132
f 1133 1181 1192
f 1133 1192 1193
f 1133 1193 1194
f 1133 1194 1190
f 1134 1188 1195
f 1134 1195 1196
f 1134 1196 1135
f 1135 1196 1197
f 1135 1197 1136
f 1136 1197 1198
f 1136 1198 1199
f 1136 1199 1137
f 1137 1199 1138
f 1138 1199 1200
f 1140 1201 1141
f 1140 1142 1201
f 1141 1201 1202
f 1141 1202 1203
f 1141 1203 1146
f 1142 1153 1201
f 1143 1204 1144
f 1143 1148 1204
f 1144 1205 1149
f 1144 1149 1145
f 1144 1204 1206
f 1144 1206 1205
f 1146 1203 1147
f 1147 1203 1207
f 1147 1207 1208
f 1147 1208 1148
f 1148 1208 1209
f 1148 1209 1210
f 1148 1210 1204
f 1149 1205 1211
f 1149 1211 1155
f 1152 1212 1153
f 1153 1212 1213
f 1153 1213 1214
f 1153 1214 1215
f 1153 1215 1216
f 1153 1216 1201
f 1154 1155 1211
f 1154 1211 1158
f 1156 1217 1159
f 1156 1159 1157
f 1156 1158 1217
f 1158 1211 1206
f 1158 1206 1218
f 1158 1218 1217
f 1159 1219 1220
f 1159 1220 1221
f 1159 1221 1222
f 1159 1222 1223
f 1159 1223 1224
f 1159 1224 1160
f 1159 1217 1218
f 1159 1218 1225
f 1159 1225 1226
f 1159 1226 1219
f 1160 1162 1161
f 1160 1224 1227
f 1160 1227 1163
f 1160 1163 1162
f 1163 1227 1166
f 1164 1167 1168
f 1166 1168 1167
f 1166 1227 1223
f 1166 1223 1228
f 1166 1228 1229
f 1166 1229 1171
f 1166 1171 1170
f 1169 1174 1230
f 1169 1230 1231
f 1169 1231 1175
f 1171 1229 1228
f 1171 1228 1286
f 1171 1286 1285
f 1171 1285 1284
f 1171 1284 1283
f 1171 1283 1282
f 1171 1282 1281
f 1171 1281 1280
f 1171 1280 1277
f 1171 1277 1331
f 1171 1331 1372
f 1171 1372 1407
f 1171 1407 1433
f 1171 1433 1432
f 1171 1432 1477
f 1171 1477 1519
f 1171 1519 1553
f 1171 1553 1592
f 1171 1592 1599
f 1171 1599 1598
f 1171 1598 1597
f 1171 1597 1596
f 1171 1596 1595
f 1171 1595 1646
f 1171 1646 1698
f 1171 1698 1743
f 1171 1743 1791
f 1171 1791 1790
f 1171 1790 1841
f 1171 1841 1840
f 1171 1840 1839
f 1171 1839 1893
f 1171 1893 1892
f 1171 1892 1914
f 1171 1914 1871
f 1171 1871 1869
f 1171 1869 1815
f 1171 1815 1765
f 1171 1765 1720
f 1171 1720 1719
f 1171 1719 1717
f 1171 1717 1671
f 1171 1671 1670
f 1171 1670 1657
f 1171 1657 1609
f 1171 1609 1563
f 1171 1563 1534
f 1171 1534 1496
f 1171 1496 1493
f 1171 1493 1453
f 1171 1453 1408
f 1171 1408 1373
f 1171 1373 1337
f 1171 1337 1336
f 1171 1336 1335
f 1171 1335 1334
f 1171 1334 1333
f 1171 1333 1332
f 1171 1332 1287
f 1171 1287 1236
f 1171 1236 1235
f 1171 1235 1239
f 1171 1239 1238
f 1171 1238 1185
f 1171 1185 1184
f 1171 1184 1232
f 1171 1232 1231
f 1171 1231 1230
f 1171 1230 1174
f 1171 1174 1173
f 1171 1173 1172
f 1175 1231 1232
f 1175 1232 1184
f 1175 1184 1233
f 1175 1233 1176
f 1176 1233 1182
f 1176 1182 1177
f 1178 1186 1234
f 1178 1234 1235
f 1178 1235 1179
f 1179 1235 1236
f 1179 1236 1237
f 1179 1237 1180
f 1180 1237 1192
f 1180 1192 1181
f 1182 1233 1184
f 1182 1184 1183
f 1185 1238 1186
f 1186 1238 1239
f 1186 1239 1234
f 1187 1240 1241
f 1187 1241 1188
f 1187 1189 1240
f 1188 1241 1242
f 1188 1242 1195
f 1189 1191 1240
f 1190 1194 1243
f 1190 1243 1191
f 1191 1243 1240
f 1192 1237 1244
f 1192 1244 1245
f 1192 1245 1193
f 1193 1246 1194
f 1193 1245 1247
f 1193 1247 1246
f 1194 1246 1248
f 1194 1248 1249
f 1194 1249 1243
f 1195 1242 1250
f 1195 1250 1251
f 1195 1251 1252
f 1195 1252 1196
f 1196 1252 1253
f 1196 1253 1197
f 1197 1254 1255
f 1197 1255 1198
f 1197 1253 1256
f 1197 1256 1257
f 1197 1257 1254
f 1198 1255 1258
f 1198 1258 1199
f 1199 1258 1259
f 1199 1259 1200
f 1201 1216 1202
f 1202 1216 1215
f 1202 1215 1260
f 1202 1260 1203
f 1203 1261 1264
f 1203 1264 1207
f 1203 1260 1261
f 1204 1210 1262
f 1204 1262 1263
f 1204 1263 1226
f 1204 1226 1225
f 1204 1225 1218
f 1204 1218 1206
f 1205 1206 1211
f 1207 1264 1265
f 1207 1265 1208
f 1208 1265 1266
f 1208 1266 1209
f 1209 1266 1267
f 1209 1267 1268
f 1209 1268 1263
f 1209 1263 1262
f 1209 1262 1210
f 1212 1269 1270
f 1212 1270 1271
f 1212 1271 1213
f 1213 1271 1214
f 1214 1271 1272
f 1214 1272 1215
f 1215 1273 1274
f 1215 1274 1260
f 1215 1272 1273
f 1219 1275 1276
f 1219 1276 1277
f 1219 1277 1278
f 1219 1278 1221
f 1219 1221 1220
f 1219 1226 1279
f 1219 1279 1263
f 1219 1263 1275
f 1221 1278 1280
f 1221 1280 1281
f 1221 1281 1282
f 1221 1282 1283
f 1221 1283 1222
f 1222 1283 1284
f 1222 1284 1223
f 1223 1227 1224
f 1223 1284 1285
f 1223 1285 1286
f 1223 1286 1228
f 1226 1263 1279
f 1234 1239 1235
f 1236 1287 1237
f 1237 1287 1288
f 1237 1288 1289
f 1237 1289 1245
f 1237 1245 1244
f 1240 1243 1290
f 1240 1290 1241
f 1241 1290 1242
f 1242 1291 1250
f 1242 1290 1291
f 1243 1249 1292
f 1243 1292 1293
f 1243 1293 1290
f 1245 1289 1288
f 1245 1288 1294
f 1245 1294 1247
f 1246 1247 1295
f 1246 1295 1296
f 1246 1296 1297
f 1246 1297 1248
f 1247 1298 1299
f 1247 1299 1300
f 1247 1300 1301
f 1247 1301 1295
f 1247 1294 1302
f 1247 1302 1303
f 1247 1303 1304
f 1247 1304 1298
f 1248 1293 1292
f 1248 1292 1249
f 1248 1297 1305
f 1248 1305 1306
f 1248 1306 1291
f 1248 1291 1293
f 1250 1291 1307
f 1250 1307 1308
f 1250 1308 1251
f 1251 1308 1252
f 1252 1309 1253
f 1252 1308 1309
f 1253 1309 1256
f 1254 1310 1311
f 1254 1311 1255
f 1254 1257 1312
f 1254 1312 1310
f 1256 1309 1313
f 1256 1313 1257
f 1257 1313 1312
f 1260 1274 1261
f 1261 1314 1264
f 1261 1274 1314
f 1263 1268 1315
f 1263 1315 1316
f 1263 1316 1317
f 1263 1317 1318
f 1263 1318 1275
f 1264 1314 1319
f 1264 1319 1320
f 1264 1320 1265
f 1265 1320 1266
f 1266 1320 1321
f 1266 1321 1267
f 1267 1321 1322
f 1267 1322 1268
f 1268 1322 1315
f 1269 1323 1324
f 1269 1324 1270
f 1270 1324 1271
f 1271 1325 1326
f 1271 1326 1272
f 1271 1324 1325
f 1272 1326 1327
f 1272 1327 1273
f 1273 1327 1328
f 1273 1328 1274
f 1274 1328 1314
f 1275 1318 1329
f 1275 1329 1330
f 1275 1330 1276
f 1276 1330 1277
f 1277 1330 1331
f 1277 1280 1278
f 1287 1332 1288
f 1288 1332 1333
f 1288 1333 1334
f 1288 1334 1335
f 1288 1335 1336
f 1288 1336 1337
f 1288 1337 1338
f 1288 1338 1304
f 1288 1304 1303
f 1288 1303 1294
f 1290 1293 1291
f 1291 1306 1339
f 1291 1339 1307
f 1294 1303 1302
f 1295 1301 1340
f 1295 1340 1296
f 1296 1341 1342
f 1296 1342 1297
f 1296 1340 1343
f 1296 1343 1341
f 1297 1342 1341
f 1297 1341 1344
f 1297 1344 1345
f 1297 1345 1305
f 1298 1346 1299
f 1298 1304 1346
f 1299 1346 1347
f 1299 1347 1300
f 1300 1348 1340
f 1300 1340 1301
f 1300 1347 1348
f 1304 1338 1337
f 1304 1337 1349
f 1304 1349 1346
f 1305 1345 1350
f 1305 1350 1351
f 1305 1351 1352
f 1305 1352 1306
f 1306 1352 1339
f 1307 1339 1352
f 1307 1352 1351
f 1307 1351 1353
f 1307 1353 1354
f 1307 1354 1308
f 1308 1354 1355
f 1308 1355 1309
f 1309 1356 1357
f 1309 1357 1313
f 1309 1355 1356
f 1310 1312 1358
f 1312 1313 1358
f 1313 1357 1359
f 1313 1359 1358
f 1314 1360 1319
f 1314 1328 1360
f 1315 1322 1316
f 1316 1361 1362
f 1316 1362 1317
f 1316 1322 1363
f 1316 1363 1361
f 1317 1362 1329
f 1317 1329 1318
f 1319 1360 1364
f 1319 1364 1365
f 1319 1365 1320
f 1320 1365 1366
f 1320 1366 1322
f 1320 1322 1321
f 1322 1366 1363
f 1323 1367 1324
f 1324 1368 1369
f 1324 1369 1325
f 1324 1367 1368
f 1325 1369 1370
f 1325 1370 1326
f 1326 1370 1327
f 1327 1370 1371
f 1327 1371 1328
f 1328 1371 1360
f 1329 1362 1330
f 1330 1362 1331
f 1331 1362 1372
f 1337 1373 1374
f 1337 1374 1375
f 1337 1375 1346
f 1337 1346 1349
f 1340 1348 1376
f 1340 1376 1343
f 1341 1343 1377
f 1341 1377 1351
f 1341 1351 1350
f 1341 1350 1345
f 1341 1345 1344
f 1343 1376 1378
f 1343 1378 1377
f 1346 1375 1374
f 1346 1374 1347
f 1347 1379 1348
f 1347 1374 1379
f 1348 1379 1380
f 1348 1380 1381
f 1348 1381 1382
f 1348 1382 1383
f 1348 1383 1384
f 1348 1384 1385
f 1348 1385 1377
f 1348 1377 1378
f 1348 1378 1376
f 1351 1377 1384
f 1351 1384 1383
f 1351 1383 1353
f 1353 1386 1354
f 1353 1383 1386
f 1354 1386 1387
f 1354 1387 1355
f 1355 1388 1389
f 1355 1389 1356
f 1355 1387 1388
f 1356 1389 1357
f 1357 1389 1359
f 1358 1359 1390
f 1359 1389 1391
f 1359 1391 1392
f 1359 1392 1390
f 1360 1393 1364
f 1360 1371 1393
f 1361 1394 1395
f 1361 1395 1362
f 1361 1363 1396
f 1361 1396 1394
f 1362 1395 1372
f 1363 1366 1397
f 1363 1397 1398
f 1363 1398 1396
f 1364 1393 1399
f 1364 1399 1400
f 1364 1400 1365
f 1365 1400 1366
f 1366 1398 1397
f 1366 1400 1398
f 1367 1401 1368
f 1368 1402 1403
f 1368 1403 1369
f 1368 1401 1404
f 1368 1404 1402
f 1369 1403 1405
f 1369 1405 1370
f 1370 1405 1371
f 1371 1405 1406
f 1371 1406 1393
f 1372 1395 1407
f 1373 1408 1409
f 1373 1409 1374
f 1374 1409 1410
f 1374 1410 1411
f 1374 1411 1412
f 1374 1412 1379
f 1377 1385 1384
f 1379 1412 1413
f 1379 1413 1414
f 1379 1414 1380
f 1380 1414 1415
f 1380 1415 1416
f 1380 1416 1381
f 1381 1416 1382
f 1382 1416 1417
f 1382 1417 1383
f 1383 1417 1418
f 1383 1418 1386
f 1386 1418 1419
f 1386 1419 1420
f 1386 1420 1387
f 1387 1420 1388
f 1388 1421 1389
f 1388 1420 1421
f 1389 1421 1422
f 1389 1422 1391
f 1391 1422 1392
f 1392 1422 1423
f 1393 1424 1399
f 1393 1406 1424
f 1394 1425 1426
f 1394 1426 1427
f 1394 1427 1395
f 1394 1396 1428
f 1394 1428 1429
f 1394 1429 1430
f 1394 1430 1431
f 1394 1431 1425
f 1395 1427 1432
f 1395 1432 1433
f 1395 1433 1407
f 1396 1434 1428
f 1396 1398 1435
f 1396 1435 1436
f 1396 1436 1434
f 1398 1437 1435
f 1398 1400 1438
f 1398 1438 1439
f 1398 1439 1440
f 1398 1440 1441
f 1398 1441 1437
f 1399 1442 1440
f 1399 1440 1438
f 1399 1438 1400
f 1399 1424 1442
f 1402 1404 1443
f 1402 1443 1444
f 1402 1444 1445
f 1402 1445 1446
f 1402 1446 1403
f 1403 1446 1447
f 1403 1447 1448
f 1403 1448 1405
f 1405 1449 1406
f 1405 1448 1450
f 1405 1450 1451
f 1405 1451 1449
f 1406 1449 1452
f 1406 1452 1424
f 1408 1453 1409
f 1409 1453 1454
f 1409 1454 1455
f 1409 1455 1410
f 1410 1456 1411
f 1410 1455 1456
f 1411 1456 1412
f 1412 1457 1413
f 1412 1456 1458
f 1412 1458 1457
f 1413 1457 1459
f 1413 1459 1414
f 1414 1459 1460
f 1414 1460 1461
f 1414 1461 1415
f 1415 1461 1416
f 1416 1461 1462
f 1416 1462 1463
f 1416 1463 1417
f 1417 1463 1464
f 1417 1464 1418
f 1418 1464 1465
f 1418 1465 1419
f 1419 1465 1466
f 1419 1466 1467
f 1419 1467 1421
f 1419 1421 1420
f 1421 1467 1468
f 1421 1468 1422
f 1422 1468 1469
f 1422 1469 1470
f 1422 1470 1471
f 1422 1471 1472
f 1422 1472 1423
f 1424 1473 1474
f 1424 1474 1442
f 1424 1452 1473
f 1425 1475 1426
f 1425 1431 1476
f 1425 1476 1475
f 1426 1475 1477
f 1426 1477 1432
f 1426 1432 1427
f 1428 1434 1429
f 1429 1434 1478
f 1429 1478 1430
f 1430 1478 1479
f 1430 1479 1480
f 1430 1480 1481
f 1430 1481 1431
f 1431 1481 1476
f 1434 1436 1482
f 1434 1482 1479
f 1434 1479 1478
f 1435 1437 1436
f 1436 1437 1482
f 1437 1441 1482
f 1438 1440 1439
f 1440 1442 1474
f 1440 1474 1483
f 1440 1483 1441
f 1441 1483 1482
f 1445 1484 1446
f 1446 1485 1447
f 1446 1484 1486
f 1446 1486 1487
f 1446 1487 1485
f 1447 1485 1448
f 1448 1451 1450
f 1448 1485 1451
f 1449 1488 1452
f 1449 1451 1489
f 1449 1489 1488
f 1451 1485 1489
f 1452 1490 1491
f 1452 1491 1492
f 1452 1492 1473
f 1452 1488 1490
f 1453 1493 1454
f 1454 1493 1455
f 1455 1493 1456
f 1456 1494 1495
f 1456 1495 1458
f 1456 1493 1496
f 1456 1496 1494
f 1457 1497 1459
f 1457 1458 1495
f 1457 1495 1497
f 1459 1498 1460
f 1459 1497 1498
f 1460 1498 1499
f 1460 1499 1461
f 1461 1499 1500
f 1461 1500 1462
f 1462 1501 1465
f 1462 1465 1464
f 1462 1464 1463
f 1462 1500 1502
f 1462 1502 1501
f 1465 1501 1503
f 1465 1503 1466
f 1466 1503 1504
f 1466 1504 1505
f 1466 1505 1467
f 1467 1505 1468
f 1468 1505 1506
f 1468 1506 1469
f 1469 1506 1470
f 1470 1506 1507
f 1473 1508 1474
f 1473 1492 1509
f 1473 1509 1508
f 1474 1508 1510
f 1474 1510 1511
f 1474 1511 1512
f 1474 1512 1513
f 1474 1513 1514
f 1474 1514 1515
f 1474 1515 1516
f 1474 1516 1517
f 1474 1517 1518
f 1474 1518 1483
f 1475 1519 1477
f 1475 1476 1519
f 1476 1481 1520
f 1476 1520 1521
f 1476 1521 1522
f 1476 1522 1519
f 1479 1482 1483
f 1479 1483 1523
f 1479 1523 1518
f 1479 1518 1480
f 1480 1518 1481
f 1481 1518 1524
f 1481 1524 1525
f 1481 1525 1520
f 1483 1518 1523
f 1484 1526 1486
f 1485 1487 1527
f 1485 1527 1528
f 1485 1528 1529
f 1485 1529 1489
f 1486 1526 1487
f 1488 1530 1531
f 1488 1531 1490
f 1488 1489 1530
f 1489 1529 1532
f 1489 1532 1530
f 1490 1531 1491
f 1491 1531 1509
f 1491 1509 1492
f 1494 1533 1495
f 1494 1496 1533
f 1495 1533 1498
f 1495 1498 1497
f 1496 1534 1533
f 1498 1533 1535
f 1498 1535 1499
f 1499 1535 1536
f 1499 1536 1500
f 1500 1536 1537
f 1500 1537 1538
f 1500 1538 1502
f 1501 1502 1503
f 1502 1538 1537
f 1502 1537 1539
f 1502 1539 1504
f 1502 1504 1503
f 1504 1540 1541
f 1504 1541 1542
f 1504 1542 1506
f 1504 1506 1505
f 1504 1539 1540
f 1506 1542 1507
f 1507 1542 1543
f 1508 1509 1544
f 1508 1544 1510
f 1509 1531 1544
f 1510 1544 1545
f 1510 1545 1511
f 1511 1546 1512
f 1511 1545 1547
f 1511 1547 1546
f 1512 1546 1548
f 1512 1548 1513
f 1513 1548 1549
f 1513 1549 1514
f 1514 1549 1550
f 1514 1550 1515
f 1515 1551 1516
f 1515 1550 1552
f 1515 1552 1551
f 1516 1551 1520
f 1516 1520 1525
f 1516 1525 1517
f 1517 1525 1524
f 1517 1524 1518
f 1519 1522 1521
f 1519 1521 1552
f 1519 1552 1554
f 1519 1554 1555
f 1519 1555 1553
f 1520 1551 1521
f 1521 1551 1552
f 1527 1556 1528
f 1528 1556 1557
f 1528 1557 1529
f 1529 1558 1559
f 1529 1559 1560
f 1529 1560 1532
f 1529 1557 1558
f 1530 1560 1561
f 1530 1561 1562
f 1530 1562 1531
f 1530 1532 1560
f 1531 1562 1544
f 1533 1534 1563
f 1533 1563 1564
f 1533 1564 1565
f 1533 1565 1566
f 1533 1566 1535
f 1535 1566 1536
f 1536 1566 1567
f 1536 1567 1568
f 1536 1568 1537
f 1537 1568 1569
f 1537 1569 1539
f 1539 1570 1540
f 1539 1569 1571
f 1539 1571 1570
f 1540 1572 1573
f 1540 1573 1574
f 1540 1574 1575
f 1540 1575 1541
f 1540 1570 1576
f 1540 1576 1572
f 1541 1575 1577
f 1541 1577 1578
f 1541 1578 1579
f 1541 1579 1580
f 1541 1580 1542
f 1542 1580 1543
f 1544 1562 1545
f 1545 1562 1581
f 1545 1581 1547
f 1546 1582 1583
f 1546 1583 1584
f 1546 1584 1548
f 1546 1547 1582
f 1547 1581 1585
f 1547 1585 1582
f 1548 1584 1549
f 1549 1584 1583
f 1549 1583 1586
f 1549 1586 1587
f 1549 1587 1588
f 1549 1588 1550
f 1550 1588 1589
f 1550 1589 1590
f 1550 1590 1552
f 1552 1591 1554
f 1552 1590 1591
f 1553 1555 1592
f 1554 1591 1555
f 1555 1591 1593
f 1555 1593 1594
f 1555 1594 1595
f 1555 1595 1596
f 1555 1596 1597
f 1555 1597 1598
f 1555 1598 1599
f 1555 1599 1592
f 1556 1600 1557
f 1557 1600 1601
f 1557 1601 1602
f 1557 1602 1603
f 1557 1603 1558
f 1558 1603 1604
f 1558 1604 1559
f 1559 1604 1605
f 1559 1605 1560
f 1560 1605 1606
f 1560 1606 1607
f 1560 1607 1561
f 1561 1607 1608
f 1561 1608 1581
f 1561 1581 1562
f 1563 1609 1610
f 1563 1610 1564
f 1564 1611 1565
f 1564 1610 1566
f 1564 1566 1611
f 1565 1611 1566
f 1566 1612 1613
f 1566 1613 1614
f 1566 1614 1615
f 1566 1615 1616
f 1566 1616 1567
f 1566 1610 1617
f 1566 1617 1618
f 1566 1618 1619
f 1566 1619 1612
f 1567 1616 1568
f 1568 1616 1620
f 1568 1620 1569
f 1569 1620 1571
f 1570 1571 1576
f 1571 1620 1621
f 1571 1621 1622
f 1571 1622 1572
f 1571 1572 1576
f 1572 1623 1573
f 1572 1622 1624
f 1572 1624 1623
f 1573 1623 1625
f 1573 1625 1626
f 1573 1626 1574
f 1574 1626 1627
f 1574 1627 1575
f 1575 1627 1628
f 1575 1628 1577
f 1577 1628 1630
f 1577 1630 1629
f 1581 1608 1631
f 1581 1631 1585
f 1582 1585 1583
f 1583 1585 1631
f 1583 1631 1586
f 1586 1631 1587
f 1587 1631 1632
f 1587 1632 1633
f 1587 1633 1634
f 1587 1634 1635
f 1587 1635 1636
f 1587 1636 1637
f 1587 1637 1593
f 1587 1593 1638
f 1587 1638 1591
f 1587 1591 1639
f 1587 1639 1590
f 1587 1590 1589
f 1587 1589 1588
f 1590 1639 1591
f 1591 1638 1593
f 1593 1640 1641
f 1593 1641 1642
f 1593 1642 1594
f 1593 1637 1643
f 1593 1643 1640
f 1594 1642 1644
f 1594 1644 1645
f 1594 1645 1646
f 1594 1646 1595
f 1602 1647 1603
f 1603 1648 1604
f 1603 1647 1648
f 1604 1648 1649
f 1604 1649 1650
f 1604 1650 1651
f 1604 1651 1605
f 1605 1651 1652
f 1605 1652 1606
f 1606 1652 1653
f 1606 1653 1608
f 1606 1608 1607
f 1608 1654 1655
f 1608 1655 1656
f 1608 1656 1631
f 1608 1653 1654
f 1609 1657 1618
f 1609 1618 1617
f 1609 1617 1610
f 1612 1658 1659
f 1612 1659 1613
f 1612 1619 1660
f 1612 1660 1658
f 1613 1659 1658
f 1613 1658 1661
f 1613 1661 1614
f 1614 1662 1663
f 1614 1663 1664
f 1614 1664 1665
f 1614 1665 1615
f 1614 1661 1666
f 1614 1666 1662
f 1615 1665 1667
f 1615 1667 1668
f 1615 1668 1621
f 1615 1621 1669
f 1615 1669 1616
f 1616 1669 1621
f 1616 1621 1620
f 1618 1657 1670
f 1618 1670 1671
f 1618 1671 1672
f 1618 1672 1619
f 1619 1672 1673
f 1619 1673 1674
f 1619 1674 1660
f 1621 1668 1622
f 1622 1668 1624
f 1623 1624 1675
f 1623 1675 1625
f 1624 1668 1676
f 1624 1676 1675
f 1625 1677 1630
f 1625 1630 1627
f 1625 1627 1626
f 1625 1675 1678
f 1625 1678 1677
f 1627 1630 1628
f 1629 1679 1680
f 1629 1680 1681
f 1629 1630 1679
f 1630 1677 1680
f 1630 1680 1679
f 1631 1656 1632
f 1632 1656 1633
f 1633 1656 1682
f 1633 1682 1634
f 1634 1643 1635
f 1634 1682 1683
f 1634 1683 1684
f 1634 1684 1685
f 1634 1685 1686
f 1634 1686 1687
f 1634 1687 1688
f 1634 1688 1689
f 1634 1689 1690
f 1634 1690 1640
f 1634 1640 1643
f 1635 1643 1637
f 1635 1637 1636
f 1640 1690 1641
f 1641 1691 1644
f 1641 1644 1642
f 1641 1690 1692
f 1641 1692 1693
f 1641 1693 1691
f 1644 1691 1694
f 1644 1694 1695
f 1644 1695 1696
f 1644 1696 1697
f 1644 1697 1646
f 1644 1646 1645
f 1646 1697 1698
f 1647 1699 1700
f 1647 1700 1649
f 1647 1649 1648
f 1649 1700 1650
f 1650 1700 1651
f 1651 1701 1702
f 1651 1702 1652
f 1651 1700 1701
f 1652 1702 1654
f 1652 1654 1653
f 1654 1703 1655
f 1654 1702 1703
f 1655 1703 1682
f 1655 1682 1656
f 1658 1704 1666
f 1658 1666 1661
f 1658 1660 1705
f 1658 1705 1704
f 1660 1674 1673
f 1660 1673 1706
f 1660 1706 1707
f 1660 1707 1705
f 1662 1666 1708
f 1662 1708 1663
f 1663 1709 1664
f 1663 1708 1710
f 1663 1710 1711
f 1663 1711 1709
f 1664 1709 1711
f 1664 1711 1665
f 1665 1712 1667
f 1665 1711 1713
f 1665 1713 1712
f 1666 1704 1714
f 1666 1714 1708
f 1667 1712 1715
f 1667 1715 1716
f 1667 1716 1668
f 1668 1716 1676
f 1671 1717 1672
f 1672 1718 1706
f 1672 1706 1673
f 1672 1717 1719
f 1672 1719 1720
f 1672 1720 1718
f 1675 1721 1678
f 1675 1676 1721
f 1676 1716 1715
f 1676 1715 1721
f 1677 1722 1680
f 1677 1678 1722
f 1678 1721 1723
f 1678 1723 1724
f 1678 1724 1680
f 1678 1680 1722
f 1680 1724 1725
f 1680 1725 1726
f 1680 1726 1681
f 1682 1703 1727
f 1682 1727 1683
f 1683 1728 1729
f 1683 1729 1684
f 1683 1727 1728
f 1684 1729 1685
f 1685 1729 1686
f 1686 1730 1687
f 1686 1729 1731
f 1686 1731 1732
f 1686 1732 1733
f 1686 1733 1734
f 1686 1734 1730
f 1687 1730 1735
f 1687 1735 1736
f 1687 1736 1688
f 1688 1736 1737
f 1688 1737 1689
f 1689 1737 1693
f 1689 1693 1690
f 1690 1693 1692
f 1691 1693 1738
f 1691 1738 1694
f 1693 1739 1738
f 1693 1737 1739
f 1694 1738 1740
f 1694 1740 1741
f 1694 1741 1695
f 1695 1741 1742
f 1695 1742 1696
f 1696 1742 1697
f 1697 1742 1698
f 1698 1742 1743
f 1699 1744 1745
f 1699 1745 1746
f 1699 1746 1747
f 1699 1747 1700
f 1700 1747 1746
f 1700 1746 1701
f 1701 1748 1702
f 1701 1746 1749
f 1701 1749 1748
f 1702 1748 1750
f 1702 1750 1703
f 1703 1750 1751
f 1703 1751 1752
f 1703 1752 1727
f 1704 1753 1714
f 1704 1705 1754
f 1704 1754 1755
f 1704 1755 1753
f 1705 1707 1754
f 1706 1755 1754
f 1706 1754 1707
f 1706 1718 1755
f 1708 1714 1710
f 1710 1714 1753
f 1710 1753 1756
f 1710 1756 1757
f 1710 1757 1711
f 1711 1757 1758
f 1711 1758 1713
f 1712 1713 1759
f 1712 1759 1715
f 1713 1758 1760
f 1713 1760 1761
f 1713 1761 1759
f 1715 1759 1762
f 1715 1762 1763
f 1715 1763 1764
f 1715 1764 1721
f 1718 1720 1755
f 1720 1765 1755
f 1721 1764 1723
f 1723 1766 1767
f 1723 1767 1768
f 1723 1768 1769
f 1723 1769 1770
f 1723 1770 1771
f 1723 1771 1724
f 1723 1764 1763
f 1723 1763 1762
f 1723 1762 1772
f 1723 1772 1766
f 1727 1752 1773
f 1727 1773 1728
f 1728 1773 1729
f 1729 1773 1774
f 1729 1774 1731
f 1730 1734 1736
f 1730 1736 1735
f 1731 1774 1775
f 1731 1775 1732
f 1732 1776 1733
f 1732 1775 1777
f 1732 1777 1776
f 1733 1776 1778
f 1733 1778 1734
f 1734 1778 1779
f 1734 1779 1780
f 1734 1780 1781
f 1734 1781 1782
f 1734 1782 1783
f 1734 1783 1784
f 1734 1784 1736
f 1736 1784 1737
f 1737 1784 1785
f 1737 1785 1739
f 1738 1786 1740
f 1738 1739 1786
f 1739 1785 1786
f 1740 1786 1787
f 1740 1787 1741
f 1741 1787 1788
f 1741 1788 1742
f 1742 1788 1789
f 1742 1789 1790
f 1742 1790 1791
f 1742 1791 1743
f 1744 1792 1793
f 1744 1793 1745
f 1745 1793 1746
f 1746 1793 1749
f 1748 1794 1795
f 1748 1795 1796
f 1748 1796 1752
f 1748 1752 1750
f 1748 1749 1794
f 1749 1793 1797
f 1749 1797 1798
f 1749 1798 1794
f 1750 1752 1751
f 1752 1796 1799
f 1752 1799 1773
f 1753 1800 1801
f 1753 1801 1756
f 1753 1755 1802
f 1753 1802 1800
f 1755 1765 1803
f 1755 1803 1804
f 1755 1804 1802
f 1756 1801 1805
f 1756 1805 1806
f 1756 1806 1807
f 1756 1807 1757
f 1757 1807 1808
f 1757 1808 1809
f 1757 1809 1758
f 1758 1809 1810
f 1758 1810 1811
f 1758 1811 1760
f 1759 1761 1762
f 1760 1811 1812
f 1760 1812 1761
f 1761 1772 1762
f 1761 1812 1813
f 1761 1813 1814
f 1761 1814 1772
f 1765 1815 1816
f 1765 1816 1803
f 1766 1814 1767
f 1766 1772 1814
f 1767 1814 1817
f 1767 1817 1769
f 1767 1769 1768
f 1769 1818 1819
f 1769 1819 1820
f 1769 1820 1821
f 1769 1821 1822
f 1769 1822 1770
f 1769 1817 1818
f 1773 1799 1774
f 1774 1799 1823
f 1774 1823 1824
f 1774 1824 1825
f 1774 1825 1777
f 1774 1777 1775
f 1776 1777 1778
f 1777 1825 1779
f 1777 1779 1826
f 1777 1826 1827
f 1777 1827 1778
f 1778 1827 1826
f 1778 1826 1828
f 1778 1828 1779
f 1779 1829 1780
f 1779 1828 1826
f 1779 1825 1830
f 1779 1830 1882
f 1779 1882 1829
f 1780 1829 1831
f 1780 1831 1832
f 1780 1832 1781
f 1781 1832 1833
f 1781 1833 1834
f 1781 1834 1782
f 1782 1834 1835
f 1782 1835 1783
f 1783 1835 1784
f 1784 1835 1785
f 1785 1835 1836
f 1785 1836 1837
f 1785 1837 1786
f 1786 1837 1787
f 1787 1837 1788
f 1788 1837 1789
f 1789 1837 1838
f 1789 1838 1839
f 1789 1839 1840
f 1789 1840 1841
f 1789 1841 1790
f 1792 1842 1793
f 1793 1842 1843
f 1793 1843 1844
f 1793 1844 1845
f 1793 1845 1797
f 1794 1846 1799
f 1794 1799 1796
f 1794 1796 1795
f 1794 1798 1847
f 1794 1847 1846
f 1797 1848 1849
f 1797 1849 1798
f 1797 1845 1850
f 1797 1850 1851
f 1797 1851 1848
f 1798 1849 1847
f 1799 1846 1847
f 1799 1847 1823
f 1800 1802 1852
f 1800 1852 1853
f 1800 1853 1854
f 1800 1854 1855
f 1800 1855 1801
f 1801 1855 1805
f 1802 1804 1852
f 1803 1816 1856
f 1803 1856 1804
f 1804 1857 1853
f 1804 1853 1852
f 1804 1856 1858
f 1804 1858 1859
f 1804 1859 1857
f 1805 1855 1860
f 1805 1860 1861
f 1805 1861 1862
f 1805 1862 1863
f 1805 1863 1806
f 1806 1863 1864
f 1806 1864 1808
f 1806 1808 1807
f 1808 1864 1810
f 1808 1810 1809
f 1810 1864 1865
f 1810 1865 1811
f 1811 1865 1866
f 1811 1866 1867
f 1811 1867 1812
f 1812 1867 1868
f 1812 1868 1813
f 1813 1868 1817
f 1813 1817 1814
f 1815 1869 1816
f 1816 1870 1856
f 1816 1869 1871
f 1816 1871 1870
f 1817 1868 1872
f 1817 1872 1873
f 1817 1873 1874
f 1817 1874 1818
f 1823 1847 1875
f 1823 1875 1824
f 1824 1875 1876
f 1824 1876 1825
f 1825 1877 1830
f 1825 1876 1878
f 1825 1878 1879
f 1825 1879 1877
f 1829 1880 1881
f 1829 1881 1831
f 1829 1882 1923
f 1829 1923 1880
f 1830 1877 1879
f 1830 1879 1883
f 1830 1883 1884
f 1830 1884 1882
f 1831 1881 1885
f 1831 1885 1832
f 1832 1885 1886
f 1832 1886 1833
f 1833 1887 1834
f 1833 1886 1888
f 1833 1888 1887
f 1834 1887 1889
f 1834 1889 1835
f 1835 1889 1836
f 1836 1889 1890
f 1836 1890 1837
f 1837 1891 1838
f 1837 1890 1891
f 1838 1892 1893
f 1838 1893 1839
f 1838 1891 1894
f 1838 1894 1892
f 1847 1849 1875
f 1848 1895 1896
f 1848 1896 1849
f 1848 1851 1897
f 1848 1897 1898
f 1848 1898 1899
f 1848 1899 1895
f 1849 1896 1876
f 1849 1876 1875
f 1853 1857 1854
f 1854 1857 1900
f 1854 1900 1901
f 1854 1901 1902
f 1854 1902 1903
f 1854 1903 1855
f 1855 1903 1861
f 1855 1861 1860
f 1856 1870 1904
f 1856 1904 1858
f 1857 1859 1900
f 1858 1904 1905
f 1858 1905 1859
f 1859 1905 1906
f 1859 1906 1907
f 1859 1907 1900
f 1861 1903 1902
f 1861 1902 1908
f 1861 1908 1909
f 1861 1909 1910
f 1861 1910 1862
f 1862 1909 1911
f 1862 1911 1864
f 1862 1864 1863
f 1862 1910 1909
f 1864 1911 1865
f 1865 1911 1866
f 1866 1911 1912
f 1866 1912 1913
f 1866 1913 1867
f 1867 1913 1872
f 1867 1872 1868
f 1870 1871 1904
f 1871 1914 1905
f 1871 1905 1915
f 1871 1915 1904
f 1872 1913 1916
f 1872 1916 1917
f 1872 1917 1874
f 1872 1874 1873
f 1876 1896 1918
f 1876 1918 1878
f 1878 1918 1919
f 1878 1919 1879
f 1879 1920 1884
f 1879 1884 1883
f 1879 1919 1921
f 1879 1921 1920
f 1880 1922 1881
f 1880 1923 1924
f 1880 1924 1922
f 1881 1922 1925
f 1881 1925 1885
f 1882 1884 1926
f 1882 1926 1927
f 1882 1927 1923
f 1884 1920 1921
f 1884 1921 1928
f 1884 1928 1929
f 1884 1929 1930
f 1884 1930 1931
f 1884 1931 1932
f 1884 1932 1926
f 1885 1933 1934
f 1885 1934 1886
f 1885 1925 1933
f 1886 1934 1935
f 1886 1935 1936
f 1886 1936 1937
f 1886 1937 1907
f 1886 1907 1888
f 1887 1938 1889
f 1887 1888 1938
f 1888 1907 1939
f 1888 1939 1938
f 1889 1938 1890
f 1890 1938 1891
f 1891 1938 1940
f 1891 1940 1941
f 1891 1941 1894
f 1892 1894 1942
f 1892 1942 1914
f 1894 1941 1939
f 1894 1939 1943
f 1894 1943 1942
f 1895 1918 1896
f 1895 1899 1918
f 1899 1944 1918
f 1900 1936 1901
f 1900 1907 1936
f 1901 1936 1934
f 1901 1934 1902
f 1902 1934 1945
f 1902 1945 1908
f 1904 1915 1905
f 1905 1946 1906
f 1905 1914 1947
f 1905 1947 1946
f 1906 1946 1948
f 1906 1948 1949
f 1906 1949 1907
f 1907 1949 1948
f 1907 1948 1950
f 1907 1950 1943
f 1907 1943 1939
f 1907 1937 1936
f 1908 1951 1952
f 1908 1952 1909
f 1908 1945 1951
f 1909 1952 1922
f 1909 1922 1953
f 1909 1953 1954
f 1909 1954 1911
f 1911 1954 1912
f 1912 1954 1955
f 1912 1955 1956
f 1912 1956 1957
f 1912 1957 1913
f 1913 1957 1958
f 1913 1958 1959
f 1913 1959 1960
f 1913 1960 1961
f 1913 1961 1916
f 1914 1942 1950
f 1914 1950 1962
f 1914 1962 1947
f 1918 1944 1963
f 1918 1963 1919
f 1919 1963 1921
f 1922 1924 1953
f 1922 1952 1951
f 1922 1951 1945
f 1922 1945 1925
f 1923 1927 1964
f 1923 1964 1924
f 1924 1964 1955
f 1924 1955 1953
f 1925 1945 1934
f 1925 1934 1933
f 1926 1932 1965
f 1926 1965 1966
f 1926 1966 1927
f 1934 1936 1935
f 1938 1939 1940
f 1939 1941 1940
f 1942 1943 1967
f 1942 1967 1950
f 1943 1950 1967
f 1946 1947 1962
f 1946 1962 1948
f 1948 1962 1950
f 1953 1955 1954
f 1968 1969 1970
f 1968 1970 1971
f 1968 1971 1972
f 1968 1972 1973
f 1968 1973 1974
f 1968 1974 1975
f 1968 1975 1976
f 1968 1976 1977
f 1968 1977 1969
f 1969 1978 1979
f 1969 1979 1970
f 1969 1977 1980
f 1969 1980 1981
f 1969 1981 1982
f 1969 1982 1978
f 1970 1983 1971
f 1970 1979 1984
f 1970 1984 1985
f 1970 1985 1986
f 1970 1986 1983
f 1971 1987 1988
f 1971 1988 1972
f 1971 1983 1989
f 1971 1989 2013
f 1971 2013 1987
f 1972 1988 1990
f 1972 1990 1973
f 1973 1991 1992
f 1973 1992 1993
f 1973 1993 1975
f 1973 1975 1974
f 1973 1990 1991
f 1975 1993 1994
f 1975 1994 1995
f 1975 1995 1996
f 1975 1996 1976
f 1976 1996 1980
f 1976 1980 1977
f 1978 1997 1998
f 1978 1998 1979
f 1978 1982 1999
f 1978 1999 2000
f 1978 2000 2001
f 1978 2001 1997
f 1979 1998 1984
f 1980 1996 2002
f 1980 2002 2003
f 1980 2003 2004
f 1980 2004 1981
f 1981 2004 2005
f 1981 2005 2006
f 1981 2006 1999
f 1981 1999 1982
f 1983 1986 2007
f 1983 2007 1989
f 1984 1998 1985
f 1985 2008 2009
f 1985 2009 2010
f 1985 2010 1986
f 1985 1998 1997
f 1985 1997 2008
f 1986 2010 2011
f 1986 2011 2007
f 1987 2012 1988
f 1987 2013 2014
f 1987 2014 2015
f 1987 2015 2016
f 1987 2016 2012
f 1988 2012 2017
f 1988 2017 1990
f 1989 2007 2013
f 1990 2017 2018
f 1990 2018 1991
f 1991 2019 1992
f 1991 2018 2019
f 1992 2019 2020
f 1992 2020 2021
f 1992 2021 1993
f 1993 2021 2022
f 1993 2022 1994
f 1994 2022 2023
f 1994 2023 2024
f 1994 2024 2025
f 1994 2025 2026
f 1994 2026 1995
f 1995 2002 1996
f 1995 2026 2002
f 1997 2001 2008
f 1999 2027 2028
f 1999 2028 2000
f 1999 2006 2027
f 2000 2028 2001
f 2001 2028 2029
f 2001 2029 2030
f 2001 2030 2008
f 2002 2026 2031
f 2002 2031 2003
f 2003 2031 2026
f 2003 2026 2025
f 2003 2025 2024
f 2003 2024 2023
f 2003 2023 2066
f 2003 2066 2065
f 2003 2065 2088
f 2003 2088 2087
f 2003 2087 2120
f 2003 2120 2119
f 2003 2119 2118
f 2003 2118 2146
f 2003 2146 2175
f 2003 2175 2192
f 2003 2192 2207
f 2003 2207 2215
f 2003 2215 2214
f 2003 2214 2213
f 2003 2213 2212
f 2003 2212 2237
f 2003 2237 2264
f 2003 2264 2293
f 2003 2293 2292
f 2003 2292 2291
f 2003 2291 2325
f 2003 2325 2354
f 2003 2354 2391
f 2003 2391 2393
f 2003 2393 2436
f 2003 2436 2435
f 2003 2435 2434
f 2003 2434 2479
f 2003 2479 2478
f 2003 2478 2477
f 2003 2477 2524
f 2003 2524 2523
f 2003 2523 2567
f 2003 2567 2615
f 2003 2615 2661
f 2003 2661 2706
f 2003 2706 2705
f 2003 2705 2752
f 2003 2752 2751
f 2003 2751 2750
f 2003 2750 2749
f 2003 2749 2748
f 2003 2748 2790
f 2003 2790 2789
f 2003 2789 2788
f 2003 2788 2787
f 2003 2787 2786
f 2003 2786 2802
f 2003 2802 2801
f 2003 2801 2803
f 2003 2803 2798
f 2003 2798 2775
f 2003 2775 2774
f 2003 2774 2773
f 2003 2773 2759
f 2003 2759 2758
f 2003 2758 2756
f 2003 2756 2755
f 2003 2755 2711
f 2003 2711 2710
f 2003 2710 2709
f 2003 2709 2666
f 2003 2666 2665
f 2003 2665 2626
f 2003 2626 2625
f 2003 2625 2624
f 2003 2624 2618
f 2003 2618 2617
f 2003 2617 2616
f 2003 2616 2573
f 2003 2573 2572
f 2003 2572 2571
f 2003 2571 2529
f 2003 2529 2484
f 2003 2484 2483
f 2003 2483 2441
f 2003 2441 2440
f 2003 2440 2439
f 2003 2439 2396
f 2003 2396 2358
f 2003 2358 2328
f 2003 2328 2299
f 2003 2299 2298
f 2003 2298 2297
f 2003 2297 2269
f 2003 2269 2268
f 2003 2268 2267
f 2003 2267 2265
f 2003 2265 2242
f 2003 2242 2219
f 2003 2219 2195
f 2003 2195 2178
f 2003 2178 2154
f 2003 2154 2153
f 2003 2153 2152
f 2003 2152 2151
f 2003 2151 2150
f 2003 2150 2128
f 2003 2128 2127
f 2003 2127 2126
f 2003 2126 2094
f 2003 2094 2093
f 2003 2093 2089
f 2003 2089 2067
f 2003 2067 2029
f 2003 2029 2037
f 2003 2037 2006
f 2003 2006 2036
f 2003 2036 2035
f 2003 2035 2034
f 2003 2034 2033
f 2003 2033 2032
f 2003 2032 2004
f 2004 2032 2033
f 2004 2033 2034
f 2004 2034 2035
f 2004 2035 2036
f 2004 2036 2005
f 2005 2036 2006
f 2006 2037 2028
f 2006 2028 2027
f 2007 2011 2038
f 2007 2038 2013
f 2008 2039 2040
f 2008 2040 2009
f 2008 2030 2041
f 2008 2041 2039
f 2009 2040 2042
f 2009 2042 2043
f 2009 2043 2044
f 2009 2044 2045
f 2009 2045 2046
f 2009 2046 2010
f 2010 2046 2047
f 2010 2047 2048
f 2010 2048 2011
f 2011 2048 2049
f 2011 2049 2050
f 2011 2050 2038
f 2012 2051 2017
f 2012 2016 2052
f 2012 2052 2051
f 2013 2038 2053
f 2013 2053 2014
f 2014 2053 2050
f 2014 2050 2049
f 2014 2049 2048
f 2014 2048 2047
f 2014 2047 2074
f 2014 2074 2045
f 2014 2045 2044
f 2014 2044 2043
f 2014 2043 2042
f 2014 2042 2040
f 2014 2040 2070
f 2014 2070 2096
f 2014 2096 2099
f 2014 2099 2132
f 2014 2132 2161
f 2014 2161 2181
f 2014 2181 2197
f 2014 2197 2222
f 2014 2222 2221
f 2014 2221 2249
f 2014 2249 2248
f 2014 2248 2247
f 2014 2247 2246
f 2014 2246 2245
f 2014 2245 2277
f 2014 2277 2304
f 2014 2304 2303
f 2014 2303 2333
f 2014 2333 2365
f 2014 2365 2407
f 2014 2407 2451
f 2014 2451 2496
f 2014 2496 2537
f 2014 2537 2542
f 2014 2542 2541
f 2014 2541 2585
f 2014 2585 2635
f 2014 2635 2638
f 2014 2638 2637
f 2014 2637 2636
f 2014 2636 2677
f 2014 2677 2723
f 2014 2723 2766
f 2014 2766 2794
f 2014 2794 2793
f 2014 2793 2792
f 2014 2792 2797
f 2014 2797 2796
f 2014 2796 2795
f 2014 2795 2791
f 2014 2791 2742
f 2014 2742 2700
f 2014 2700 2655
f 2014 2655 2654
f 2014 2654 2656
f 2014 2656 2606
f 2014 2606 2605
f 2014 2605 2604
f 2014 2604 2603
f 2014 2603 2600
f 2014 2600 2559
f 2014 2559 2514
f 2014 2514 2469
f 2014 2469 2468
f 2014 2468 2467
f 2014 2467 2453
f 2014 2453 2409
f 2014 2409 2408
f 2014 2408 2371
f 2014 2371 2370
f 2014 2370 2369
f 2014 2369 2368
f 2014 2368 2366
f 2014 2366 2334
f 2014 2334 2305
f 2014 2305 2278
f 2014 2278 2251
f 2014 2251 2223
f 2014 2223 2198
f 2014 2198 2182
f 2014 2182 2167
f 2014 2167 2166
f 2014 2166 2165
f 2014 2165 2168
f 2014 2168 2139
f 2014 2139 2138
f 2014 2138 2137
f 2014 2137 2136
f 2014 2136 2134
f 2014 2134 2104
f 2014 2104 2075
f 2014 2075 2055
f 2014 2055 2054
f 2014 2054 2052
f 2014 2052 2016
f 2014 2016 2015
f 2017 2051 2052
f 2017 2052 2054
f 2017 2054 2055
f 2017 2055 2056
f 2017 2056 2018
f 2018 2056 2057
f 2018 2057 2058
f 2018 2058 2059
f 2018 2059 2019
f 2019 2060 2020
f 2019 2059 2061
f 2019 2061 2060
f 2020 2060 2062
f 2020 2062 2021
f 2021 2062 2063
f 2021 2063 2064
f 2021 2064 2065
f 2021 2065 2066
f 2021 2066 2023
f 2021 2023 2022
f 2028 2037 2029
f 2029 2067 2030
f 2030 2067 2068
f 2030 2068 2041
f 2038 2050 2053
f 2039 2069 2040
f 2039 2041 2069
f 2040 2069 2071
f 2040 2071 2070
f 2041 2068 2072
f 2041 2072 2073
f 2041 2073 2069
f 2045 2074 2046
f 2046 2074 2047
f 2055 2075 2076
f 2055 2076 2077
f 2055 2077 2078
f 2055 2078 2056
f 2056 2078 2079
f 2056 2079 2057
f 2057 2079 2080
f 2057 2080 2081
f 2057 2081 2058
f 2058 2082 2061
f 2058 2061 2059
f 2058 2081 2082
f 2060 2083 2084
f 2060 2084 2062
f 2060 2061 2083
f 2061 2082 2085
f 2061 2085 2086
f 2061 2086 2083
f 2062 2084 2087
f 2062 2087 2088
f 2062 2088 2065
f 2062 2065 2063
f 2063 2065 2064
f 2067 2089 2068
f 2068 2090 2091
f 2068 2091 2092
f 2068 2092 2072
f 2068 2089 2093
f 2068 2093 2094
f 2068 2094 2090
f 2069 2073 2095
f 2069 2095 2071
f 2070 2071 2096
f 2071 2095 2097
f 2071 2097 2098
f 2071 2098 2099
f 2071 2099 2096
f 2072 2092 2100
f 2072 2100 2073
f 2073 2101 2102
f 2073 2102 2095
f 2073 2100 2103
f 2073 2103 2101
f 2075 2104 2105
f 2075 2105 2076
f 2076 2105 2106
f 2076 2106 2107
f 2076 2107 2077
f 2077 2107 2108
f 2077 2108 2109
f 2077 2109 2110
f 2077 2110 2111
f 2077 2111 2079
f 2077 2079 2078
f 2079 2111 2080
f 2080 2111 2110
f 2080 2110 2112
f 2080 2112 2113
f 2080 2113 2081
f 2081 2113 2082
f 2082 2113 2085
f 2083 2114 2084
f 2083 2086 2115
f 2083 2115 2116
f 2083 2116 2117
f 2083 2117 2114
f 2084 2114 2118
f 2084 2118 2119
f 2084 2119 2120
f 2084 2120 2087
f 2085 2113 2121
f 2085 2121 2122
f 2085 2122 2115
f 2085 2115 2086
f 2090 2123 2124
f 2090 2124 2125
f 2090 2125 2103
f 2090 2103 2091
f 2090 2094 2126
f 2090 2126 2127
f 2090 2127 2128
f 2090 2128 2123
f 2091 2103 2100
f 2091 2100 2092
f 2095 2102 2097
f 2097 2129 2130
f 2097 2130 2098
f 2097 2102 2131
f 2097 2131 2129
f 2098 2130 2099
f 2099 2130 2132
f 2101 2133 2102
f 2101 2103 2125
f 2101 2125 2133
f 2102 2133 2131
f 2104 2134 2105
f 2105 2135 2106
f 2105 2134 2136
f 2105 2136 2137
f 2105 2137 2138
f 2105 2138 2139
f 2105 2139 2135
f 2106 2135 2140
f 2106 2140 2107
f 2107 2140 2108
f 2108 2122 2121
f 2108 2121 2112
f 2108 2112 2110
f 2108 2110 2109
f 2108 2140 2122
f 2112 2121 2113
f 2114 2141 2118
f 2114 2117 2142
f 2114 2142 2141
f 2115 2122 2143
f 2115 2143 2144
f 2115 2144 2117
f 2115 2117 2116
f 2117 2144 2145
f 2117 2145 2142
f 2118 2141 2146
f 2122 2147 2143
f 2122 2140 2147
f 2123 2148 2149
f 2123 2149 2124
f 2123 2128 2150
f 2123 2150 2151
f 2123 2151 2152
f 2123 2152 2153
f 2123 2153 2154
f 2123 2154 2148
f 2124 2149 2155
f 2124 2155 2156
f 2124 2156 2157
f 2124 2157 2125
f 2125 2157 2133
f 2129 2131 2132
f 2129 2132 2130
f 2131 2133 2158
f 2131 2158 2159
f 2131 2159 2160
f 2131 2160 2132
f 2132 2160 2161
f 2133 2157 2156
f 2133 2156 2158
f 2135 2162 2140
f 2135 2139 2163
f 2135 2163 2164
f 2135 2164 2165
f 2135 2165 2166
f 2135 2166 2167
f 2135 2167 2162
f 2139 2168 2163
f 2140 2162 2169
f 2140 2169 2147
f 2141 2170 2171
f 2141 2171 2146
f 2141 2142 2170
f 2142 2145 2172
f 2142 2172 2173
f 2142 2173 2174
f 2142 2174 2170
f 2143 2147 2144
f 2144 2147 2145
f 2145 2147 2172
f 2146 2171 2175
f 2147 2169 2176
f 2147 2176 2172
f 2148 2177 2149
f 2148 2154 2178
f 2148 2178 2177
f 2149 2177 2179
f 2149 2179 2155
f 2155 2180 2159
f 2155 2159 2158
f 2155 2158 2156
f 2155 2179 2180
f 2159 2180 2161
f 2159 2161 2160
f 2161 2180 2181
f 2162 2167 2182
f 2162 2182 2183
f 2162 2183 2184
f 2162 2184 2185
f 2162 2185 2186
f 2162 2186 2169
f 2163 2168 2165
f 2163 2165 2164
f 2169 2186 2176
f 2170 2174 2187
f 2170 2187 2171
f 2171 2187 2175
f 2172 2176 2173
f 2173 2176 2188
f 2173 2188 2189
f 2173 2189 2174
f 2174 2189 2190
f 2174 2190 2191
f 2174 2191 2187
f 2175 2187 2192
f 2176 2186 2193
f 2176 2193 2188
f 2177 2194 2179
f 2177 2178 2194
f 2178 2195 2194
f 2179 2194 2196
f 2179 2196 2181
f 2179 2181 2180
f 2181 2196 2197
f 2182 2198 2199
f 2182 2199 2200
f 2182 2200 2201
f 2182 2201 2202
f 2182 2202 2203
f 2182 2203 2184
f 2182 2184 2183
f 2184 2203 2204
f 2184 2204 2205
f 2184 2205 2206
f 2184 2206 2185
f 2185 2206 2193
f 2185 2193 2186
f 2187 2191 2207
f 2187 2207 2192
f 2188 2193 2208
f 2188 2208 2209
f 2188 2209 2210
f 2188 2210 2189
f 2189 2210 2211
f 2189 2211 2190
f 2190 2211 2212
f 2190 2212 2213
f 2190 2213 2214
f 2190 2214 2215
f 2190 2215 2191
f 2191 2215 2207
f 2193 2206 2216
f 2193 2216 2208
f 2194 2217 2218
f 2194 2218 2196
f 2194 2195 2219
f 2194 2219 2217
f 2196 2218 2220
f 2196 2220 2221
f 2196 2221 2222
f 2196 2222 2197
f 2198 2223 2224
f 2198 2224 2199
f 2199 2224 2225
f 2199 2225 2226
f 2199 2226 2200
f 2200 2226 2227
f 2200 2227 2201
f 2201 2203 2202
f 2201 2227 2228
f 2201 2228 2229
f 2201 2229 2230
f 2201 2230 2203
f 2203 2230 2204
f 2204 2230 2231
f 2204 2231 2205
f 2205 2231 2232
f 2205 2232 2206
f 2206 2232 2216
f 2208 2216 2233
f 2208 2233 2234
f 2208 2234 2235
f 2208 2235 2209
f 2209 2235 2210
f 2210 2235 2236
f 2210 2236 2211
f 2211 2236 2237
f 2211 2237 2212
f 2216 2232 2238
f 2216 2238 2233
f 2217 2239 2240
f 2217 2240 2218
f 2217 2219 2239
f 2218 2240 2241
f 2218 2241 2220
f 2219 2242 2243
f 2219 2243 2239
f 2220 2244 2245
f 2220 2245 2246
f 2220 2246 2247
f 2220 2247 2248
f 2220 2248 2249
f 2220 2249 2221
f 2220 2241 2250
f 2220 2250 2244
f 2223 2251 2252
f 2223 2252 2224
f 2224 2253 2225
f 2224 2252 2253
f 2225 2253 2254
f 2225 2254 2255
f 2225 2255 2226
f 2226 2255 2227
f 2227 2255 2228
f 2228 2255 2258
f 2228 2258 2229
f 2229 2256 2257
f 2229 2257 2230
f 2229 2258 2259
f 2229 2259 2256
f 2230 2257 2260
f 2230 2260 2231
f 2231 2260 2238
f 2231 2238 2232
f 2233 2261 2262
f 2233 2262 2234
f 2233 2238 2260
f 2233 2260 2261
f 2234 2262 2263
f 2234 2263 2235
f 2235 2263 2236
f 2236 2264 2237
f 2236 2263 2264
f 2239 2243 2240
f 2240 2243 2241
f 2241 2243 2250
f 2242 2265 2243
f 2243 2266 2250
f 2243 2265 2267
f 2243 2267 2268
f 2243 2268 2269
f 2243 2269 2266
f 2244 2270 2271
f 2244 2271 2272
f 2244 2272 2273
f 2244 2273 2245
f 2244 2250 2274
f 2244 2274 2270
f 2245 2273 2275
f 2245 2275 2272
f 2245 2272 2276
f 2245 2276 2277
f 2250 2266 2274
f 2251 2278 2252
f 2252 2278 2253
f 2253 2278 2279
f 2253 2279 2280
f 2253 2280 2281
f 2253 2281 2282
f 2253 2282 2254
f 2254 2282 2255
f 2255 2282 2283
f 2255 2283 2258
f 2256 2259 2284
f 2256 2284 2285
f 2256 2285 2286
f 2256 2286 2263
f 2256 2263 2257
f 2257 2262 2261
f 2257 2261 2260
f 2257 2263 2262
f 2258 2283 2287
f 2258 2287 2259
f 2259 2287 2288
f 2259 2288 2289
f 2259 2289 2290
f 2259 2290 2285
f 2259 2285 2284
f 2263 2286 2285
f 2263 2285 2291
f 2263 2291 2292
f 2263 2292 2293
f 2263 2293 2264
f 2266 2294 2295
f 2266 2295 2296
f 2266 2296 2274
f 2266 2269 2297
f 2266 2297 2298
f 2266 2298 2299
f 2266 2299 2294
f 2270 2274 2271
f 2271 2300 2272
f 2271 2274 2300
f 2272 2300 2301
f 2272 2301 2276
f 2272 2275 2273
f 2274 2296 2300
f 2276 2301 2302
f 2276 2302 2303
f 2276 2303 2304
f 2276 2304 2277
f 2278 2305 2306
f 2278 2306 2307
f 2278 2307 2308
f 2278 2308 2309
f 2278 2309 2279
f 2279 2309 2310
f 2279 2310 2311
f 2279 2311 2312
f 2279 2312 2280
f 2280 2312 2281
f 2281 2312 2313
f 2281 2313 2282
f 2282 2313 2314
f 2282 2314 2283
f 2283 2314 2315
f 2283 2315 2316
f 2283 2316 2287
f 2285 2290 2317
f 2285 2317 2291
f 2287 2316 2318
f 2287 2318 2288
f 2288 2318 2319
f 2288 2319 2320
f 2288 2320 2321
f 2288 2321 2322
f 2288 2322 2289
f 2289 2322 2321
f 2289 2321 2323
f 2289 2323 2324
f 2289 2324 2317
f 2289 2317 2290
f 2291 2317 2324
f 2291 2324 2325
f 2294 2326 2295
f 2294 2299 2326
f 2295 2326 2327
f 2295 2327 2296
f 2296 2327 2300
f 2299 2328 2326
f 2300 2327 2301
f 2301 2327 2329
f 2301 2329 2302
f 2302 2329 2330
f 2302 2330 2331
f 2302 2331 2332
f 2302 2332 2333
f 2302 2333 2303
f 2305 2334 2306
f 2306 2335 2336
f 2306 2336 2337
f 2306 2337 2307
f 2306 2334 2335
f 2307 2337 2338
f 2307 2338 2308
f 2308 2338 2339
f 2308 2339 2309
f 2309 2339 2310
f 2310 2339 2338
f 2310 2338 2340
f 2310 2340 2341
f 2310 2341 2342
f 2310 2342 2311
f 2311 2313 2312
f 2311 2342 2313
f 2313 2342 2343
f 2313 2343 2314
f 2314 2343 2315
f 2315 2343 2344
f 2315 2344 2345
f 2315 2345 2346
f 2315 2346 2347
f 2315 2347 2348
f 2315 2348 2349
f 2315 2349 2350
f 2315 2350 2316
f 2316 2350 2319
f 2316 2319 2318
f 2319 2350 2349
f 2319 2349 2351
f 2319 2351 2320
f 2320 2352 2321
f 2320 2351 2352
f 2321 2352 2353
f 2321 2353 2323
f 2323 2353 2325
f 2323 2325 2324
f 2325 2353 2355
f 2325 2355 2354
f 2326 2328 2356
f 2326 2356 2357
f 2326 2357 2327
f 2327 2357 2329
f 2328 2358 2359
f 2328 2359 2356
f 2329 2357 2330
f 2330 2357 2360
f 2330 2360 2361
f 2330 2361 2362
f 2330 2362 2331
f 2331 2363 2332
f 2331 2362 2363
f 2332 2363 2364
f 2332 2364 2333
f 2333 2364 2365
f 2334 2366 2335
f 2335 2367 2336
f 2335 2366 2368
f 2335 2368 2369
f 2335 2369 2370
f 2335 2370 2371
f 2335 2371 2367
f 2336 2372 2373
f 2336 2373 2337
f 2336 2367 2374
f 2336 2374 2372
f 2337 2373 2375
f 2337 2375 2338
f 2338 2375 2376
f 2338 2376 2340
f 2340 2376 2341
f 2341 2377 2378
f 2341 2378 2379
f 2341 2379 2342
f 2341 2376 2377
f 2342 2379 2344
f 2342 2344 2343
f 2344 2378 2380
f 2344 2380 2346
f 2344 2346 2345
f 2344 2379 2378
f 2346 2381 2382
f 2346 2382 2383
f 2346 2383 2384
f 2346 2384 2385
f 2346 2385 2347
f 2346 2380 2386
f 2346 2386 2387
f 2346 2387 2381
f 2347 2388 2348
f 2347 2385 2389
f 2347 2389 2388
f 2348 2388 2349
f 2349 2388 2351
f 2351 2388 2390
f 2351 2390 2352
f 2352 2383 2355
f 2352 2355 2353
f 2352 2390 2383
f 2354 2355 2391
f 2355 2383 2382
f 2355 2382 2392
f 2355 2392 2393
f 2355 2393 2391
f 2356 2359 2357
f 2357 2394 2395
f 2357 2395 2360
f 2357 2359 2394
f 2358 2396 2394
f 2358 2394 2359
f 2360 2395 2397
f 2360 2397 2398
f 2360 2398 2399
f 2360 2399 2361
f 2361 2399 2400
f 2361 2400 2401
f 2361 2401 2362
f 2362 2401 2363
f 2363 2402 2403
f 2363 2403 2404
f 2363 2404 2405
f 2363 2405 2406
f 2363 2406 2365
f 2363 2365 2364
f 2363 2401 2402
f 2365 2406 2405
f 2365 2405 2407
f 2367 2371 2408
f 2367 2408 2409
f 2367 2409 2374
f 2372 2410 2373
f 2372 2374 2410
f 2373 2411 2412
f 2373 2412 2413
f 2373 2413 2376
f 2373 2376 2375
f 2373 2410 2414
f 2373 2414 2411
f 2374 2409 2415
f 2374 2415 2416
f 2374 2416 2410
f 2376 2413 2412
f 2376 2412 2417
f 2376 2417 2418
f 2376 2418 2377
f 2377 2418 2419
f 2377 2419 2420
f 2377 2420 2378
f 2378 2420 2421
f 2378 2421 2422
f 2378 2422 2380
f 2380 2422 2423
f 2380 2423 2424
f 2380 2424 2386
f 2381 2387 2425
f 2381 2425 2382
f 2382 2425 2387
f 2382 2387 2392
f 2383 2390 2389
f 2383 2389 2385
f 2383 2385 2384
f 2386 2426 2427
f 2386 2427 2428
f 2386 2428 2387
f 2386 2424 2429
f 2386 2429 2426
f 2387 2430 2431
f 2387 2431 2432
f 2387 2432 2392
f 2387 2428 2430
f 2388 2389 2390
f 2392 2432 2431
f 2392 2431 2433
f 2392 2433 2434
f 2392 2434 2435
f 2392 2435 2436
f 2392 2436 2393
f 2394 2437 2438
f 2394 2438 2395
f 2394 2396 2439
f 2394 2439 2440
f 2394 2440 2441
f 2394 2441 2437
f 2395 2438 2442
f 2395 2442 2397
f 2397 2443 2444
f 2397 2444 2445
f 2397 2445 2398
f 2397 2442 2443
f 2398 2400 2399
f 2398 2445 2446
f 2398 2446 2447
f 2398 2447 2400
f 2400 2447 2403
f 2400 2403 2402
f 2400 2402 2401
f 2403 2447 2404
f 2404 2447 2446
f 2404 2446 2448
f 2404 2448 2449
f 2404 2449 2405
f 2405 2449 2450
f 2405 2450 2407
f 2407 2450 2452
f 2407 2452 2451
f 2409 2453 2414
f 2409 2414 2415
f 2410 2416 2414
f 2411 2414 2454
f 2411 2454 2455
f 2411 2455 2412
f 2412 2456 2457
f 2412 2457 2417
f 2412 2455 2458
f 2412 2458 2459
f 2412 2459 2460
f 2412 2460 2461
f 2412 2461 2456
f 2414 2462 2463
f 2414 2463 2464
f 2414 2464 2465
f 2414 2465 2466
f 2414 2466 2455
f 2414 2455 2454
f 2414 2416 2415
f 2414 2453 2467
f 2414 2467 2468
f 2414 2468 2469
f 2414 2469 2462
f 2417 2457 2418
f 2418 2457 2419
f 2419 2457 2420
f 2420 2457 2421
f 2421 2457 2423
f 2421 2423 2422
f 2423 2470 2429
f 2423 2429 2424
f 2423 2457 2456
f 2423 2456 2470
f 2426 2429 2427
f 2427 2471 2472
f 2427 2472 2430
f 2427 2430 2428
f 2427 2429 2473
f 2427 2473 2471
f 2429 2470 2473
f 2430 2472 2474
f 2430 2474 2475
f 2430 2475 2431
f 2431 2475 2476
f 2431 2476 2477
f 2431 2477 2478
f 2431 2478 2479
f 2431 2479 2433
f 2433 2479 2434
f 2437 2480 2481
f 2437 2481 2482
f 2437 2482 2443
f 2437 2443 2442
f 2437 2442 2438
f 2437 2441 2483
f 2437 2483 2484
f 2437 2484 2485
f 2437 2485 2480
f 2443 2482 2481
f 2443 2481 2486
f 2443 2486 2444
f 2444 2486 2487
f 2444 2487 2488
f 2444 2488 2489
f 2444 2489 2490
f 2444 2490 2491
f 2444 2491 2445
f 2445 2491 2448
f 2445 2448 2446
f 2448 2491 2449
f 2449 2491 2492
f 2449 2492 2493
f 2449 2493 2494
f 2449 2494 2452
f 2449 2452 2450
f 2451 2495 2496
f 2451 2452 2495
f 2452 2496 2495
f 2452 2494 2493
f 2452 2493 2497
f 2452 2497 2496
f 2455 2498 2499
f 2455 2499 2458
f 2455 2466 2500
f 2455 2500 2501
f 2455 2501 2498
f 2456 2461 2502
f 2456 2502 2470
f 2458 2499 2459
f 2459 2503 2504
f 2459 2504 2505
f 2459 2505 2461
f 2459 2461 2460
f 2459 2499 2506
f 2459 2506 2503
f 2461 2507 2508
f 2461 2508 2470
f 2461 2470 2502
f 2461 2505 2509
f 2461 2509 2507
f 2462 2510 2463
f 2462 2469 2510
f 2463 2511 2464
f 2463 2510 2512
f 2463 2512 2511
f 2464 2511 2513
f 2464 2513 2500
f 2464 2500 2466
f 2464 2466 2465
f 2469 2514 2510
f 2470 2508 2473
f 2471 2515 2516
f 2471 2516 2472
f 2471 2473 2515
f 2472 2516 2517
f 2472 2517 2518
f 2472 2518 2474
f 2473 2508 2519
f 2473 2519 2520
f 2473 2520 2515
f 2474 2518 2521
f 2474 2521 2522
f 2474 2522 2476
f 2474 2476 2475
f 2476 2522 2523
f 2476 2523 2524
f 2476 2524 2477
f 2480 2525 2526
f 2480 2526 2481
f 2480 2485 2527
f 2480 2527 2525
f 2481 2526 2528
f 2481 2528 2487
f 2481 2487 2486
f 2484 2529 2527
f 2484 2527 2485
f 2487 2528 2530
f 2487 2530 2531
f 2487 2531 2532
f 2487 2532 2533
f 2487 2533 2489
f 2487 2489 2488
f 2489 2533 2532
f 2489 2532 2534
f 2489 2534 2535
f 2489 2535 2497
f 2489 2497 2493
f 2489 2493 2536
f 2489 2536 2490
f 2490 2536 2492
f 2490 2492 2491
f 2492 2536 2493
f 2496 2497 2537
f 2497 2535 2538
f 2497 2538 2539
f 2497 2539 2540
f 2497 2540 2541
f 2497 2541 2542
f 2497 2542 2537
f 2498 2543 2544
f 2498 2544 2506
f 2498 2506 2499
f 2498 2501 2545
f 2498 2545 2546
f 2498 2546 2543
f 2500 2513 2501
f 2501 2513 2545
f 2503 2547 2548
f 2503 2548 2549
f 2503 2549 2504
f 2503 2506 2544
f 2503 2544 2550
f 2503 2550 2547
f 2504 2549 2509
f 2504 2509 2505
f 2507 2551 2552
f 2507 2552 2553
f 2507 2553 2508
f 2507 2509 2551
f 2508 2553 2554
f 2508 2554 2519
f 2509 2549 2548
f 2509 2548 2551
f 2510 2555 2556
f 2510 2556 2512
f 2510 2514 2555
f 2511 2557 2513
f 2511 2512 2556
f 2511 2556 2558
f 2511 2558 2557
f 2513 2557 2545
f 2514 2559 2556
f 2514 2556 2555
f 2515 2520 2560
f 2515 2560 2561
f 2515 2561 2516
f 2516 2561 2517
f 2517 2562 2563
f 2517 2563 2564
f 2517 2564 2521
f 2517 2521 2518
f 2517 2561 2562
f 2519 2554 2565
f 2519 2565 2520
f 2520 2565 2607
f 2520 2607 2560
f 2521 2564 2566
f 2521 2566 2522
f 2522 2566 2567
f 2522 2567 2523
f 2525 2527 2568
f 2525 2568 2526
f 2526 2568 2569
f 2526 2569 2570
f 2526 2570 2528
f 2527 2529 2571
f 2527 2571 2572
f 2527 2572 2573
f 2527 2573 2568
f 2528 2570 2574
f 2528 2574 2575
f 2528 2575 2530
f 2530 2575 2574
f 2530 2574 2576
f 2530 2576 2531
f 2531 2577 2578
f 2531 2578 2579
f 2531 2579 2532
f 2531 2576 2580
f 2531 2580 2581
f 2531 2581 2577
f 2532 2579 2582
f 2532 2582 2534
f 2534 2583 2539
f 2534 2539 2538
f 2534 2538 2535
f 2534 2582 2583
f 2539 2583 2584
f 2539 2584 2540
f 2540 2584 2541
f 2541 2584 2586
f 2541 2586 2585
f 2543 2546 2545
f 2543 2545 2557
f 2543 2557 2587
f 2543 2587 2588
f 2543 2588 2589
f 2543 2589 2590
f 2543 2590 2591
f 2543 2591 2592
f 2543 2592 2550
f 2543 2550 2544
f 2547 2593 2548
f 2547 2550 2593
f 2548 2593 2551
f 2550 2592 2594
f 2550 2594 2595
f 2550 2595 2593
f 2551 2554 2552
f 2551 2593 2596
f 2551 2596 2597
f 2551 2597 2554
f 2552 2554 2553
f 2554 2597 2598
f 2554 2598 2599
f 2554 2599 2565
f 2556 2559 2600
f 2556 2600 2558
f 2557 2558 2601
f 2557 2601 2588
f 2557 2588 2587
f 2558 2602 2601
f 2558 2600 2603
f 2558 2603 2604
f 2558 2604 2605
f 2558 2605 2606
f 2558 2606 2602
f 2560 2607 2608
f 2560 2608 2562
f 2560 2562 2561
f 2562 2608 2609
f 2562 2609 2610
f 2562 2610 2563
f 2563 2610 2611
f 2563 2611 2612
f 2563 2612 2613
f 2563 2613 2564
f 2564 2613 2614
f 2564 2614 2567
f 2564 2567 2566
f 2565 2599 2607
f 2567 2614 2615
f 2568 2573 2569
f 2569 2573 2616
f 2569 2616 2617
f 2569 2617 2574
f 2569 2574 2570
f 2574 2617 2618
f 2574 2618 2580
f 2574 2580 2576
f 2577 2619 2620
f 2577 2620 2621
f 2577 2621 2578
f 2577 2581 2622
f 2577 2622 2623
f 2577 2623 2619
f 2578 2621 2582
f 2578 2582 2579
f 2580 2618 2624
f 2580 2624 2625
f 2580 2625 2581
f 2581 2625 2626
f 2581 2626 2627
f 2581 2627 2623
f 2581 2623 2622
f 2582 2621 2628
f 2582 2628 2629
f 2582 2629 2630
f 2582 2630 2583
f 2583 2630 2584
f 2584 2630 2631
f 2584 2631 2632
f 2584 2632 2633
f 2584 2633 2634
f 2584 2634 2586
f 2585 2586 2635
f 2586 2634 2636
f 2586 2636 2637
f 2586 2637 2638
f 2586 2638 2635
f 2588 2590 2589
f 2588 2601 2590
f 2590 2601 2639
f 2590 2639 2640
f 2590 2640 2641
f 2590 2641 2642
f 2590 2642 2643
f 2590 2643 2644
f 2590 2644 2591
f 2591 2644 2592
f 2592 2644 2594
f 2593 2595 2645
f 2593 2645 2646
f 2593 2646 2647
f 2593 2647 2648
f 2593 2648 2596
f 2594 2644 2643
f 2594 2643 2649
f 2594 2649 2595
f 2595 2649 2645
f 2596 2648 2597
f 2597 2650 2651
f 2597 2651 2652
f 2597 2652 2653
f 2597 2653 2598
f 2597 2648 2647
f 2597 2647 2646
f 2597 2646 2650
f 2598 2653 2599
f 2599 2653 2607
f 2601 2602 2654
f 2601 2654 2655
f 2601 2655 2639
f 2602 2606 2656
f 2602 2656 2654
f 2607 2653 2608
f 2608 2653 2652
f 2608 2652 2657
f 2608 2657 2609
f 2609 2657 2658
f 2609 2658 2610
f 2610 2658 2611
f 2611 2658 2612
f 2612 2614 2659
f 2612 2659 2613
f 2612 2658 2660
f 2612 2660 2661
f 2612 2661 2614
f 2613 2659 2614
f 2614 2661 2615
f 2619 2662 2620
f 2619 2623 2662
f 2620 2662 2663
f 2620 2663 2621
f 2621 2663 2628
f 2623 2627 2664
f 2623 2664 2662
f 2626 2665 2627
f 2627 2665 2666
f 2627 2666 2667
f 2627 2667 2668
f 2627 2668 2664
f 2628 2669 2670
f 2628 2670 2671
f 2628 2671 2672
f 2628 2672 2629
f 2628 2663 2673
f 2628 2673 2674
f 2628 2674 2669
f 2629 2631 2630
f 2629 2672 2631
f 2631 2671 2675
f 2631 2675 2632
f 2631 2672 2671
f 2632 2675 2633
f 2633 2675 2676
f 2633 2676 2634
f 2634 2676 2636
f 2636 2676 2678
f 2636 2678 2677
f 2639 2655 2640
f 2640 2655 2641
f 2641 2679 2680
f 2641 2680 2642
f 2641 2655 2679
f 2642 2681 2682
f 2642 2682 2683
f 2642 2683 2684
f 2642 2684 2685
f 2642 2685 2686
f 2642 2686 2687
f 2642 2687 2649
f 2642 2649 2688
f 2642 2688 2643
f 2642 2680 2681
f 2643 2688 2649
f 2645 2689 2646
f 2645 2649 2687
f 2645 2687 2686
f 2645 2686 2690
f 2645 2690 2691
f 2645 2691 2689
f 2646 2689 2692
f 2646 2692 2693
f 2646 2693 2650
f 2650 2693 2651
f 2651 2694 2695
f 2651 2695 2652
f 2651 2693 2694
f 2652 2695 2696
f 2652 2696 2697
f 2652 2697 2698
f 2652 2698 2699
f 2652 2699 2658
f 2652 2658 2657
f 2655 2700 2679
f 2658 2699 2698
f 2658 2698 2701
f 2658 2701 2702
f 2658 2702 2703
f 2658 2703 2660
f 2660 2703 2704
f 2660 2704 2705
f 2660 2705 2706
f 2660 2706 2661
f 2662 2707 2663
f 2662 2664 2668
f 2662 2668 2707
f 2663 2707 2708
f 2663 2708 2673
f 2666 2709 2667
f 2667 2709 2710
f 2667 2710 2711
f 2667 2711 2712
f 2667 2712 2668
f 2668 2713 2707
f 2668 2712 2714
f 2668 2714 2715
f 2668 2715 2713
f 2669 2674 2716
f 2669 2716 2717
f 2669 2717 2718
f 2669 2718 2670
f 2670 2718 2719
f 2670 2719 2720
f 2670 2720 2671
f 2671 2720 2678
f 2671 2678 2675
f 2673 2721 2722
f 2673 2722 2716
f 2673 2716 2674
f 2673 2708 2721
f 2675 2678 2676
f 2677 2678 2724
f 2677 2724 2723
f 2678 2720 2724
f 2679 2725 2726
f 2679 2726 2680
f 2679 2700 2725
f 2680 2726 2727
f 2680 2727 2681
f 2681 2727 2682
f 2682 2727 2683
f 2683 2728 2685
f 2683 2685 2684
f 2683 2727 2729
f 2683 2729 2730
f 2683 2730 2731
f 2683 2731 2732
f 2683 2732 2728
f 2685 2733 2690
f 2685 2690 2686
f 2685 2728 2733
f 2689 2691 2692
f 2690 2733 2734
f 2690 2734 2735
f 2690 2735 2691
f 2691 2735 2736
f 2691 2736 2692
f 2692 2736 2737
f 2692 2737 2693
f 2693 2737 2694
f 2694 2737 2738
f 2694 2738 2695
f 2695 2738 2739
f 2695 2739 2696
f 2696 2739 2740
f 2696 2740 2741
f 2696 2741 2701
f 2696 2701 2698
f 2696 2698 2697
f 2700 2742 2743
f 2700 2743 2744
f 2700 2744 2745
f 2700 2745 2746
f 2700 2746 2725
f 2701 2741 2747
f 2701 2747 2703
f 2701 2703 2702
f 2703 2747 2748
f 2703 2748 2749
f 2703 2749 2750
f 2703 2750 2751
f 2703 2751 2752
f 2703 2752 2704
f 2704 2752 2705
f 2707 2713 2753
f 2707 2753 2754
f 2707 2754 2708
f 2708 2754 2721
f 2711 2755 2712
f 2712 2755 2756
f 2712 2756 2714
f 2713 2757 2753
f 2713 2715 2757
f 2714 2756 2758
f 2714 2758 2759
f 2714 2759 2757
f 2714 2757 2715
f 2716 2722 2760
f 2716 2760 2717
f 2717 2760 2718
f 2718 2760 2761
f 2718 2761 2719
f 2719 2762 2763
f 2719 2763 2724
f 2719 2724 2720
f 2719 2761 2762
f 2721 2754 2733
f 2721 2733 2764
f 2721 2764 2765
f 2721 2765 2722
f 2722 2765 2760
f 2723 2724 2766
f 2724 2763 2766
f 2725 2746 2767
f 2725 2767 2726
f 2726 2767 2727
f 2727 2767 2768
f 2727 2768 2730
f 2727 2730 2729
f 2728 2732 2765
f 2728 2765 2764
f 2728 2764 2733
f 2730 2768 2769
f 2730 2769 2744
f 2730 2744 2770
f 2730 2770 2731
f 2731 2761 2732
f 2731 2770 2771
f 2731 2771 2772
f 2731 2772 2761
f 2732 2761 2760
f 2732 2760 2765
f 2733 2754 2753
f 2733 2753 2734
f 2734 2753 2773
f 2734 2773 2774
f 2734 2774 2775
f 2734 2775 2776
f 2734 2776 2777
f 2734 2777 2778
f 2734 2778 2735
f 2735 2778 2779
f 2735 2779 2780
f 2735 2780 2736
f 2736 2780 2779
f 2736 2779 2778
f 2736 2778 2781
f 2736 2781 2737
f 2737 2781 2782
f 2737 2782 2783
f 2737 2783 2738
f 2738 2783 2739
f 2739 2783 2784
f 2739 2784 2740
f 2740 2784 2785
f 2740 2785 2786
f 2740 2786 2741
f 2741 2786 2787
f 2741 2787 2788
f 2741 2788 2789
f 2741 2789 2790
f 2741 2790 2748
f 2741 2748 2747
f 2742 2791 2743
f 2743 2771 2744
f 2743 2791 2771
f 2744 2769 2745
f 2744 2771 2770
f 2745 2769 2746
f 2746 2769 2768
f 2746 2768 2767
f 2753 2757 2773
f 2757 2759 2773
f 2761 2772 2762
f 2762 2772 2771
f 2762 2771 2792
f 2762 2792 2763
f 2763 2792 2793
f 2763 2793 2794
f 2763 2794 2766
f 2771 2791 2795
f 2771 2795 2796
f 2771 2796 2797
f 2771 2797 2792
f 2775 2798 2776
f 2776 2798 2777
f 2777 2799 2782
f 2777 2782 2778
f 2777 2798 2800
f 2777 2800 2799
f 2778 2782 2781
f 2782 2784 2783
f 2782 2799 2784
f 2784 2799 2801
f 2784 2801 2785
f 2785 2801 2802
f 2785 2802 2786
f 2798 2803 2800
f 2799 2800 2801
f 2800 2803 2801

