#VRML V2.0 utf8

# Vertices: 2803
# Triangles: 5590

Group {
    children [
        Shape {
            appearance Appearance {
                material Material {
                    diffuseColor 0.750000 0.750000 0.750000
                    ambientIntensity 0.400000
                    specularColor 0.500000 0.500000 0.500000
                    emissiveColor 0.000000 0.000000 0.000000
                    shininess 0.400000
                    transparency 0.000000
                }
            }
            geometry IndexedFaceSet {
                ccw TRUE
                solid FALSE
                coord Coordinate {
                    point [
                        -0.01434906 -0.06600056 -0.00106667,
                        -0.01404650 -0.06600056 0.00107838,
                        -0.01422325 -0.06600056 -0.00321173,
                        -0.01136242 -0.08861684 -0.00106667,
                        -0.01144630 -0.08861684 0.00107838,
                        -0.01112577 -0.09054118 0.00322620,
                        -0.01133546 -0.08861684 0.00322620,
                        -0.01364809 -0.06600056 0.00323998,
                        -0.01095202 -0.09019656 0.00460201,
                        -0.01392069 -0.06600056 -0.00398924,
                        -0.01093405 -0.09015997 -0.00277059,
                        -0.01108383 -0.09044968 -0.00106667,
                        -0.01114075 -0.09056862 0.00107838,
                        -0.01053563 -0.09164210 0.00107838,
                        -0.01046673 -0.09161161 0.00322620,
                        -0.01309389 -0.06600056 0.00475917,
                        -0.00903782 -0.09216055 0.00459098,
                        -0.00960399 -0.09075770 0.00531335,
                        -0.00873526 -0.08988550 0.00659542,
                        -0.00889103 -0.08861684 0.00673328,
                        -0.01062550 -0.06600056 0.00855024,
                        -0.01064647 -0.06600056 0.00853094,
                        -0.01152419 -0.06600056 0.00737018,
                        -0.01248578 -0.06600056 0.00586202,
                        -0.01345337 -0.06600056 -0.00510037,
                        -0.01058057 -0.08861684 -0.00402233,
                        -0.00994549 -0.08861684 -0.00535954,
                        -0.00884011 -0.09076381 -0.00696420,
                        -0.00958602 -0.09076381 -0.00535954,
                        -0.00861543 -0.09190438 -0.00658923,
                        -0.01031395 -0.09083090 -0.00337716,
                        -0.01044876 -0.09152317 -0.00106667,
                        -0.01327663 -0.06600056 -0.00549740,
                        -0.00937632 -0.09256310 -0.00106667,
                        -0.00946020 -0.09255396 0.00107838,
                        -0.00939430 -0.09242892 0.00322620,
                        -0.00746811 -0.09139813 0.00608811,
                        -0.00746811 -0.09032465 0.00695661,
                        -0.00653647 -0.09405744 0.00438971,
                        -0.00733930 -0.09288941 0.00492735,
                        -0.00595831 -0.08919323 0.00840687,
                        -0.00649453 -0.08776293 0.00866052,
                        -0.00742318 -0.06600056 0.01098755,
                        -0.00946919 -0.06600056 0.00943804,
                        -0.00829191 -0.08861684 -0.00827108,
                        -0.00697683 -0.09039479 -0.00904860,
                        -0.00760291 -0.09097118 -0.00814150,
                        -0.01218322 -0.06600056 -0.00751011,
                        -0.01179679 -0.06600056 -0.00812771,
                        -0.01117070 -0.06600056 -0.00911201,
                        -0.00636872 -0.09182509 -0.00856886,
                        -0.00746811 -0.09232828 -0.00708000,
                        -0.00597030 -0.09385616 -0.00607916,
                        -0.00656942 -0.09410928 -0.00464820,
                        -0.00883412 -0.09210565 -0.00535954,
                        -0.00917262 -0.09241367 -0.00321173,
                        -0.00788750 -0.09348715 -0.00321173,
                        -0.00800133 -0.09363659 -0.00106667,
                        -0.00795041 -0.09362744 0.00107838,
                        -0.00781560 -0.09350240 0.00322620,
                        -0.00627585 -0.09177019 0.00639140,
                        -0.00540113 -0.09080650 0.00756042,
                        -0.00452641 -0.08984280 0.00870188,
                        -0.00674317 -0.09416417 0.00322620,
                        -0.00265414 -0.09639042 -0.00106667,
                        -0.00224673 -0.09620439 0.00023194,
                        -0.00088972 -0.09631113 0.00100118,
                        -0.00008090 -0.09616171 0.00223087,
                        0.00111436 -0.09576220 0.00348537,
                        0.00111436 -0.09482900 0.00537125,
                        -0.00010486 -0.09403914 0.00652925,
                        -0.00144990 -0.09159331 0.00840135,
                        -0.00317538 -0.09123040 0.00811461,
                        -0.00527531 -0.08853145 0.00895002,
                        -0.00315441 -0.08649733 0.01043061,
                        -0.00532324 -0.08646988 0.00947112,
                        -0.00454738 -0.06600056 0.01302232,
                        -0.00567073 -0.06600056 0.01226686,
                        -0.00700678 -0.06600056 0.01129359,
                        -0.00721947 -0.08861684 -0.00925263,
                        -0.01067642 -0.06600056 -0.00962760,
                        -0.01012523 -0.06600056 -0.01020108,
                        -0.00466121 -0.09006543 -0.01105304,
                        -0.00317538 -0.09042224 -0.01141423,
                        -0.00317538 -0.09149572 -0.01024796,
                        -0.00265414 -0.09635383 -0.00455722,
                        -0.00403512 -0.09603056 -0.00321173,
                        -0.00532324 -0.09523460 -0.00321173,
                        -0.00681506 -0.09426176 -0.00321173,
                        -0.00692590 -0.09428616 -0.00106667,
                        -0.00687498 -0.09422822 0.00107838,
                        -0.00317538 -0.09015692 0.00891969,
                        -0.00317538 -0.08861684 0.00971099,
                        -0.00295969 -0.09650326 -0.00321173,
                        -0.00102751 -0.09677163 -0.00106667,
                        0.00111436 -0.09657645 0.00107838,
                        0.00111436 -0.09624099 0.00241284,
                        0.00326222 -0.09585064 0.00358738,
                        0.00326222 -0.09501503 0.00537125,
                        0.00111436 -0.09412453 0.00662851,
                        -0.00001799 -0.09186168 0.00860814,
                        -0.00085077 -0.09083090 0.00909339,
                        -0.00165959 -0.08722925 0.01065945,
                        -0.00242348 -0.08579895 0.01084142,
                        -0.00381644 -0.08432292 0.01056847,
                        -0.00415195 -0.06600056 0.01316569,
                        -0.00274401 -0.08432292 0.01097928,
                        -0.00590140 -0.08861684 -0.01032516,
                        -0.00897791 -0.06600056 -0.01110818,
                        -0.00482896 -0.08861684 -0.01119090,
                        -0.00020971 -0.08978486 -0.01293065,
                        -0.00317538 -0.08861684 -0.01207318,
                        -0.00088073 -0.09075161 -0.01176438,
                        -0.00155474 -0.09172139 -0.01053746,
                        -0.00102751 -0.09651851 -0.00480260,
                        -0.00102751 -0.09695461 -0.00321173,
                        -0.00012284 -0.09187388 -0.01077733,
                        -0.00097958 -0.08848876 0.01032308,
                        0.00111436 -0.09693327 -0.00106667,
                        0.00326222 -0.09661610 0.00107838,
                        0.00326222 -0.09626845 0.00251485,
                        0.00540709 -0.09492964 0.00537125,
                        0.00456831 -0.09619524 0.00236873,
                        0.00540709 -0.09420382 0.00665332,
                        0.00326222 -0.09421907 0.00670295,
                        0.00070695 -0.09186168 0.00860814,
                        0.00129709 -0.09097728 0.00920368,
                        0.00111436 -0.08889436 0.01041682,
                        -0.00022768 -0.08768669 0.01078904,
                        -0.00097958 -0.08649733 0.01099307,
                        -0.00102751 -0.08432292 0.01147832,
                        -0.00317538 -0.06600056 0.01341659,
                        -0.00842072 -0.06600056 -0.01151900,
                        -0.00747111 -0.06600056 -0.01212833,
                        -0.00692291 -0.06600056 -0.01247573,
                        -0.00629682 -0.06600056 -0.01282864,
                        0.00111436 -0.08861684 -0.01323118,
                        0.00111436 -0.08999834 -0.01308781,
                        0.00111436 -0.09107182 -0.01200977,
                        -0.00329520 -0.06600056 -0.01399767,
                        -0.00514950 -0.06600056 -0.01339110,
                        0.00111436 -0.09583234 -0.00607364,
                        0.00326222 -0.09598177 -0.00624459,
                        0.00111436 -0.09661306 -0.00500112,
                        0.00111436 -0.09198671 -0.01093724,
                        0.00111436 -0.09708270 -0.00321173,
                        0.00326222 -0.09715589 -0.00321173,
                        0.00326222 -0.09695157 -0.00106667,
                        0.00540709 -0.09664050 -0.00106667,
                        0.00533220 -0.09576220 0.00314073,
                        0.00742315 -0.09433496 0.00522237,
                        0.00662032 -0.09409098 0.00654028,
                        0.00533220 -0.09629894 0.00086884,
                        0.00600022 -0.09598177 0.00144233,
                        0.00540709 -0.09291076 0.00751079,
                        0.00213287 -0.09183423 0.00859159,
                        0.00326222 -0.09064791 0.00925055,
                        0.00328319 -0.08853755 0.01036444,
                        0.00258221 -0.08776904 0.01082212,
                        0.00111436 -0.08782088 0.01083867,
                        0.00111436 -0.08646988 0.01130462,
                        0.00111436 -0.08432292 0.01188638,
                        -0.00096461 -0.06600056 0.01379984,
                        0.00326222 -0.08861684 -0.01345451,
                        -0.00102751 -0.06600056 -0.01428441,
                        0.00326222 -0.09014167 -0.01319810,
                        0.00326222 -0.09121515 -0.01211730,
                        0.00540709 -0.09594823 -0.00619496,
                        0.00326222 -0.09668014 -0.00517206,
                        0.00540709 -0.09662221 -0.00512243,
                        0.00540709 -0.09696986 -0.00321173,
                        0.00668922 -0.09623794 -0.00106667,
                        0.00648551 -0.09613120 0.00001137,
                        0.00755495 -0.09490829 0.00322620,
                        0.00875320 -0.09404829 0.00440901,
                        0.01294708 -0.08971472 0.00647962,
                        0.00867831 -0.08971167 0.00860814,
                        0.00755495 -0.09002578 0.00877632,
                        0.00540709 -0.09043444 0.00904101,
                        0.00540709 -0.08861684 0.00986264,
                        0.00401113 -0.08734513 0.01067048,
                        0.00328319 -0.08656442 0.01110335,
                        0.00326222 -0.08432292 0.01177334,
                        0.00111436 -0.06600056 0.01388255,
                        0.00505660 -0.08861684 -0.01314847,
                        0.00487686 -0.08997699 -0.01308230,
                        0.00116828 -0.06600056 -0.01401697,
                        0.00481396 -0.09197757 -0.01092070,
                        0.00678508 -0.09640263 -0.00475297,
                        0.00624586 -0.09176714 -0.01063120,
                        0.00755495 -0.09156586 -0.01033067,
                        0.00898986 -0.09202636 -0.00886387,
                        0.00691389 -0.09644227 -0.00321173,
                        0.01360013 -0.09223679 0.00107838,
                        0.01184768 -0.09316084 0.00107838,
                        0.00901981 -0.09417637 0.00322620,
                        0.01326462 -0.09204771 0.00244317,
                        0.01379185 -0.09078820 0.00318484,
                        0.01474146 -0.09077295 0.00122451,
                        0.01452278 -0.08861684 0.00322620,
                        0.01360612 -0.08861684 0.00537125,
                        0.01302497 -0.08861684 0.00659542,
                        0.01184768 -0.08861684 0.00728747,
                        0.00755196 -0.08453335 0.01039752,
                        0.00647653 -0.08539030 0.01073665,
                        0.00504462 -0.08591179 0.01091862,
                        0.00561978 -0.08453335 0.01113919,
                        0.00683301 -0.08396001 0.01089105,
                        0.00636269 -0.06600056 0.01285689,
                        0.00316936 -0.06600056 0.01359305,
                        0.00755495 -0.08861684 -0.01217244,
                        0.00251032 -0.06600056 -0.01363097,
                        0.00422681 -0.06600056 -0.01310987,
                        0.00460127 -0.06600056 -0.01297477,
                        0.00919955 -0.09011423 -0.01109164,
                        0.00755495 -0.09049238 -0.01147764,
                        0.00556286 -0.09087054 -0.01185813,
                        0.01042177 -0.09160246 -0.00825730,
                        0.01120662 -0.09203856 -0.00682634,
                        0.01303395 -0.09192268 -0.00456273,
                        0.01324065 -0.09205686 -0.00321173,
                        0.01357616 -0.09223374 -0.00106667,
                        0.00981066 -0.09085834 -0.00971583,
                        0.01466657 -0.09077295 -0.00104462,
                        0.01515785 -0.09006543 -0.00031673,
                        0.01515785 -0.09006543 0.00060415,
                        0.01501406 -0.08861684 0.00182005,
                        0.01583486 -0.06600056 0.00326480,
                        0.01528966 -0.06600056 0.00481707,
                        0.01475644 -0.06600056 0.00581791,
                        0.01386973 -0.06600056 0.00745290,
                        0.01331854 -0.06600056 0.00841789,
                        0.01308488 -0.06600056 0.00880941,
                        0.01191658 -0.06600056 0.00983231,
                        0.01123358 -0.06600056 0.01033135,
                        0.01070036 -0.06600056 0.01069529,
                        0.00959797 -0.06600056 0.01135425,
                        0.00766280 -0.06600056 0.01234682,
                        0.00944519 -0.08861684 -0.01124328,
                        0.00526929 -0.06600056 -0.01270733,
                        0.01113173 -0.09017217 -0.00913683,
                        0.01052062 -0.08861684 -0.01046577,
                        0.01263853 -0.09141033 -0.00599644,
                        0.01327959 -0.09072111 -0.00530991,
                        0.01398656 -0.09076381 -0.00321173,
                        0.01301598 -0.08998004 -0.00658096,
                        0.01445388 -0.08861684 -0.00321173,
                        0.01491820 -0.08861684 -0.00152436,
                        0.01604156 -0.06600056 -0.00106667,
                        0.01616139 -0.06600056 -0.00007135,
                        0.01625425 -0.06600056 0.00107838,
                        0.00569467 -0.06600056 -0.01248124,
                        0.00747108 -0.06600056 -0.01153003,
                        0.00933735 -0.06600056 -0.01033894,
                        0.01132345 -0.08861684 -0.00939324,
                        0.00990053 -0.06600056 -0.00992813,
                        0.01060450 -0.06600056 -0.00934637,
                        0.01110776 -0.06600056 -0.00891074,
                        0.01158407 -0.06600056 -0.00848063,
                        0.01221015 -0.06600056 -0.00784373,
                        0.01319871 -0.06600056 -0.00673536,
                        0.01350427 -0.06600056 -0.00635487,
                        0.01239888 -0.08861684 -0.00775826,
                        0.01308188 -0.08861684 -0.00668297,
                        0.01368999 -0.08861684 -0.00535954,
                        0.01564015 -0.06600056 -0.00222467,
                        0.01311783 -0.08646988 -0.00672433,
                        0.01412736 -0.06600056 -0.00544501,
                        0.01376488 -0.08646988 -0.00535954,
                        0.01539451 -0.06600056 -0.00291120,
                        0.01463362 -0.06600056 -0.00455170,
                        -0.00750723 0.07885908 -0.02199062,
                        -0.00746768 0.07885908 -0.02199062,
                        -0.00827666 0.07885908 -0.02193059,
                        -0.00961417 0.09599723 -0.02272032,
                        -0.00558724 0.07885908 -0.02167196,
                        -0.00944159 0.07885908 -0.02183822,
                        -0.01159168 0.09599723 -0.02217535,
                        -0.01123214 0.09814395 -0.02192135,
                        -0.00961417 0.09814395 -0.02223077,
                        -0.00746768 0.09599723 -0.02233238,
                        -0.01187213 0.07885908 -0.02164425,
                        -0.01290762 0.07885908 -0.02150570,
                        -0.00422456 0.09485285 -0.02147799,
                        -0.00461287 0.07885908 -0.02132097,
                        -0.01283931 0.08863371 -0.02145952,
                        -0.01266673 0.09599723 -0.02123784,
                        -0.01082585 0.09934752 -0.02155189,
                        -0.01230718 0.09814395 -0.02093303,
                        -0.01300470 0.09948958 -0.01950136,
                        -0.00756835 0.09817946 -0.02181975,
                        -0.00459849 0.10799355 -0.01728919,
                        -0.00392254 0.10799355 -0.01728919,
                        -0.00580297 0.09748494 -0.02163963,
                        -0.00437197 0.09659310 -0.02141796,
                        -0.00518096 0.09592621 -0.02173662,
                        -0.01382088 0.07885908 -0.02038807,
                        -0.00345513 0.07885908 -0.02089147,
                        -0.00422456 0.09516460 -0.02147799,
                        0.00121179 0.07885908 -0.01893331,
                        0.00022663 0.07885908 -0.01939052,
                        -0.00095268 0.07885908 -0.01989392,
                        -0.01482401 0.07885908 -0.01902568,
                        -0.01341099 0.08943478 -0.02058666,
                        -0.01351526 0.09170382 -0.02031418,
                        -0.01342897 0.09599723 -0.02016639,
                        -0.01509008 0.09814395 -0.01734461,
                        -0.01500738 0.09925676 -0.01720144,
                        -0.01324560 0.09814395 -0.01986159,
                        -0.01167797 0.10013675 -0.02027723,
                        -0.01109910 0.10180203 -0.01962144,
                        -0.00532118 0.11145433 -0.01453207,
                        -0.01378852 0.10008940 -0.01809740,
                        -0.01314133 0.10186123 -0.01756167,
                        -0.01253010 0.10092204 -0.01899334,
                        -0.00317468 0.11145038 -0.01455054,
                        -0.00317468 0.11037703 -0.01531256,
                        -0.00319266 0.10877489 -0.01643943,
                        -0.00118998 0.10882224 -0.01547882,
                        0.00022304 0.10807642 -0.01519248,
                        -0.00249514 0.10723589 -0.01699824,
                        -0.00209964 0.09922125 -0.01931663,
                        0.00418525 0.07885908 -0.01703518,
                        -0.00119717 0.10660056 -0.01651332,
                        0.00317852 0.07885908 -0.01778797,
                        0.00313537 0.07885908 -0.01781568,
                        0.00127651 0.07885908 -0.01890098,
                        0.00125853 0.07885908 -0.01891022,
                        -0.01483480 0.07885908 -0.01900720,
                        -0.01525547 0.09385053 -0.01759400,
                        -0.01454716 0.09385053 -0.01866545,
                        -0.01450042 0.09599723 -0.01858694,
                        -0.01519794 0.09599723 -0.01751549,
                        -0.01576603 0.09814395 -0.01609305,
                        -0.01719702 0.09943828 -0.01301265,
                        -0.01694534 0.10087074 -0.01249540,
                        -0.01540648 0.10227952 -0.01383009,
                        -0.01509367 0.10370408 -0.01304036,
                        -0.01393233 0.10461564 -0.01397325,
                        -0.01318448 0.10409869 -0.01553886,
                        -0.01269190 0.10328973 -0.01697053,
                        -0.01189730 0.10254785 -0.01833755,
                        -0.01126090 0.10403556 -0.01768175,
                        -0.00668746 0.11233432 -0.01309116,
                        -0.00532118 0.11267764 -0.01345600,
                        -0.00317468 0.11275656 -0.01347909,
                        -0.00103178 0.11469807 -0.01110990,
                        -0.00155672 0.11243692 -0.01311887,
                        -0.00201334 0.11000609 -0.01505855,
                        -0.00106774 0.11098868 -0.01391321,
                        -0.00012572 0.11197128 -0.01276326,
                        -0.00058235 0.10950493 -0.01470294,
                        0.00041360 0.11053882 -0.01327127,
                        0.00103202 0.10866439 -0.01379314,
                        0.00219695 0.10781992 -0.01288333,
                        0.00038843 0.10672683 -0.01540031,
                        -0.00022640 0.10243342 -0.01694744,
                        0.00655466 0.07885908 -0.01503084,
                        -0.01542086 0.07885908 -0.01795423,
                        -0.01640602 0.07885908 -0.01609305,
                        -0.01602130 0.09385053 -0.01609305,
                        -0.01594580 0.09599723 -0.01609305,
                        -0.01673321 0.09814395 -0.01418108,
                        -0.01744152 0.10020779 -0.01178418,
                        -0.01723298 0.09814395 -0.01310963,
                        -0.02044373 0.08741040 -0.00750301,
                        -0.02119519 0.08741040 -0.00547096,
                        -0.02143968 0.08855874 -0.00436257,
                        -0.01808510 0.10028671 -0.00965052,
                        -0.01727253 0.10161656 -0.01106372,
                        -0.01649591 0.10237422 -0.01178418,
                        -0.01467660 0.10513259 -0.01222753,
                        -0.01324560 0.10615859 -0.01347909,
                        -0.01270987 0.10552720 -0.01491077,
                        -0.00673060 0.11450471 -0.01100368,
                        -0.00532118 0.11375099 -0.01238917,
                        -0.00317468 0.11495062 -0.01143780,
                        -0.00317468 0.11382991 -0.01251387,
                        -0.00103178 0.11577142 -0.01001999,
                        0.00009360 0.11433107 -0.01079124,
                        -0.00091673 0.11315907 -0.01225524,
                        0.00242347 0.10832108 -0.01179803,
                        0.00439738 0.10795014 -0.00667634,
                        0.01421662 0.07885908 -0.00320799,
                        0.01416628 0.07885908 -0.00333269,
                        0.01286112 0.07885908 -0.00652855,
                        0.01236135 0.07885908 -0.00772931,
                        0.01151642 0.07885908 -0.00925797,
                        0.01141934 0.07885908 -0.00939190,
                        0.01058519 0.07885908 -0.01047720,
                        0.00956407 0.07885908 -0.01174723,
                        0.00111831 0.11316696 -0.00965052,
                        0.00217178 0.10990744 -0.01068040,
                        0.00864004 0.07885908 -0.01286486,
                        0.00759376 0.07885908 -0.01402405,
                        -0.01704242 0.07885908 -0.01483226,
                        -0.01959880 0.08741040 -0.00923026,
                        -0.01754578 0.07885908 -0.01375619,
                        -0.02043654 0.08526370 -0.00750301,
                        -0.02119519 0.08526370 -0.00547096,
                        -0.02144687 0.08741040 -0.00439951,
                        -0.02147204 0.08741040 -0.00321261,
                        -0.02145047 0.08861793 -0.00321261,
                        -0.02034306 0.10028671 0.00537281,
                        -0.02015250 0.10028671 0.00322530,
                        -0.01994396 0.10028671 0.00107779,
                        -0.01924644 0.10113119 -0.00406238,
                        -0.01910981 0.10036563 -0.00532779,
                        -0.01863162 0.10028671 -0.00750301,
                        -0.01749185 0.10204669 -0.00965052,
                        -0.01690579 0.10312004 -0.00965052,
                        -0.01501098 0.10570083 -0.01079586,
                        -0.01533816 0.10448147 -0.01162716,
                        -0.01389278 0.10664791 -0.01169643,
                        -0.01310538 0.10814350 -0.01116532,
                        -0.01259482 0.10759104 -0.01259700,
                        -0.00890946 0.11246059 -0.01108681,
                        -0.00816160 0.11388911 -0.01013544,
                        -0.00745689 0.11484407 -0.00951197,
                        -0.00621645 0.11633967 -0.00840358,
                        -0.00542904 0.11591743 -0.00958587,
                        -0.00532118 0.11476121 -0.01131311,
                        -0.00317468 0.11602397 -0.01019548,
                        -0.00103178 0.11660406 -0.00894392,
                        0.00004686 0.11639491 -0.00858831,
                        0.00028057 0.11515187 -0.00944270,
                        0.00287650 0.10906690 -0.00983987,
                        0.00451603 0.10823032 -0.00536012,
                        0.01481346 0.07885908 -0.00106510,
                        0.01474515 0.07885908 -0.00145766,
                        0.00382570 0.10874726 -0.00743836,
                        0.00213223 0.11197128 -0.00838973,
                        0.00233358 0.11241719 -0.00695805,
                        0.00205313 0.11394435 -0.00536012,
                        0.00218617 0.11424031 -0.00428406,
                        0.00273627 0.11338005 -0.00342505,
                        0.00386525 0.11085057 -0.00307406,
                        0.00436502 0.11002187 -0.00226586,
                        0.00245223 0.11054277 -0.00924873,
                        0.00194167 0.11116231 -0.00983987,
                        -0.01845544 0.07885908 -0.01177032,
                        -0.02037902 0.08311698 -0.00750301,
                        -0.02121316 0.08307358 -0.00518924,
                        -0.02143968 0.08376021 -0.00436257,
                        -0.02144687 0.08526370 -0.00439489,
                        -0.02146125 0.08526370 -0.00321261,
                        -0.02148283 0.08741040 -0.00106510,
                        -0.02146125 0.08868106 -0.00106510,
                        -0.02095429 0.09385053 0.00537281,
                        -0.02029632 0.10028671 0.00751571,
                        -0.01973183 0.10224795 0.00751571,
                        -0.01974981 0.10231503 0.00537281,
                        -0.01964914 0.10217297 0.00322530,
                        -0.01954487 0.10194015 0.00107779,
                        -0.01942622 0.10167970 -0.00106510,
                        -0.01933273 0.10148239 -0.00263070,
                        -0.01841589 0.10243342 -0.00536012,
                        -0.01776151 0.10261494 -0.00765542,
                        -0.01709635 0.10344757 -0.00846824,
                        -0.01671523 0.10456039 -0.00765542,
                        -0.01605726 0.10458012 -0.00965052,
                        -0.01520513 0.10600863 -0.00965052,
                        -0.01449323 0.10708199 -0.00965052,
                        -0.01342178 0.10853812 -0.00965052,
                        -0.01252291 0.10961147 -0.00965052,
                        -0.01131123 0.11103209 -0.00947041,
                        -0.01034046 0.11175424 -0.01006155,
                        -0.01104517 0.11032572 -0.01111914,
                        -0.00860384 0.11431134 -0.00870377,
                        -0.00857149 0.11641464 -0.00435795,
                        -0.00741734 0.11577931 -0.00761385,
                        -0.00666948 0.11651330 -0.00697191,
                        -0.00532118 0.11776423 -0.00321261,
                        -0.00253828 0.11864028 -0.00255681,
                        -0.00317468 0.11724729 -0.00750301,
                        -0.00478545 0.11650541 -0.00882385,
                        -0.00317468 0.11668693 -0.00912404,
                        -0.00103178 0.11704603 -0.00750301,
                        0.00012956 0.11648962 -0.00750301,
                        0.00232279 0.11441394 -0.00285238,
                        0.00182302 0.11314723 -0.00760461,
                        -0.00190189 0.11864028 -0.00255681,
                        -0.00168616 0.11876656 -0.00106510,
                        -0.00061471 0.11799706 -0.00106510,
                        0.00463828 0.10891300 -0.00307406,
                        0.00494749 0.10887354 -0.00106510,
                        0.00547602 0.10887354 0.00322530,
                        0.01496807 0.07885908 0.00020493,
                        0.00317852 0.11316696 -0.00106510,
                        0.00401267 0.11126097 -0.00106510,
                        -0.01910622 0.07885908 -0.01014006,
                        -0.02097227 0.08097028 -0.00536012,
                        -0.02094710 0.07885908 -0.00321261,
                        -0.02120957 0.08097028 -0.00321261,
                        -0.02133541 0.07885908 0.00124867,
                        -0.02141092 0.07885908 0.00231088,
                        -0.02145047 0.07885908 0.00317450,
                        -0.02145766 0.07885908 0.00435217,
                        -0.02145047 0.08864555 0.00045894,
                        -0.02146125 0.07885908 0.00518346,
                        -0.02104418 0.09170382 0.00537281,
                        -0.02061632 0.09599723 0.00751571,
                        -0.02048688 0.09814395 0.00751571,
                        -0.01989003 0.10028671 0.00966322,
                        -0.01936150 0.10154948 0.01109489,
                        -0.01953768 0.10189279 0.00966322,
                        -0.01899116 0.10296614 0.00966322,
                        -0.01916734 0.10332130 0.00751571,
                        -0.01921408 0.10338838 0.00537281,
                        -0.01914577 0.10324633 0.00322530,
                        -0.01903071 0.10301350 0.00107779,
                        -0.01883656 0.10229135 -0.00329112,
                        -0.01825409 0.10458012 0.00107779,
                        -0.01797365 0.10458012 -0.00106510,
                        -0.01749545 0.10421313 -0.00536012,
                        -0.01729770 0.10383035 -0.00703656,
                        -0.01707837 0.10555877 -0.00393306,
                        -0.01693455 0.10528649 -0.00536012,
                        -0.01546760 0.10676629 -0.00735061,
                        -0.01477727 0.10750817 -0.00796022,
                        -0.01501457 0.10783965 -0.00652855,
                        -0.01277459 0.10987192 -0.00836202,
                        -0.01071079 0.11211728 -0.00862988,
                        -0.00872250 0.11654881 -0.00321261,
                        -0.00746768 0.11708549 -0.00321261,
                        -0.00741734 0.11665536 -0.00518924,
                        -0.01516199 0.10801722 -0.00536012,
                        -0.00541826 0.11890862 0.00340542,
                        -0.00466680 0.11873104 0.00107779,
                        -0.00396569 0.11846270 -0.00154540,
                        -0.00317468 0.11899938 0.00107779,
                        0.00026618 0.11665536 -0.00536012,
                        0.00242706 0.11454811 -0.00106510,
                        -0.00317468 0.11917301 0.00322530,
                        -0.00160706 0.11880602 0.00107779,
                        -0.00053561 0.11808387 0.00107779,
                        0.00048191 0.11692370 -0.00106510,
                        0.00038124 0.11680137 -0.00321261,
                        0.00467423 0.11067299 0.00322530,
                        0.00553355 0.10887354 0.00537281,
                        0.00630298 0.10662029 0.00524812,
                        0.01524852 0.07885908 0.00322530,
                        0.01514784 0.07885908 0.00207535,
                        0.01505436 0.07885908 0.00107779,
                        0.00348054 0.11316696 0.00322530,
                        0.00417446 0.11174634 0.00322530,
                        -0.02003025 0.07885908 -0.00746607,
                        -0.02067025 0.07885908 -0.00536012,
                        -0.02140732 0.07885908 0.00621796,
                        -0.02124912 0.08955711 0.00322530,
                        -0.02129227 0.07885908 0.00727093,
                        -0.02127069 0.07885908 0.00746028,
                        -0.02099025 0.07885908 0.00966322,
                        -0.02098306 0.07885908 0.00970016,
                        -0.02001228 0.09814395 0.00966322,
                        -0.01945138 0.10028671 0.01133504,
                        -0.01912420 0.10028671 0.01241110,
                        -0.01878622 0.10233476 0.01181073,
                        -0.01758533 0.10467483 0.01172760,
                        -0.01701365 0.10544828 0.01238339,
                        -0.01717545 0.10572846 0.01095634,
                        -0.01807791 0.10458012 0.00966322,
                        -0.01729051 0.10589025 0.00966322,
                        -0.01840510 0.10458012 0.00751571,
                        -0.01851297 0.10458012 0.00537281,
                        -0.01749904 0.10620989 0.00322530,
                        -0.01844465 0.10458012 0.00322530,
                        -0.01717905 0.10574819 -0.00250139,
                        -0.01742713 0.10614280 0.00107779,
                        -0.01728332 0.10592971 -0.00106510,
                        -0.01655343 0.10656898 -0.00321261,
                        -0.01603928 0.10672683 -0.00536012,
                        -0.01000967 0.11547546 -0.00106510,
                        -0.01017147 0.11575958 0.00107779,
                        -0.00893463 0.11670666 -0.00106510,
                        -0.00641061 0.11854162 0.00423671,
                        -0.01537412 0.10826188 -0.00321261,
                        -0.00641061 0.11854162 0.00432446,
                        -0.00528882 0.11884942 0.00517423,
                        0.00155696 0.11562147 -0.00106510,
                        0.00163606 0.11571617 0.00107779,
                        0.00249897 0.11464282 0.00107779,
                        -0.00455175 0.11868368 0.00691533,
                        -0.00391535 0.11868368 0.00691533,
                        -0.00318906 0.11889283 0.00528506,
                        -0.00193065 0.11861266 0.00451381,
                        -0.00174368 0.11870737 0.00322530,
                        -0.00066864 0.11810360 0.00322530,
                        0.00062573 0.11703024 0.00322530,
                        0.00056101 0.11701051 0.00107779,
                        0.00621669 0.10697544 0.00751571,
                        0.00467783 0.11063352 0.00537281,
                        0.00526389 0.10887354 0.00966322,
                        0.00614478 0.10684917 0.00966322,
                        0.01524492 0.07885908 0.00407507,
                        0.00256729 0.11472963 0.00322530,
                        0.00250976 0.11465861 0.00537281,
                        0.00337986 0.11316696 0.00537281,
                        0.00413491 0.11170688 0.00537281,
                        -0.02049048 0.07885908 0.01181073,
                        -0.02047969 0.07885908 0.01183843,
                        -0.01970666 0.07885908 0.01357953,
                        -0.01969588 0.07885908 0.01359801,
                        -0.01819656 0.10028671 0.01395824,
                        -0.01722938 0.10154553 0.01513590,
                        -0.01771837 0.10233081 0.01397671,
                        -0.01739477 0.10401977 0.01327011,
                        -0.01507570 0.10581922 0.01515899,
                        -0.01540288 0.10661239 0.01375503,
                        -0.01499300 0.10780808 0.01290526,
                        -0.01639164 0.10696361 0.00966322,
                        -0.01020743 0.11583456 0.00322530,
                        -0.01743792 0.10609150 0.00751571,
                        -0.01750264 0.10618621 0.00537281,
                        -0.01670444 0.10728324 0.00322530,
                        -0.01671883 0.10721616 0.00107779,
                        -0.01660737 0.10700307 -0.00106510,
                        -0.00909642 0.11678164 0.00107779,
                        -0.01553232 0.10843946 -0.00106510,
                        -0.00913238 0.11681321 0.00322530,
                        -0.00890227 0.11666720 0.00500335,
                        -0.00747127 0.11748405 0.00537743,
                        -0.00598275 0.11829696 0.00575613,
                        0.00170078 0.11580299 0.00322530,
                        -0.00528882 0.11804046 0.00758498,
                        -0.00546500 0.11712890 0.00975558,
                        -0.00484298 0.11677769 0.01128886,
                        -0.00317468 0.11675401 0.01133042,
                        -0.00317468 0.11746432 0.00966322,
                        -0.00114324 0.11792208 0.00528506,
                        0.00052146 0.11684083 0.00537281,
                        -0.00193424 0.11648962 0.01097481,
                        0.00159651 0.11573196 0.00537281,
                        0.00655826 0.10590209 0.00751571,
                        0.01523054 0.07885908 0.00537281,
                        0.00652590 0.10577581 0.00966322,
                        0.00452682 0.11024680 0.00966322,
                        0.00444412 0.11011263 0.01106718,
                        0.00483603 0.10895246 0.01179687,
                        0.00595063 0.10652164 0.01160752,
                        0.00648635 0.10566532 0.01075313,
                        0.00230841 0.11440210 0.00751571,
                        -0.01904510 0.07885908 0.01465098,
                        -0.01809229 0.07885908 0.01612422,
                        -0.01713950 0.08218175 0.01718643,
                        -0.01522670 0.10028671 0.01746352,
                        -0.01509727 0.10159683 0.01729727,
                        -0.01343616 0.10458012 0.01778219,
                        -0.01311616 0.10612307 0.01745429,
                        -0.01684467 0.10297799 0.01470178,
                        -0.01384245 0.10668737 0.01602262,
                        -0.01456514 0.10725167 0.01433232,
                        -0.00627398 0.11628442 0.01052684,
                        -0.00743172 0.11570434 0.00975558,
                        -0.00822273 0.11613841 0.00751571,
                        -0.00853553 0.11638308 0.00643502,
                        -0.01313414 0.10800933 0.01545456,
                        -0.01102719 0.11476121 0.00322530,
                        -0.00714768 0.11690791 0.00751571,
                        -0.00669105 0.11660406 0.00909978,
                        -0.00317468 0.11611079 0.01240187,
                        -0.00659757 0.11441394 0.01308999,
                        -0.00898497 0.10811983 0.01964336,
                        -0.00746768 0.10960752 0.01880745,
                        -0.00610499 0.10989165 0.01925081,
                        -0.00246637 0.11435475 0.01517285,
                        -0.00190189 0.11435475 0.01517285,
                        0.00027338 0.11657249 0.00691071,
                        0.00219336 0.11424820 0.00861948,
                        -0.00112526 0.11463493 0.01380121,
                        -0.00114324 0.11564909 0.01173683,
                        0.00044596 0.11455206 0.01181073,
                        -0.00049606 0.11605554 0.00966322,
                        0.01513706 0.07885908 0.00638884,
                        0.00195606 0.11398776 0.01004653,
                        0.00248819 0.11250795 0.01181073,
                        0.00363514 0.11090581 0.01179687,
                        0.00419963 0.10972196 0.01249885,
                        0.00454120 0.10818691 0.01395824,
                        0.00659062 0.10377905 0.01328396,
                        0.00517400 0.10672683 0.01395824,
                        0.00545086 0.10458012 0.01610575,
                        0.00639646 0.10327394 0.01471564,
                        0.00670208 0.10452882 0.01160752,
                        0.01450066 0.07885908 0.01177378,
                        0.01481706 0.07885908 0.00966322,
                        0.01489616 0.07885908 0.00895661,
                        -0.01726174 0.07885908 0.01731112,
                        -0.01352964 0.08955711 0.01999435,
                        -0.01423076 0.09814395 0.01864119,
                        -0.01412290 0.10028671 0.01853959,
                        -0.01291482 0.10154158 0.01938012,
                        -0.01257684 0.10297404 0.01913997,
                        -0.01219213 0.10458012 0.01885363,
                        -0.01258044 0.10755552 0.01688624,
                        -0.01080787 0.10588630 0.01941245,
                        -0.01041596 0.10731481 0.01902913,
                        -0.01114944 0.10806458 0.01759746,
                        -0.00952069 0.10880646 0.01815627,
                        -0.00966451 0.10665186 0.01987428,
                        -0.00729509 0.10656898 0.02101962,
                        -0.00746768 0.10853417 0.01998974,
                        -0.00536073 0.10905506 0.02009134,
                        -0.00467399 0.11003371 0.01940783,
                        -0.00317468 0.11223961 0.01732036,
                        -0.00317468 0.11122545 0.01839642,
                        -0.00317468 0.11015209 0.01953253,
                        -0.00166818 0.11228302 0.01736654,
                        -0.00001786 0.10992322 0.01930161,
                        -0.00023718 0.11195943 0.01698784,
                        -0.00047089 0.11388516 0.01441083,
                        0.00009720 0.11428372 0.01297916,
                        0.00152100 0.11358131 0.01181073,
                        0.00226167 0.11218042 0.01303457,
                        0.00277582 0.11103603 0.01383354,
                        0.00394076 0.10926026 0.01395824,
                        0.00434704 0.10782781 0.01507586,
                        0.00459513 0.10666369 0.01591640,
                        0.00685668 0.10250839 0.01398133,
                        0.00444772 0.10590209 0.01735269,
                        0.00645759 0.10127719 0.01708483,
                        0.00624905 0.10250839 0.01626277,
                        0.00665174 0.10184149 0.01565315,
                        0.00730252 0.10243342 0.01181073,
                        0.01403325 0.07885908 0.01395824,
                        -0.01586310 0.07885908 0.01852112,
                        -0.01360515 0.08741040 0.02006363,
                        -0.01305144 0.10028671 0.01945863,
                        -0.01228201 0.08741040 0.02113507,
                        -0.01213819 0.08955711 0.02106580,
                        -0.01112068 0.10458012 0.01960180,
                        -0.00961417 0.08955711 0.02237278,
                        -0.00961417 0.10243342 0.02077946,
                        -0.00961417 0.10458012 0.02042847,
                        -0.00780205 0.10458012 0.02122744,
                        -0.00646094 0.10574819 0.02149068,
                        -0.00532118 0.10715302 0.02129210,
                        -0.00317468 0.10755552 0.02138446,
                        -0.00317468 0.10887354 0.02051622,
                        -0.00144886 0.11014026 0.01951405,
                        -0.00085201 0.10907479 0.02019294,
                        -0.00103178 0.10749238 0.02133828,
                        0.00059697 0.10849471 0.01989275,
                        0.00136280 0.10919318 0.01851650,
                        0.00213223 0.10989165 0.01709868,
                        0.00070124 0.11053093 0.01786994,
                        0.00041360 0.11245271 0.01555617,
                        0.00097090 0.11303279 0.01372270,
                        0.00184460 0.11176213 0.01446163,
                        0.00251335 0.11032967 0.01566701,
                        0.00330436 0.10885775 0.01608727,
                        0.00409177 0.10733454 0.01650754,
                        0.00266077 0.10845919 0.01773139,
                        0.00324683 0.10668737 0.01825787,
                        0.00390840 0.10458012 0.01886749,
                        0.00426435 0.10334103 0.01925543,
                        0.00474614 0.10458012 0.01779605,
                        0.00636770 0.09901605 0.01914459,
                        0.00666612 0.09984474 0.01771292,
                        0.00689983 0.09823865 0.01835948,
                        0.00665174 0.09758754 0.01950482,
                        0.01324224 0.07885908 0.01592101,
                        -0.01576603 0.07885908 0.01860425,
                        -0.01494985 0.07885908 0.01929699,
                        -0.01106315 0.08955711 0.02165694,
                        -0.01221729 0.07885908 0.02121359,
                        -0.01121056 0.08741040 0.02173084,
                        -0.01434581 0.07885908 0.01977268,
                        -0.01406896 0.07885908 0.01998974,
                        -0.01393952 0.07885908 0.02007748,
                        -0.00961417 0.08741040 0.02248824,
                        -0.00661555 0.08905990 0.02368900,
                        -0.00738498 0.08968733 0.02331953,
                        -0.00822992 0.10243342 0.02136137,
                        -0.00715847 0.10243342 0.02172622,
                        -0.00672701 0.10458012 0.02157843,
                        -0.00317468 0.10458012 0.02229889,
                        -0.00532118 0.10607967 0.02160614,
                        -0.00625600 0.09049235 0.02360125,
                        -0.00532118 0.10243342 0.02222038,
                        -0.00317468 0.10243342 0.02269606,
                        -0.00317468 0.10648217 0.02174931,
                        -0.00103178 0.10458012 0.02238663,
                        -0.00103178 0.10641903 0.02173545,
                        0.00021225 0.10604021 0.02161076,
                        0.00202797 0.10747660 0.01915844,
                        0.00112191 0.10675840 0.02041924,
                        0.00199920 0.10301745 0.02130595,
                        0.01172136 0.07885908 0.01830868,
                        0.01300135 0.07885908 0.01630895,
                        0.00121539 0.10235449 0.02214187,
                        0.00224369 0.09290345 0.02365667,
                        0.00386885 0.08955711 0.02330568,
                        0.00896004 0.07885908 0.02168004,
                        0.01017890 0.07885908 0.02043771,
                        0.01031912 0.07885908 0.02026222,
                        -0.01219932 0.07885908 0.02122282,
                        -0.00763666 0.08741040 0.02330106,
                        -0.00656162 0.08741040 0.02367514,
                        -0.00532118 0.08741040 0.02392915,
                        -0.00317468 0.08741040 0.02426167,
                        -0.00545421 0.08968733 0.02380445,
                        -0.00103178 0.10243342 0.02298702,
                        -0.00103178 0.10028671 0.02329182,
                        0.00056461 0.10458012 0.02189248,
                        0.00111472 0.10028671 0.02267759,
                        0.00013315 0.09767435 0.02366129,
                        0.00247021 0.09170382 0.02376289,
                        0.00433266 0.08633310 0.02361510,
                        0.00451603 0.08490065 0.02373980,
                        0.00467423 0.08311698 0.02383216,
                        0.00755780 0.07885908 0.02250671,
                        -0.01114225 0.07885908 0.02163847,
                        -0.01111708 0.07885908 0.02164771,
                        -0.00317468 0.07885908 0.02399380,
                        -0.00957822 0.07885908 0.02217881,
                        -0.00746768 0.07885908 0.02285770,
                        -0.00554050 0.07885908 0.02339804,
                        -0.00446546 0.07885908 0.02367514,
                        -0.00317468 0.08097028 0.02408617,
                        -0.00317468 0.08311698 0.02417853,
                        -0.00317468 0.08526370 0.02425705,
                        -0.00103178 0.08955711 0.02428014,
                        -0.00317468 0.08955711 0.02410926,
                        -0.00103178 0.08311698 0.02446025,
                        -0.00103178 0.08526370 0.02444178,
                        -0.00103178 0.08741040 0.02439098,
                        -0.00017246 0.09767435 0.02366129,
                        0.00111472 0.08955711 0.02422472,
                        0.00111472 0.09170382 0.02404460,
                        0.00279380 0.08955711 0.02387835,
                        0.00499063 0.07885908 0.02395224,
                        0.00500861 0.07885908 0.02394300,
                        0.00606568 0.07885908 0.02337033,
                        0.00326121 0.08311698 0.02421548,
                        -0.00103178 0.07885908 0.02431708,
                        -0.00103178 0.08097028 0.02440483,
                        0.00111472 0.08097028 0.02444640,
                        0.00111472 0.08311698 0.02443254,
                        0.00111472 0.07885908 0.02440945,
                        0.00111472 0.08526370 0.02438636,
                        0.00111472 0.08741040 0.02432632,
                        0.00328638 0.07885908 0.02435865,
                        0.00326121 0.07885908 0.02436327,
                        -0.02426665 -0.02636426 0.00322537,
                        -0.02412921 -0.02636426 0.00536840,
                        -0.02311421 0.00626158 -0.00106569,
                        -0.02321994 0.00626158 -0.00277812,
                        -0.02324637 0.00626158 -0.00320873,
                        -0.02375387 -0.00919537 -0.00535676,
                        -0.02382259 -0.01133883 -0.00535676,
                        -0.02382788 -0.01133883 -0.00750480,
                        -0.02388603 -0.01348937 -0.00750480,
                        -0.02382788 -0.01563282 -0.00750480,
                        -0.02411863 -0.02636426 0.00107734,
                        -0.02402348 -0.02851479 0.00107734,
                        -0.02416092 -0.02851479 0.00322537,
                        -0.02358999 -0.02760224 0.00867809,
                        -0.02358999 -0.02696556 0.00867809,
                        -0.02337325 -0.02207735 0.00966448,
                        -0.02355827 -0.02207735 0.00846278,
                        -0.02401819 -0.02851479 0.00536840,
                        -0.02305606 0.00626158 -0.00063008,
                        -0.02318822 0.00626158 -0.00492615,
                        -0.02375387 -0.00919537 -0.00750480,
                        -0.02361642 -0.00751881 -0.00871151,
                        -0.02366400 -0.00919537 -0.00885171,
                        -0.02369572 -0.01133883 -0.00897188,
                        -0.02372744 -0.01348937 -0.00905199,
                        -0.02370101 -0.01563282 -0.00896186,
                        -0.02396004 -0.02636426 -0.00106569,
                        -0.02382259 -0.02851479 -0.00106569,
                        -0.02293447 -0.03923916 -0.00106569,
                        -0.02323051 -0.03709571 0.00322537,
                        -0.02310892 -0.03709571 0.00536840,
                        -0.02301377 -0.03923916 0.00107734,
                        -0.02325166 -0.02839454 0.00950425,
                        -0.02336267 -0.02629352 0.00950425,
                        -0.02287104 -0.03709571 0.00751644,
                        -0.02224195 -0.03709571 0.00966448,
                        -0.02255385 -0.02207735 0.01181252,
                        -0.02249570 -0.01992681 0.01181252,
                        -0.02023310 0.00626158 0.01431606,
                        -0.02035998 0.00626158 0.01395555,
                        -0.02324109 -0.01992681 0.00966448,
                        -0.02334153 -0.02422081 0.00966448,
                        -0.02275473 0.00626158 0.00150795,
                        -0.02281817 0.00626158 0.00107734,
                        -0.02317236 0.00626158 -0.00535676,
                        -0.02306663 0.00626158 -0.00750480,
                        -0.02269130 0.00626158 -0.00965284,
                        -0.02332567 -0.01133883 -0.01004339,
                        -0.02197763 0.00626158 -0.01179587,
                        -0.02335210 -0.01348937 -0.01012351,
                        -0.02152828 -0.01992681 -0.01519067,
                        -0.02151242 -0.02207735 -0.01516063,
                        -0.02362171 -0.01778336 -0.00873154,
                        -0.02190890 -0.02207735 -0.01394391,
                        -0.02143841 -0.02573467 -0.01504046,
                        -0.02141198 -0.02716364 -0.01497036,
                        -0.02135383 -0.03065118 -0.01467494,
                        -0.02372744 -0.02645623 -0.00334392,
                        -0.02364286 -0.02851479 -0.00260788,
                        -0.02267544 -0.03923916 -0.00320873,
                        -0.02270187 -0.04138969 -0.00106569,
                        -0.02297148 -0.03923916 0.00322537,
                        -0.02281817 -0.03923916 0.00536840,
                        -0.02262786 -0.03923916 0.00751644,
                        -0.02272830 -0.04138969 0.00107734,
                        -0.02240054 -0.02636426 0.01181252,
                        -0.02222609 -0.02851479 0.01181252,
                        -0.02249041 -0.02422081 0.01181252,
                        -0.02190362 -0.03929575 0.00982971,
                        -0.02149128 -0.03862372 0.01086117,
                        -0.02166573 -0.02207735 0.01328460,
                        -0.02104193 -0.01992681 0.01440118,
                        -0.02168687 -0.01992681 0.01332966,
                        -0.01970975 0.00626158 0.01575309,
                        -0.02070888 0.00626158 0.01224313,
                        -0.02210450 0.00626158 0.00536840,
                        -0.02249570 0.00626158 0.00322537,
                        -0.02272301 -0.01348937 -0.01179587,
                        -0.02150185 0.00626158 -0.01309270,
                        -0.02117938 0.00626158 -0.01394891,
                        -0.02151771 -0.01778336 -0.01517064,
                        -0.02074589 -0.02207735 -0.01623715,
                        -0.01794408 0.00626158 -0.02038302,
                        -0.01734142 0.00626158 -0.02126927,
                        -0.01717755 0.00626158 -0.02150460,
                        -0.02071417 -0.02422081 -0.01616705,
                        -0.02050271 -0.03065118 -0.01609195,
                        -0.02357413 -0.01897888 -0.00860636,
                        -0.02005337 -0.03295734 -0.01628722,
                        -0.02123753 -0.03285831 -0.01398897,
                        -0.02148070 -0.04491968 -0.00662856,
                        -0.02149128 -0.03217919 -0.01330300,
                        -0.02356884 -0.02318799 -0.00645331,
                        -0.02362171 -0.02579833 -0.00462072,
                        -0.02185075 -0.04353316 -0.00535676,
                        -0.02244283 -0.04138969 -0.00320873,
                        -0.02351069 -0.02461696 -0.00605275,
                        -0.02336267 -0.02402980 -0.00730452,
                        -0.02221023 -0.04353316 -0.00320873,
                        -0.02239526 -0.04353316 -0.00106569,
                        -0.02258028 -0.04138969 0.00322537,
                        -0.02212036 -0.04138969 0.00751644,
                        -0.02170802 -0.04138969 0.00918881,
                        -0.02065073 -0.04997060 0.00322537,
                        -0.02197234 -0.04568369 -0.00106569,
                        -0.02230010 -0.04353316 0.00107734,
                        -0.02149656 -0.02851479 0.01299920,
                        -0.02157057 -0.02636426 0.01311937,
                        -0.02095206 -0.02422081 0.01429102,
                        -0.02162872 -0.02422081 0.01321450,
                        -0.02189833 -0.03054507 0.01195772,
                        -0.02135912 -0.03118881 0.01277388,
                        -0.02144370 -0.02976692 0.01291408,
                        -0.02101021 -0.02207735 0.01435612,
                        -0.02138026 -0.04005269 0.01066089,
                        -0.02098378 -0.03709571 0.01210293,
                        -0.02093620 -0.03929575 0.01167232,
                        -0.01996878 -0.01992681 0.01583821,
                        -0.01998993 -0.01778336 0.01587326,
                        -0.01910181 -0.00275792 0.01699985,
                        -0.02106307 -0.01778336 0.01433609,
                        -0.01981019 -0.00275792 0.01592834,
                        -0.01909123 -0.00060739 0.01697482,
                        -0.01894850 0.00626158 0.01682961,
                        -0.02145956 -0.01411189 -0.01508051,
                        -0.02149128 -0.01563282 -0.01513559,
                        -0.02109479 0.00626158 -0.01416422,
                        -0.01896436 0.00626158 -0.01870564,
                        -0.01967274 -0.02207735 -0.01768420,
                        -0.01884806 -0.02422081 -0.01873569,
                        -0.01964102 -0.02422081 -0.01766417,
                        -0.01628942 0.00626158 -0.02216053,
                        -0.01311228 -0.02636426 -0.02381287,
                        -0.01418542 -0.02636426 -0.02300172,
                        -0.01560219 -0.02636426 -0.02193020,
                        -0.01667533 -0.02636426 -0.02107900,
                        -0.01774319 -0.02636426 -0.02000749,
                        -0.01871590 -0.03065118 -0.01854041,
                        -0.01940842 -0.03234897 -0.01734872,
                        -0.01881634 -0.02636426 -0.01867560,
                        -0.01876876 -0.02851479 -0.01860550,
                        -0.01870532 -0.03295734 -0.01813484,
                        -0.01924983 -0.03377794 -0.01713342,
                        -0.01981019 -0.03494517 -0.01574646,
                        -0.01986834 -0.04571905 -0.00976800,
                        -0.02050800 -0.04353316 -0.00965284,
                        -0.02102607 -0.04565539 -0.00740967,
                        -0.01940313 -0.05568649 -0.00453560,
                        -0.02134326 -0.04635573 -0.00591255,
                        -0.02157586 -0.04565539 -0.00526163,
                        -0.02187719 -0.04568369 -0.00320873,
                        -0.02086748 -0.04997060 0.00107734,
                        -0.02149128 -0.04265596 0.00875319,
                        -0.02031769 -0.04997060 0.00536840,
                        -0.02120581 -0.04138969 0.01026032,
                        -0.02086748 -0.04343412 0.00954431,
                        -0.01993706 -0.05426459 -0.00106569,
                        -0.01946657 -0.05591286 -0.00106569,
                        -0.02002693 -0.05212113 0.00322537,
                        -0.02006394 -0.05426459 -0.00320873,
                        -0.02101550 -0.04997060 -0.00106569,
                        -0.02080404 -0.02851479 0.01407071,
                        -0.02088334 -0.02636426 0.01419589,
                        -0.01987891 -0.02422081 0.01571804,
                        -0.01993706 -0.02207735 0.01579315,
                        -0.01981019 -0.02636426 0.01563292,
                        -0.02044985 -0.03280171 0.01395555,
                        -0.01981019 -0.03706033 0.01411578,
                        -0.02081990 -0.03054507 0.01376027,
                        -0.01977318 -0.03923916 0.01368517,
                        -0.02040227 -0.04138969 0.01181252,
                        -0.01954587 -0.04138969 0.01330463,
                        -0.01894321 -0.01992681 0.01691473,
                        -0.01898551 -0.01778336 0.01694478,
                        -0.01900665 -0.01563282 0.01695980,
                        -0.01802866 -0.00275792 0.01783103,
                        -0.01801809 -0.00060739 0.01785607,
                        -0.01797051 0.00153607 0.01786107,
                        -0.01787535 0.00626158 0.01779098,
                        -0.02025954 0.00626158 -0.01609195,
                        -0.01950886 0.00626158 -0.01763413,
                        -0.01491495 0.00626158 -0.02316194,
                        -0.01175895 -0.02851479 -0.02436865,
                        -0.01175895 -0.03065118 -0.02431858,
                        -0.01306470 -0.02851479 -0.02377782,
                        -0.01314400 -0.02422081 -0.02383289,
                        -0.01175895 0.00368660 -0.02490441,
                        -0.01554932 -0.02851479 -0.02189015,
                        -0.01662247 -0.02851479 -0.02102893,
                        -0.01769562 -0.02851479 -0.01995741,
                        -0.01763747 -0.03065118 -0.01989733,
                        -0.01750530 -0.03280171 -0.01974211,
                        -0.01730442 -0.03445706 -0.01951679,
                        -0.01707710 -0.03588603 -0.01924641,
                        -0.01710882 -0.04025784 -0.01713843,
                        -0.01918639 -0.04646891 -0.01056413,
                        -0.01940842 -0.04503286 -0.01095969,
                        -0.01707182 -0.05304077 -0.01063923,
                        -0.01957759 -0.04782715 -0.00911208,
                        -0.01976790 -0.04992816 -0.00757490,
                        -0.02040756 -0.04782715 -0.00750480,
                        -0.01947186 -0.05212113 -0.00678879,
                        -0.01724098 -0.05568649 -0.00880164,
                        -0.01699781 -0.05712254 -0.00831595,
                        -0.01874233 -0.05640805 -0.00529668,
                        -0.01773791 -0.05860810 -0.00541184,
                        -0.01735728 -0.06012197 -0.00473589,
                        -0.01701895 -0.06155094 -0.00391973,
                        -0.01854673 -0.05855858 -0.00320873,
                        -0.01914939 -0.05716498 -0.00320873,
                        -0.01953530 -0.05609679 -0.00320873,
                        -0.02144898 -0.04688629 -0.00448052,
                        -0.02049743 -0.05212113 -0.00106569,
                        -0.01943485 -0.05139958 0.00670530,
                        -0.01936613 -0.05340155 0.00456727,
                        -0.01963574 -0.05211406 0.00531833,
                        -0.01973618 -0.04348363 0.01187260,
                        -0.01949829 -0.04516728 0.01119665,
                        -0.01911238 -0.05698105 -0.00106569,
                        -0.01954587 -0.03280171 0.01534251,
                        -0.01973089 -0.02851479 0.01553779,
                        -0.01889035 -0.02207735 0.01686466,
                        -0.01881105 -0.02422081 0.01678956,
                        -0.01931855 -0.03631755 0.01508214,
                        -0.01941371 -0.03494517 0.01520231,
                        -0.01905423 -0.03923916 0.01475668,
                        -0.01920225 -0.03775360 0.01493694,
                        -0.01913353 -0.04416275 0.01262867,
                        -0.01935027 -0.04273378 0.01299920,
                        -0.01873176 -0.04138969 0.01437614,
                        -0.01523742 -0.03280171 0.01953844,
                        -0.01554932 0.00153607 0.01973873,
                        -0.01662247 0.00153607 0.01893259,
                        -0.01660661 0.00368660 0.01890255,
                        -0.01656432 0.00626158 0.01886249,
                        -0.01356162 0.00626158 -0.02412330,
                        -0.00961266 -0.03065118 -0.02487437,
                        -0.00961266 -0.03280171 -0.02470413,
                        -0.01190168 -0.03281586 -0.02404820,
                        -0.01293254 -0.03210137 -0.02368268,
                        -0.01301183 -0.03065118 -0.02373776,
                        -0.01213429 0.00626158 -0.02477423,
                        -0.01175895 0.00626158 -0.02494447,
                        -0.01548060 -0.03065118 -0.02184008,
                        -0.01655375 -0.03065118 -0.02096884,
                        -0.01638458 -0.03280171 -0.02081863,
                        -0.01609383 -0.03502299 -0.02041807,
                        -0.01578721 -0.03709571 -0.02000749,
                        -0.01511055 -0.03416702 -0.02155467,
                        -0.01531672 -0.03923916 -0.01959690,
                        -0.01686565 -0.03709571 -0.01896101,
                        -0.01652731 -0.03942309 -0.01820994,
                        -0.01502597 -0.05756821 -0.01075940,
                        -0.01682864 -0.05426459 -0.01029375,
                        -0.01913353 -0.05061435 -0.00833598,
                        -0.01644273 -0.05640805 -0.00957273,
                        -0.01549646 -0.05839588 -0.00963281,
                        -0.01521099 -0.06010074 -0.00890678,
                        -0.01485151 -0.06152971 -0.00833097,
                        -0.01668062 -0.05860810 -0.00755988,
                        -0.01734671 -0.05792899 -0.00688392,
                        -0.01669648 -0.06078693 -0.00541184,
                        -0.01561276 -0.06289502 -0.00536177,
                        -0.01518456 -0.06417543 -0.00465077,
                        -0.01659604 -0.06276768 -0.00320372,
                        -0.01721984 -0.06198953 -0.00248771,
                        -0.01755817 -0.06078693 -0.00320372,
                        -0.01721984 -0.06198953 -0.00175667,
                        -0.01909652 -0.05282855 0.00599930,
                        -0.01522685 -0.06232202 0.00472249,
                        -0.01451318 -0.06296577 0.00540846,
                        -0.01334488 -0.06278184 0.00750142,
                        -0.01743129 -0.04730366 0.01326958,
                        -0.01890621 -0.04580394 0.01187260,
                        -0.01849387 -0.05855858 -0.00106569,
                        -0.01704538 -0.06158631 -0.00032965,
                        -0.01687622 -0.06116894 0.00107734,
                        -0.01660132 -0.06055348 0.00310520,
                        -0.01547531 -0.06296577 0.00326042,
                        -0.01489380 -0.06375099 0.00400147,
                        -0.01846215 -0.03280171 0.01641403,
                        -0.01836699 -0.03494517 0.01627383,
                        -0.01622599 -0.03494517 0.01841686,
                        -0.01515284 -0.03494517 0.01946835,
                        -0.01798108 -0.03923916 0.01585824,
                        -0.01765861 -0.04138969 0.01554780,
                        -0.01778548 -0.04568369 0.01367015,
                        -0.01688679 -0.04568369 0.01474166,
                        -0.01479865 -0.04621425 0.01698984,
                        -0.01390524 -0.03280171 0.02032456,
                        -0.01390524 0.00153607 0.02073514,
                        -0.01390524 0.00368660 0.02075517,
                        -0.01553346 0.00368660 0.01974874,
                        -0.01549117 0.00626158 0.01971870,
                        -0.01634758 0.00626158 0.01903774,
                        -0.00746636 -0.03065118 -0.02510469,
                        -0.00532007 -0.03280171 -0.02518981,
                        -0.00961266 0.00153607 -0.02523488,
                        -0.00961266 -0.03494517 -0.02432359,
                        -0.01092369 -0.03655100 -0.02372775,
                        -0.01130960 -0.03494517 -0.02390800,
                        -0.00532007 -0.03494517 -0.02491443,
                        -0.00532007 -0.03709571 -0.02463403,
                        -0.00756681 -0.03932405 -0.02389298,
                        -0.01271579 -0.03353742 -0.02353247,
                        -0.01375194 -0.03281586 -0.02290658,
                        -0.01531143 -0.03280171 -0.02170989,
                        -0.01004614 0.00626158 -0.02518481,
                        -0.00961266 0.00368660 -0.02524990,
                        -0.01447089 -0.03709571 -0.02108401,
                        -0.01401097 -0.03490980 -0.02214050,
                        -0.01382595 -0.03925331 -0.02073852,
                        -0.01501539 -0.04036395 -0.01934154,
                        -0.01305413 -0.03854590 -0.02161976,
                        -0.01069109 -0.06178438 -0.01287239,
                        -0.01281095 -0.06172779 -0.01069932,
                        -0.01460834 -0.05899718 -0.01033881,
                        -0.01401626 -0.06091427 -0.00980305,
                        -0.01337131 -0.06285258 -0.00921722,
                        -0.01522156 -0.06220175 -0.00690395,
                        -0.01561276 -0.06077279 -0.00756989,
                        -0.01295897 -0.06408347 -0.00874155,
                        -0.01443389 -0.06289502 -0.00756989,
                        -0.01478808 -0.06363073 -0.00608279,
                        -0.01547003 -0.06450084 -0.00320873,
                        -0.01331845 -0.06452914 -0.00750480,
                        -0.01218186 -0.06599348 -0.00750981,
                        -0.01327616 -0.06599348 -0.00549696,
                        -0.01345061 -0.06599348 -0.00509640,
                        -0.01392110 -0.06599348 -0.00398983,
                        -0.01552289 -0.06456451 -0.00106569,
                        -0.01665419 -0.06276768 -0.00105067,
                        -0.01609383 -0.06285258 0.00107734,
                        -0.01303298 -0.06425325 0.00677539,
                        -0.01255720 -0.06344680 0.00820742,
                        -0.01294311 -0.06201783 0.00872816,
                        -0.01532729 -0.04782715 0.01544766,
                        -0.01509469 -0.06408347 0.00256945,
                        -0.01437045 -0.06488285 0.00326042,
                        -0.01364621 -0.06599348 0.00323539,
                        -0.01309113 -0.06599348 0.00475754,
                        -0.01342418 -0.06498188 0.00532835,
                        -0.01502068 -0.03623266 0.01935819,
                        -0.01390524 -0.03494517 0.02018436,
                        -0.01580307 -0.03923916 0.01798124,
                        -0.01502597 -0.04478527 0.01723018,
                        -0.01551232 -0.04138969 0.01771086,
                        -0.01433873 -0.04782715 0.01651918,
                        -0.01326558 -0.04782715 0.01748554,
                        -0.01401097 -0.04557050 0.01776594,
                        -0.01225059 -0.03280171 0.02118577,
                        -0.01265764 0.00153607 0.02139107,
                        -0.01267879 0.00368660 0.02140108,
                        -0.01267879 0.00583006 0.02139607,
                        -0.01390524 0.00583006 0.02072512,
                        -0.01390524 0.00626158 0.02071511,
                        -0.00532007 -0.03065118 -0.02528995,
                        -0.00317378 -0.03280171 -0.02534503,
                        -0.00317378 -0.03494517 -0.02507966,
                        -0.01046377 -0.03797997 -0.02355250,
                        -0.01238275 -0.03494517 -0.02331216,
                        -0.01168494 -0.03719474 -0.02304678,
                        -0.00317378 -0.03709571 -0.02478424,
                        -0.00532007 -0.03923916 -0.02424848,
                        -0.00691657 -0.04073180 -0.02372274,
                        -0.00834920 -0.04009513 -0.02356251,
                        -0.01339774 -0.03709571 -0.02187513,
                        -0.00961266 0.00626158 -0.02523988,
                        -0.00102749 -0.00060739 -0.02561041,
                        -0.00102749 -0.00275792 -0.02561541,
                        -0.00102749 -0.03065118 -0.02552529,
                        -0.00317378 -0.03065118 -0.02541513,
                        -0.01262593 -0.03997487 -0.02130432,
                        -0.01184882 -0.03925331 -0.02217555,
                        -0.00654124 -0.06192587 -0.01509554,
                        -0.00941706 -0.06264035 -0.01312775,
                        -0.00857123 -0.06394906 -0.01288741,
                        -0.00999857 -0.06322043 -0.01237169,
                        -0.01091312 -0.06421081 -0.01093966,
                        -0.01124088 -0.06264035 -0.01171075,
                        -0.01119859 -0.04102892 -0.02182506,
                        -0.00920560 -0.04353316 -0.02191518,
                        -0.01244619 -0.06285258 -0.01029375,
                        -0.01116687 -0.06599348 -0.00911208,
                        -0.01179595 -0.06599348 -0.00812568,
                        -0.01422243 -0.06599348 -0.00320873,
                        -0.01434402 -0.06599348 -0.00106569,
                        -0.01404797 -0.06599348 0.00107734,
                        -0.01526914 -0.06429569 0.00107734,
                        -0.01259421 -0.06568223 0.00601432,
                        -0.01152635 -0.06599348 0.00736623,
                        -0.01064351 -0.06599348 0.00852787,
                        -0.01088140 -0.06203905 0.01094129,
                        -0.01279509 -0.06599348 0.00529831,
                        -0.01248319 -0.06599348 0.00585910,
                        -0.01482508 -0.03766164 0.01922300,
                        -0.01402683 -0.03700374 0.01977378,
                        -0.01209728 -0.03494517 0.02111067,
                        -0.01455019 -0.03923916 0.01905777,
                        -0.01314400 -0.05154813 0.01534752,
                        -0.01287439 -0.04895900 0.01720515,
                        -0.01174309 -0.04581102 0.01900269,
                        -0.00628749 -0.05306199 0.01927808,
                        -0.01251491 -0.04353316 0.01919296,
                        -0.01387352 -0.04155947 0.01888252,
                        -0.01102414 -0.03494517 0.02163641,
                        -0.01117744 -0.03280171 0.02170651,
                        -0.00961266 -0.02207735 0.02260278,
                        -0.00961266 -0.00704484 0.02275299,
                        -0.01160564 0.00583006 0.02190179,
                        -0.01245676 0.00626158 0.02150122,
                        -0.00961266 -0.00490138 0.02276801,
                        -0.00961266 -0.00275792 0.02277803,
                        -0.01267350 0.00626158 0.02139107,
                        -0.01365149 0.00626158 0.02085531,
                        -0.00102749 -0.03280171 -0.02544517,
                        -0.00102749 -0.03494517 -0.02516478,
                        -0.00756681 -0.04142507 -0.02338726,
                        -0.00746636 -0.04353316 -0.02267125,
                        -0.00102749 -0.03709571 -0.02486936,
                        -0.00317378 -0.03923916 -0.02434862,
                        -0.00532007 -0.04097940 -0.02379784,
                        -0.00532007 -0.04205466 -0.02348240,
                        -0.00532007 -0.04353316 -0.02297168,
                        0.00111881 0.00626158 -0.02555533,
                        0.00111881 0.00153607 -0.02565547,
                        0.00111881 -0.00060739 -0.02569052,
                        0.00111881 -0.00275792 -0.02568552,
                        0.00111881 -0.03065118 -0.02556534,
                        0.00111881 -0.03280171 -0.02549024,
                        -0.00532007 -0.06239984 -0.01535090,
                        -0.00532007 -0.06347510 -0.01475506,
                        -0.00515091 -0.06599348 -0.01339313,
                        -0.00746636 -0.06442303 -0.01317783,
                        -0.00871396 -0.04484186 -0.02158972,
                        -0.00629806 -0.06599348 -0.01282733,
                        -0.00692186 -0.06599348 -0.01247683,
                        -0.00747165 -0.06599348 -0.01212634,
                        -0.00841792 -0.06599348 -0.01152048,
                        -0.00897828 -0.06599348 -0.01110489,
                        -0.01012544 -0.06599348 -0.01019861,
                        -0.01067523 -0.06599348 -0.00962780,
                        -0.01062237 -0.06599348 0.00854790,
                        -0.00867167 -0.06190464 0.01297917,
                        -0.01014659 -0.06070912 0.01240836,
                        -0.01347704 -0.03923916 0.01964860,
                        -0.01079153 -0.03625388 0.02152125,
                        -0.01280038 -0.04238715 0.01930812,
                        -0.01313342 -0.04095817 0.01946334,
                        -0.00889370 -0.05360670 0.01743047,
                        -0.00677384 -0.05163302 0.01951341,
                        -0.01061179 -0.04661747 0.01928809,
                        -0.01101356 -0.04518850 0.01946334,
                        -0.00547338 -0.05434949 0.01898266,
                        -0.00485486 -0.05369159 0.01957850,
                        -0.00304690 -0.05202918 0.02096046,
                        -0.00547338 -0.05225555 0.01987893,
                        -0.00752980 -0.05429996 0.01791114,
                        -0.00685842 -0.05591994 0.01748054,
                        -0.00621877 -0.05735599 0.01710000,
                        -0.00865053 -0.04052665 0.02151624,
                        -0.01044263 -0.03768286 0.02136603,
                        -0.00961266 -0.03494517 0.02225729,
                        -0.00961266 -0.03280171 0.02243755,
                        -0.00797915 -0.00704484 0.02344397,
                        -0.01120387 0.00626158 0.02208204,
                        -0.01160036 0.00626158 0.02190179,
                        -0.00961266 -0.00060739 0.02278304,
                        -0.00800029 -0.00490138 0.02344897,
                        0.00111881 -0.03494517 -0.02519983,
                        -0.00102749 -0.05212113 -0.02034796,
                        -0.00057814 -0.06004415 -0.01731367,
                        -0.00118608 -0.06073741 -0.01694315,
                        -0.00317378 -0.06070912 -0.01660768,
                        0.00111881 -0.03709571 -0.02487937,
                        -0.00102749 -0.03923916 -0.02440370,
                        -0.00317378 -0.04102892 -0.02383289,
                        -0.00026624 -0.04912171 -0.02151962,
                        0.00282632 0.00626158 -0.02546020,
                        0.00325981 0.00153607 -0.02556034,
                        0.00325981 -0.00060739 -0.02559038,
                        0.00325981 -0.00275792 -0.02558537,
                        0.00325981 -0.03065118 -0.02547021,
                        0.00325981 -0.03280171 -0.02542014,
                        -0.00329537 -0.06304357 -0.01557622,
                        -0.00409362 -0.06388540 -0.01499539,
                        -0.00329008 -0.06599348 -0.01399398,
                        -0.00946464 -0.06599348 0.00943916,
                        -0.00742407 -0.06599348 0.01098635,
                        -0.00700644 -0.06599348 0.01129178,
                        -0.00630335 -0.06599348 0.01180250,
                        -0.00566898 -0.06599348 0.01226316,
                        -0.00454297 -0.06599348 0.01302423,
                        -0.00674212 -0.06001586 0.01525739,
                        -0.00968138 -0.03701789 0.02182668,
                        -0.00532007 -0.04997060 0.02061998,
                        -0.00604960 -0.04613643 0.02133098,
                        -0.00978182 -0.04581102 0.01983386,
                        -0.00533064 -0.04795448 0.02116074,
                        -0.00728663 -0.04552098 0.02095545,
                        -0.00783641 -0.04353316 0.02118077,
                        -0.00394560 -0.05512056 0.01921299,
                        -0.00321078 -0.05434949 0.01990396,
                        -0.00224337 -0.05125102 0.02152626,
                        -0.00478614 -0.05786532 0.01738540,
                        -0.00644608 -0.04470038 0.02149121,
                        -0.00533064 -0.04552098 0.02175658,
                        -0.00897828 -0.03923916 0.02165144,
                        -0.00746636 -0.03494517 0.02302337,
                        -0.00746636 -0.03280171 0.02322366,
                        -0.00754566 -0.02207735 0.02336886,
                        -0.00690072 -0.00704484 0.02376442,
                        -0.00692715 -0.00490138 0.02377444,
                        -0.00961266 0.00626158 0.02278304,
                        -0.00797386 -0.00275792 0.02344897,
                        0.00325981 -0.03494517 -0.02510970,
                        0.00062188 -0.06004415 -0.01731367,
                        -0.00102749 -0.06285258 -0.01604688,
                        0.00111881 -0.05212113 -0.02036800,
                        0.00325981 -0.03709571 -0.02474919,
                        0.00111881 -0.03923916 -0.02436365,
                        0.00068532 -0.04912171 -0.02151962,
                        0.00325981 0.00626158 -0.02543516,
                        0.00540611 0.00153607 -0.02534503,
                        0.00540611 -0.00060739 -0.02538509,
                        0.00540611 -0.03065118 -0.02532501,
                        0.00540611 -0.03280171 -0.02527494,
                        -0.00102749 -0.06599348 -0.01428439,
                        -0.00415177 -0.06599348 0.01316443,
                        -0.00251826 -0.05561575 0.01947836,
                        -0.00321078 -0.05636560 0.01880741,
                        -0.00374471 -0.04997060 0.02126589,
                        -0.00461698 -0.04731781 0.02162139,
                        -0.00414648 -0.04874678 0.02143112,
                        -0.00102749 -0.05252436 0.02122583,
                        -0.00102749 -0.05145617 0.02161638,
                        -0.00102749 -0.04997060 0.02203698,
                        -0.00102749 -0.04782715 0.02257274,
                        -0.00317378 -0.04568369 0.02248762,
                        -0.00332709 -0.04795448 0.02195686,
                        -0.00267157 -0.04997060 0.02169149,
                        -0.00481257 -0.03494517 0.02377944,
                        -0.00623463 -0.03280171 0.02357415,
                        -0.00532007 -0.00704484 0.02422007,
                        -0.00532007 -0.00490138 0.02425011,
                        -0.00924261 0.00626158 0.02291322,
                        -0.00532007 -0.00275792 0.02423008,
                        -0.00773069 0.00626158 0.02342394,
                        0.00540611 -0.03494517 -0.02492944,
                        0.00125097 -0.06073741 -0.01687305,
                        0.00057430 -0.06426033 -0.01522071,
                        0.00271531 -0.05355011 -0.01945671,
                        0.00128797 -0.04989279 -0.02118916,
                        0.00211794 -0.04886704 -0.02144952,
                        0.00540611 -0.03709571 -0.02452387,
                        0.00325981 -0.03923916 -0.02418339,
                        0.00497262 0.00626158 -0.02523988,
                        0.00755240 0.00153607 -0.02506964,
                        0.00755240 -0.00060739 -0.02511971,
                        0.00540611 0.00626158 -0.02518481,
                        0.00755240 -0.03065118 -0.02507966,
                        0.00755240 -0.03280171 -0.02499454,
                        0.00117167 -0.06599348 -0.01401401,
                        -0.00317378 -0.06599348 0.01341479,
                        -0.00230680 -0.05975411 0.01725522,
                        -0.00102749 -0.05693861 0.01903273,
                        -0.00102749 -0.05586334 0.01959352,
                        -0.00102749 -0.05426459 0.02042470,
                        0.00111881 -0.05248192 0.02114572,
                        0.00111881 -0.05141372 0.02162640,
                        0.00111881 -0.04997060 0.02214714,
                        0.00111881 -0.04782715 0.02277803,
                        -0.00102749 -0.04568369 0.02293325,
                        -0.00317378 -0.03494517 0.02420505,
                        -0.00317378 -0.03280171 0.02439531,
                        -0.00516148 -0.03280171 0.02387458,
                        -0.00317378 -0.00490138 0.02483093,
                        -0.00317378 -0.00275792 0.02482592,
                        -0.00665754 0.00626158 0.02367930,
                        0.00755240 -0.03494517 -0.02459898,
                        0.00325981 -0.06070912 -0.01615704,
                        0.00325981 -0.06232909 -0.01536091,
                        0.00122453 -0.06300113 -0.01573144,
                        0.00540611 -0.05154813 -0.01952180,
                        0.00660084 -0.05113076 -0.01935156,
                        0.00897974 -0.04917122 -0.01942666,
                        0.00969869 -0.04992108 -0.01885085,
                        0.00422723 -0.06599348 -0.01310773,
                        0.00251443 -0.06599348 -0.01362846,
                        0.00540611 -0.04997060 -0.02017272,
                        0.00325981 -0.04997060 -0.02073852,
                        0.00540082 -0.04774933 -0.02106398,
                        0.00325981 -0.04851334 -0.02130932,
                        0.00534267 -0.03936650 -0.02390299,
                        0.00601404 -0.04016587 -0.02355250,
                        0.00755240 -0.03865908 -0.02377281,
                        0.00468186 -0.04697825 -0.02153965,
                        0.00755240 -0.03709571 -0.02416837,
                        0.00711891 0.00626158 -0.02495448,
                        0.00755240 0.00626158 -0.02489439,
                        0.00927049 0.00626158 -0.02454390,
                        0.00969869 0.00368660 -0.02454390,
                        0.00969869 0.00153607 -0.02458396,
                        0.00969869 -0.00275792 -0.02464404,
                        0.00969869 -0.03065118 -0.02447380,
                        0.00969869 -0.00490138 -0.02463904,
                        0.01184498 -0.00490138 -0.02406322,
                        0.00969869 -0.03280171 -0.02436865,
                        -0.00096405 -0.06599348 0.01380033,
                        -0.00102749 -0.05992389 0.01735536,
                        -0.00102749 -0.05855858 0.01813646,
                        0.00111881 -0.05692446 0.01903273,
                        0.00111881 -0.05426459 0.02032456,
                        0.00111881 -0.05585627 0.01957350,
                        0.00271002 -0.05119443 0.02153627,
                        0.00335497 -0.05015453 0.02191681,
                        0.00325981 -0.04782715 0.02284813,
                        0.00325981 -0.04568369 0.02328875,
                        0.00111881 -0.04568369 0.02313353,
                        -0.00102749 -0.03494517 0.02444038,
                        -0.00102749 -0.03280171 0.02465568,
                        -0.00102749 -0.03065118 0.02471577,
                        -0.00102749 -0.00490138 0.02515138,
                        -0.00102749 -0.00275792 0.02517141,
                        -0.00102749 -0.00060739 0.02507628,
                        -0.00317378 0.00626158 0.02439031,
                        -0.00532007 0.00626158 0.02397973,
                        -0.00637736 0.00626158 0.02374439,
                        0.00902731 -0.03709571 -0.02376780,
                        0.00870484 -0.03825586 -0.02363762,
                        0.00450741 -0.06191171 -0.01509053,
                        0.01200358 -0.05014038 -0.01788949,
                        0.00460257 -0.06599348 -0.01297253,
                        0.00740966 -0.04992108 -0.01961192,
                        0.00755240 -0.04782715 -0.02042307,
                        0.00969869 -0.04785544 -0.01971707,
                        0.01041236 -0.04859115 -0.01919133,
                        0.00610920 -0.04651136 -0.02136440,
                        0.00708190 -0.04508239 -0.02163479,
                        0.00969869 0.00626158 -0.02445377,
                        0.01297628 0.00540561 -0.02362760,
                        0.01205644 0.00600691 -0.02385292,
                        0.01293927 0.00626158 -0.02361258,
                        0.01244235 -0.03065118 -0.02342732,
                        0.01312959 -0.00490138 -0.02368268,
                        0.01120532 -0.03280171 -0.02377281,
                        0.01088285 -0.03408920 -0.02364763,
                        0.00976213 -0.03486028 -0.02393804,
                        0.00111881 -0.06599348 0.01388044,
                        0.00325981 -0.05664857 0.01885247,
                        0.00325981 -0.05558038 0.01943830,
                        0.00316994 -0.06599348 0.01359003,
                        0.00325981 -0.05426459 0.02004917,
                        0.00413736 -0.05098927 0.02144614,
                        0.00540611 -0.04782715 0.02255271,
                        0.00540611 -0.04568369 0.02315857,
                        0.00111881 -0.03065118 0.02480589,
                        0.00325981 -0.02851479 0.02493107,
                        0.00111881 -0.02851479 0.02486598,
                        0.00325981 -0.00275792 0.02546182,
                        0.00111881 -0.00275792 0.02532663,
                        0.00111881 -0.00060739 0.02523150,
                        -0.00102749 0.00626158 0.02451549,
                        0.01010046 -0.03709571 -0.02331216,
                        0.01051809 -0.03551818 -0.02349742,
                        0.01184498 -0.03709571 -0.02255108,
                        0.01360537 -0.03709571 -0.02176998,
                        0.01317716 -0.03853175 -0.02157470,
                        0.01399656 -0.04138969 -0.02032293,
                        0.01399127 -0.04343412 -0.01968703,
                        0.01327761 -0.04505409 -0.01947673,
                        0.01264323 -0.04649014 -0.01921136,
                        0.01189785 -0.04573321 -0.01976214,
                        0.00851453 -0.04450231 -0.02141948,
                        0.00526866 -0.06599348 -0.01270716,
                        0.01189785 -0.04785544 -0.01895099,
                        0.01399656 -0.04937638 -0.01741882,
                        0.01282297 -0.05096805 -0.01711339,
                        0.00770042 -0.04574735 -0.02118916,
                        0.00969869 -0.04568369 -0.02055826,
                        0.01121061 -0.04716217 -0.01946672,
                        0.01174983 0.00626158 -0.02392302,
                        0.01353136 0.00626158 -0.02336724,
                        0.01381154 0.00600691 -0.02325708,
                        0.01420273 -0.00490138 -0.02323205,
                        0.01399656 -0.03065118 -0.02279643,
                        0.01227847 -0.03280171 -0.02334220,
                        0.01413930 -0.00704484 -0.02322203,
                        0.00442811 -0.05539646 0.01935318,
                        0.00634709 -0.06599348 0.01285900,
                        0.00969869 -0.04733195 0.02173655,
                        0.00755240 -0.04568369 0.02272796,
                        0.00755240 -0.04353316 0.02304340,
                        0.00540611 -0.04353316 0.02334383,
                        0.00540611 -0.02851479 0.02460061,
                        0.00540611 -0.00275792 0.02511633,
                        0.00540611 -0.00060739 0.02495611,
                        0.00325981 -0.00060739 0.02529158,
                        0.00111881 0.00626158 0.02442536,
                        0.01169696 -0.03486028 -0.02314192,
                        0.01417101 -0.03508665 -0.02200030,
                        0.01467851 -0.03709571 -0.02127928,
                        0.01500627 -0.03590018 -0.02142950,
                        0.01393312 -0.03924624 -0.02100389,
                        0.01518601 -0.04264889 -0.01937659,
                        0.01471023 -0.04408493 -0.01913124,
                        0.01399656 -0.04782715 -0.01807475,
                        0.01506971 -0.04890241 -0.01716346,
                        0.00569157 -0.06599348 -0.01248184,
                        0.01610056 -0.04994938 -0.01607192,
                        0.01713670 -0.05099635 -0.01497036,
                        0.01383797 0.00626158 -0.02323705,
                        0.01607413 0.00583006 -0.02210045,
                        0.01634903 -0.00478820 -0.02203535,
                        0.01631731 -0.00700240 -0.02203034,
                        0.01579924 -0.03065118 -0.02190016,
                        0.01565122 -0.03280171 -0.02178500,
                        0.01399656 -0.03280171 -0.02259615,
                        0.00636295 -0.06599348 0.01285399,
                        0.00756297 -0.05650002 0.01772588,
                        0.00586074 -0.05492956 0.01912786,
                        0.01094629 -0.04694288 0.02155630,
                        0.00969869 -0.04568369 0.02219220,
                        0.00969869 -0.04353316 0.02257274,
                        0.00969869 -0.04138969 0.02287817,
                        0.00877885 -0.02795594 0.02365927,
                        0.01184498 -0.03923916 0.02238247,
                        0.01184498 -0.02851479 0.02257774,
                        0.01184498 -0.01778336 0.02264784,
                        0.00755240 -0.00275792 0.02430519,
                        0.00755240 -0.00060739 0.02422007,
                        0.00957710 -0.02860676 0.02338388,
                        0.00969869 0.00626158 0.02261279,
                        0.00740966 0.00626158 0.02333381,
                        0.00548540 0.00626158 0.02384454,
                        0.00325981 0.00626158 0.02426012,
                        0.01533932 -0.03447121 -0.02159974,
                        0.01614286 -0.03709571 -0.02056828,
                        0.01751204 -0.03861664 -0.01946171,
                        0.01625387 -0.03929575 -0.01987229,
                        0.01791381 -0.03709571 -0.01967201,
                        0.01825214 -0.03929575 -0.01885585,
                        0.01939401 -0.04254277 -0.01719351,
                        0.01825743 -0.04337045 -0.01751396,
                        0.01751733 -0.04503994 -0.01732369,
                        0.01652348 -0.04782715 -0.01683800,
                        0.01775522 -0.04956031 -0.01540097,
                        0.00747310 -0.06599348 -0.01152549,
                        0.01918784 -0.04852748 -0.01485019,
                        0.01853232 -0.05028186 -0.01419426,
                        0.01158066 -0.06599348 -0.00847618,
                        0.01110488 -0.06599348 -0.00891179,
                        0.01060267 -0.06599348 -0.00934240,
                        0.00989957 -0.06599348 -0.00992823,
                        0.00933921 -0.06599348 -0.01033881,
                        0.01565122 0.00626158 -0.02230073,
                        0.01605827 0.00626158 -0.02209043,
                        0.01828915 0.00626158 -0.02070847,
                        0.01725829 -0.00542487 -0.02148457,
                        0.01725829 -0.00625961 -0.02148457,
                        0.01828915 -0.03065118 -0.02042808,
                        0.01828915 -0.03280171 -0.02029789,
                        0.01672436 -0.03280171 -0.02118916,
                        0.01927771 -0.03573040 -0.01926143,
                        0.00766341 -0.06599348 0.01234327,
                        0.00828721 -0.05727817 0.01705994,
                        0.00762112 -0.05423630 0.01889253,
                        0.01510143 -0.04678725 0.01934317,
                        0.01693053 -0.04405664 0.01917793,
                        0.01726358 -0.04262059 0.01936320,
                        0.01614286 -0.04138969 0.02020939,
                        0.01121590 -0.04568369 0.02169149,
                        0.01306086 -0.05328129 0.01723519,
                        0.01449349 -0.05263755 0.01690472,
                        0.01518072 -0.05120857 0.01724520,
                        0.01204058 -0.04155947 0.02204198,
                        0.01330404 -0.04095817 0.02163140,
                        0.01353664 -0.03923916 0.02172654,
                        0.01378510 -0.01778336 0.02184170,
                        0.01465737 -0.03709571 0.02131596,
                        0.01006874 -0.00275792 0.02332881,
                        0.00899559 -0.00275792 0.02375441,
                        0.00887929 -0.00060739 0.02371435,
                        0.00869427 0.00068010 0.02364425,
                        0.01149079 0.00626158 0.02184170,
                        0.00995244 -0.00060739 0.02328374,
                        0.01898696 -0.03709571 -0.01911122,
                        0.01961076 -0.04138969 -0.01738377,
                        0.02107510 -0.03923916 -0.01665775,
                        0.02361787 -0.04233055 -0.01281231,
                        0.02231741 -0.04353316 -0.01370858,
                        0.01978521 -0.04568369 -0.01545605,
                        0.01949445 -0.04709144 -0.01516063,
                        0.01840016 -0.04781299 -0.01570139,
                        0.01894995 -0.04397882 -0.01689308,
                        0.02127598 -0.04834356 -0.01260702,
                        0.02184163 -0.04953909 -0.01117499,
                        0.01984336 -0.04956031 -0.01342317,
                        0.02186278 -0.04568369 -0.01324292,
                        0.02145044 -0.05096805 -0.01065426,
                        0.01930943 -0.05099635 -0.01282232,
                        0.01220975 -0.06599348 -0.00784028,
                        0.01982750 0.00626158 -0.01968703,
                        0.01809884 -0.00478820 -0.02090375,
                        0.01983279 -0.00490138 -0.01969705,
                        0.01983279 -0.00704484 -0.01968703,
                        0.01969005 -0.03065118 -0.01955685,
                        0.01960547 -0.03280171 -0.01949175,
                        0.01945216 -0.03429435 -0.01937659,
                        0.02047773 -0.03514325 -0.01827503,
                        0.02030856 -0.03709571 -0.01803970,
                        0.02000195 -0.03923916 -0.01773427,
                        0.00959825 -0.06599348 0.01135187,
                        0.01759662 -0.04740270 0.01749556,
                        0.01649176 -0.04568369 0.01891757,
                        0.01715785 -0.04883167 0.01714005,
                        0.01795082 -0.04568369 0.01784105,
                        0.01825743 -0.04339874 0.01821157,
                        0.01943102 -0.04274086 0.01725021,
                        0.01845303 -0.04138969 0.01844690,
                        0.01737988 -0.04138969 0.01947836,
                        0.01902925 -0.04568369 0.01684964,
                        0.01614286 -0.03923916 0.02046976,
                        0.01460979 -0.03923916 0.02128091,
                        0.01401242 -0.04155947 0.02118577,
                        0.01068197 -0.06599348 0.01070095,
                        0.01069783 -0.06599348 0.01069093,
                        0.01555606 -0.05377648 0.01547270,
                        0.01608470 -0.05203624 0.01610359,
                        0.01671908 -0.04997060 0.01681459,
                        0.01485825 -0.01778336 0.02137605,
                        0.01614286 -0.03494517 0.02061497,
                        0.01184498 -0.00060739 0.02229735,
                        0.01614286 -0.01563282 0.02064000,
                        0.01184498 0.00153607 0.02213712,
                        0.01293927 0.00270330 0.02148119,
                        0.01287584 0.00626158 0.02112569,
                        0.02138171 -0.03709571 -0.01701826,
                        0.02379233 -0.04090158 -0.01304764,
                        0.02478089 -0.03923916 -0.01179587,
                        0.02571659 -0.03771823 -0.01054410,
                        0.02623466 -0.03703911 -0.00975799,
                        0.02603906 -0.03923916 -0.00906701,
                        0.02396149 -0.04353316 -0.01137528,
                        0.02375532 -0.04490553 -0.01093966,
                        0.02339056 -0.04353316 -0.01245180,
                        0.02260288 -0.04993524 -0.00961779,
                        0.02325840 -0.04782715 -0.00994826,
                        0.02365488 -0.04890241 -0.00857632,
                        0.02193150 -0.05176036 -0.00922724,
                        0.02150330 -0.05318932 -0.00857632,
                        0.02111210 -0.05426459 -0.00808062,
                        0.01955789 -0.05555208 -0.00878661,
                        0.01319831 -0.06599348 -0.00673371,
                        0.02090065 0.00626158 -0.01869062,
                        0.02091122 -0.00704484 -0.01875071,
                        0.02076320 -0.03065118 -0.01853039,
                        0.02067862 -0.03280171 -0.01849034,
                        0.02150330 -0.03599214 -0.01715845,
                        0.01973763 -0.04745222 0.01542763,
                        0.01847417 -0.04813841 0.01628384,
                        0.01749089 -0.05144202 0.01530246,
                        0.01795082 -0.04997060 0.01573807,
                        0.01925128 -0.04416982 0.01705994,
                        0.01955789 -0.04138969 0.01737539,
                        0.02113853 -0.04568369 0.01462650,
                        0.02102752 -0.03709571 0.01666438,
                        0.01750147 -0.03923916 0.01958851,
                        0.02118083 -0.03494517 0.01685966,
                        0.02006539 -0.04568369 0.01577312,
                        0.01766535 -0.03494517 0.01968365,
                        0.01614286 -0.03709571 0.02054988,
                        0.01123176 -0.06599348 0.01033042,
                        0.01698340 -0.05287099 0.01476670,
                        0.01191371 -0.06599348 0.00982971,
                        0.01308201 -0.06599348 0.00880827,
                        0.01614286 -0.01778336 0.02067505,
                        0.01299743 0.00153607 0.02151624,
                        0.01760720 -0.01563282 0.01969867,
                        0.01557192 0.00626158 0.01964860,
                        0.01430846 0.00626158 0.02036962,
                        0.01399656 0.00626158 0.02053485,
                        0.02336941 -0.03709571 -0.01468496,
                        0.02397735 -0.03923916 -0.01330801,
                        0.02530953 -0.03703911 -0.01164065,
                        0.02723380 -0.03709571 -0.00750480,
                        0.02584875 -0.03628925 -0.01082450,
                        0.02656242 -0.03494517 -0.00965284,
                        0.02759856 -0.03504421 -0.00734958,
                        0.02793160 -0.03582236 -0.00636819,
                        0.02670515 -0.03923916 -0.00750480,
                        0.02581174 -0.04466502 -0.00645832,
                        0.02450599 -0.04782715 -0.00750480,
                        0.02336412 -0.05033139 -0.00804056,
                        0.02394563 -0.04975838 -0.00739965,
                        0.02267689 -0.05222724 -0.00759493,
                        0.02190507 -0.05426459 -0.00700910,
                        0.02155088 -0.05538938 -0.00648836,
                        0.01349964 -0.06599348 -0.00635317,
                        0.02172004 0.00626158 -0.01783441,
                        0.02308923 -0.00704484 -0.01658264,
                        0.02308923 -0.00919537 -0.01660768,
                        0.02201608 -0.00704484 -0.01767919,
                        0.02170947 -0.03280171 -0.01741882,
                        0.02412008 -0.01133883 -0.01551113,
                        0.02160903 -0.03455610 -0.01728363,
                        0.02233327 -0.03514325 -0.01630224,
                        0.02353858 -0.03494517 -0.01487523,
                        0.02180463 -0.04743099 0.01324955,
                        0.01935172 -0.04888119 0.01502206,
                        0.02148215 -0.04885997 0.01284898,
                        0.02200551 -0.04568369 0.01354997,
                        0.02193150 -0.03709571 0.01559286,
                        0.02209538 -0.03494517 0.01578313,
                        0.02010768 -0.03494517 0.01776093,
                        0.02216410 -0.03280171 0.01583821,
                        0.02122840 -0.03280171 0.01691473,
                        0.02015526 -0.03280171 0.01779598,
                        0.01875964 -0.03280171 0.01886750,
                        0.01768649 -0.03280171 0.01967364,
                        0.01331990 -0.06599348 0.00841772,
                        0.02116497 -0.02851479 0.01689471,
                        0.02224869 -0.02636426 0.01576311,
                        0.01951031 -0.00490138 0.01734534,
                        0.01946802 -0.00313993 0.01729527,
                        0.01664507 0.00626158 0.01889253,
                        0.01578866 0.00626158 0.01950339,
                        0.02120726 -0.03065118 0.01690973,
                        0.02417824 -0.03709571 -0.01361344,
                        0.02536240 -0.03494517 -0.01201118,
                        0.02591219 -0.03494517 -0.01093966,
                        0.02759327 -0.03280171 -0.00772511,
                        0.02801619 -0.01950944 -0.00870650,
                        0.02798976 -0.03439339 -0.00652842,
                        0.02936423 -0.03065118 -0.00320873,
                        0.02914220 -0.03280171 -0.00320873,
                        0.02883030 -0.03494517 -0.00320873,
                        0.02810077 -0.03667126 -0.00493617,
                        0.02782059 -0.03727256 -0.00553201,
                        0.02544698 -0.04769981 -0.00521156,
                        0.02473860 -0.04997060 -0.00535676,
                        0.02375003 -0.05126516 -0.00661354,
                        0.02342756 -0.05270121 -0.00593759,
                        0.02297822 -0.05419385 -0.00527665,
                        0.02190507 -0.05573601 -0.00535676,
                        0.01463093 -0.06599348 -0.00455062,
                        0.01412344 -0.06599348 -0.00544188,
                        0.02192621 0.00626158 -0.01761410,
                        0.02410951 -0.00919537 -0.01553115,
                        0.02366016 -0.03183256 -0.01502544,
                        0.02293064 -0.03264608 -0.01588165,
                        0.02361259 -0.03326153 -0.01496035,
                        0.02519323 -0.01133883 -0.01405407,
                        0.02514565 -0.01348937 -0.01405907,
                        0.02428925 -0.03494517 -0.01380371,
                        0.02358615 -0.04621425 0.01058078,
                        0.02315267 -0.04557050 0.01162225,
                        0.02230684 -0.04801814 0.01200780,
                        0.02189450 -0.04952493 0.01142197,
                        0.02364959 -0.04888826 0.00858295,
                        0.02580646 -0.03391235 0.01074601,
                        0.02512451 -0.03475417 0.01160222,
                        0.02382404 -0.03672785 0.01311436,
                        0.02396678 -0.03494517 0.01330463,
                        0.02316853 -0.03494517 0.01437614,
                        0.02527781 -0.03065118 0.01219306,
                        0.02535711 -0.02851479 0.01233326,
                        0.02428396 -0.02851479 0.01360005,
                        0.02333769 -0.02851479 0.01467657,
                        0.02226455 -0.02851479 0.01581818,
                        0.01386969 -0.06599348 0.00745135,
                        0.02145044 -0.05096098 0.01063085,
                        0.02332183 -0.02636426 0.01467657,
                        0.02127598 0.00626158 0.01479674,
                        0.02041958 0.00626158 0.01557284,
                        0.02020284 0.00626158 0.01576811,
                        0.01791381 0.00626158 0.01782102,
                        0.01690410 0.00626158 0.01867723,
                        0.02541526 -0.03280171 -0.01212634,
                        0.02748226 -0.01778336 -0.00989318,
                        0.02806377 -0.01778336 -0.00881666,
                        0.02861355 -0.03065118 -0.00535676,
                        0.02803205 -0.03280171 -0.00665360,
                        0.02849197 -0.03280171 -0.00535676,
                        0.02966555 -0.03065118 -0.00106569,
                        0.02943824 -0.02851479 -0.00320873,
                        0.02940123 -0.03280171 -0.00106569,
                        0.02908933 -0.03494517 -0.00106569,
                        0.02865056 -0.03709571 -0.00106569,
                        0.02831223 -0.03727256 -0.00338397,
                        0.02569016 -0.04832233 -0.00369441,
                        0.02537297 -0.04979375 -0.00306853,
                        0.02373946 -0.05342277 -0.00450556,
                        0.02326897 -0.05464660 -0.00320873,
                        0.01604241 -0.06599348 -0.00106569,
                        0.01564064 -0.06599348 -0.00222233,
                        0.01539218 -0.06599348 -0.00290830,
                        0.02278262 0.00626158 -0.01669780,
                        0.02299936 0.00626158 -0.01646247,
                        0.02377647 0.00626158 -0.01560626,
                        0.02396678 0.00626158 -0.01538595,
                        0.02420995 -0.03264608 -0.01412416,
                        0.02583818 -0.01521545 -0.01293749,
                        0.02586461 -0.01133883 -0.01298255,
                        0.02586461 -0.01348937 -0.01298756,
                        0.02474917 0.00626158 -0.01424934,
                        0.02495534 0.00626158 -0.01394391,
                        0.02341170 -0.04803937 0.00978465,
                        0.02389277 -0.04745929 0.00914875,
                        0.02497649 -0.04568369 0.00751644,
                        0.02569016 -0.03534132 0.01047062,
                        0.02235441 -0.05013330 0.00981469,
                        0.02431040 -0.04803937 0.00772674,
                        0.02336412 -0.05010501 0.00772674,
                        0.02396678 -0.04947542 0.00715093,
                        0.02608664 -0.03475417 0.00971956,
                        0.02694304 -0.03494517 0.00751644,
                        0.02669987 -0.03065118 0.00966448,
                        0.02588575 -0.03280171 0.01088120,
                        0.02603906 -0.03065118 0.01112154,
                        0.02613422 -0.02851479 0.01126174,
                        0.02616065 -0.02636426 0.01129178,
                        0.02537297 -0.02636426 0.01236330,
                        0.02429982 -0.02636426 0.01360005,
                        0.01475252 -0.06599348 0.00581904,
                        0.02182049 -0.05154813 0.00919882,
                        0.01528645 -0.06599348 0.00481763,
                        0.02533596 -0.02422081 0.01236330,
                        0.02426282 -0.02422081 0.01353495,
                        0.02438969 0.00626158 0.01147704,
                        0.02635096 -0.01580967 -0.01201118,
                        0.02753512 -0.01563282 -0.00993324,
                        0.02844968 -0.01778336 -0.00750480,
                        0.02807962 -0.01563282 -0.00885671,
                        0.02848139 -0.01563282 -0.00750480,
                        0.02937480 -0.03065118 0.00107734,
                        0.02912105 -0.03280171 0.00107734,
                        0.02973956 -0.02851479 -0.00106569,
                        0.02898889 -0.01778336 -0.00535676,
                        0.02947524 -0.01778336 -0.00320873,
                        0.02884087 -0.03494517 0.00107734,
                        0.02843910 -0.03709571 0.00107734,
                        0.02624523 -0.04782715 -0.00106569,
                        0.02623466 -0.04782715 0.00107734,
                        0.02582232 -0.04896608 -0.00226239,
                        0.02445313 -0.05212113 -0.00320873,
                        0.02383462 -0.05357133 -0.00320873,
                        0.01625387 -0.06599348 0.00107734,
                        0.01615871 -0.06599348 -0.00007429,
                        0.02383990 -0.05351474 -0.00106569,
                        0.02652013 -0.01133883 -0.01179587,
                        0.02653598 -0.01348937 -0.01179587,
                        0.02571659 0.00626158 -0.01272719,
                        0.02622937 0.00626158 -0.01187098,
                        0.02635625 0.00626158 -0.01165066,
                        0.02534125 -0.04762199 0.00516311,
                        0.02561615 -0.04568369 0.00570889,
                        0.02770957 -0.03510080 0.00532835,
                        0.02655184 -0.03709571 0.00751644,
                        0.02221697 -0.05220602 0.00757653,
                        0.02357558 -0.05090439 0.00619457,
                        0.02424167 -0.05010501 0.00543850,
                        0.02580646 -0.04890949 0.00216387,
                        0.02781002 -0.03280171 0.00601933,
                        0.02800033 -0.02996499 0.00658012,
                        0.02724437 -0.03280171 0.00751644,
                        0.02686374 -0.02851479 0.00966448,
                        0.02691132 -0.02422081 0.00966448,
                        0.02618179 -0.02422081 0.01129178,
                        0.01583095 -0.06599348 0.00326042,
                        0.02174119 -0.05352888 0.00690558,
                        0.02546284 0.00626158 0.01024530,
                        0.02460644 0.00626158 0.01123170,
                        0.02754041 -0.01348937 -0.00991822,
                        0.02806905 -0.01348937 -0.00884670,
                        0.02896774 -0.01563282 -0.00535676,
                        0.02791046 0.00626158 -0.00829592,
                        0.02889374 -0.03065118 0.00322537,
                        0.02944881 -0.02851479 0.00107734,
                        0.02899418 -0.02851479 0.00322537,
                        0.02861884 -0.03280171 0.00322537,
                        0.02944352 -0.01778336 -0.00106569,
                        0.02836509 0.00626158 0.00322537,
                        0.02826994 0.00626158 -0.00576234,
                        0.02832280 0.00626158 -0.00535676,
                        0.02852368 0.00626158 -0.00364434,
                        0.02857126 0.00626158 -0.00320873,
                        0.02859769 0.00626158 -0.00106569,
                        0.02825408 -0.03510080 0.00340062,
                        0.02793160 -0.03591433 0.00423680,
                        0.02807434 -0.03709571 0.00265457,
                        0.02580117 -0.04676602 0.00430690,
                        0.02590690 -0.04762199 0.00301508,
                        0.02592805 -0.04916416 -0.00106569,
                        0.02591219 -0.04912171 0.00107734,
                        0.02544698 -0.05023942 -0.00106569,
                        0.02455886 -0.05212113 -0.00106569,
                        0.02375003 -0.05334496 0.00049151,
                        0.02534654 -0.05019697 0.00107734,
                        0.02718093 0.00626158 -0.01006843,
                        0.02803733 -0.03448535 0.00458229,
                        0.02379233 -0.05130761 0.00476255,
                        0.02316853 -0.05205747 0.00543850,
                        0.02401436 -0.05171791 0.00322537,
                        0.02511394 -0.04976546 0.00301508,
                        0.02360730 -0.05311151 0.00192353,
                        0.02815363 -0.03280171 0.00494781,
                        0.02825936 -0.03067240 0.00550360,
                        0.02841796 -0.02851479 0.00536840,
                        0.02801090 -0.02851479 0.00661016,
                        0.02810077 0.00626158 0.00466241,
                        0.02774129 0.00626158 0.00551862,
                        0.02703291 0.00626158 0.00717596,
                        0.02687960 0.00626158 0.00751644,
                        0.02627166 0.00626158 0.00883331,
                        0.02611307 0.00626158 0.00917379,
                        0.02559500 0.00626158 0.01003000,
                        0.02343285 -0.05278610 0.00322537,
                        0.02739239 0.00626158 -0.00965284,
                        0.02816949 0.00626158 0.00435197,
                        0.02850254 0.00626158 0.00107734,
                        0.02839681 0.00626158 0.00278976,
                        0.02420467 -0.05228384 0.00115745,
                        -0.02548110 0.05735054 0.00322227,
                        -0.02523835 0.05735054 0.00536913,
                        -0.02520598 0.05949643 0.00536913,
                        -0.02534084 0.05949643 0.00322227,
                        -0.02534084 0.05735054 0.00107541,
                        -0.02514125 0.04018350 -0.00321314,
                        -0.02516822 0.04018350 -0.00106628,
                        -0.02511428 0.03803762 -0.00106628,
                        -0.02493087 0.03589174 0.00107541,
                        -0.02478522 0.03589174 0.00322227,
                        -0.02340966 0.04662115 0.01010775,
                        -0.02453169 0.05949643 0.00751599,
                        -0.02470970 0.03374586 0.00322227,
                        -0.02428355 0.03374586 0.00536913,
                        -0.02381963 0.03589174 0.00726251,
                        -0.02491469 0.06164231 0.00536913,
                        -0.02443998 0.06164231 0.00751599,
                        -0.02247104 0.07023293 0.01180972,
                        -0.02293496 0.07023293 0.00966285,
                        -0.02494166 0.06164231 0.00322227,
                        -0.02519519 0.05949643 0.00107541,
                        -0.02374411 0.06797336 0.00536913,
                        -0.02515743 0.05735054 -0.00106628,
                        -0.02484456 0.04018350 -0.00536001,
                        -0.02487153 0.03803762 -0.00536001,
                        -0.02508191 0.03803762 -0.00321314,
                        -0.02465036 0.02945410 -0.00321314,
                        -0.02467194 0.02945410 -0.00106628,
                        -0.02482298 0.03374586 0.00107541,
                        -0.02337190 0.06164231 0.01027846,
                        -0.02382503 0.06164231 0.00920762,
                        -0.02208804 0.02730822 0.01180972,
                        -0.02159176 0.02730822 0.01344444,
                        -0.02126271 0.02730822 0.01452045,
                        -0.02470970 0.03159998 0.00107541,
                        -0.02311297 0.00626865 -0.00106628,
                        -0.02455866 0.03159998 0.00322227,
                        -0.02395449 0.02945410 0.00536913,
                        -0.02036185 0.00626865 0.01395658,
                        -0.02320468 0.07023293 0.00751599,
                        -0.02176438 0.07023293 0.01329441,
                        -0.02159176 0.07237881 0.01308749,
                        -0.02210962 0.07237881 0.01180972,
                        -0.02256814 0.07237881 0.00966285,
                        -0.02478522 0.06164231 0.00107541,
                        -0.02354452 0.06904630 0.00536913,
                        -0.02145151 0.07885908 0.00317571,
                        -0.02140835 0.07885908 0.00231179,
                        -0.02132744 0.07885908 0.00115300,
                        -0.02500639 0.05949643 -0.00106628,
                        -0.02483917 0.05735054 -0.00321314,
                        -0.02454248 0.03803762 -0.00750169,
                        -0.02456405 0.03589174 -0.00750169,
                        -0.02449932 0.03374586 -0.00750169,
                        -0.02447774 0.02945410 -0.00536001,
                        -0.02306442 0.00626865 -0.00750169,
                        -0.02317231 0.00626865 -0.00536001,
                        -0.02318849 0.00626865 -0.00492546,
                        -0.02324244 0.00626865 -0.00321314,
                        -0.02154321 0.02516234 0.01327889,
                        -0.02121955 0.02516234 0.01435491,
                        -0.01970913 0.00626865 0.01575684,
                        -0.02026475 0.02730822 0.01610344,
                        -0.02322086 0.00626865 -0.00277860,
                        -0.02305903 0.00626865 -0.00063174,
                        -0.02282168 0.00626865 0.00107541,
                        -0.02275694 0.00626865 0.00150995,
                        -0.02249801 0.00626865 0.00322227,
                        -0.02210423 0.00626865 0.00536913,
                        -0.02023238 0.00626865 0.01431870,
                        -0.02277852 0.07237881 0.00751599,
                        -0.01977386 0.07023293 0.01562234,
                        -0.01726009 0.07885908 0.01731396,
                        -0.01924522 0.04018350 0.01714325,
                        -0.01809082 0.07885908 0.01612413,
                        -0.01902944 0.07885908 0.01468082,
                        -0.01969295 0.07885908 0.01359963,
                        -0.01970374 0.07885908 0.01357894,
                        -0.02142454 0.07345885 0.01288573,
                        -0.02049131 0.07885908 0.01180972,
                        -0.02099299 0.07885908 0.00966285,
                        -0.02127350 0.07885908 0.00745909,
                        -0.02140835 0.07885908 0.00621753,
                        -0.02458563 0.06164231 -0.00106628,
                        -0.02094444 0.07885908 -0.00321314,
                        -0.02146230 0.07885908 0.00518290,
                        -0.02067472 0.07885908 -0.00531862,
                        -0.02066933 0.07885908 -0.00536001,
                        -0.02468273 0.05949643 -0.00321314,
                        -0.02443459 0.05735054 -0.00536001,
                        -0.02415948 0.05305878 -0.00750169,
                        -0.02421881 0.05091290 -0.00750169,
                        -0.02393291 0.03600543 -0.00985031,
                        -0.02379806 0.05091290 -0.00919332,
                        -0.02392213 0.03378850 -0.00980375,
                        -0.02392752 0.03159998 -0.00942611,
                        -0.02380345 0.02730822 -0.00915193,
                        -0.02269221 0.00626865 -0.00964856,
                        -0.02276773 0.00626865 -0.00921918,
                        -0.01894853 0.00626865 0.01682768,
                        -0.01934771 0.02730822 0.01723119,
                        -0.01882446 0.07023293 0.01669318,
                        -0.01586295 0.07885908 0.01851931,
                        -0.01764309 0.07237881 0.01763987,
                        -0.01817174 0.04018350 0.01814684,
                        -0.01777795 0.06808705 0.01777955,
                        -0.02048052 0.07885908 0.01183558,
                        -0.02001661 0.07885908 -0.00750169,
                        -0.02137599 0.06459111 -0.01270590,
                        -0.02353373 0.06025672 -0.00841734,
                        -0.02368477 0.06107386 -0.00698438,
                        -0.02427276 0.05949643 -0.00536001,
                        -0.02399765 0.05735054 -0.00750169,
                        -0.02408396 0.05520466 -0.00750169,
                        -0.02376029 0.05305878 -0.00909503,
                        -0.02359846 0.03535883 -0.01079700,
                        -0.02359846 0.03453458 -0.01079700,
                        -0.02181833 0.05735054 -0.01391124,
                        -0.02339348 0.05091290 -0.01026416,
                        -0.02197476 0.00626865 -0.01179542,
                        -0.02212041 0.00626865 -0.01136605,
                        -0.01787505 0.00626865 0.01778989,
                        -0.01474093 0.03803762 0.02130764,
                        -0.01596005 0.03803762 0.02023162,
                        -0.01703353 0.03803762 0.01923838,
                        -0.01761073 0.00626865 0.01800717,
                        -0.01656422 0.00626865 0.01886591,
                        -0.01775098 0.07023293 0.01772781,
                        -0.01557166 0.07885908 0.01876762,
                        -0.01647791 0.07023293 0.01880383,
                        -0.01636463 0.07237881 0.01871071,
                        -0.01495131 0.07885908 0.01929528,
                        -0.01701735 0.04018350 0.01922286,
                        -0.01560402 0.06164231 0.01992123,
                        -0.01657501 0.06808705 0.01885039,
                        -0.01594387 0.04018350 0.02021610,
                        -0.01910496 0.07885908 -0.01014001,
                        -0.01934771 0.06729122 -0.01737726,
                        -0.01948257 0.06594117 -0.01778077,
                        -0.02219054 0.06164231 -0.01179542,
                        -0.02247104 0.05949643 -0.01179542,
                        -0.02325323 0.05952485 -0.00950888,
                        -0.02360925 0.05882140 -0.00870187,
                        -0.02379266 0.05952485 -0.00762068,
                        -0.02366320 0.05735054 -0.00882602,
                        -0.02371714 0.05520466 -0.00896570,
                        -0.02218514 0.03589174 -0.01394228,
                        -0.02140835 0.05735054 -0.01498726,
                        -0.02094444 0.05735054 -0.01608914,
                        -0.01996267 0.05949643 -0.01823601,
                        -0.02025936 0.00626865 -0.01608914,
                        -0.02109548 0.00626865 -0.01416473,
                        -0.02150545 0.00626865 -0.01309388,
                        -0.02258972 0.05735054 -0.01179542,
                        -0.02175899 0.05949643 -0.01376122,
                        -0.01366745 0.03803762 0.02192842,
                        -0.01364587 0.04018350 0.02192325,
                        -0.01471935 0.04018350 0.02128695,
                        -0.01549074 0.00626865 0.01971948,
                        -0.01517787 0.00626865 0.01991606,
                        -0.01390480 0.00626865 0.02071273,
                        -0.01529654 0.07237881 0.01957463,
                        -0.01518326 0.07452469 0.01948669,
                        -0.01550153 0.06808705 0.01975569,
                        -0.01406663 0.07885908 0.01999366,
                        -0.01554468 0.06594117 0.01983329,
                        -0.01909957 0.07885908 -0.01015553,
                        -0.01904562 0.06594117 -0.01885161,
                        -0.01845224 0.07885908 -0.01176955,
                        -0.01844146 0.07885908 -0.01179542,
                        -0.01754599 0.07885908 -0.01375605,
                        -0.01704971 0.07885908 -0.01481137,
                        -0.01921824 0.06442768 -0.01919821,
                        -0.02156479 0.03589174 -0.01522522,
                        -0.01939626 0.05949643 -0.01947239,
                        -0.02134902 0.05949643 -0.01483206,
                        -0.02084195 0.05949643 -0.01608914,
                        -0.01935310 0.06164231 -0.01941549,
                        -0.01950954 0.00626865 -0.01763074,
                        -0.01929916 0.06299947 -0.01934306,
                        -0.01176324 0.03803762 0.02280269,
                        -0.01176324 0.04018350 0.02284407,
                        -0.01365126 0.00626865 0.02085758,
                        -0.01267489 0.00626865 0.02139558,
                        -0.01245911 0.00626865 0.02150422,
                        -0.01160141 0.00626865 0.02190256,
                        -0.01120762 0.00626865 0.02208361,
                        -0.01301473 0.06379529 0.02155078,
                        -0.01414215 0.06164231 0.02099208,
                        -0.01419070 0.05949643 0.02102829,
                        -0.01408281 0.06379529 0.02095069,
                        -0.01398572 0.06594117 0.02090413,
                        -0.01390480 0.07667057 0.02024714,
                        -0.01221637 0.07885908 0.02121453,
                        -0.01510235 0.07172510 -0.02162443,
                        -0.01729246 0.07386387 -0.01743417,
                        -0.01755139 0.07237881 -0.01783767,
                        -0.01543680 0.07885908 -0.01792562,
                        -0.01482184 0.07885908 -0.01902750,
                        -0.01381849 0.07885908 -0.02038804,
                        -0.01641857 0.07885908 -0.01606845,
                        -0.01838212 0.06374555 -0.02009834,
                        -0.01808003 0.01013408 -0.02038287,
                        -0.01900247 0.00798820 -0.01876367,
                        -0.01799912 0.06159967 -0.02066739,
                        -0.01715220 0.06085359 -0.02147440,
                        -0.01726549 0.01013408 -0.02158821,
                        -0.01896471 0.00626865 -0.01870676,
                        -0.01709287 0.06228891 -0.02142785,
                        -0.00924947 0.04018350 0.02392009,
                        -0.00961628 0.00626865 0.02278199,
                        -0.00920631 0.04232938 0.02391491,
                        -0.01291224 0.06594117 0.02150422,
                        -0.01114289 0.07885908 0.02163872,
                        -0.01290684 0.07885908 -0.02150544,
                        -0.01405045 0.07241434 -0.02218313,
                        -0.01390480 0.07023293 -0.02274700,
                        -0.01569573 0.06594117 -0.02209518,
                        -0.01699037 0.06379529 -0.02133990,
                        -0.01802609 0.00798820 -0.02038287,
                        -0.01624595 0.06159967 -0.02211588,
                        -0.01605175 0.01013408 -0.02247283,
                        -0.01605175 0.00798820 -0.02241592,
                        -0.01722772 0.00798820 -0.02155200,
                        -0.01794517 0.00626865 -0.02038287,
                        -0.01591690 0.06379529 -0.02220899,
                        -0.00746933 0.04018350 0.02460294,
                        -0.00924407 0.00626865 0.02291132,
                        -0.00746933 0.04232938 0.02456156,
                        -0.00961628 0.07885908 0.02216639,
                        -0.01187113 0.07885908 -0.02164512,
                        -0.00961628 0.07667057 -0.02255559,
                        -0.00961628 0.07186721 -0.02375577,
                        -0.01088935 0.07145509 -0.02364196,
                        -0.01166614 0.07225091 -0.02328501,
                        -0.01233504 0.07023293 -0.02351263,
                        -0.01268028 0.06885445 -0.02357471,
                        -0.01292842 0.06741913 -0.02364196,
                        -0.01416912 0.06594117 -0.02317120,
                        -0.01734101 0.00626865 -0.02127265,
                        -0.01448200 0.06164231 -0.02334191,
                        -0.01450357 0.05949643 -0.02333674,
                        -0.01470856 0.01013408 -0.02341434,
                        -0.01468159 0.00798820 -0.02339365,
                        -0.01463843 0.00626865 -0.02335743,
                        -0.01491354 0.00626865 -0.02316086,
                        -0.01605175 0.00626865 -0.02233315,
                        -0.01717918 0.00626865 -0.02150544,
                        -0.01435793 0.06379529 -0.02328501,
                        -0.00532237 0.03803762 0.02518751,
                        -0.00532237 0.04018350 0.02522372,
                        -0.00772826 0.00626865 0.02342346,
                        -0.00218825 0.04791436 0.02578760,
                        -0.00743696 0.07885908 0.02286476,
                        -0.00746933 0.07885908 0.02285442,
                        -0.00750709 0.07885908 -0.02199172,
                        -0.00746933 0.07667057 -0.02276252,
                        -0.00685437 0.07364360 -0.02366265,
                        -0.00752867 0.07252092 -0.02390062,
                        -0.00746933 0.07023293 -0.02443345,
                        -0.00746933 0.06808705 -0.02484731,
                        -0.00746933 0.06594117 -0.02518356,
                        -0.00961628 0.06594117 -0.02473350,
                        -0.01176324 0.06594117 -0.02412306,
                        -0.01309565 0.06594117 -0.02370921,
                        -0.01340852 0.06164231 -0.02385406,
                        -0.01343010 0.05949643 -0.02387475,
                        -0.01363508 0.01013408 -0.02415410,
                        -0.01360811 0.00798820 -0.02413858,
                        -0.01356495 0.00626865 -0.02412306,
                        -0.01328445 0.06379529 -0.02379198,
                        -0.00245797 0.03589174 0.02586519,
                        -0.00365012 0.03803762 0.02562206,
                        -0.00257665 0.03803762 0.02588072,
                        -0.00751248 0.00626865 0.02347520,
                        -0.00102846 0.03589174 0.02621180,
                        -0.00102846 0.04662115 0.02595314,
                        -0.00099070 0.07885908 0.02431842,
                        -0.00102846 0.07885908 0.02431325,
                        -0.00317542 0.07885908 0.02399251,
                        -0.00443770 0.07885908 0.02368212,
                        -0.00552197 0.07885908 0.02340277,
                        -0.00102846 0.03803762 0.02619111,
                        -0.00746933 0.07885908 -0.02199172,
                        -0.00746933 0.07881645 -0.02200724,
                        -0.00618008 0.07364360 -0.02366265,
                        -0.00532237 0.07023293 -0.02451622,
                        -0.00532237 0.06808705 -0.02503871,
                        -0.00746933 0.06379529 -0.02528702,
                        -0.00961628 0.06379529 -0.02484213,
                        -0.00532237 0.06594117 -0.02537497,
                        -0.00283018 0.06164231 -0.02583021,
                        -0.01176324 0.06379529 -0.02425756,
                        -0.01176324 0.06164231 -0.02435068,
                        -0.01176324 0.05949643 -0.02438689,
                        -0.01176324 0.01013408 -0.02501285,
                        -0.01213545 0.00626865 -0.02477488,
                        -0.00637427 0.00626865 0.02374420,
                        0.00111849 0.03589174 0.02630492,
                        -0.00532237 0.00626865 0.02398216,
                        -0.00317542 0.00626865 0.02439084,
                        -0.00102846 0.00626865 0.02451500,
                        0.00111849 0.04662115 0.02595314,
                        0.00326005 0.06808705 0.02509440,
                        0.00326005 0.07023293 0.02500128,
                        0.00111849 0.07023293 0.02489264,
                        0.00111849 0.03803762 0.02626870,
                        0.00111849 0.07237881 0.02477883,
                        0.00326005 0.07237881 0.02487712,
                        0.00111849 0.07885908 0.02440637,
                        -0.00558670 0.07885908 -0.02167099,
                        0.00540701 0.06594117 -0.02431964,
                        0.00111849 0.06808705 -0.02432999,
                        -0.00102846 0.06808705 -0.02463521,
                        -0.00317542 0.06808705 -0.02491456,
                        -0.00317542 0.06594117 -0.02538532,
                        -0.00532237 0.06164231 -0.02557155,
                        -0.00317542 0.03803762 -0.02616646,
                        -0.00508502 0.03589174 -0.02591298,
                        -0.00240942 0.06294973 -0.02578365,
                        -0.00102846 0.05949643 -0.02595954,
                        0.00111849 0.04018350 -0.02652341,
                        -0.00102846 0.04018350 -0.02635270,
                        -0.00961628 0.00626865 -0.02524047,
                        -0.01004783 0.00626865 -0.02518356,
                        -0.01176324 0.00626865 -0.02494042,
                        0.00288784 0.03589174 0.02595314,
                        0.00313059 0.03803762 0.02595314,
                        0.00755396 0.05520466 0.02505818,
                        0.00111849 0.00626865 0.02442706,
                        0.00326005 0.00626865 0.02426152,
                        0.00548253 0.00626865 0.02384249,
                        0.00540701 0.06594117 0.02502714,
                        0.00540701 0.06808705 0.02492886,
                        0.00540701 0.07023293 0.02477883,
                        0.00326005 0.07885908 0.02436498,
                        0.00115625 0.07885908 0.02440637,
                        -0.00532237 0.07885908 -0.02157787,
                        0.00976025 0.06819363 -0.02212622,
                        0.00985735 0.06596959 -0.02327467,
                        0.00805564 0.06670146 -0.02347124,
                        0.00742450 0.06596959 -0.02391096,
                        0.00985735 0.06397293 -0.02411789,
                        0.00755396 0.06379529 -0.02463003,
                        0.00326005 0.06594117 -0.02465073,
                        0.00540701 0.06379529 -0.02494559,
                        -0.00102846 0.06594117 -0.02519908,
                        0.00409078 0.06038462 -0.02573709,
                        -0.00186459 0.06294973 -0.02578365,
                        -0.00102846 0.03803762 -0.02637339,
                        -0.00109859 0.06165652 -0.02586124,
                        0.00111849 0.05949643 -0.02595436,
                        0.00326005 0.04232938 -0.02648202,
                        0.00326005 0.04018350 -0.02654410,
                        0.00111849 0.04232938 -0.02646651,
                        0.00326005 0.03803762 -0.02653376,
                        0.00111849 0.03803762 -0.02648720,
                        0.00111849 0.00626865 -0.02555603,
                        0.00420406 0.03803762 0.02573070,
                        0.00970092 0.05520466 0.02467537,
                        0.00740831 0.00626865 0.02333552,
                        0.00970092 0.05949643 0.02444775,
                        0.01168604 0.05949643 0.02393043,
                        0.00755396 0.06808705 0.02437532,
                        0.00540701 0.07237881 0.02455639,
                        0.00328702 0.07885908 0.02435981,
                        -0.00461032 0.07885908 -0.02132438,
                        0.00908596 0.06945842 -0.02166064,
                        0.01184787 0.06741913 -0.02170202,
                        0.01184787 0.06594117 -0.02251421,
                        0.01067730 0.06480428 -0.02357471,
                        0.00924240 0.06526614 -0.02377129,
                        0.01184787 0.06325527 -0.02384371,
                        0.01184787 0.06164231 -0.02431964,
                        0.00970092 0.06164231 -0.02481627,
                        0.00540701 0.06164231 -0.02538532,
                        0.01184787 0.05735054 -0.02520425,
                        0.00970092 0.05735054 -0.02545257,
                        0.01184787 0.05520466 -0.02545774,
                        0.00692822 0.05661867 -0.02578365,
                        0.00471113 0.05894930 -0.02579399,
                        0.00333018 0.05960301 -0.02584055,
                        0.00266128 0.06073279 -0.02577848,
                        0.00326005 0.05735054 -0.02596988,
                        0.00540701 0.04018350 -0.02649237,
                        0.00540701 0.03803762 -0.02653376,
                        0.00282850 0.00626865 -0.02546291,
                        0.00755396 0.03803762 -0.02644581,
                        0.00540701 0.03803762 0.02540478,
                        0.01184787 0.05520466 0.02417875,
                        0.00970092 0.00626865 0.02261645,
                        0.00755396 0.04018350 0.02486160,
                        0.01301305 0.05683894 0.02367178,
                        0.01275952 0.05949643 0.02355279,
                        0.01140014 0.06164231 0.02384249,
                        0.01065032 0.06664462 0.02357866,
                        0.00499164 0.07881645 0.02395630,
                        0.00499164 0.07885908 0.02395113,
                        -0.00369867 0.07885908 -0.02098296,
                        0.01051546 0.06897525 -0.02133990,
                        -0.00345593 0.07885908 -0.02088984,
                        -0.00327252 0.07885908 -0.02081741,
                        -0.00097992 0.07885908 -0.01990694,
                        0.00023382 0.07885908 -0.01938962,
                        0.01292674 0.06701411 -0.02145888,
                        0.01528947 0.06503876 -0.02155718,
                        0.01184787 0.06849207 -0.02103469,
                        0.01184787 0.06432821 -0.02334191,
                        0.01298069 0.06277919 -0.02363161,
                        0.01333132 0.06164231 -0.02378164,
                        0.01399483 0.05735054 -0.02455761,
                        0.01184787 0.05949643 -0.02477488,
                        0.01399483 0.05520466 -0.02488352,
                        0.01184787 0.05305878 -0.02552499,
                        0.00970092 0.04018350 -0.02617681,
                        0.00755396 0.04018350 -0.02637856,
                        0.00950132 0.05503413 -0.02565949,
                        0.00835772 0.05563100 -0.02573192,
                        0.01399483 0.05305878 -0.02501285,
                        0.01282964 0.04232938 -0.02573709,
                        0.00541779 0.05734344 -0.02585090,
                        0.00760790 0.05503413 -0.02581469,
                        0.00540701 0.05520466 -0.02594402,
                        0.00326005 0.00626865 -0.02543187,
                        0.00970092 0.03803762 -0.02618198,
                        0.00497546 0.00626865 -0.02524047,
                        0.01309397 0.05345670 0.02372351,
                        0.01312094 0.05520466 0.02373903,
                        0.01149184 0.00626865 0.02184565,
                        0.01685384 0.05949643 0.02126108,
                        0.01561313 0.06164231 0.02177323,
                        0.01399483 0.05949643 0.02287511,
                        0.01399483 0.06164231 0.02266301,
                        0.01247362 0.06164231 0.02343381,
                        0.01213377 0.06379529 0.02327344,
                        0.01168065 0.06593406 0.02316998,
                        0.01408114 0.06578485 0.02191807,
                        0.01184787 0.06808705 0.02264232,
                        0.01035903 0.06808705 0.02343898,
                        0.00606512 0.07885908 0.02337173,
                        0.00121559 0.07885908 -0.01893438,
                        0.00128032 0.07885908 -0.01890334,
                        0.01435625 0.06647409 -0.02111746,
                        0.01671898 0.06439216 -0.02113815,
                        0.01735551 0.06296394 -0.02156752,
                        0.01606087 0.06372423 -0.02184170,
                        0.01485253 0.06899656 -0.01915166,
                        0.01342302 0.06949395 -0.01957585,
                        0.01388694 0.06800178 -0.02034666,
                        0.01614178 0.06164231 -0.02254007,
                        0.01440480 0.06164231 -0.02331088,
                        0.01483635 0.06017856 -0.02350228,
                        0.01407035 0.05947511 -0.02401443,
                        0.01525171 0.05874323 -0.02368334,
                        0.01560774 0.05735054 -0.02384371,
                        0.01668122 0.05735054 -0.02336778,
                        0.01594219 0.05520466 -0.02400408,
                        0.01175617 0.04232938 -0.02587159,
                        0.01601232 0.05305878 -0.02408685,
                        0.01614178 0.04447526 -0.02437137,
                        0.01399483 0.04447526 -0.02534910,
                        0.01701567 0.05520466 -0.02351263,
                        0.01399483 0.04232938 -0.02538014,
                        0.01270018 0.04018350 -0.02570605,
                        0.01162670 0.04018350 -0.02589746,
                        0.01135159 0.03803762 -0.02587159,
                        0.00755396 0.00626865 -0.02489386,
                        0.00712241 0.00626865 -0.02495594,
                        0.00540701 0.00626865 -0.02518356,
                        0.01697251 0.05520466 0.02132316,
                        0.01419442 0.05520466 0.02306651,
                        0.01287280 0.00626865 0.02112658,
                        0.01430770 0.00626865 0.02036613,
                        0.01556998 0.00626865 0.01964706,
                        0.01691857 0.05735054 0.02129729,
                        0.01827255 0.05949643 0.02018507,
                        0.01812151 0.06164231 0.02006608,
                        0.01668661 0.06164231 0.02114210,
                        0.01530026 0.06379529 0.02160251,
                        0.01399483 0.06379529 0.02232675,
                        0.01510067 0.06496771 0.02148870,
                        0.01485253 0.06639593 0.02134385,
                        0.01099556 0.07452469 0.02161803,
                        0.00755396 0.07885908 0.02250781,
                        0.01077979 0.07561895 0.02147836,
                        0.00313598 0.07885908 -0.01781181,
                        0.01554301 0.06756123 -0.01968449,
                        0.01757668 0.06530878 -0.01970518,
                        0.01763602 0.06164231 -0.02176410,
                        0.01603929 0.05947511 -0.02315568,
                        0.01818085 0.06361765 -0.02026388,
                        0.01942695 0.06284314 -0.01938962,
                        0.01870950 0.06164231 -0.02075534,
                        0.01939458 0.05850875 -0.02149510,
                        0.01330435 0.07160430 -0.01749624,
                        0.01559695 0.06961475 -0.01771869,
                        0.01702646 0.06895393 -0.01697376,
                        0.01628743 0.06825758 -0.01839120,
                        0.01697791 0.06673700 -0.01906371,
                        0.00317914 0.07885908 -0.01778594,
                        0.00418249 0.07885908 -0.01703583,
                        0.00655600 0.07885908 -0.01503382,
                        0.01828874 0.05735054 -0.02247800,
                        0.01731775 0.04447526 -0.02366783,
                        0.01614178 0.04232938 -0.02439207,
                        0.01828874 0.05520466 -0.02275735,
                        0.01614178 0.04018350 -0.02432482,
                        0.01399483 0.04018350 -0.02530772,
                        0.01399483 0.03803762 -0.02519908,
                        0.01293753 0.00626865 -0.02361092,
                        0.01200970 0.00626865 -0.02385406,
                        0.00970092 0.00626865 -0.02445415,
                        0.01828874 0.05520466 0.02027818,
                        0.01939997 0.05683894 0.01936253,
                        0.01849372 0.05747134 0.02006608,
                        0.01578575 0.00626865 0.01950221,
                        0.01664346 0.00626865 0.01889177,
                        0.01779246 0.03803762 0.01974534,
                        0.01934603 0.05949643 0.01931080,
                        0.02161166 0.06110228 0.01726740,
                        0.01919499 0.06164231 0.01918147,
                        0.02146601 0.06253761 0.01714325,
                        0.01776548 0.06379529 0.01982294,
                        0.01637374 0.06379529 0.02089379,
                        0.01594758 0.06578485 0.02068686,
                        0.01722605 0.06703543 0.01933667,
                        0.01614718 0.06788809 0.01989537,
                        0.00896728 0.07881645 0.02168528,
                        0.00895649 0.07885908 0.02168011,
                        0.01513843 0.07141245 0.01939874,
                        0.01962654 0.06521640 -0.01747555,
                        0.01900619 0.06427136 -0.01890334,
                        0.01764681 0.06752571 -0.01763074,
                        0.01907631 0.06665173 -0.01684443,
                        0.01832650 0.05933300 -0.02195034,
                        0.02145523 0.06259445 -0.01709791,
                        0.02175192 0.06116623 -0.01744968,
                        0.01967509 0.06164231 -0.01968449,
                        0.01996099 0.06365318 -0.01821014,
                        0.02143904 0.05806110 -0.01922925,
                        0.01953483 0.05735054 -0.02163994,
                        0.02209715 0.05949643 -0.01785319,
                        0.01473385 0.07104296 -0.01682373,
                        0.01771154 0.06960054 -0.01554596,
                        0.01623349 0.07032531 -0.01618226,
                        0.01839123 0.06820784 -0.01619261,
                        0.00758093 0.07885908 -0.01404057,
                        0.01839123 0.04447526 -0.02302118,
                        0.01733394 0.04232938 -0.02367817,
                        0.01835886 0.04018350 -0.02300566,
                        0.01728539 0.04018350 -0.02364713,
                        0.01966969 0.05520466 -0.02177445,
                        0.01992862 0.04447526 -0.02194516,
                        0.01724223 0.03879792 -0.02362127,
                        0.01633598 0.03806605 -0.02411789,
                        0.01383839 0.00626865 -0.02323328,
                        0.01353091 0.00626865 -0.02336778,
                        0.01936221 0.05410330 0.01932632,
                        0.01939458 0.05520466 0.01935736,
                        0.01886593 0.03803762 0.01889177,
                        0.02162245 0.05949643 0.01727775,
                        0.01690239 0.00626865 0.01867450,
                        0.02263120 0.05949643 0.01610344,
                        0.02358600 0.05949643 0.01489809,
                        0.02351048 0.06164231 0.01476876,
                        0.02231293 0.06174889 0.01629485,
                        0.02209176 0.06379529 0.01575684,
                        0.02116393 0.06379529 0.01682768,
                        0.01739867 0.06594117 0.01951255,
                        0.00897268 0.07885908 0.02166459,
                        0.01933524 0.06694306 0.01714842,
                        0.02171955 0.06530167 0.01531712,
                        0.01990704 0.06808705 0.01569476,
                        0.01031587 0.07885908 0.02026266,
                        0.01018101 0.07885908 0.02043338,
                        0.02159548 0.06500323 -0.01515280,
                        0.02113156 0.06379529 -0.01667888,
                        0.01967509 0.06746176 -0.01541146,
                        0.02036557 0.06582748 -0.01600120,
                        0.02233990 0.06178442 -0.01626503,
                        0.02395281 0.05911272 -0.01548906,
                        0.02326234 0.05969538 -0.01615639,
                        0.02190296 0.06379529 -0.01560804,
                        0.02347272 0.05735054 -0.01690133,
                        0.02225899 0.05735054 -0.01840155,
                        0.02074856 0.05735054 -0.02021733,
                        0.02156851 0.05663288 -0.01938962,
                        0.01543512 0.07158299 -0.01539594,
                        0.01686463 0.07103586 -0.01462514,
                        0.01914105 0.06888998 -0.01465100,
                        0.01743643 0.07151904 -0.01319735,
                        0.00863823 0.07885908 -0.01286626,
                        0.01994480 0.04232938 -0.02195551,
                        0.01840741 0.04232938 -0.02302635,
                        0.01993941 0.04018350 -0.02193482,
                        0.01991244 0.03803762 -0.02188826,
                        0.01808914 0.03806605 -0.02307808,
                        0.02100210 0.04447526 -0.02085880,
                        0.01717750 0.03736260 -0.02357988,
                        0.01606087 0.00626865 -0.02209001,
                        0.01999875 0.03803762 0.01782093,
                        0.02230214 0.04232938 0.01580340,
                        0.02154693 0.05592232 0.01721567,
                        0.01791653 0.00626865 0.01782093,
                        0.02041951 0.00626865 0.01557578,
                        0.02127182 0.00626865 0.01479980,
                        0.02337562 0.04232938 0.01462392,
                        0.02256646 0.05735054 0.01610344,
                        0.02356981 0.05735054 0.01487740,
                        0.02797701 0.05639129 0.00649688,
                        0.02506405 0.06164231 0.01180972,
                        0.02407688 0.06164231 0.01369792,
                        0.02585163 0.02381939 0.01079578,
                        0.02640185 0.02532577 0.00987495,
                        0.02390426 0.06323395 0.01333580,
                        0.02320300 0.06388766 0.01401348,
                        0.02136891 0.06672989 0.01477911,
                        0.01171841 0.07885908 0.01830721,
                        0.01950786 0.06938026 0.01522917,
                        0.02120169 0.06657356 -0.01394228,
                        0.02150377 0.06700701 -0.01285074,
                        0.02191914 0.06550063 -0.01394228,
                        0.02376401 0.06500323 -0.01094185,
                        0.02339719 0.06437084 -0.01237481,
                        0.02296025 0.06371002 -0.01384399,
                        0.02584084 0.05850875 -0.01293351,
                        0.02593794 0.06086069 -0.01094702,
                        0.02619147 0.05933300 -0.01171782,
                        0.02417398 0.05735054 -0.01583049,
                        0.02379638 0.04447526 -0.01735139,
                        0.02295486 0.04447526 -0.01842224,
                        0.02188138 0.04447526 -0.01978278,
                        0.00956606 0.07885908 -0.01174369,
                        0.01952944 0.06935184 -0.01321804,
                        0.01770075 0.07183879 -0.01179542,
                        0.01058559 0.07885908 -0.01047626,
                        0.01142172 0.07885908 -0.00939507,
                        0.01151342 0.07885908 -0.00925540,
                        0.01236034 0.07885908 -0.00772931,
                        0.02101828 0.04232938 -0.02086915,
                        0.02101289 0.04018350 -0.02085880,
                        0.02098592 0.03803762 -0.02085880,
                        0.02092658 0.03589174 -0.02084328,
                        0.02085645 0.03374586 -0.02081741,
                        0.02076475 0.03159998 -0.02080189,
                        0.01985310 0.03589174 -0.02180549,
                        0.01969127 0.03159998 -0.02165547,
                        0.01828874 0.00626865 -0.02070878,
                        0.02147680 0.00626865 0.01458253,
                        0.02438976 0.00626865 0.01147863,
                        0.02460553 0.00626865 0.01123550,
                        0.02842474 0.05526861 0.00552950,
                        0.02838698 0.05720844 0.00542604,
                        0.02571137 0.06164231 0.01049056,
                        0.02799858 0.04379313 0.00653827,
                        0.02848408 0.04449658 0.00553984,
                        0.02546323 0.00626865 0.01024742,
                        0.02611056 0.00626865 0.00917140,
                        0.02627239 0.00626865 0.00883515,
                        0.02751309 0.02516234 0.00751599,
                        0.02595412 0.06301368 0.00910933,
                        0.02436818 0.06388766 0.01191835,
                        0.02355363 0.06466217 0.01270467,
                        0.02394742 0.06544378 0.01127171,
                        0.02327312 0.06606907 0.01191835,
                        0.02176270 0.06745466 0.01334615,
                        0.02098592 0.06813679 0.01401866,
                        0.01178314 0.07885908 0.01820892,
                        0.01323962 0.07885908 0.01591721,
                        0.01300226 0.07885908 0.01631037,
                        0.01196115 0.07885908 0.01793474,
                        0.01973982 0.06959343 -0.01179542,
                        0.02305196 0.06629645 -0.00964856,
                        0.02394202 0.06521640 -0.00964856,
                        0.02585163 0.06280051 -0.00872256,
                        0.02559270 0.06229602 -0.01015553,
                        0.02408767 0.06371002 -0.01171265,
                        0.02794464 0.05837375 -0.00856219,
                        0.02667697 0.05735054 -0.01179542,
                        0.02591636 0.05735054 -0.01305767,
                        0.02524746 0.05735054 -0.01413369,
                        0.02708694 0.05949643 -0.00964856,
                        0.02454619 0.04447526 -0.01608914,
                        0.02557112 0.02300936 -0.01456823,
                        0.02374243 0.02730822 -0.01727380,
                        0.02187598 0.04232938 -0.01979830,
                        0.01421599 0.07885908 -0.00320797,
                        0.01474464 0.07885908 -0.00145427,
                        0.01285662 0.07885908 -0.00652914,
                        0.02182744 0.03159998 -0.01972588,
                        0.02181665 0.02945410 -0.01967414,
                        0.01978297 0.03374586 -0.02172272,
                        0.02118011 0.01227996 -0.01899129,
                        0.01982613 0.00626865 -0.01968449,
                        0.02935257 0.05520466 0.00322227,
                        0.02921771 0.05735054 0.00322227,
                        0.02855960 0.04232938 0.00536913,
                        0.02688195 0.00626865 0.00751599,
                        0.02703299 0.00626865 0.00717974,
                        0.02816041 0.00798820 0.00475870,
                        0.02938493 0.04447526 0.00322227,
                        0.02613753 0.06334764 0.00751599,
                        0.02375322 0.06719886 0.00902656,
                        0.02358060 0.06687200 0.01045435,
                        0.02534995 0.06375266 0.00976114,
                        0.02842474 0.05970249 0.00341368,
                        0.02793925 0.06055515 0.00425173,
                        0.02218886 0.06813679 0.01184593,
                        0.02134194 0.06888998 0.01258569,
                        0.01403259 0.07885908 0.01395658,
                        0.02174113 0.06942290 0.01115790,
                        0.02415780 0.06549352 -0.00750169,
                        0.02523128 0.06405109 -0.00750169,
                        0.02596491 0.06297815 -0.00750169,
                        0.02713009 0.06164231 -0.00536001,
                        0.02794464 0.06056936 -0.00426847,
                        0.02785294 0.06037751 -0.00536001,
                        0.02841395 0.05930458 -0.00536001,
                        0.02815502 0.05887824 -0.00712923,
                        0.02767492 0.05956038 -0.00770862,
                        0.02614292 0.06160677 -0.00952440,
                        0.02769110 0.05753529 -0.00953475,
                        0.02900193 0.05735054 -0.00536001,
                        0.02799858 0.05693842 -0.00874325,
                        0.02763716 0.05520466 -0.00980375,
                        0.02670394 0.05520466 -0.01179542,
                        0.02611056 0.02300936 -0.01349739,
                        0.02556033 0.02086348 -0.01454754,
                        0.02553336 0.01871760 -0.01451133,
                        0.02448685 0.02086348 -0.01602189,
                        0.02445988 0.01871760 -0.01594947,
                        0.02371007 0.02556736 -0.01722724,
                        0.01481477 0.07885908 -0.00106628,
                        0.02438976 0.01657172 -0.01588739,
                        0.02344574 0.01657172 -0.01695823,
                        0.02338101 0.01442584 -0.01687029,
                        0.02219965 0.01227996 -0.01791527,
                        0.02171955 0.00626865 -0.01783250,
                        0.02089961 0.00626865 -0.01869125,
                        0.02962768 0.05520466 0.00107541,
                        0.02942809 0.05735054 0.00107541,
                        0.02774505 0.00626865 0.00551915,
                        0.02810108 0.00626865 0.00466041,
                        0.02817120 0.00626865 0.00435519,
                        0.02848947 0.00798820 0.00322227,
                        0.02944427 0.04447526 0.00107541,
                        0.02863512 0.00798820 0.00107541,
                        0.02868367 0.01013408 0.00107541,
                        0.02766953 0.06159257 0.00341368,
                        0.02628857 0.06390898 0.00533292,
                        0.02587860 0.06496771 0.00459316,
                        0.02319760 0.06842101 0.00751599,
                        0.02312748 0.06798757 0.00970941,
                        0.02866209 0.05949643 0.00107541,
                        0.02805253 0.06083938 0.00282394,
                        0.01450190 0.07885908 0.01177350,
                        0.02197308 0.06967870 0.00966285,
                        0.02434121 0.06573511 -0.00536001,
                        0.02541469 0.06432821 -0.00536001,
                        0.02615371 0.06325527 -0.00536001,
                        0.02847329 0.05971670 -0.00341490,
                        0.02628318 0.06349685 -0.00321314,
                        0.02581926 0.06488954 -0.00011959,
                        0.02590018 0.06499613 0.00107541,
                        0.02662302 0.06379529 0.00107541,
                        0.02938493 0.05735054 -0.00321314,
                        0.02952519 0.05520466 -0.00321314,
                        0.02908824 0.05520466 -0.00536001,
                        0.02770729 0.02300936 -0.00990722,
                        0.02694129 0.02300936 -0.01179542,
                        0.02609437 0.02086348 -0.01347670,
                        0.02607819 0.01871760 -0.01344048,
                        0.02605122 0.01657172 -0.01335254,
                        0.02546323 0.01657172 -0.01442856,
                        0.01496581 0.07885908 0.00020114,
                        0.02316524 0.06854180 0.00107541,
                        0.02400676 0.06746887 0.00107541,
                        0.02384493 0.06725570 -0.00106628,
                        0.02438976 0.06611881 -0.00326488,
                        0.02429266 0.01442584 -0.01579427,
                        0.02396360 0.00626865 -0.01538559,
                        0.02377480 0.00626865 -0.01560287,
                        0.02299801 0.00626865 -0.01646161,
                        0.02278224 0.00626865 -0.01669440,
                        0.02192453 0.00626865 -0.01761523,
                        0.02962228 0.05520466 -0.00106628,
                        0.02942809 0.05735054 -0.00106628,
                        0.02836540 0.00626865 0.00322227,
                        0.02839777 0.00626865 0.00279290,
                        0.02866209 0.00798820 -0.00106628,
                        0.02850026 0.00626865 0.00107541,
                        0.02859736 0.00626865 -0.00106628,
                        0.02667697 0.06379529 0.00322227,
                        0.02594333 0.06506008 0.00322227,
                        0.02326773 0.06857734 0.00536913,
                        0.02212413 0.06984923 0.00751599,
                        0.02861893 0.05949643 -0.00106628,
                        0.02759940 0.06188389 0.00107541,
                        0.01481477 0.07885908 0.00966285,
                        0.02559270 0.06456980 -0.00321314,
                        0.02571677 0.06474743 -0.00154221,
                        0.02504787 0.06573511 -0.00092143,
                        0.02508023 0.06606907 0.00107541,
                        0.02327312 0.06866260 0.00322227,
                        0.02407149 0.06758966 0.00322227,
                        0.02857039 0.00626865 -0.00321314,
                        0.02852723 0.00626865 -0.00364252,
                        0.02832224 0.00626865 -0.00536001,
                        0.02807950 0.00996355 -0.00770862,
                        0.02796622 0.01056752 -0.00862944,
                        0.02798240 0.01227996 -0.00868118,
                        0.02798779 0.01442584 -0.00871739,
                        0.02801477 0.02300936 -0.00883120,
                        0.02765874 0.01657172 -0.00981410,
                        0.02763716 0.01442584 -0.00979341,
                        0.02687656 0.01871760 -0.01179542,
                        0.02683880 0.01657172 -0.01179542,
                        0.02675249 0.01442584 -0.01179542,
                        0.02635870 0.00626865 -0.01165057,
                        0.02622923 0.00626865 -0.01186784,
                        0.02557112 0.00626865 -0.01295938,
                        0.02495077 0.00626865 -0.01394228,
                        0.02474579 0.00626865 -0.01424750,
                        0.01505212 0.07885908 0.00107541,
                        0.01523013 0.07885908 0.00536913,
                        0.01513843 0.07885908 0.00638824,
                        0.01489568 0.07885908 0.00895413,
                        0.01514382 0.07885908 0.00207900,
                        0.01524632 0.07885908 0.00322227,
                        0.01524092 0.07885908 0.00407584,
                        0.02826830 0.00626865 -0.00576351,
                        0.02758322 0.01227996 -0.00975719,
                        0.02794464 0.00913219 -0.00856219,
                        0.02739441 0.00626865 -0.00964856,
                        0.02717864 0.00626865 -0.01006758,
                        0.02790688 0.00626865 -0.00829836,
                    ]
                }
                coordIndex [
                    0, 1, 7, -1,
                    0, 7, 15, -1,
                    0, 15, 23, -1,
                    0, 23, 22, -1,
                    0, 22, 21, -1,
                    0, 21, 20, -1,
                    0, 20, 43, -1,
                    0, 43, 42, -1,
                    0, 42, 78, -1,
                    0, 78, 77, -1,
                    0, 77, 76, -1,
                    0, 76, 105, -1,
                    0, 105, 131, -1,
                    0, 131, 162, -1,
                    0, 162, 183, -1,
                    0, 183, 209, -1,
                    0, 209, 208, -1,
                    0, 208, 237, -1,
                    0, 237, 236, -1,
                    0, 236, 235, -1,
                    0, 235, 234, -1,
                    0, 234, 233, -1,
                    0, 233, 232, -1,
                    0, 232, 231, -1,
                    0, 231, 230, -1,
                    0, 230, 229, -1,
                    0, 229, 228, -1,
                    0, 228, 227, -1,
                    0, 227, 250, -1,
                    0, 250, 249, -1,
                    0, 249, 248, -1,
                    0, 248, 265, -1,
                    0, 265, 269, -1,
                    0, 269, 270, -1,
                    0, 270, 267, -1,
                    0, 267, 261, -1,
                    0, 261, 260, -1,
                    0, 260, 259, -1,
                    0, 259, 258, -1,
                    0, 258, 257, -1,
                    0, 257, 256, -1,
                    0, 256, 255, -1,
                    0, 255, 253, -1,
                    0, 253, 252, -1,
                    0, 252, 251, -1,
                    0, 251, 239, -1,
                    0, 239, 213, -1,
                    0, 213, 212, -1,
                    0, 212, 211, -1,
                    0, 211, 186, -1,
                    0, 186, 164, -1,
                    0, 164, 139, -1,
                    0, 139, 140, -1,
                    0, 140, 135, -1,
                    0, 135, 134, -1,
                    0, 134, 133, -1,
                    0, 133, 132, -1,
                    0, 132, 108, -1,
                    0, 108, 81, -1,
                    0, 81, 80, -1,
                    0, 80, 49, -1,
                    0, 49, 48, -1,
                    0, 48, 47, -1,
                    0, 47, 32, -1,
                    0, 32, 24, -1,
                    0, 24, 9, -1,
                    0, 9, 2, -1,
                    0, 2, 3, -1,
                    0, 3, 4, -1,
                    0, 4, 5, -1,
                    0, 5, 6, -1,
                    0, 6, 1, -1,
                    1, 6, 8, -1,
                    1, 8, 7, -1,
                    2, 9, 10, -1,
                    2, 10, 3, -1,
                    3, 10, 11, -1,
                    3, 11, 4, -1,
                    4, 11, 12, -1,
                    4, 12, 5, -1,
                    5, 8, 6, -1,
                    5, 12, 13, -1,
                    5, 13, 14, -1,
                    5, 14, 8, -1,
                    7, 8, 15, -1,
                    8, 14, 16, -1,
                    8, 16, 17, -1,
                    8, 17, 18, -1,
                    8, 18, 19, -1,
                    8, 19, 20, -1,
                    8, 20, 21, -1,
                    8, 21, 22, -1,
                    8, 22, 23, -1,
                    8, 23, 15, -1,
                    9, 24, 10, -1,
                    10, 25, 26, -1,
                    10, 26, 27, -1,
                    10, 27, 28, -1,
                    10, 28, 29, -1,
                    10, 29, 30, -1,
                    10, 30, 31, -1,
                    10, 31, 11, -1,
                    10, 24, 32, -1,
                    10, 32, 25, -1,
                    11, 31, 13, -1,
                    11, 13, 12, -1,
                    13, 31, 33, -1,
                    13, 33, 34, -1,
                    13, 34, 14, -1,
                    14, 34, 35, -1,
                    14, 35, 16, -1,
                    16, 36, 37, -1,
                    16, 37, 18, -1,
                    16, 18, 17, -1,
                    16, 35, 38, -1,
                    16, 38, 39, -1,
                    16, 39, 36, -1,
                    18, 37, 40, -1,
                    18, 40, 41, -1,
                    18, 41, 19, -1,
                    19, 41, 42, -1,
                    19, 42, 43, -1,
                    19, 43, 20, -1,
                    25, 32, 26, -1,
                    26, 32, 27, -1,
                    27, 44, 45, -1,
                    27, 45, 46, -1,
                    27, 46, 29, -1,
                    27, 29, 28, -1,
                    27, 32, 47, -1,
                    27, 47, 48, -1,
                    27, 48, 49, -1,
                    27, 49, 44, -1,
                    29, 50, 51, -1,
                    29, 51, 52, -1,
                    29, 52, 53, -1,
                    29, 53, 54, -1,
                    29, 54, 30, -1,
                    29, 46, 50, -1,
                    30, 54, 31, -1,
                    31, 54, 55, -1,
                    31, 55, 33, -1,
                    33, 55, 56, -1,
                    33, 56, 57, -1,
                    33, 57, 34, -1,
                    34, 57, 58, -1,
                    34, 58, 35, -1,
                    35, 58, 59, -1,
                    35, 59, 38, -1,
                    36, 39, 38, -1,
                    36, 38, 60, -1,
                    36, 60, 37, -1,
                    37, 61, 62, -1,
                    37, 62, 40, -1,
                    37, 60, 61, -1,
                    38, 59, 63, -1,
                    38, 63, 64, -1,
                    38, 64, 65, -1,
                    38, 65, 66, -1,
                    38, 66, 67, -1,
                    38, 67, 68, -1,
                    38, 68, 69, -1,
                    38, 69, 70, -1,
                    38, 70, 71, -1,
                    38, 71, 72, -1,
                    38, 72, 61, -1,
                    38, 61, 60, -1,
                    40, 62, 73, -1,
                    40, 73, 41, -1,
                    41, 73, 74, -1,
                    41, 74, 75, -1,
                    41, 75, 76, -1,
                    41, 76, 77, -1,
                    41, 77, 78, -1,
                    41, 78, 42, -1,
                    44, 79, 45, -1,
                    44, 49, 80, -1,
                    44, 80, 81, -1,
                    44, 81, 79, -1,
                    45, 82, 50, -1,
                    45, 50, 46, -1,
                    45, 79, 82, -1,
                    50, 82, 83, -1,
                    50, 83, 84, -1,
                    50, 84, 85, -1,
                    50, 85, 52, -1,
                    50, 52, 51, -1,
                    52, 85, 53, -1,
                    53, 85, 86, -1,
                    53, 86, 87, -1,
                    53, 87, 88, -1,
                    53, 88, 56, -1,
                    53, 56, 54, -1,
                    54, 56, 55, -1,
                    56, 88, 57, -1,
                    57, 88, 87, -1,
                    57, 87, 86, -1,
                    57, 86, 89, -1,
                    57, 89, 58, -1,
                    58, 89, 86, -1,
                    58, 86, 90, -1,
                    58, 90, 63, -1,
                    58, 63, 59, -1,
                    61, 72, 62, -1,
                    62, 72, 91, -1,
                    62, 91, 92, -1,
                    62, 92, 73, -1,
                    63, 90, 86, -1,
                    63, 86, 93, -1,
                    63, 93, 64, -1,
                    64, 93, 94, -1,
                    64, 94, 65, -1,
                    65, 94, 66, -1,
                    66, 94, 67, -1,
                    67, 94, 95, -1,
                    67, 95, 96, -1,
                    67, 96, 68, -1,
                    68, 97, 98, -1,
                    68, 98, 69, -1,
                    68, 96, 97, -1,
                    69, 98, 99, -1,
                    69, 99, 70, -1,
                    70, 99, 100, -1,
                    70, 100, 71, -1,
                    71, 100, 101, -1,
                    71, 101, 91, -1,
                    71, 91, 72, -1,
                    73, 92, 74, -1,
                    74, 92, 102, -1,
                    74, 102, 103, -1,
                    74, 103, 104, -1,
                    74, 104, 75, -1,
                    75, 104, 76, -1,
                    76, 104, 106, -1,
                    76, 106, 105, -1,
                    79, 107, 82, -1,
                    79, 81, 107, -1,
                    81, 108, 109, -1,
                    81, 109, 107, -1,
                    82, 110, 83, -1,
                    82, 107, 109, -1,
                    82, 109, 111, -1,
                    82, 111, 110, -1,
                    83, 110, 112, -1,
                    83, 112, 113, -1,
                    83, 113, 84, -1,
                    84, 113, 85, -1,
                    85, 114, 115, -1,
                    85, 115, 93, -1,
                    85, 93, 86, -1,
                    85, 113, 116, -1,
                    85, 116, 114, -1,
                    91, 101, 117, -1,
                    91, 117, 92, -1,
                    92, 117, 102, -1,
                    93, 115, 94, -1,
                    94, 115, 118, -1,
                    94, 118, 95, -1,
                    95, 118, 119, -1,
                    95, 119, 120, -1,
                    95, 120, 96, -1,
                    96, 120, 97, -1,
                    97, 121, 98, -1,
                    97, 120, 122, -1,
                    97, 122, 121, -1,
                    98, 121, 123, -1,
                    98, 123, 124, -1,
                    98, 124, 99, -1,
                    99, 124, 100, -1,
                    100, 125, 126, -1,
                    100, 126, 127, -1,
                    100, 127, 101, -1,
                    100, 124, 125, -1,
                    101, 127, 117, -1,
                    102, 117, 128, -1,
                    102, 128, 129, -1,
                    102, 129, 103, -1,
                    103, 106, 104, -1,
                    103, 129, 130, -1,
                    103, 130, 106, -1,
                    105, 106, 130, -1,
                    105, 130, 131, -1,
                    108, 132, 109, -1,
                    109, 132, 133, -1,
                    109, 133, 134, -1,
                    109, 134, 135, -1,
                    109, 135, 111, -1,
                    110, 136, 137, -1,
                    110, 137, 138, -1,
                    110, 138, 112, -1,
                    110, 111, 139, -1,
                    110, 139, 136, -1,
                    111, 135, 140, -1,
                    111, 140, 139, -1,
                    112, 138, 113, -1,
                    113, 138, 116, -1,
                    114, 141, 142, -1,
                    114, 142, 143, -1,
                    114, 143, 115, -1,
                    114, 116, 144, -1,
                    114, 144, 141, -1,
                    115, 145, 118, -1,
                    115, 143, 145, -1,
                    116, 138, 144, -1,
                    117, 127, 128, -1,
                    118, 145, 146, -1,
                    118, 146, 147, -1,
                    118, 147, 119, -1,
                    119, 148, 122, -1,
                    119, 122, 120, -1,
                    119, 147, 148, -1,
                    121, 122, 149, -1,
                    121, 149, 150, -1,
                    121, 150, 151, -1,
                    121, 151, 123, -1,
                    122, 148, 152, -1,
                    122, 152, 153, -1,
                    122, 153, 149, -1,
                    123, 151, 154, -1,
                    123, 154, 155, -1,
                    123, 155, 124, -1,
                    124, 155, 125, -1,
                    125, 155, 126, -1,
                    126, 155, 156, -1,
                    126, 156, 127, -1,
                    127, 156, 157, -1,
                    127, 157, 158, -1,
                    127, 158, 159, -1,
                    127, 159, 128, -1,
                    128, 159, 160, -1,
                    128, 160, 161, -1,
                    128, 161, 129, -1,
                    129, 161, 130, -1,
                    130, 161, 131, -1,
                    131, 161, 162, -1,
                    136, 163, 137, -1,
                    136, 139, 164, -1,
                    136, 164, 163, -1,
                    137, 163, 165, -1,
                    137, 165, 138, -1,
                    138, 166, 144, -1,
                    138, 165, 166, -1,
                    141, 144, 142, -1,
                    142, 167, 168, -1,
                    142, 168, 143, -1,
                    142, 144, 166, -1,
                    142, 166, 167, -1,
                    143, 168, 145, -1,
                    145, 168, 146, -1,
                    146, 168, 169, -1,
                    146, 169, 170, -1,
                    146, 170, 147, -1,
                    147, 170, 148, -1,
                    148, 170, 171, -1,
                    148, 171, 172, -1,
                    148, 172, 152, -1,
                    149, 153, 173, -1,
                    149, 173, 150, -1,
                    150, 174, 151, -1,
                    150, 173, 174, -1,
                    151, 174, 175, -1,
                    151, 175, 176, -1,
                    151, 176, 177, -1,
                    151, 177, 178, -1,
                    151, 178, 154, -1,
                    152, 172, 153, -1,
                    153, 172, 173, -1,
                    154, 178, 156, -1,
                    154, 156, 155, -1,
                    156, 178, 157, -1,
                    157, 179, 158, -1,
                    157, 178, 177, -1,
                    157, 177, 179, -1,
                    158, 179, 180, -1,
                    158, 180, 181, -1,
                    158, 181, 182, -1,
                    158, 182, 160, -1,
                    158, 160, 159, -1,
                    160, 182, 161, -1,
                    161, 182, 183, -1,
                    161, 183, 162, -1,
                    163, 184, 185, -1,
                    163, 185, 165, -1,
                    163, 164, 186, -1,
                    163, 186, 184, -1,
                    165, 185, 166, -1,
                    166, 185, 187, -1,
                    166, 187, 167, -1,
                    167, 188, 169, -1,
                    167, 169, 168, -1,
                    167, 187, 189, -1,
                    167, 189, 190, -1,
                    167, 190, 191, -1,
                    167, 191, 188, -1,
                    169, 188, 170, -1,
                    170, 188, 192, -1,
                    170, 192, 171, -1,
                    171, 192, 193, -1,
                    171, 193, 194, -1,
                    171, 194, 172, -1,
                    172, 194, 195, -1,
                    172, 195, 173, -1,
                    173, 195, 174, -1,
                    174, 195, 193, -1,
                    174, 193, 196, -1,
                    174, 196, 175, -1,
                    175, 196, 197, -1,
                    175, 197, 198, -1,
                    175, 198, 199, -1,
                    175, 199, 200, -1,
                    175, 200, 201, -1,
                    175, 201, 202, -1,
                    175, 202, 203, -1,
                    175, 203, 204, -1,
                    175, 204, 176, -1,
                    176, 204, 179, -1,
                    176, 179, 177, -1,
                    179, 204, 205, -1,
                    179, 205, 180, -1,
                    180, 205, 181, -1,
                    181, 205, 182, -1,
                    182, 205, 204, -1,
                    182, 204, 206, -1,
                    182, 206, 207, -1,
                    182, 207, 208, -1,
                    182, 208, 209, -1,
                    182, 209, 183, -1,
                    184, 210, 185, -1,
                    184, 186, 211, -1,
                    184, 211, 212, -1,
                    184, 212, 213, -1,
                    184, 213, 210, -1,
                    185, 214, 215, -1,
                    185, 215, 216, -1,
                    185, 216, 187, -1,
                    185, 210, 214, -1,
                    187, 216, 189, -1,
                    188, 191, 217, -1,
                    188, 217, 218, -1,
                    188, 218, 219, -1,
                    188, 219, 220, -1,
                    188, 220, 221, -1,
                    188, 221, 192, -1,
                    189, 216, 215, -1,
                    189, 215, 190, -1,
                    190, 215, 214, -1,
                    190, 214, 191, -1,
                    191, 214, 222, -1,
                    191, 222, 217, -1,
                    192, 221, 193, -1,
                    193, 221, 198, -1,
                    193, 198, 196, -1,
                    193, 195, 194, -1,
                    196, 198, 197, -1,
                    198, 221, 223, -1,
                    198, 223, 224, -1,
                    198, 224, 225, -1,
                    198, 225, 199, -1,
                    199, 225, 226, -1,
                    199, 226, 227, -1,
                    199, 227, 228, -1,
                    199, 228, 200, -1,
                    200, 228, 201, -1,
                    201, 203, 202, -1,
                    201, 228, 229, -1,
                    201, 229, 230, -1,
                    201, 230, 231, -1,
                    201, 231, 232, -1,
                    201, 232, 233, -1,
                    201, 233, 234, -1,
                    201, 234, 235, -1,
                    201, 235, 203, -1,
                    203, 207, 204, -1,
                    203, 235, 236, -1,
                    203, 236, 207, -1,
                    204, 207, 206, -1,
                    207, 236, 237, -1,
                    207, 237, 208, -1,
                    210, 238, 214, -1,
                    210, 213, 239, -1,
                    210, 239, 238, -1,
                    214, 240, 222, -1,
                    214, 238, 241, -1,
                    214, 241, 240, -1,
                    217, 242, 218, -1,
                    217, 222, 240, -1,
                    217, 240, 242, -1,
                    218, 242, 219, -1,
                    219, 242, 243, -1,
                    219, 243, 244, -1,
                    219, 244, 223, -1,
                    219, 223, 220, -1,
                    220, 223, 221, -1,
                    223, 244, 224, -1,
                    224, 244, 243, -1,
                    224, 243, 245, -1,
                    224, 245, 246, -1,
                    224, 246, 247, -1,
                    224, 247, 248, -1,
                    224, 248, 249, -1,
                    224, 249, 250, -1,
                    224, 250, 225, -1,
                    225, 250, 226, -1,
                    226, 250, 227, -1,
                    238, 239, 251, -1,
                    238, 251, 252, -1,
                    238, 252, 253, -1,
                    238, 253, 241, -1,
                    240, 241, 254, -1,
                    240, 254, 245, -1,
                    240, 245, 242, -1,
                    241, 253, 255, -1,
                    241, 255, 256, -1,
                    241, 256, 257, -1,
                    241, 257, 258, -1,
                    241, 258, 259, -1,
                    241, 259, 260, -1,
                    241, 260, 261, -1,
                    241, 261, 254, -1,
                    242, 245, 243, -1,
                    245, 254, 262, -1,
                    245, 262, 263, -1,
                    245, 263, 264, -1,
                    245, 264, 246, -1,
                    246, 264, 265, -1,
                    246, 265, 248, -1,
                    246, 248, 247, -1,
                    254, 266, 262, -1,
                    254, 261, 267, -1,
                    254, 267, 266, -1,
                    262, 266, 263, -1,
                    263, 266, 268, -1,
                    263, 268, 264, -1,
                    264, 268, 269, -1,
                    264, 269, 265, -1,
                    266, 267, 270, -1,
                    266, 270, 268, -1,
                    268, 270, 269, -1,
                    271, 272, 275, -1,
                    271, 275, 284, -1,
                    271, 284, 297, -1,
                    271, 297, 301, -1,
                    271, 301, 300, -1,
                    271, 300, 299, -1,
                    271, 299, 327, -1,
                    271, 327, 326, -1,
                    271, 326, 325, -1,
                    271, 325, 324, -1,
                    271, 324, 322, -1,
                    271, 322, 357, -1,
                    271, 357, 394, -1,
                    271, 394, 393, -1,
                    271, 393, 390, -1,
                    271, 390, 389, -1,
                    271, 389, 388, -1,
                    271, 388, 387, -1,
                    271, 387, 386, -1,
                    271, 386, 385, -1,
                    271, 385, 384, -1,
                    271, 384, 383, -1,
                    271, 383, 429, -1,
                    271, 429, 428, -1,
                    271, 428, 487, -1,
                    271, 487, 543, -1,
                    271, 543, 542, -1,
                    271, 542, 541, -1,
                    271, 541, 594, -1,
                    271, 594, 634, -1,
                    271, 634, 673, -1,
                    271, 673, 686, -1,
                    271, 686, 685, -1,
                    271, 685, 684, -1,
                    271, 684, 724, -1,
                    271, 724, 761, -1,
                    271, 761, 789, -1,
                    271, 789, 788, -1,
                    271, 788, 795, -1,
                    271, 795, 794, -1,
                    271, 794, 793, -1,
                    271, 793, 811, -1,
                    271, 811, 833, -1,
                    271, 833, 832, -1,
                    271, 832, 831, -1,
                    271, 831, 842, -1,
                    271, 842, 843, -1,
                    271, 843, 839, -1,
                    271, 839, 835, -1,
                    271, 835, 814, -1,
                    271, 814, 818, -1,
                    271, 818, 817, -1,
                    271, 817, 816, -1,
                    271, 816, 815, -1,
                    271, 815, 813, -1,
                    271, 813, 812, -1,
                    271, 812, 796, -1,
                    271, 796, 765, -1,
                    271, 765, 769, -1,
                    271, 769, 768, -1,
                    271, 768, 767, -1,
                    271, 767, 763, -1,
                    271, 763, 762, -1,
                    271, 762, 725, -1,
                    271, 725, 687, -1,
                    271, 687, 643, -1,
                    271, 643, 642, -1,
                    271, 642, 602, -1,
                    271, 602, 601, -1,
                    271, 601, 600, -1,
                    271, 600, 599, -1,
                    271, 599, 553, -1,
                    271, 553, 552, -1,
                    271, 552, 551, -1,
                    271, 551, 550, -1,
                    271, 550, 548, -1,
                    271, 548, 499, -1,
                    271, 499, 497, -1,
                    271, 497, 496, -1,
                    271, 496, 495, -1,
                    271, 495, 494, -1,
                    271, 494, 492, -1,
                    271, 492, 547, -1,
                    271, 547, 546, -1,
                    271, 546, 490, -1,
                    271, 490, 440, -1,
                    271, 440, 397, -1,
                    271, 397, 395, -1,
                    271, 395, 359, -1,
                    271, 359, 358, -1,
                    271, 358, 328, -1,
                    271, 328, 302, -1,
                    271, 302, 296, -1,
                    271, 296, 282, -1,
                    271, 282, 281, -1,
                    271, 281, 276, -1,
                    271, 276, 273, -1,
                    271, 273, 274, -1,
                    271, 274, 272, -1,
                    272, 274, 275, -1,
                    273, 276, 274, -1,
                    274, 277, 278, -1,
                    274, 278, 279, -1,
                    274, 279, 280, -1,
                    274, 280, 275, -1,
                    274, 276, 281, -1,
                    274, 281, 282, -1,
                    274, 282, 277, -1,
                    275, 280, 283, -1,
                    275, 283, 284, -1,
                    277, 282, 285, -1,
                    277, 285, 286, -1,
                    277, 286, 278, -1,
                    278, 287, 279, -1,
                    278, 286, 288, -1,
                    278, 288, 289, -1,
                    278, 289, 287, -1,
                    279, 290, 280, -1,
                    279, 287, 291, -1,
                    279, 291, 292, -1,
                    279, 292, 290, -1,
                    280, 290, 293, -1,
                    280, 293, 294, -1,
                    280, 294, 295, -1,
                    280, 295, 283, -1,
                    282, 296, 285, -1,
                    283, 297, 284, -1,
                    283, 295, 298, -1,
                    283, 298, 299, -1,
                    283, 299, 300, -1,
                    283, 300, 301, -1,
                    283, 301, 297, -1,
                    285, 296, 302, -1,
                    285, 302, 303, -1,
                    285, 303, 304, -1,
                    285, 304, 305, -1,
                    285, 305, 286, -1,
                    286, 305, 306, -1,
                    286, 306, 307, -1,
                    286, 307, 308, -1,
                    286, 308, 288, -1,
                    287, 309, 310, -1,
                    287, 310, 311, -1,
                    287, 311, 291, -1,
                    287, 289, 309, -1,
                    288, 308, 289, -1,
                    289, 308, 307, -1,
                    289, 307, 312, -1,
                    289, 312, 313, -1,
                    289, 313, 314, -1,
                    289, 314, 309, -1,
                    290, 292, 293, -1,
                    291, 311, 315, -1,
                    291, 315, 292, -1,
                    292, 294, 293, -1,
                    292, 315, 316, -1,
                    292, 316, 317, -1,
                    292, 317, 318, -1,
                    292, 318, 319, -1,
                    292, 319, 320, -1,
                    292, 320, 294, -1,
                    294, 321, 322, -1,
                    294, 322, 298, -1,
                    294, 298, 295, -1,
                    294, 320, 323, -1,
                    294, 323, 321, -1,
                    298, 322, 324, -1,
                    298, 324, 325, -1,
                    298, 325, 326, -1,
                    298, 326, 327, -1,
                    298, 327, 299, -1,
                    302, 328, 329, -1,
                    302, 329, 330, -1,
                    302, 330, 303, -1,
                    303, 330, 304, -1,
                    304, 330, 305, -1,
                    305, 330, 331, -1,
                    305, 331, 306, -1,
                    306, 331, 332, -1,
                    306, 332, 333, -1,
                    306, 333, 307, -1,
                    307, 313, 312, -1,
                    307, 333, 334, -1,
                    307, 334, 335, -1,
                    307, 335, 336, -1,
                    307, 336, 337, -1,
                    307, 337, 338, -1,
                    307, 338, 339, -1,
                    307, 339, 340, -1,
                    307, 340, 313, -1,
                    309, 314, 310, -1,
                    310, 314, 341, -1,
                    310, 341, 342, -1,
                    310, 342, 311, -1,
                    311, 343, 344, -1,
                    311, 344, 345, -1,
                    311, 345, 315, -1,
                    311, 342, 343, -1,
                    313, 340, 314, -1,
                    314, 340, 341, -1,
                    315, 345, 346, -1,
                    315, 346, 347, -1,
                    315, 347, 348, -1,
                    315, 348, 316, -1,
                    316, 348, 317, -1,
                    317, 348, 318, -1,
                    318, 348, 349, -1,
                    318, 349, 350, -1,
                    318, 350, 351, -1,
                    318, 351, 319, -1,
                    319, 323, 320, -1,
                    319, 351, 350, -1,
                    319, 350, 352, -1,
                    319, 352, 353, -1,
                    319, 353, 354, -1,
                    319, 354, 355, -1,
                    319, 355, 321, -1,
                    319, 321, 323, -1,
                    321, 355, 356, -1,
                    321, 356, 357, -1,
                    321, 357, 322, -1,
                    328, 358, 329, -1,
                    329, 332, 331, -1,
                    329, 331, 330, -1,
                    329, 358, 359, -1,
                    329, 359, 360, -1,
                    329, 360, 361, -1,
                    329, 361, 332, -1,
                    332, 361, 333, -1,
                    333, 361, 362, -1,
                    333, 362, 334, -1,
                    334, 363, 335, -1,
                    334, 362, 364, -1,
                    334, 364, 365, -1,
                    334, 365, 366, -1,
                    334, 366, 367, -1,
                    334, 367, 368, -1,
                    334, 368, 363, -1,
                    335, 363, 369, -1,
                    335, 369, 370, -1,
                    335, 370, 337, -1,
                    335, 337, 336, -1,
                    337, 370, 371, -1,
                    337, 371, 372, -1,
                    337, 372, 338, -1,
                    338, 372, 373, -1,
                    338, 373, 339, -1,
                    339, 373, 340, -1,
                    340, 373, 342, -1,
                    340, 342, 341, -1,
                    342, 373, 374, -1,
                    342, 374, 343, -1,
                    343, 374, 344, -1,
                    344, 374, 375, -1,
                    344, 375, 376, -1,
                    344, 376, 377, -1,
                    344, 377, 345, -1,
                    345, 377, 346, -1,
                    346, 378, 379, -1,
                    346, 379, 350, -1,
                    346, 350, 380, -1,
                    346, 380, 347, -1,
                    346, 377, 376, -1,
                    346, 376, 378, -1,
                    347, 380, 350, -1,
                    347, 350, 349, -1,
                    347, 349, 348, -1,
                    350, 379, 352, -1,
                    352, 354, 353, -1,
                    352, 379, 354, -1,
                    354, 381, 382, -1,
                    354, 382, 383, -1,
                    354, 383, 384, -1,
                    354, 384, 385, -1,
                    354, 385, 386, -1,
                    354, 386, 387, -1,
                    354, 387, 388, -1,
                    354, 388, 389, -1,
                    354, 389, 390, -1,
                    354, 390, 355, -1,
                    354, 379, 391, -1,
                    354, 391, 392, -1,
                    354, 392, 381, -1,
                    355, 390, 393, -1,
                    355, 393, 394, -1,
                    355, 394, 356, -1,
                    356, 394, 357, -1,
                    359, 395, 360, -1,
                    360, 395, 396, -1,
                    360, 396, 365, -1,
                    360, 365, 361, -1,
                    361, 365, 362, -1,
                    362, 365, 364, -1,
                    363, 368, 369, -1,
                    365, 396, 395, -1,
                    365, 395, 397, -1,
                    365, 397, 398, -1,
                    365, 398, 399, -1,
                    365, 399, 366, -1,
                    366, 399, 400, -1,
                    366, 400, 367, -1,
                    367, 400, 401, -1,
                    367, 401, 402, -1,
                    367, 402, 403, -1,
                    367, 403, 404, -1,
                    367, 404, 405, -1,
                    367, 405, 406, -1,
                    367, 406, 407, -1,
                    367, 407, 408, -1,
                    367, 408, 368, -1,
                    368, 408, 406, -1,
                    368, 406, 369, -1,
                    369, 406, 409, -1,
                    369, 409, 410, -1,
                    369, 410, 411, -1,
                    369, 411, 412, -1,
                    369, 412, 370, -1,
                    370, 412, 371, -1,
                    371, 412, 411, -1,
                    371, 411, 413, -1,
                    371, 413, 372, -1,
                    372, 413, 414, -1,
                    372, 414, 415, -1,
                    372, 415, 373, -1,
                    373, 415, 416, -1,
                    373, 416, 374, -1,
                    374, 416, 417, -1,
                    374, 417, 418, -1,
                    374, 418, 419, -1,
                    374, 419, 420, -1,
                    374, 420, 421, -1,
                    374, 421, 375, -1,
                    375, 421, 376, -1,
                    376, 421, 422, -1,
                    376, 422, 378, -1,
                    378, 422, 423, -1,
                    378, 423, 424, -1,
                    378, 424, 379, -1,
                    379, 424, 425, -1,
                    379, 425, 391, -1,
                    381, 392, 426, -1,
                    381, 426, 382, -1,
                    382, 427, 428, -1,
                    382, 428, 429, -1,
                    382, 429, 383, -1,
                    382, 426, 430, -1,
                    382, 430, 431, -1,
                    382, 431, 432, -1,
                    382, 432, 433, -1,
                    382, 433, 434, -1,
                    382, 434, 435, -1,
                    382, 435, 436, -1,
                    382, 436, 437, -1,
                    382, 437, 427, -1,
                    391, 425, 424, -1,
                    391, 424, 431, -1,
                    391, 431, 438, -1,
                    391, 438, 439, -1,
                    391, 439, 392, -1,
                    392, 439, 438, -1,
                    392, 438, 426, -1,
                    397, 440, 398, -1,
                    398, 441, 399, -1,
                    398, 440, 441, -1,
                    399, 441, 442, -1,
                    399, 442, 443, -1,
                    399, 443, 444, -1,
                    399, 444, 400, -1,
                    400, 444, 401, -1,
                    401, 444, 445, -1,
                    401, 445, 446, -1,
                    401, 446, 447, -1,
                    401, 447, 402, -1,
                    402, 447, 403, -1,
                    403, 448, 449, -1,
                    403, 449, 450, -1,
                    403, 450, 451, -1,
                    403, 451, 452, -1,
                    403, 452, 453, -1,
                    403, 453, 454, -1,
                    403, 454, 404, -1,
                    403, 447, 448, -1,
                    404, 454, 455, -1,
                    404, 455, 405, -1,
                    405, 455, 406, -1,
                    406, 455, 456, -1,
                    406, 456, 409, -1,
                    406, 408, 407, -1,
                    409, 456, 457, -1,
                    409, 457, 458, -1,
                    409, 458, 410, -1,
                    410, 458, 459, -1,
                    410, 459, 460, -1,
                    410, 460, 411, -1,
                    411, 414, 413, -1,
                    411, 460, 461, -1,
                    411, 461, 462, -1,
                    411, 462, 414, -1,
                    414, 462, 463, -1,
                    414, 463, 464, -1,
                    414, 464, 465, -1,
                    414, 465, 466, -1,
                    414, 466, 467, -1,
                    414, 467, 415, -1,
                    415, 467, 416, -1,
                    416, 467, 417, -1,
                    417, 467, 466, -1,
                    417, 466, 468, -1,
                    417, 468, 418, -1,
                    418, 468, 469, -1,
                    418, 469, 470, -1,
                    418, 470, 419, -1,
                    419, 471, 472, -1,
                    419, 472, 473, -1,
                    419, 473, 474, -1,
                    419, 474, 475, -1,
                    419, 475, 420, -1,
                    419, 470, 469, -1,
                    419, 469, 471, -1,
                    420, 475, 476, -1,
                    420, 476, 422, -1,
                    420, 422, 421, -1,
                    422, 476, 423, -1,
                    423, 476, 474, -1,
                    423, 474, 477, -1,
                    423, 477, 424, -1,
                    424, 478, 479, -1,
                    424, 479, 434, -1,
                    424, 434, 433, -1,
                    424, 433, 480, -1,
                    424, 480, 431, -1,
                    424, 477, 481, -1,
                    424, 481, 482, -1,
                    424, 482, 483, -1,
                    424, 483, 478, -1,
                    426, 438, 430, -1,
                    427, 437, 484, -1,
                    427, 484, 428, -1,
                    428, 485, 486, -1,
                    428, 486, 487, -1,
                    428, 484, 485, -1,
                    430, 438, 431, -1,
                    431, 480, 432, -1,
                    432, 480, 433, -1,
                    434, 479, 435, -1,
                    435, 479, 488, -1,
                    435, 488, 489, -1,
                    435, 489, 437, -1,
                    435, 437, 436, -1,
                    437, 485, 484, -1,
                    437, 489, 486, -1,
                    437, 486, 485, -1,
                    440, 490, 441, -1,
                    441, 490, 442, -1,
                    442, 490, 491, -1,
                    442, 491, 443, -1,
                    443, 445, 444, -1,
                    443, 491, 492, -1,
                    443, 492, 493, -1,
                    443, 493, 494, -1,
                    443, 494, 495, -1,
                    443, 495, 496, -1,
                    443, 496, 445, -1,
                    445, 496, 497, -1,
                    445, 497, 446, -1,
                    446, 498, 447, -1,
                    446, 497, 499, -1,
                    446, 499, 498, -1,
                    447, 498, 448, -1,
                    448, 500, 501, -1,
                    448, 501, 502, -1,
                    448, 502, 449, -1,
                    448, 498, 500, -1,
                    449, 502, 503, -1,
                    449, 503, 504, -1,
                    449, 504, 505, -1,
                    449, 505, 450, -1,
                    450, 505, 506, -1,
                    450, 506, 507, -1,
                    450, 507, 508, -1,
                    450, 508, 451, -1,
                    451, 508, 509, -1,
                    451, 509, 452, -1,
                    452, 509, 453, -1,
                    453, 510, 454, -1,
                    453, 509, 510, -1,
                    454, 510, 455, -1,
                    455, 511, 456, -1,
                    455, 510, 512, -1,
                    455, 512, 513, -1,
                    455, 513, 511, -1,
                    456, 514, 515, -1,
                    456, 515, 457, -1,
                    456, 511, 516, -1,
                    456, 516, 514, -1,
                    457, 515, 458, -1,
                    458, 515, 459, -1,
                    459, 515, 517, -1,
                    459, 517, 518, -1,
                    459, 518, 461, -1,
                    459, 461, 460, -1,
                    461, 518, 519, -1,
                    461, 519, 462, -1,
                    462, 519, 463, -1,
                    463, 519, 520, -1,
                    463, 520, 521, -1,
                    463, 521, 464, -1,
                    464, 521, 469, -1,
                    464, 469, 522, -1,
                    464, 522, 465, -1,
                    465, 522, 466, -1,
                    466, 522, 468, -1,
                    468, 522, 469, -1,
                    469, 523, 524, -1,
                    469, 524, 525, -1,
                    469, 525, 471, -1,
                    469, 521, 520, -1,
                    469, 520, 526, -1,
                    469, 526, 523, -1,
                    471, 525, 524, -1,
                    471, 524, 472, -1,
                    472, 524, 527, -1,
                    472, 527, 528, -1,
                    472, 528, 529, -1,
                    472, 529, 473, -1,
                    473, 481, 474, -1,
                    473, 529, 528, -1,
                    473, 528, 527, -1,
                    473, 527, 530, -1,
                    473, 530, 481, -1,
                    474, 476, 475, -1,
                    474, 481, 477, -1,
                    478, 531, 479, -1,
                    478, 483, 531, -1,
                    479, 532, 488, -1,
                    479, 531, 532, -1,
                    481, 530, 482, -1,
                    482, 530, 533, -1,
                    482, 533, 534, -1,
                    482, 534, 535, -1,
                    482, 535, 483, -1,
                    483, 536, 537, -1,
                    483, 537, 531, -1,
                    483, 535, 589, -1,
                    483, 589, 536, -1,
                    486, 538, 539, -1,
                    486, 539, 540, -1,
                    486, 540, 541, -1,
                    486, 541, 542, -1,
                    486, 542, 543, -1,
                    486, 543, 487, -1,
                    486, 489, 488, -1,
                    486, 488, 538, -1,
                    488, 532, 544, -1,
                    488, 544, 545, -1,
                    488, 545, 538, -1,
                    490, 546, 491, -1,
                    491, 546, 547, -1,
                    491, 547, 492, -1,
                    492, 494, 493, -1,
                    498, 499, 548, -1,
                    498, 548, 549, -1,
                    498, 549, 500, -1,
                    500, 548, 550, -1,
                    500, 550, 551, -1,
                    500, 551, 501, -1,
                    500, 549, 548, -1,
                    501, 551, 552, -1,
                    501, 552, 553, -1,
                    501, 553, 554, -1,
                    501, 554, 503, -1,
                    501, 503, 502, -1,
                    503, 554, 555, -1,
                    503, 555, 504, -1,
                    504, 555, 556, -1,
                    504, 556, 557, -1,
                    504, 557, 505, -1,
                    505, 557, 506, -1,
                    506, 557, 558, -1,
                    506, 558, 559, -1,
                    506, 559, 560, -1,
                    506, 560, 561, -1,
                    506, 561, 507, -1,
                    507, 561, 562, -1,
                    507, 562, 563, -1,
                    507, 563, 564, -1,
                    507, 564, 508, -1,
                    508, 564, 565, -1,
                    508, 565, 566, -1,
                    508, 566, 509, -1,
                    509, 566, 512, -1,
                    509, 512, 510, -1,
                    511, 513, 567, -1,
                    511, 567, 516, -1,
                    512, 566, 568, -1,
                    512, 568, 569, -1,
                    512, 569, 513, -1,
                    513, 569, 567, -1,
                    514, 516, 517, -1,
                    514, 517, 515, -1,
                    516, 567, 570, -1,
                    516, 570, 571, -1,
                    516, 571, 517, -1,
                    517, 571, 518, -1,
                    518, 571, 520, -1,
                    518, 520, 519, -1,
                    520, 571, 526, -1,
                    523, 526, 572, -1,
                    523, 572, 573, -1,
                    523, 573, 574, -1,
                    523, 574, 575, -1,
                    523, 575, 527, -1,
                    523, 527, 524, -1,
                    526, 571, 570, -1,
                    526, 570, 576, -1,
                    526, 576, 572, -1,
                    527, 575, 577, -1,
                    527, 577, 578, -1,
                    527, 578, 533, -1,
                    527, 533, 530, -1,
                    531, 537, 532, -1,
                    532, 537, 579, -1,
                    532, 579, 580, -1,
                    532, 580, 581, -1,
                    532, 581, 544, -1,
                    533, 578, 582, -1,
                    533, 582, 583, -1,
                    533, 583, 584, -1,
                    533, 584, 585, -1,
                    533, 585, 586, -1,
                    533, 586, 534, -1,
                    534, 586, 587, -1,
                    534, 587, 535, -1,
                    535, 587, 588, -1,
                    535, 588, 589, -1,
                    536, 579, 537, -1,
                    536, 589, 580, -1,
                    536, 580, 579, -1,
                    538, 545, 539, -1,
                    539, 590, 540, -1,
                    539, 545, 591, -1,
                    539, 591, 592, -1,
                    539, 592, 593, -1,
                    539, 593, 590, -1,
                    540, 590, 541, -1,
                    541, 590, 594, -1,
                    544, 595, 596, -1,
                    544, 596, 597, -1,
                    544, 597, 598, -1,
                    544, 598, 591, -1,
                    544, 591, 545, -1,
                    544, 581, 595, -1,
                    553, 599, 554, -1,
                    554, 599, 555, -1,
                    555, 599, 556, -1,
                    556, 599, 600, -1,
                    556, 600, 601, -1,
                    556, 601, 602, -1,
                    556, 602, 603, -1,
                    556, 603, 604, -1,
                    556, 604, 605, -1,
                    556, 605, 557, -1,
                    557, 605, 606, -1,
                    557, 606, 559, -1,
                    557, 559, 558, -1,
                    559, 606, 607, -1,
                    559, 607, 608, -1,
                    559, 608, 609, -1,
                    559, 609, 560, -1,
                    560, 610, 562, -1,
                    560, 562, 561, -1,
                    560, 609, 611, -1,
                    560, 611, 610, -1,
                    562, 610, 611, -1,
                    562, 611, 612, -1,
                    562, 612, 563, -1,
                    563, 612, 613, -1,
                    563, 613, 564, -1,
                    564, 613, 565, -1,
                    565, 613, 614, -1,
                    565, 614, 615, -1,
                    565, 615, 568, -1,
                    565, 568, 566, -1,
                    567, 569, 616, -1,
                    567, 616, 570, -1,
                    568, 615, 616, -1,
                    568, 616, 569, -1,
                    570, 616, 576, -1,
                    572, 576, 573, -1,
                    573, 615, 611, -1,
                    573, 611, 617, -1,
                    573, 617, 574, -1,
                    573, 576, 618, -1,
                    573, 618, 615, -1,
                    574, 617, 575, -1,
                    575, 619, 577, -1,
                    575, 617, 619, -1,
                    576, 616, 618, -1,
                    577, 619, 620, -1,
                    577, 620, 621, -1,
                    577, 621, 622, -1,
                    577, 622, 582, -1,
                    577, 582, 578, -1,
                    580, 589, 623, -1,
                    580, 623, 595, -1,
                    580, 595, 581, -1,
                    582, 622, 624, -1,
                    582, 624, 625, -1,
                    582, 625, 626, -1,
                    582, 626, 583, -1,
                    583, 585, 584, -1,
                    583, 626, 627, -1,
                    583, 627, 628, -1,
                    583, 628, 585, -1,
                    585, 629, 630, -1,
                    585, 630, 587, -1,
                    585, 587, 586, -1,
                    585, 628, 631, -1,
                    585, 631, 629, -1,
                    587, 630, 588, -1,
                    588, 623, 589, -1,
                    588, 630, 632, -1,
                    588, 632, 623, -1,
                    590, 633, 634, -1,
                    590, 634, 594, -1,
                    590, 593, 635, -1,
                    590, 635, 633, -1,
                    591, 598, 592, -1,
                    592, 636, 637, -1,
                    592, 637, 638, -1,
                    592, 638, 639, -1,
                    592, 639, 640, -1,
                    592, 640, 593, -1,
                    592, 598, 597, -1,
                    592, 597, 636, -1,
                    593, 640, 635, -1,
                    595, 623, 596, -1,
                    596, 623, 632, -1,
                    596, 632, 641, -1,
                    596, 641, 637, -1,
                    596, 637, 597, -1,
                    597, 637, 636, -1,
                    602, 642, 603, -1,
                    603, 642, 643, -1,
                    603, 643, 644, -1,
                    603, 644, 604, -1,
                    604, 644, 645, -1,
                    604, 645, 646, -1,
                    604, 646, 647, -1,
                    604, 647, 648, -1,
                    604, 648, 607, -1,
                    604, 607, 649, -1,
                    604, 649, 605, -1,
                    605, 649, 607, -1,
                    605, 607, 606, -1,
                    607, 648, 650, -1,
                    607, 650, 651, -1,
                    607, 651, 608, -1,
                    608, 651, 609, -1,
                    609, 652, 653, -1,
                    609, 653, 654, -1,
                    609, 654, 655, -1,
                    609, 655, 620, -1,
                    609, 620, 611, -1,
                    609, 651, 656, -1,
                    609, 656, 652, -1,
                    611, 657, 613, -1,
                    611, 613, 612, -1,
                    611, 620, 619, -1,
                    611, 619, 617, -1,
                    611, 615, 657, -1,
                    613, 657, 614, -1,
                    614, 657, 615, -1,
                    615, 618, 616, -1,
                    620, 655, 621, -1,
                    621, 655, 658, -1,
                    621, 658, 622, -1,
                    622, 658, 659, -1,
                    622, 659, 625, -1,
                    622, 625, 624, -1,
                    625, 659, 652, -1,
                    625, 652, 626, -1,
                    626, 660, 627, -1,
                    626, 652, 661, -1,
                    626, 661, 662, -1,
                    626, 662, 663, -1,
                    626, 663, 664, -1,
                    626, 664, 665, -1,
                    626, 665, 660, -1,
                    627, 631, 628, -1,
                    627, 660, 666, -1,
                    627, 666, 631, -1,
                    629, 667, 630, -1,
                    629, 631, 667, -1,
                    630, 667, 668, -1,
                    630, 668, 632, -1,
                    631, 666, 669, -1,
                    631, 669, 670, -1,
                    631, 670, 671, -1,
                    631, 671, 672, -1,
                    631, 672, 667, -1,
                    632, 668, 641, -1,
                    633, 635, 634, -1,
                    634, 635, 640, -1,
                    634, 640, 673, -1,
                    637, 641, 668, -1,
                    637, 668, 674, -1,
                    637, 674, 675, -1,
                    637, 675, 676, -1,
                    637, 676, 677, -1,
                    637, 677, 638, -1,
                    638, 677, 678, -1,
                    638, 678, 639, -1,
                    639, 679, 640, -1,
                    639, 678, 680, -1,
                    639, 680, 681, -1,
                    639, 681, 682, -1,
                    639, 682, 679, -1,
                    640, 679, 683, -1,
                    640, 683, 684, -1,
                    640, 684, 685, -1,
                    640, 685, 686, -1,
                    640, 686, 673, -1,
                    643, 687, 644, -1,
                    644, 687, 688, -1,
                    644, 688, 689, -1,
                    644, 689, 645, -1,
                    645, 689, 690, -1,
                    645, 690, 646, -1,
                    646, 690, 691, -1,
                    646, 691, 647, -1,
                    647, 691, 692, -1,
                    647, 692, 693, -1,
                    647, 693, 648, -1,
                    648, 694, 650, -1,
                    648, 693, 695, -1,
                    648, 695, 696, -1,
                    648, 696, 694, -1,
                    650, 694, 651, -1,
                    651, 694, 656, -1,
                    652, 659, 655, -1,
                    652, 655, 654, -1,
                    652, 654, 653, -1,
                    652, 656, 694, -1,
                    652, 694, 661, -1,
                    655, 659, 658, -1,
                    660, 665, 666, -1,
                    661, 694, 697, -1,
                    661, 697, 698, -1,
                    661, 698, 662, -1,
                    662, 698, 697, -1,
                    662, 697, 694, -1,
                    662, 694, 696, -1,
                    662, 696, 699, -1,
                    662, 699, 700, -1,
                    662, 700, 701, -1,
                    662, 701, 664, -1,
                    662, 664, 663, -1,
                    664, 701, 702, -1,
                    664, 702, 703, -1,
                    664, 703, 665, -1,
                    665, 703, 704, -1,
                    665, 704, 705, -1,
                    665, 705, 706, -1,
                    665, 706, 707, -1,
                    665, 707, 666, -1,
                    666, 707, 708, -1,
                    666, 708, 709, -1,
                    666, 709, 710, -1,
                    666, 710, 669, -1,
                    667, 672, 671, -1,
                    667, 671, 674, -1,
                    667, 674, 668, -1,
                    669, 710, 711, -1,
                    669, 711, 670, -1,
                    670, 711, 671, -1,
                    671, 711, 712, -1,
                    671, 712, 674, -1,
                    674, 712, 713, -1,
                    674, 713, 675, -1,
                    675, 713, 676, -1,
                    676, 713, 714, -1,
                    676, 714, 677, -1,
                    677, 714, 715, -1,
                    677, 715, 716, -1,
                    677, 716, 678, -1,
                    678, 716, 717, -1,
                    678, 717, 681, -1,
                    678, 681, 680, -1,
                    679, 718, 683, -1,
                    679, 682, 718, -1,
                    681, 717, 719, -1,
                    681, 719, 720, -1,
                    681, 720, 721, -1,
                    681, 721, 682, -1,
                    682, 721, 722, -1,
                    682, 722, 718, -1,
                    683, 718, 723, -1,
                    683, 723, 684, -1,
                    684, 723, 718, -1,
                    684, 718, 724, -1,
                    687, 725, 726, -1,
                    687, 726, 688, -1,
                    688, 727, 689, -1,
                    688, 726, 728, -1,
                    688, 728, 729, -1,
                    688, 729, 727, -1,
                    689, 727, 690, -1,
                    690, 727, 691, -1,
                    691, 730, 695, -1,
                    691, 695, 692, -1,
                    691, 727, 731, -1,
                    691, 731, 732, -1,
                    691, 732, 733, -1,
                    691, 733, 730, -1,
                    692, 695, 693, -1,
                    695, 730, 699, -1,
                    695, 699, 696, -1,
                    699, 730, 733, -1,
                    699, 733, 700, -1,
                    700, 733, 734, -1,
                    700, 734, 735, -1,
                    700, 735, 736, -1,
                    700, 736, 701, -1,
                    701, 736, 702, -1,
                    702, 706, 703, -1,
                    702, 736, 737, -1,
                    702, 737, 738, -1,
                    702, 738, 706, -1,
                    703, 706, 705, -1,
                    703, 705, 704, -1,
                    706, 738, 739, -1,
                    706, 739, 707, -1,
                    707, 739, 708, -1,
                    708, 739, 740, -1,
                    708, 740, 741, -1,
                    708, 741, 742, -1,
                    708, 742, 743, -1,
                    708, 743, 744, -1,
                    708, 744, 745, -1,
                    708, 745, 709, -1,
                    709, 744, 746, -1,
                    709, 746, 710, -1,
                    709, 745, 744, -1,
                    710, 746, 711, -1,
                    711, 746, 747, -1,
                    711, 747, 712, -1,
                    712, 747, 713, -1,
                    713, 747, 748, -1,
                    713, 748, 744, -1,
                    713, 744, 749, -1,
                    713, 749, 714, -1,
                    714, 749, 715, -1,
                    715, 749, 750, -1,
                    715, 750, 751, -1,
                    715, 751, 716, -1,
                    716, 751, 717, -1,
                    717, 751, 719, -1,
                    718, 722, 724, -1,
                    719, 751, 752, -1,
                    719, 752, 753, -1,
                    719, 753, 754, -1,
                    719, 754, 755, -1,
                    719, 755, 756, -1,
                    719, 756, 757, -1,
                    719, 757, 720, -1,
                    720, 722, 721, -1,
                    720, 757, 758, -1,
                    720, 758, 724, -1,
                    720, 724, 722, -1,
                    724, 758, 759, -1,
                    724, 759, 760, -1,
                    724, 760, 761, -1,
                    725, 762, 726, -1,
                    726, 762, 763, -1,
                    726, 763, 728, -1,
                    727, 729, 764, -1,
                    727, 764, 731, -1,
                    728, 765, 766, -1,
                    728, 766, 729, -1,
                    728, 763, 767, -1,
                    728, 767, 768, -1,
                    728, 768, 769, -1,
                    728, 769, 765, -1,
                    729, 766, 764, -1,
                    731, 764, 766, -1,
                    731, 766, 770, -1,
                    731, 770, 771, -1,
                    731, 771, 772, -1,
                    731, 772, 732, -1,
                    732, 772, 773, -1,
                    732, 773, 734, -1,
                    732, 734, 733, -1,
                    734, 773, 771, -1,
                    734, 771, 774, -1,
                    734, 774, 775, -1,
                    734, 775, 735, -1,
                    735, 776, 777, -1,
                    735, 777, 736, -1,
                    735, 775, 778, -1,
                    735, 778, 779, -1,
                    735, 779, 780, -1,
                    735, 780, 776, -1,
                    736, 777, 781, -1,
                    736, 781, 737, -1,
                    737, 741, 738, -1,
                    737, 781, 782, -1,
                    737, 782, 783, -1,
                    737, 783, 741, -1,
                    738, 741, 739, -1,
                    739, 741, 740, -1,
                    741, 783, 784, -1,
                    741, 784, 742, -1,
                    742, 785, 752, -1,
                    742, 752, 743, -1,
                    742, 784, 786, -1,
                    742, 786, 785, -1,
                    743, 752, 744, -1,
                    744, 751, 750, -1,
                    744, 750, 749, -1,
                    744, 748, 746, -1,
                    744, 752, 751, -1,
                    746, 748, 747, -1,
                    752, 785, 753, -1,
                    753, 785, 754, -1,
                    754, 785, 755, -1,
                    755, 760, 757, -1,
                    755, 757, 756, -1,
                    755, 785, 786, -1,
                    755, 786, 784, -1,
                    755, 784, 787, -1,
                    755, 787, 760, -1,
                    757, 760, 759, -1,
                    757, 759, 758, -1,
                    760, 788, 789, -1,
                    760, 789, 761, -1,
                    760, 787, 790, -1,
                    760, 790, 791, -1,
                    760, 791, 792, -1,
                    760, 792, 793, -1,
                    760, 793, 794, -1,
                    760, 794, 795, -1,
                    760, 795, 788, -1,
                    765, 796, 766, -1,
                    766, 796, 770, -1,
                    770, 797, 771, -1,
                    770, 796, 797, -1,
                    771, 798, 799, -1,
                    771, 799, 800, -1,
                    771, 800, 801, -1,
                    771, 801, 778, -1,
                    771, 778, 775, -1,
                    771, 775, 774, -1,
                    771, 773, 772, -1,
                    771, 797, 798, -1,
                    776, 782, 781, -1,
                    776, 781, 777, -1,
                    776, 780, 802, -1,
                    776, 802, 782, -1,
                    778, 801, 803, -1,
                    778, 803, 780, -1,
                    778, 780, 779, -1,
                    780, 803, 802, -1,
                    782, 784, 783, -1,
                    782, 802, 784, -1,
                    784, 802, 804, -1,
                    784, 804, 787, -1,
                    787, 804, 790, -1,
                    790, 804, 805, -1,
                    790, 805, 791, -1,
                    791, 805, 806, -1,
                    791, 806, 807, -1,
                    791, 807, 792, -1,
                    792, 807, 808, -1,
                    792, 808, 793, -1,
                    793, 808, 809, -1,
                    793, 809, 810, -1,
                    793, 810, 811, -1,
                    796, 812, 797, -1,
                    797, 812, 813, -1,
                    797, 813, 798, -1,
                    798, 814, 799, -1,
                    798, 813, 815, -1,
                    798, 815, 816, -1,
                    798, 816, 817, -1,
                    798, 817, 818, -1,
                    798, 818, 814, -1,
                    799, 814, 819, -1,
                    799, 819, 820, -1,
                    799, 820, 821, -1,
                    799, 821, 800, -1,
                    800, 822, 823, -1,
                    800, 823, 801, -1,
                    800, 821, 824, -1,
                    800, 824, 825, -1,
                    800, 825, 826, -1,
                    800, 826, 822, -1,
                    801, 823, 803, -1,
                    802, 803, 806, -1,
                    802, 806, 804, -1,
                    803, 823, 827, -1,
                    803, 827, 806, -1,
                    804, 806, 805, -1,
                    806, 827, 822, -1,
                    806, 822, 828, -1,
                    806, 828, 829, -1,
                    806, 829, 807, -1,
                    807, 829, 830, -1,
                    807, 830, 809, -1,
                    807, 809, 808, -1,
                    809, 830, 810, -1,
                    810, 831, 832, -1,
                    810, 832, 833, -1,
                    810, 833, 811, -1,
                    810, 830, 834, -1,
                    810, 834, 831, -1,
                    814, 835, 819, -1,
                    819, 835, 820, -1,
                    820, 835, 836, -1,
                    820, 836, 821, -1,
                    821, 836, 824, -1,
                    822, 827, 823, -1,
                    822, 826, 828, -1,
                    824, 837, 838, -1,
                    824, 838, 825, -1,
                    824, 836, 839, -1,
                    824, 839, 837, -1,
                    825, 838, 840, -1,
                    825, 840, 826, -1,
                    826, 840, 841, -1,
                    826, 841, 828, -1,
                    828, 841, 834, -1,
                    828, 834, 830, -1,
                    828, 830, 829, -1,
                    831, 834, 842, -1,
                    834, 841, 843, -1,
                    834, 843, 842, -1,
                    835, 839, 836, -1,
                    837, 839, 843, -1,
                    837, 843, 838, -1,
                    838, 843, 840, -1,
                    840, 843, 841, -1,
                    844, 845, 846, -1,
                    844, 846, 847, -1,
                    844, 847, 848, -1,
                    844, 848, 849, -1,
                    844, 849, 850, -1,
                    844, 850, 851, -1,
                    844, 851, 852, -1,
                    844, 852, 853, -1,
                    844, 853, 854, -1,
                    844, 854, 855, -1,
                    844, 855, 856, -1,
                    844, 856, 845, -1,
                    845, 857, 858, -1,
                    845, 858, 859, -1,
                    845, 859, 860, -1,
                    845, 860, 846, -1,
                    845, 856, 861, -1,
                    845, 861, 857, -1,
                    846, 862, 887, -1,
                    846, 887, 886, -1,
                    846, 886, 920, -1,
                    846, 920, 919, -1,
                    846, 919, 918, -1,
                    846, 918, 883, -1,
                    846, 883, 882, -1,
                    846, 882, 917, -1,
                    846, 917, 967, -1,
                    846, 967, 1022, -1,
                    846, 1022, 1078, -1,
                    846, 1078, 1138, -1,
                    846, 1138, 1137, -1,
                    846, 1137, 1199, -1,
                    846, 1199, 1258, -1,
                    846, 1258, 1257, -1,
                    846, 1257, 1254, -1,
                    846, 1254, 1310, -1,
                    846, 1310, 1309, -1,
                    846, 1309, 1357, -1,
                    846, 1357, 1389, -1,
                    846, 1389, 1391, -1,
                    846, 1391, 1422, -1,
                    846, 1422, 1471, -1,
                    846, 1471, 1470, -1,
                    846, 1470, 1469, -1,
                    846, 1469, 1506, -1,
                    846, 1506, 1542, -1,
                    846, 1542, 1579, -1,
                    846, 1579, 1578, -1,
                    846, 1578, 1577, -1,
                    846, 1577, 1576, -1,
                    846, 1576, 1628, -1,
                    846, 1628, 1680, -1,
                    846, 1680, 1725, -1,
                    846, 1725, 1724, -1,
                    846, 1724, 1723, -1,
                    846, 1723, 1770, -1,
                    846, 1770, 1769, -1,
                    846, 1769, 1821, -1,
                    846, 1821, 1820, -1,
                    846, 1820, 1819, -1,
                    846, 1819, 1818, -1,
                    846, 1818, 1817, -1,
                    846, 1817, 1873, -1,
                    846, 1873, 1916, -1,
                    846, 1916, 1915, -1,
                    846, 1915, 1960, -1,
                    846, 1960, 1959, -1,
                    846, 1959, 1958, -1,
                    846, 1958, 1957, -1,
                    846, 1957, 1956, -1,
                    846, 1956, 1955, -1,
                    846, 1955, 1954, -1,
                    846, 1954, 1963, -1,
                    846, 1963, 1926, -1,
                    846, 1926, 1965, -1,
                    846, 1965, 1964, -1,
                    846, 1964, 1931, -1,
                    846, 1931, 1930, -1,
                    846, 1930, 1929, -1,
                    846, 1929, 1928, -1,
                    846, 1928, 1927, -1,
                    846, 1927, 1920, -1,
                    846, 1920, 1962, -1,
                    846, 1962, 1943, -1,
                    846, 1943, 1898, -1,
                    846, 1898, 1897, -1,
                    846, 1897, 1896, -1,
                    846, 1896, 1850, -1,
                    846, 1850, 1849, -1,
                    846, 1849, 1844, -1,
                    846, 1844, 1843, -1,
                    846, 1843, 1842, -1,
                    846, 1842, 1841, -1,
                    846, 1841, 1791, -1,
                    846, 1791, 1743, -1,
                    846, 1743, 1698, -1,
                    846, 1698, 1646, -1,
                    846, 1646, 1601, -1,
                    846, 1601, 1600, -1,
                    846, 1600, 1599, -1,
                    846, 1599, 1555, -1,
                    846, 1555, 1526, -1,
                    846, 1526, 1486, -1,
                    846, 1486, 1525, -1,
                    846, 1525, 1483, -1,
                    846, 1483, 1444, -1,
                    846, 1444, 1443, -1,
                    846, 1443, 1442, -1,
                    846, 1442, 1403, -1,
                    846, 1403, 1400, -1,
                    846, 1400, 1366, -1,
                    846, 1366, 1322, -1,
                    846, 1322, 1268, -1,
                    846, 1268, 1211, -1,
                    846, 1211, 1151, -1,
                    846, 1151, 1086, -1,
                    846, 1086, 1085, -1,
                    846, 1085, 1079, -1,
                    846, 1079, 1025, -1,
                    846, 1025, 975, -1,
                    846, 975, 928, -1,
                    846, 928, 927, -1,
                    846, 927, 926, -1,
                    846, 926, 971, -1,
                    846, 971, 1024, -1,
                    846, 1024, 1023, -1,
                    846, 1023, 970, -1,
                    846, 970, 923, -1,
                    846, 923, 922, -1,
                    846, 922, 892, -1,
                    846, 892, 890, -1,
                    846, 890, 889, -1,
                    846, 889, 888, -1,
                    846, 888, 863, -1,
                    846, 863, 848, -1,
                    846, 848, 847, -1,
                    846, 860, 862, -1,
                    848, 863, 864, -1,
                    848, 864, 851, -1,
                    848, 851, 849, -1,
                    849, 851, 850, -1,
                    851, 864, 865, -1,
                    851, 865, 866, -1,
                    851, 866, 852, -1,
                    852, 866, 867, -1,
                    852, 867, 868, -1,
                    852, 868, 869, -1,
                    852, 869, 853, -1,
                    853, 869, 870, -1,
                    853, 870, 854, -1,
                    854, 870, 855, -1,
                    855, 870, 871, -1,
                    855, 871, 872, -1,
                    855, 872, 856, -1,
                    856, 873, 874, -1,
                    856, 874, 861, -1,
                    856, 872, 875, -1,
                    856, 875, 873, -1,
                    857, 876, 877, -1,
                    857, 877, 859, -1,
                    857, 859, 858, -1,
                    857, 861, 878, -1,
                    857, 878, 879, -1,
                    857, 879, 876, -1,
                    859, 880, 881, -1,
                    859, 881, 882, -1,
                    859, 882, 883, -1,
                    859, 883, 884, -1,
                    859, 884, 860, -1,
                    859, 877, 885, -1,
                    859, 885, 880, -1,
                    860, 884, 886, -1,
                    860, 886, 887, -1,
                    860, 887, 862, -1,
                    861, 874, 878, -1,
                    863, 888, 864, -1,
                    864, 888, 889, -1,
                    864, 889, 865, -1,
                    865, 889, 890, -1,
                    865, 890, 866, -1,
                    866, 891, 867, -1,
                    866, 890, 892, -1,
                    866, 892, 891, -1,
                    867, 891, 868, -1,
                    868, 891, 893, -1,
                    868, 893, 894, -1,
                    868, 894, 895, -1,
                    868, 895, 869, -1,
                    869, 896, 870, -1,
                    869, 895, 897, -1,
                    869, 897, 898, -1,
                    869, 898, 899, -1,
                    869, 899, 900, -1,
                    869, 900, 896, -1,
                    870, 896, 901, -1,
                    870, 901, 871, -1,
                    871, 901, 902, -1,
                    871, 902, 872, -1,
                    872, 902, 901, -1,
                    872, 901, 903, -1,
                    872, 903, 939, -1,
                    872, 939, 904, -1,
                    872, 904, 875, -1,
                    873, 875, 905, -1,
                    873, 905, 874, -1,
                    874, 905, 906, -1,
                    874, 906, 907, -1,
                    874, 907, 878, -1,
                    875, 904, 908, -1,
                    875, 908, 905, -1,
                    876, 909, 877, -1,
                    876, 879, 910, -1,
                    876, 910, 909, -1,
                    877, 911, 880, -1,
                    877, 880, 885, -1,
                    877, 909, 911, -1,
                    878, 907, 879, -1,
                    879, 907, 912, -1,
                    879, 912, 913, -1,
                    879, 913, 910, -1,
                    880, 914, 915, -1,
                    880, 915, 916, -1,
                    880, 916, 917, -1,
                    880, 917, 881, -1,
                    880, 911, 914, -1,
                    881, 917, 882, -1,
                    883, 918, 884, -1,
                    884, 918, 919, -1,
                    884, 919, 920, -1,
                    884, 920, 886, -1,
                    891, 921, 893, -1,
                    891, 892, 922, -1,
                    891, 922, 923, -1,
                    891, 923, 921, -1,
                    893, 921, 924, -1,
                    893, 924, 894, -1,
                    894, 925, 895, -1,
                    894, 924, 926, -1,
                    894, 926, 927, -1,
                    894, 927, 928, -1,
                    894, 928, 925, -1,
                    895, 925, 929, -1,
                    895, 929, 930, -1,
                    895, 930, 898, -1,
                    895, 898, 897, -1,
                    896, 931, 901, -1,
                    896, 900, 931, -1,
                    898, 930, 899, -1,
                    899, 930, 900, -1,
                    900, 930, 932, -1,
                    900, 932, 933, -1,
                    900, 933, 934, -1,
                    900, 934, 935, -1,
                    900, 935, 931, -1,
                    901, 931, 936, -1,
                    901, 936, 937, -1,
                    901, 937, 903, -1,
                    903, 935, 934, -1,
                    903, 934, 938, -1,
                    903, 938, 939, -1,
                    903, 937, 940, -1,
                    903, 940, 941, -1,
                    903, 941, 935, -1,
                    904, 939, 942, -1,
                    904, 942, 943, -1,
                    904, 943, 908, -1,
                    905, 908, 944, -1,
                    905, 944, 906, -1,
                    906, 944, 907, -1,
                    907, 945, 946, -1,
                    907, 946, 912, -1,
                    907, 944, 947, -1,
                    907, 947, 945, -1,
                    908, 943, 948, -1,
                    908, 948, 949, -1,
                    908, 949, 944, -1,
                    909, 910, 950, -1,
                    909, 950, 951, -1,
                    909, 951, 952, -1,
                    909, 952, 953, -1,
                    909, 953, 911, -1,
                    910, 913, 954, -1,
                    910, 954, 955, -1,
                    910, 955, 956, -1,
                    910, 956, 950, -1,
                    911, 953, 957, -1,
                    911, 957, 914, -1,
                    912, 946, 958, -1,
                    912, 958, 913, -1,
                    913, 959, 955, -1,
                    913, 955, 954, -1,
                    913, 958, 960, -1,
                    913, 960, 959, -1,
                    914, 957, 915, -1,
                    915, 961, 962, -1,
                    915, 962, 963, -1,
                    915, 963, 964, -1,
                    915, 964, 916, -1,
                    915, 957, 1008, -1,
                    915, 1008, 961, -1,
                    916, 964, 917, -1,
                    917, 965, 966, -1,
                    917, 966, 967, -1,
                    917, 964, 965, -1,
                    921, 968, 969, -1,
                    921, 969, 924, -1,
                    921, 923, 968, -1,
                    923, 970, 968, -1,
                    924, 969, 971, -1,
                    924, 971, 926, -1,
                    925, 972, 973, -1,
                    925, 973, 974, -1,
                    925, 974, 929, -1,
                    925, 928, 972, -1,
                    928, 975, 976, -1,
                    928, 976, 977, -1,
                    928, 977, 978, -1,
                    928, 978, 979, -1,
                    928, 979, 980, -1,
                    928, 980, 973, -1,
                    928, 973, 972, -1,
                    929, 974, 930, -1,
                    930, 981, 982, -1,
                    930, 982, 932, -1,
                    930, 974, 983, -1,
                    930, 983, 984, -1,
                    930, 984, 981, -1,
                    931, 941, 936, -1,
                    931, 935, 941, -1,
                    932, 985, 986, -1,
                    932, 986, 987, -1,
                    932, 987, 933, -1,
                    932, 982, 985, -1,
                    933, 987, 988, -1,
                    933, 988, 989, -1,
                    933, 989, 990, -1,
                    933, 990, 934, -1,
                    934, 990, 991, -1,
                    934, 991, 992, -1,
                    934, 992, 993, -1,
                    934, 993, 942, -1,
                    934, 942, 938, -1,
                    936, 941, 940, -1,
                    936, 940, 937, -1,
                    938, 942, 939, -1,
                    942, 993, 994, -1,
                    942, 994, 943, -1,
                    943, 994, 948, -1,
                    944, 949, 995, -1,
                    944, 995, 947, -1,
                    945, 996, 946, -1,
                    945, 947, 997, -1,
                    945, 997, 996, -1,
                    946, 998, 958, -1,
                    946, 996, 999, -1,
                    946, 999, 998, -1,
                    947, 995, 1000, -1,
                    947, 1000, 1001, -1,
                    947, 1001, 1002, -1,
                    947, 1002, 997, -1,
                    948, 994, 1003, -1,
                    948, 1003, 1004, -1,
                    948, 1004, 995, -1,
                    948, 995, 949, -1,
                    950, 956, 1005, -1,
                    950, 1005, 1006, -1,
                    950, 1006, 951, -1,
                    951, 1006, 952, -1,
                    952, 1007, 1008, -1,
                    952, 1008, 957, -1,
                    952, 957, 953, -1,
                    952, 1006, 1009, -1,
                    952, 1009, 1007, -1,
                    955, 1010, 956, -1,
                    955, 959, 1011, -1,
                    955, 1011, 1010, -1,
                    956, 1012, 1005, -1,
                    956, 1010, 1012, -1,
                    958, 1013, 960, -1,
                    958, 998, 1014, -1,
                    958, 1014, 1015, -1,
                    958, 1015, 1013, -1,
                    959, 960, 1013, -1,
                    959, 1013, 1011, -1,
                    961, 1016, 1017, -1,
                    961, 1017, 962, -1,
                    961, 1008, 1016, -1,
                    962, 1017, 1018, -1,
                    962, 1018, 963, -1,
                    963, 1019, 1020, -1,
                    963, 1020, 966, -1,
                    963, 966, 964, -1,
                    963, 1018, 1019, -1,
                    964, 966, 965, -1,
                    966, 1020, 1021, -1,
                    966, 1021, 1022, -1,
                    966, 1022, 967, -1,
                    968, 970, 1023, -1,
                    968, 1023, 969, -1,
                    969, 1023, 1024, -1,
                    969, 1024, 971, -1,
                    973, 980, 983, -1,
                    973, 983, 974, -1,
                    975, 1025, 976, -1,
                    976, 1026, 1027, -1,
                    976, 1027, 1028, -1,
                    976, 1028, 977, -1,
                    976, 1025, 1029, -1,
                    976, 1029, 1030, -1,
                    976, 1030, 1026, -1,
                    977, 1028, 978, -1,
                    978, 1028, 1031, -1,
                    978, 1031, 979, -1,
                    979, 1031, 1032, -1,
                    979, 1032, 1033, -1,
                    979, 1033, 980, -1,
                    980, 1033, 983, -1,
                    981, 1034, 1035, -1,
                    981, 1035, 982, -1,
                    981, 984, 1033, -1,
                    981, 1033, 1034, -1,
                    982, 1035, 985, -1,
                    983, 1033, 984, -1,
                    985, 1035, 1036, -1,
                    985, 1036, 986, -1,
                    986, 1036, 1037, -1,
                    986, 1037, 1038, -1,
                    986, 1038, 987, -1,
                    987, 1039, 1040, -1,
                    987, 1040, 988, -1,
                    987, 1038, 1041, -1,
                    987, 1041, 1039, -1,
                    988, 1040, 1039, -1,
                    988, 1039, 1042, -1,
                    988, 1042, 1043, -1,
                    988, 1043, 1044, -1,
                    988, 1044, 989, -1,
                    989, 1044, 990, -1,
                    990, 1044, 991, -1,
                    991, 1044, 1045, -1,
                    991, 1045, 1046, -1,
                    991, 1046, 1047, -1,
                    991, 1047, 1048, -1,
                    991, 1048, 1049, -1,
                    991, 1049, 1050, -1,
                    991, 1050, 1051, -1,
                    991, 1051, 1052, -1,
                    991, 1052, 1053, -1,
                    991, 1053, 1054, -1,
                    991, 1054, 1003, -1,
                    991, 1003, 992, -1,
                    992, 1055, 994, -1,
                    992, 994, 993, -1,
                    992, 1003, 1055, -1,
                    994, 1055, 1003, -1,
                    995, 1004, 1056, -1,
                    995, 1056, 1000, -1,
                    996, 997, 1057, -1,
                    996, 1057, 999, -1,
                    997, 1002, 1058, -1,
                    997, 1058, 1059, -1,
                    997, 1059, 1057, -1,
                    998, 999, 1060, -1,
                    998, 1060, 1014, -1,
                    999, 1061, 1060, -1,
                    999, 1057, 1061, -1,
                    1000, 1003, 1001, -1,
                    1000, 1056, 1003, -1,
                    1001, 1003, 1054, -1,
                    1001, 1054, 1062, -1,
                    1001, 1062, 1002, -1,
                    1002, 1062, 1058, -1,
                    1003, 1056, 1004, -1,
                    1005, 1012, 1063, -1,
                    1005, 1063, 1006, -1,
                    1006, 1063, 1064, -1,
                    1006, 1064, 1009, -1,
                    1007, 1009, 1065, -1,
                    1007, 1065, 1008, -1,
                    1008, 1065, 1016, -1,
                    1009, 1066, 1065, -1,
                    1009, 1064, 1066, -1,
                    1010, 1011, 1067, -1,
                    1010, 1067, 1068, -1,
                    1010, 1068, 1012, -1,
                    1011, 1013, 1067, -1,
                    1012, 1068, 1063, -1,
                    1013, 1015, 1069, -1,
                    1013, 1069, 1070, -1,
                    1013, 1070, 1067, -1,
                    1014, 1060, 1071, -1,
                    1014, 1071, 1072, -1,
                    1014, 1072, 1015, -1,
                    1015, 1073, 1069, -1,
                    1015, 1072, 1073, -1,
                    1016, 1065, 1074, -1,
                    1016, 1074, 1017, -1,
                    1017, 1074, 1018, -1,
                    1018, 1075, 1019, -1,
                    1018, 1074, 1075, -1,
                    1019, 1075, 1076, -1,
                    1019, 1076, 1020, -1,
                    1020, 1076, 1021, -1,
                    1021, 1076, 1077, -1,
                    1021, 1077, 1078, -1,
                    1021, 1078, 1022, -1,
                    1025, 1079, 1029, -1,
                    1026, 1030, 1080, -1,
                    1026, 1080, 1027, -1,
                    1027, 1080, 1081, -1,
                    1027, 1081, 1082, -1,
                    1027, 1082, 1083, -1,
                    1027, 1083, 1084, -1,
                    1027, 1084, 1028, -1,
                    1028, 1084, 1031, -1,
                    1029, 1079, 1085, -1,
                    1029, 1085, 1030, -1,
                    1030, 1085, 1086, -1,
                    1030, 1086, 1080, -1,
                    1031, 1084, 1087, -1,
                    1031, 1087, 1032, -1,
                    1032, 1087, 1088, -1,
                    1032, 1088, 1034, -1,
                    1032, 1034, 1033, -1,
                    1034, 1088, 1035, -1,
                    1035, 1088, 1089, -1,
                    1035, 1089, 1036, -1,
                    1036, 1090, 1091, -1,
                    1036, 1091, 1037, -1,
                    1036, 1089, 1092, -1,
                    1036, 1092, 1090, -1,
                    1037, 1091, 1093, -1,
                    1037, 1093, 1094, -1,
                    1037, 1094, 1038, -1,
                    1038, 1094, 1095, -1,
                    1038, 1095, 1096, -1,
                    1038, 1096, 1041, -1,
                    1039, 1041, 1042, -1,
                    1041, 1096, 1097, -1,
                    1041, 1097, 1046, -1,
                    1041, 1046, 1098, -1,
                    1041, 1098, 1042, -1,
                    1042, 1098, 1043, -1,
                    1043, 1098, 1046, -1,
                    1043, 1046, 1045, -1,
                    1043, 1045, 1044, -1,
                    1046, 1097, 1047, -1,
                    1047, 1097, 1099, -1,
                    1047, 1099, 1100, -1,
                    1047, 1100, 1101, -1,
                    1047, 1101, 1102, -1,
                    1047, 1102, 1103, -1,
                    1047, 1103, 1104, -1,
                    1047, 1104, 1048, -1,
                    1048, 1104, 1049, -1,
                    1049, 1104, 1050, -1,
                    1050, 1104, 1103, -1,
                    1050, 1103, 1105, -1,
                    1050, 1105, 1051, -1,
                    1051, 1105, 1106, -1,
                    1051, 1106, 1107, -1,
                    1051, 1107, 1108, -1,
                    1051, 1108, 1109, -1,
                    1051, 1109, 1110, -1,
                    1051, 1110, 1052, -1,
                    1052, 1110, 1109, -1,
                    1052, 1109, 1053, -1,
                    1053, 1109, 1111, -1,
                    1053, 1111, 1062, -1,
                    1053, 1062, 1054, -1,
                    1057, 1059, 1112, -1,
                    1057, 1112, 1113, -1,
                    1057, 1113, 1114, -1,
                    1057, 1114, 1115, -1,
                    1057, 1115, 1116, -1,
                    1057, 1116, 1117, -1,
                    1057, 1117, 1061, -1,
                    1058, 1112, 1059, -1,
                    1058, 1062, 1118, -1,
                    1058, 1118, 1111, -1,
                    1058, 1111, 1119, -1,
                    1058, 1119, 1120, -1,
                    1058, 1120, 1121, -1,
                    1058, 1121, 1122, -1,
                    1058, 1122, 1123, -1,
                    1058, 1123, 1112, -1,
                    1060, 1061, 1071, -1,
                    1061, 1117, 1071, -1,
                    1062, 1111, 1118, -1,
                    1063, 1124, 1064, -1,
                    1063, 1068, 1125, -1,
                    1063, 1125, 1126, -1,
                    1063, 1126, 1124, -1,
                    1064, 1124, 1127, -1,
                    1064, 1127, 1066, -1,
                    1065, 1066, 1127, -1,
                    1065, 1127, 1074, -1,
                    1067, 1070, 1126, -1,
                    1067, 1126, 1125, -1,
                    1067, 1125, 1068, -1,
                    1069, 1128, 1070, -1,
                    1069, 1073, 1129, -1,
                    1069, 1129, 1128, -1,
                    1070, 1128, 1126, -1,
                    1071, 1117, 1116, -1,
                    1071, 1116, 1130, -1,
                    1071, 1130, 1072, -1,
                    1072, 1130, 1073, -1,
                    1073, 1130, 1131, -1,
                    1073, 1131, 1132, -1,
                    1073, 1132, 1129, -1,
                    1074, 1127, 1133, -1,
                    1074, 1133, 1134, -1,
                    1074, 1134, 1075, -1,
                    1075, 1134, 1135, -1,
                    1075, 1135, 1136, -1,
                    1075, 1136, 1076, -1,
                    1076, 1136, 1077, -1,
                    1077, 1136, 1137, -1,
                    1077, 1137, 1138, -1,
                    1077, 1138, 1078, -1,
                    1080, 1139, 1140, -1,
                    1080, 1140, 1081, -1,
                    1080, 1086, 1141, -1,
                    1080, 1141, 1139, -1,
                    1081, 1142, 1143, -1,
                    1081, 1143, 1144, -1,
                    1081, 1144, 1082, -1,
                    1081, 1140, 1145, -1,
                    1081, 1145, 1146, -1,
                    1081, 1146, 1147, -1,
                    1081, 1147, 1142, -1,
                    1082, 1144, 1148, -1,
                    1082, 1148, 1083, -1,
                    1083, 1148, 1149, -1,
                    1083, 1149, 1150, -1,
                    1083, 1150, 1087, -1,
                    1083, 1087, 1084, -1,
                    1086, 1151, 1152, -1,
                    1086, 1152, 1141, -1,
                    1087, 1150, 1088, -1,
                    1088, 1150, 1089, -1,
                    1089, 1150, 1092, -1,
                    1090, 1092, 1091, -1,
                    1091, 1092, 1153, -1,
                    1091, 1153, 1093, -1,
                    1092, 1150, 1149, -1,
                    1092, 1149, 1148, -1,
                    1092, 1148, 1154, -1,
                    1092, 1154, 1153, -1,
                    1093, 1155, 1156, -1,
                    1093, 1156, 1096, -1,
                    1093, 1096, 1095, -1,
                    1093, 1095, 1094, -1,
                    1093, 1153, 1157, -1,
                    1093, 1157, 1155, -1,
                    1096, 1158, 1159, -1,
                    1096, 1159, 1160, -1,
                    1096, 1160, 1101, -1,
                    1096, 1101, 1100, -1,
                    1096, 1100, 1099, -1,
                    1096, 1099, 1097, -1,
                    1096, 1156, 1158, -1,
                    1101, 1160, 1161, -1,
                    1101, 1161, 1162, -1,
                    1101, 1162, 1102, -1,
                    1102, 1163, 1105, -1,
                    1102, 1105, 1164, -1,
                    1102, 1164, 1103, -1,
                    1102, 1162, 1165, -1,
                    1102, 1165, 1166, -1,
                    1102, 1166, 1163, -1,
                    1103, 1164, 1105, -1,
                    1105, 1163, 1106, -1,
                    1106, 1167, 1107, -1,
                    1106, 1163, 1167, -1,
                    1107, 1168, 1108, -1,
                    1107, 1167, 1165, -1,
                    1107, 1165, 1169, -1,
                    1107, 1169, 1170, -1,
                    1107, 1170, 1171, -1,
                    1107, 1171, 1172, -1,
                    1107, 1172, 1173, -1,
                    1107, 1173, 1168, -1,
                    1108, 1168, 1109, -1,
                    1109, 1168, 1174, -1,
                    1109, 1174, 1111, -1,
                    1111, 1174, 1175, -1,
                    1111, 1175, 1176, -1,
                    1111, 1176, 1119, -1,
                    1112, 1123, 1113, -1,
                    1113, 1123, 1114, -1,
                    1114, 1123, 1177, -1,
                    1114, 1177, 1115, -1,
                    1115, 1177, 1178, -1,
                    1115, 1178, 1179, -1,
                    1115, 1179, 1116, -1,
                    1116, 1180, 1132, -1,
                    1116, 1132, 1130, -1,
                    1116, 1179, 1180, -1,
                    1119, 1176, 1120, -1,
                    1120, 1176, 1122, -1,
                    1120, 1122, 1121, -1,
                    1122, 1176, 1123, -1,
                    1123, 1176, 1181, -1,
                    1123, 1181, 1182, -1,
                    1123, 1182, 1183, -1,
                    1123, 1183, 1184, -1,
                    1123, 1184, 1185, -1,
                    1123, 1185, 1177, -1,
                    1124, 1126, 1127, -1,
                    1126, 1128, 1186, -1,
                    1126, 1186, 1127, -1,
                    1127, 1186, 1187, -1,
                    1127, 1187, 1133, -1,
                    1128, 1188, 1186, -1,
                    1128, 1129, 1189, -1,
                    1128, 1189, 1190, -1,
                    1128, 1190, 1188, -1,
                    1129, 1132, 1189, -1,
                    1130, 1132, 1131, -1,
                    1132, 1180, 1191, -1,
                    1132, 1191, 1192, -1,
                    1132, 1192, 1193, -1,
                    1132, 1193, 1189, -1,
                    1133, 1187, 1194, -1,
                    1133, 1194, 1195, -1,
                    1133, 1195, 1134, -1,
                    1134, 1195, 1196, -1,
                    1134, 1196, 1135, -1,
                    1135, 1196, 1197, -1,
                    1135, 1197, 1198, -1,
                    1135, 1198, 1136, -1,
                    1136, 1198, 1137, -1,
                    1137, 1198, 1199, -1,
                    1139, 1200, 1140, -1,
                    1139, 1141, 1200, -1,
                    1140, 1200, 1201, -1,
                    1140, 1201, 1202, -1,
                    1140, 1202, 1145, -1,
                    1141, 1152, 1200, -1,
                    1142, 1203, 1143, -1,
                    1142, 1147, 1203, -1,
                    1143, 1204, 1148, -1,
                    1143, 1148, 1144, -1,
                    1143, 1203, 1205, -1,
                    1143, 1205, 1204, -1,
                    1145, 1202, 1146, -1,
                    1146, 1202, 1206, -1,
                    1146, 1206, 1207, -1,
                    1146, 1207, 1147, -1,
                    1147, 1207, 1208, -1,
                    1147, 1208, 1209, -1,
                    1147, 1209, 1203, -1,
                    1148, 1204, 1210, -1,
                    1148, 1210, 1154, -1,
                    1151, 1211, 1152, -1,
                    1152, 1211, 1212, -1,
                    1152, 1212, 1213, -1,
                    1152, 1213, 1214, -1,
                    1152, 1214, 1215, -1,
                    1152, 1215, 1200, -1,
                    1153, 1154, 1210, -1,
                    1153, 1210, 1157, -1,
                    1155, 1216, 1158, -1,
                    1155, 1158, 1156, -1,
                    1155, 1157, 1216, -1,
                    1157, 1210, 1205, -1,
                    1157, 1205, 1217, -1,
                    1157, 1217, 1216, -1,
                    1158, 1218, 1219, -1,
                    1158, 1219, 1220, -1,
                    1158, 1220, 1221, -1,
                    1158, 1221, 1222, -1,
                    1158, 1222, 1223, -1,
                    1158, 1223, 1159, -1,
                    1158, 1216, 1217, -1,
                    1158, 1217, 1224, -1,
                    1158, 1224, 1225, -1,
                    1158, 1225, 1218, -1,
                    1159, 1161, 1160, -1,
                    1159, 1223, 1226, -1,
                    1159, 1226, 1162, -1,
                    1159, 1162, 1161, -1,
                    1162, 1226, 1165, -1,
                    1163, 1166, 1167, -1,
                    1165, 1167, 1166, -1,
                    1165, 1226, 1222, -1,
                    1165, 1222, 1227, -1,
                    1165, 1227, 1228, -1,
                    1165, 1228, 1170, -1,
                    1165, 1170, 1169, -1,
                    1168, 1173, 1229, -1,
                    1168, 1229, 1230, -1,
                    1168, 1230, 1174, -1,
                    1170, 1228, 1227, -1,
                    1170, 1227, 1285, -1,
                    1170, 1285, 1284, -1,
                    1170, 1284, 1283, -1,
                    1170, 1283, 1282, -1,
                    1170, 1282, 1281, -1,
                    1170, 1281, 1280, -1,
                    1170, 1280, 1279, -1,
                    1170, 1279, 1276, -1,
                    1170, 1276, 1330, -1,
                    1170, 1330, 1371, -1,
                    1170, 1371, 1406, -1,
                    1170, 1406, 1432, -1,
                    1170, 1432, 1431, -1,
                    1170, 1431, 1476, -1,
                    1170, 1476, 1518, -1,
                    1170, 1518, 1552, -1,
                    1170, 1552, 1591, -1,
                    1170, 1591, 1598, -1,
                    1170, 1598, 1597, -1,
                    1170, 1597, 1596, -1,
                    1170, 1596, 1595, -1,
                    1170, 1595, 1594, -1,
                    1170, 1594, 1645, -1,
                    1170, 1645, 1697, -1,
                    1170, 1697, 1742, -1,
                    1170, 1742, 1790, -1,
                    1170, 1790, 1789, -1,
                    1170, 1789, 1840, -1,
                    1170, 1840, 1839, -1,
                    1170, 1839, 1838, -1,
                    1170, 1838, 1892, -1,
                    1170, 1892, 1891, -1,
                    1170, 1891, 1913, -1,
                    1170, 1913, 1870, -1,
                    1170, 1870, 1868, -1,
                    1170, 1868, 1814, -1,
                    1170, 1814, 1764, -1,
                    1170, 1764, 1719, -1,
                    1170, 1719, 1718, -1,
                    1170, 1718, 1716, -1,
                    1170, 1716, 1670, -1,
                    1170, 1670, 1669, -1,
                    1170, 1669, 1656, -1,
                    1170, 1656, 1608, -1,
                    1170, 1608, 1562, -1,
                    1170, 1562, 1533, -1,
                    1170, 1533, 1495, -1,
                    1170, 1495, 1492, -1,
                    1170, 1492, 1452, -1,
                    1170, 1452, 1407, -1,
                    1170, 1407, 1372, -1,
                    1170, 1372, 1336, -1,
                    1170, 1336, 1335, -1,
                    1170, 1335, 1334, -1,
                    1170, 1334, 1333, -1,
                    1170, 1333, 1332, -1,
                    1170, 1332, 1331, -1,
                    1170, 1331, 1286, -1,
                    1170, 1286, 1235, -1,
                    1170, 1235, 1234, -1,
                    1170, 1234, 1238, -1,
                    1170, 1238, 1237, -1,
                    1170, 1237, 1184, -1,
                    1170, 1184, 1183, -1,
                    1170, 1183, 1231, -1,
                    1170, 1231, 1230, -1,
                    1170, 1230, 1229, -1,
                    1170, 1229, 1173, -1,
                    1170, 1173, 1172, -1,
                    1170, 1172, 1171, -1,
                    1174, 1230, 1231, -1,
                    1174, 1231, 1183, -1,
                    1174, 1183, 1232, -1,
                    1174, 1232, 1175, -1,
                    1175, 1232, 1181, -1,
                    1175, 1181, 1176, -1,
                    1177, 1185, 1233, -1,
                    1177, 1233, 1234, -1,
                    1177, 1234, 1178, -1,
                    1178, 1234, 1235, -1,
                    1178, 1235, 1236, -1,
                    1178, 1236, 1179, -1,
                    1179, 1236, 1191, -1,
                    1179, 1191, 1180, -1,
                    1181, 1232, 1183, -1,
                    1181, 1183, 1182, -1,
                    1184, 1237, 1185, -1,
                    1185, 1237, 1238, -1,
                    1185, 1238, 1233, -1,
                    1186, 1239, 1240, -1,
                    1186, 1240, 1187, -1,
                    1186, 1188, 1239, -1,
                    1187, 1240, 1241, -1,
                    1187, 1241, 1194, -1,
                    1188, 1190, 1239, -1,
                    1189, 1193, 1242, -1,
                    1189, 1242, 1190, -1,
                    1190, 1242, 1239, -1,
                    1191, 1236, 1243, -1,
                    1191, 1243, 1244, -1,
                    1191, 1244, 1192, -1,
                    1192, 1245, 1193, -1,
                    1192, 1244, 1246, -1,
                    1192, 1246, 1245, -1,
                    1193, 1245, 1247, -1,
                    1193, 1247, 1248, -1,
                    1193, 1248, 1242, -1,
                    1194, 1241, 1249, -1,
                    1194, 1249, 1250, -1,
                    1194, 1250, 1251, -1,
                    1194, 1251, 1195, -1,
                    1195, 1251, 1252, -1,
                    1195, 1252, 1196, -1,
                    1196, 1253, 1254, -1,
                    1196, 1254, 1197, -1,
                    1196, 1252, 1255, -1,
                    1196, 1255, 1256, -1,
                    1196, 1256, 1253, -1,
                    1197, 1254, 1257, -1,
                    1197, 1257, 1198, -1,
                    1198, 1257, 1258, -1,
                    1198, 1258, 1199, -1,
                    1200, 1215, 1201, -1,
                    1201, 1215, 1214, -1,
                    1201, 1214, 1259, -1,
                    1201, 1259, 1202, -1,
                    1202, 1260, 1263, -1,
                    1202, 1263, 1206, -1,
                    1202, 1259, 1260, -1,
                    1203, 1209, 1261, -1,
                    1203, 1261, 1262, -1,
                    1203, 1262, 1225, -1,
                    1203, 1225, 1224, -1,
                    1203, 1224, 1217, -1,
                    1203, 1217, 1205, -1,
                    1204, 1205, 1210, -1,
                    1206, 1263, 1264, -1,
                    1206, 1264, 1207, -1,
                    1207, 1264, 1265, -1,
                    1207, 1265, 1208, -1,
                    1208, 1265, 1266, -1,
                    1208, 1266, 1267, -1,
                    1208, 1267, 1262, -1,
                    1208, 1262, 1261, -1,
                    1208, 1261, 1209, -1,
                    1211, 1268, 1269, -1,
                    1211, 1269, 1270, -1,
                    1211, 1270, 1212, -1,
                    1212, 1270, 1213, -1,
                    1213, 1270, 1271, -1,
                    1213, 1271, 1214, -1,
                    1214, 1272, 1273, -1,
                    1214, 1273, 1259, -1,
                    1214, 1271, 1272, -1,
                    1218, 1274, 1275, -1,
                    1218, 1275, 1276, -1,
                    1218, 1276, 1277, -1,
                    1218, 1277, 1220, -1,
                    1218, 1220, 1219, -1,
                    1218, 1225, 1278, -1,
                    1218, 1278, 1262, -1,
                    1218, 1262, 1274, -1,
                    1220, 1277, 1279, -1,
                    1220, 1279, 1280, -1,
                    1220, 1280, 1281, -1,
                    1220, 1281, 1282, -1,
                    1220, 1282, 1221, -1,
                    1221, 1282, 1283, -1,
                    1221, 1283, 1222, -1,
                    1222, 1226, 1223, -1,
                    1222, 1283, 1284, -1,
                    1222, 1284, 1285, -1,
                    1222, 1285, 1227, -1,
                    1225, 1262, 1278, -1,
                    1233, 1238, 1234, -1,
                    1235, 1286, 1236, -1,
                    1236, 1286, 1287, -1,
                    1236, 1287, 1288, -1,
                    1236, 1288, 1244, -1,
                    1236, 1244, 1243, -1,
                    1239, 1242, 1289, -1,
                    1239, 1289, 1240, -1,
                    1240, 1289, 1241, -1,
                    1241, 1290, 1249, -1,
                    1241, 1289, 1290, -1,
                    1242, 1248, 1291, -1,
                    1242, 1291, 1292, -1,
                    1242, 1292, 1289, -1,
                    1244, 1288, 1287, -1,
                    1244, 1287, 1293, -1,
                    1244, 1293, 1246, -1,
                    1245, 1246, 1294, -1,
                    1245, 1294, 1295, -1,
                    1245, 1295, 1296, -1,
                    1245, 1296, 1247, -1,
                    1246, 1297, 1298, -1,
                    1246, 1298, 1299, -1,
                    1246, 1299, 1300, -1,
                    1246, 1300, 1294, -1,
                    1246, 1293, 1301, -1,
                    1246, 1301, 1302, -1,
                    1246, 1302, 1303, -1,
                    1246, 1303, 1297, -1,
                    1247, 1292, 1291, -1,
                    1247, 1291, 1248, -1,
                    1247, 1296, 1304, -1,
                    1247, 1304, 1305, -1,
                    1247, 1305, 1290, -1,
                    1247, 1290, 1292, -1,
                    1249, 1290, 1306, -1,
                    1249, 1306, 1307, -1,
                    1249, 1307, 1250, -1,
                    1250, 1307, 1251, -1,
                    1251, 1308, 1252, -1,
                    1251, 1307, 1308, -1,
                    1252, 1308, 1255, -1,
                    1253, 1309, 1310, -1,
                    1253, 1310, 1254, -1,
                    1253, 1256, 1311, -1,
                    1253, 1311, 1309, -1,
                    1255, 1308, 1312, -1,
                    1255, 1312, 1256, -1,
                    1256, 1312, 1311, -1,
                    1259, 1273, 1260, -1,
                    1260, 1313, 1263, -1,
                    1260, 1273, 1313, -1,
                    1262, 1267, 1314, -1,
                    1262, 1314, 1315, -1,
                    1262, 1315, 1316, -1,
                    1262, 1316, 1317, -1,
                    1262, 1317, 1274, -1,
                    1263, 1313, 1318, -1,
                    1263, 1318, 1319, -1,
                    1263, 1319, 1264, -1,
                    1264, 1319, 1265, -1,
                    1265, 1319, 1320, -1,
                    1265, 1320, 1266, -1,
                    1266, 1320, 1321, -1,
                    1266, 1321, 1267, -1,
                    1267, 1321, 1314, -1,
                    1268, 1322, 1323, -1,
                    1268, 1323, 1269, -1,
                    1269, 1323, 1270, -1,
                    1270, 1324, 1325, -1,
                    1270, 1325, 1271, -1,
                    1270, 1323, 1324, -1,
                    1271, 1325, 1326, -1,
                    1271, 1326, 1272, -1,
                    1272, 1326, 1327, -1,
                    1272, 1327, 1273, -1,
                    1273, 1327, 1313, -1,
                    1274, 1317, 1328, -1,
                    1274, 1328, 1329, -1,
                    1274, 1329, 1275, -1,
                    1275, 1329, 1276, -1,
                    1276, 1329, 1330, -1,
                    1276, 1279, 1277, -1,
                    1286, 1331, 1287, -1,
                    1287, 1331, 1332, -1,
                    1287, 1332, 1333, -1,
                    1287, 1333, 1334, -1,
                    1287, 1334, 1335, -1,
                    1287, 1335, 1336, -1,
                    1287, 1336, 1337, -1,
                    1287, 1337, 1303, -1,
                    1287, 1303, 1302, -1,
                    1287, 1302, 1293, -1,
                    1289, 1292, 1290, -1,
                    1290, 1305, 1338, -1,
                    1290, 1338, 1306, -1,
                    1293, 1302, 1301, -1,
                    1294, 1300, 1339, -1,
                    1294, 1339, 1295, -1,
                    1295, 1340, 1341, -1,
                    1295, 1341, 1296, -1,
                    1295, 1339, 1342, -1,
                    1295, 1342, 1340, -1,
                    1296, 1341, 1340, -1,
                    1296, 1340, 1343, -1,
                    1296, 1343, 1344, -1,
                    1296, 1344, 1304, -1,
                    1297, 1345, 1298, -1,
                    1297, 1303, 1345, -1,
                    1298, 1345, 1346, -1,
                    1298, 1346, 1299, -1,
                    1299, 1347, 1339, -1,
                    1299, 1339, 1300, -1,
                    1299, 1346, 1347, -1,
                    1303, 1337, 1336, -1,
                    1303, 1336, 1348, -1,
                    1303, 1348, 1345, -1,
                    1304, 1344, 1349, -1,
                    1304, 1349, 1350, -1,
                    1304, 1350, 1351, -1,
                    1304, 1351, 1305, -1,
                    1305, 1351, 1338, -1,
                    1306, 1338, 1351, -1,
                    1306, 1351, 1350, -1,
                    1306, 1350, 1352, -1,
                    1306, 1352, 1353, -1,
                    1306, 1353, 1307, -1,
                    1307, 1353, 1354, -1,
                    1307, 1354, 1308, -1,
                    1308, 1355, 1356, -1,
                    1308, 1356, 1312, -1,
                    1308, 1354, 1355, -1,
                    1309, 1311, 1357, -1,
                    1311, 1312, 1357, -1,
                    1312, 1356, 1358, -1,
                    1312, 1358, 1357, -1,
                    1313, 1359, 1318, -1,
                    1313, 1327, 1359, -1,
                    1314, 1321, 1315, -1,
                    1315, 1360, 1361, -1,
                    1315, 1361, 1316, -1,
                    1315, 1321, 1362, -1,
                    1315, 1362, 1360, -1,
                    1316, 1361, 1328, -1,
                    1316, 1328, 1317, -1,
                    1318, 1359, 1363, -1,
                    1318, 1363, 1364, -1,
                    1318, 1364, 1319, -1,
                    1319, 1364, 1365, -1,
                    1319, 1365, 1321, -1,
                    1319, 1321, 1320, -1,
                    1321, 1365, 1362, -1,
                    1322, 1366, 1323, -1,
                    1323, 1367, 1368, -1,
                    1323, 1368, 1324, -1,
                    1323, 1366, 1367, -1,
                    1324, 1368, 1369, -1,
                    1324, 1369, 1325, -1,
                    1325, 1369, 1326, -1,
                    1326, 1369, 1370, -1,
                    1326, 1370, 1327, -1,
                    1327, 1370, 1359, -1,
                    1328, 1361, 1329, -1,
                    1329, 1361, 1330, -1,
                    1330, 1361, 1371, -1,
                    1336, 1372, 1373, -1,
                    1336, 1373, 1374, -1,
                    1336, 1374, 1345, -1,
                    1336, 1345, 1348, -1,
                    1339, 1347, 1375, -1,
                    1339, 1375, 1342, -1,
                    1340, 1342, 1376, -1,
                    1340, 1376, 1350, -1,
                    1340, 1350, 1349, -1,
                    1340, 1349, 1344, -1,
                    1340, 1344, 1343, -1,
                    1342, 1375, 1377, -1,
                    1342, 1377, 1376, -1,
                    1345, 1374, 1373, -1,
                    1345, 1373, 1346, -1,
                    1346, 1378, 1347, -1,
                    1346, 1373, 1378, -1,
                    1347, 1378, 1379, -1,
                    1347, 1379, 1380, -1,
                    1347, 1380, 1381, -1,
                    1347, 1381, 1382, -1,
                    1347, 1382, 1383, -1,
                    1347, 1383, 1384, -1,
                    1347, 1384, 1376, -1,
                    1347, 1376, 1377, -1,
                    1347, 1377, 1375, -1,
                    1350, 1376, 1383, -1,
                    1350, 1383, 1382, -1,
                    1350, 1382, 1352, -1,
                    1352, 1385, 1353, -1,
                    1352, 1382, 1385, -1,
                    1353, 1385, 1386, -1,
                    1353, 1386, 1354, -1,
                    1354, 1387, 1388, -1,
                    1354, 1388, 1355, -1,
                    1354, 1386, 1387, -1,
                    1355, 1388, 1356, -1,
                    1356, 1388, 1358, -1,
                    1357, 1358, 1389, -1,
                    1358, 1388, 1390, -1,
                    1358, 1390, 1391, -1,
                    1358, 1391, 1389, -1,
                    1359, 1392, 1363, -1,
                    1359, 1370, 1392, -1,
                    1360, 1393, 1394, -1,
                    1360, 1394, 1361, -1,
                    1360, 1362, 1395, -1,
                    1360, 1395, 1393, -1,
                    1361, 1394, 1371, -1,
                    1362, 1365, 1396, -1,
                    1362, 1396, 1397, -1,
                    1362, 1397, 1395, -1,
                    1363, 1392, 1398, -1,
                    1363, 1398, 1399, -1,
                    1363, 1399, 1364, -1,
                    1364, 1399, 1365, -1,
                    1365, 1397, 1396, -1,
                    1365, 1399, 1397, -1,
                    1366, 1400, 1367, -1,
                    1367, 1401, 1402, -1,
                    1367, 1402, 1368, -1,
                    1367, 1400, 1403, -1,
                    1367, 1403, 1401, -1,
                    1368, 1402, 1404, -1,
                    1368, 1404, 1369, -1,
                    1369, 1404, 1370, -1,
                    1370, 1404, 1405, -1,
                    1370, 1405, 1392, -1,
                    1371, 1394, 1406, -1,
                    1372, 1407, 1408, -1,
                    1372, 1408, 1373, -1,
                    1373, 1408, 1409, -1,
                    1373, 1409, 1410, -1,
                    1373, 1410, 1411, -1,
                    1373, 1411, 1378, -1,
                    1376, 1384, 1383, -1,
                    1378, 1411, 1412, -1,
                    1378, 1412, 1413, -1,
                    1378, 1413, 1379, -1,
                    1379, 1413, 1414, -1,
                    1379, 1414, 1415, -1,
                    1379, 1415, 1380, -1,
                    1380, 1415, 1381, -1,
                    1381, 1415, 1416, -1,
                    1381, 1416, 1382, -1,
                    1382, 1416, 1417, -1,
                    1382, 1417, 1385, -1,
                    1385, 1417, 1418, -1,
                    1385, 1418, 1419, -1,
                    1385, 1419, 1386, -1,
                    1386, 1419, 1387, -1,
                    1387, 1420, 1388, -1,
                    1387, 1419, 1420, -1,
                    1388, 1420, 1421, -1,
                    1388, 1421, 1390, -1,
                    1390, 1421, 1391, -1,
                    1391, 1421, 1422, -1,
                    1392, 1423, 1398, -1,
                    1392, 1405, 1423, -1,
                    1393, 1424, 1425, -1,
                    1393, 1425, 1426, -1,
                    1393, 1426, 1394, -1,
                    1393, 1395, 1427, -1,
                    1393, 1427, 1428, -1,
                    1393, 1428, 1429, -1,
                    1393, 1429, 1430, -1,
                    1393, 1430, 1424, -1,
                    1394, 1426, 1431, -1,
                    1394, 1431, 1432, -1,
                    1394, 1432, 1406, -1,
                    1395, 1433, 1427, -1,
                    1395, 1397, 1434, -1,
                    1395, 1434, 1435, -1,
                    1395, 1435, 1433, -1,
                    1397, 1436, 1434, -1,
                    1397, 1399, 1437, -1,
                    1397, 1437, 1438, -1,
                    1397, 1438, 1439, -1,
                    1397, 1439, 1440, -1,
                    1397, 1440, 1436, -1,
                    1398, 1441, 1439, -1,
                    1398, 1439, 1437, -1,
                    1398, 1437, 1399, -1,
                    1398, 1423, 1441, -1,
                    1401, 1403, 1442, -1,
                    1401, 1442, 1443, -1,
                    1401, 1443, 1444, -1,
                    1401, 1444, 1445, -1,
                    1401, 1445, 1402, -1,
                    1402, 1445, 1446, -1,
                    1402, 1446, 1447, -1,
                    1402, 1447, 1404, -1,
                    1404, 1448, 1405, -1,
                    1404, 1447, 1449, -1,
                    1404, 1449, 1450, -1,
                    1404, 1450, 1448, -1,
                    1405, 1448, 1451, -1,
                    1405, 1451, 1423, -1,
                    1407, 1452, 1408, -1,
                    1408, 1452, 1453, -1,
                    1408, 1453, 1454, -1,
                    1408, 1454, 1409, -1,
                    1409, 1455, 1410, -1,
                    1409, 1454, 1455, -1,
                    1410, 1455, 1411, -1,
                    1411, 1456, 1412, -1,
                    1411, 1455, 1457, -1,
                    1411, 1457, 1456, -1,
                    1412, 1456, 1458, -1,
                    1412, 1458, 1413, -1,
                    1413, 1458, 1459, -1,
                    1413, 1459, 1460, -1,
                    1413, 1460, 1414, -1,
                    1414, 1460, 1415, -1,
                    1415, 1460, 1461, -1,
                    1415, 1461, 1462, -1,
                    1415, 1462, 1416, -1,
                    1416, 1462, 1463, -1,
                    1416, 1463, 1417, -1,
                    1417, 1463, 1464, -1,
                    1417, 1464, 1418, -1,
                    1418, 1464, 1465, -1,
                    1418, 1465, 1466, -1,
                    1418, 1466, 1420, -1,
                    1418, 1420, 1419, -1,
                    1420, 1466, 1467, -1,
                    1420, 1467, 1421, -1,
                    1421, 1467, 1468, -1,
                    1421, 1468, 1469, -1,
                    1421, 1469, 1470, -1,
                    1421, 1470, 1471, -1,
                    1421, 1471, 1422, -1,
                    1423, 1472, 1473, -1,
                    1423, 1473, 1441, -1,
                    1423, 1451, 1472, -1,
                    1424, 1474, 1425, -1,
                    1424, 1430, 1475, -1,
                    1424, 1475, 1474, -1,
                    1425, 1474, 1476, -1,
                    1425, 1476, 1431, -1,
                    1425, 1431, 1426, -1,
                    1427, 1433, 1428, -1,
                    1428, 1433, 1477, -1,
                    1428, 1477, 1429, -1,
                    1429, 1477, 1478, -1,
                    1429, 1478, 1479, -1,
                    1429, 1479, 1480, -1,
                    1429, 1480, 1430, -1,
                    1430, 1480, 1475, -1,
                    1433, 1435, 1481, -1,
                    1433, 1481, 1478, -1,
                    1433, 1478, 1477, -1,
                    1434, 1436, 1435, -1,
                    1435, 1436, 1481, -1,
                    1436, 1440, 1481, -1,
                    1437, 1439, 1438, -1,
                    1439, 1441, 1473, -1,
                    1439, 1473, 1482, -1,
                    1439, 1482, 1440, -1,
                    1440, 1482, 1481, -1,
                    1444, 1483, 1445, -1,
                    1445, 1484, 1446, -1,
                    1445, 1483, 1485, -1,
                    1445, 1485, 1486, -1,
                    1445, 1486, 1484, -1,
                    1446, 1484, 1447, -1,
                    1447, 1450, 1449, -1,
                    1447, 1484, 1450, -1,
                    1448, 1487, 1451, -1,
                    1448, 1450, 1488, -1,
                    1448, 1488, 1487, -1,
                    1450, 1484, 1488, -1,
                    1451, 1489, 1490, -1,
                    1451, 1490, 1491, -1,
                    1451, 1491, 1472, -1,
                    1451, 1487, 1489, -1,
                    1452, 1492, 1453, -1,
                    1453, 1492, 1454, -1,
                    1454, 1492, 1455, -1,
                    1455, 1493, 1494, -1,
                    1455, 1494, 1457, -1,
                    1455, 1492, 1495, -1,
                    1455, 1495, 1493, -1,
                    1456, 1496, 1458, -1,
                    1456, 1457, 1494, -1,
                    1456, 1494, 1496, -1,
                    1458, 1497, 1459, -1,
                    1458, 1496, 1497, -1,
                    1459, 1497, 1498, -1,
                    1459, 1498, 1460, -1,
                    1460, 1498, 1499, -1,
                    1460, 1499, 1461, -1,
                    1461, 1500, 1464, -1,
                    1461, 1464, 1463, -1,
                    1461, 1463, 1462, -1,
                    1461, 1499, 1501, -1,
                    1461, 1501, 1500, -1,
                    1464, 1500, 1502, -1,
                    1464, 1502, 1465, -1,
                    1465, 1502, 1503, -1,
                    1465, 1503, 1504, -1,
                    1465, 1504, 1466, -1,
                    1466, 1504, 1467, -1,
                    1467, 1504, 1505, -1,
                    1467, 1505, 1468, -1,
                    1468, 1505, 1469, -1,
                    1469, 1505, 1506, -1,
                    1472, 1507, 1473, -1,
                    1472, 1491, 1508, -1,
                    1472, 1508, 1507, -1,
                    1473, 1507, 1509, -1,
                    1473, 1509, 1510, -1,
                    1473, 1510, 1511, -1,
                    1473, 1511, 1512, -1,
                    1473, 1512, 1513, -1,
                    1473, 1513, 1514, -1,
                    1473, 1514, 1515, -1,
                    1473, 1515, 1516, -1,
                    1473, 1516, 1517, -1,
                    1473, 1517, 1482, -1,
                    1474, 1518, 1476, -1,
                    1474, 1475, 1518, -1,
                    1475, 1480, 1519, -1,
                    1475, 1519, 1520, -1,
                    1475, 1520, 1521, -1,
                    1475, 1521, 1518, -1,
                    1478, 1481, 1482, -1,
                    1478, 1482, 1522, -1,
                    1478, 1522, 1517, -1,
                    1478, 1517, 1479, -1,
                    1479, 1517, 1480, -1,
                    1480, 1517, 1523, -1,
                    1480, 1523, 1524, -1,
                    1480, 1524, 1519, -1,
                    1482, 1517, 1522, -1,
                    1483, 1525, 1485, -1,
                    1484, 1486, 1526, -1,
                    1484, 1526, 1527, -1,
                    1484, 1527, 1528, -1,
                    1484, 1528, 1488, -1,
                    1485, 1525, 1486, -1,
                    1487, 1529, 1530, -1,
                    1487, 1530, 1489, -1,
                    1487, 1488, 1529, -1,
                    1488, 1528, 1531, -1,
                    1488, 1531, 1529, -1,
                    1489, 1530, 1490, -1,
                    1490, 1530, 1508, -1,
                    1490, 1508, 1491, -1,
                    1493, 1532, 1494, -1,
                    1493, 1495, 1532, -1,
                    1494, 1532, 1497, -1,
                    1494, 1497, 1496, -1,
                    1495, 1533, 1532, -1,
                    1497, 1532, 1534, -1,
                    1497, 1534, 1498, -1,
                    1498, 1534, 1535, -1,
                    1498, 1535, 1499, -1,
                    1499, 1535, 1536, -1,
                    1499, 1536, 1537, -1,
                    1499, 1537, 1501, -1,
                    1500, 1501, 1502, -1,
                    1501, 1537, 1536, -1,
                    1501, 1536, 1538, -1,
                    1501, 1538, 1503, -1,
                    1501, 1503, 1502, -1,
                    1503, 1539, 1540, -1,
                    1503, 1540, 1541, -1,
                    1503, 1541, 1505, -1,
                    1503, 1505, 1504, -1,
                    1503, 1538, 1539, -1,
                    1505, 1541, 1506, -1,
                    1506, 1541, 1542, -1,
                    1507, 1508, 1543, -1,
                    1507, 1543, 1509, -1,
                    1508, 1530, 1543, -1,
                    1509, 1543, 1544, -1,
                    1509, 1544, 1510, -1,
                    1510, 1545, 1511, -1,
                    1510, 1544, 1546, -1,
                    1510, 1546, 1545, -1,
                    1511, 1545, 1547, -1,
                    1511, 1547, 1512, -1,
                    1512, 1547, 1548, -1,
                    1512, 1548, 1513, -1,
                    1513, 1548, 1549, -1,
                    1513, 1549, 1514, -1,
                    1514, 1550, 1515, -1,
                    1514, 1549, 1551, -1,
                    1514, 1551, 1550, -1,
                    1515, 1550, 1519, -1,
                    1515, 1519, 1524, -1,
                    1515, 1524, 1516, -1,
                    1516, 1524, 1523, -1,
                    1516, 1523, 1517, -1,
                    1518, 1521, 1520, -1,
                    1518, 1520, 1551, -1,
                    1518, 1551, 1553, -1,
                    1518, 1553, 1554, -1,
                    1518, 1554, 1552, -1,
                    1519, 1550, 1520, -1,
                    1520, 1550, 1551, -1,
                    1526, 1555, 1527, -1,
                    1527, 1555, 1556, -1,
                    1527, 1556, 1528, -1,
                    1528, 1557, 1558, -1,
                    1528, 1558, 1559, -1,
                    1528, 1559, 1531, -1,
                    1528, 1556, 1557, -1,
                    1529, 1559, 1560, -1,
                    1529, 1560, 1561, -1,
                    1529, 1561, 1530, -1,
                    1529, 1531, 1559, -1,
                    1530, 1561, 1543, -1,
                    1532, 1533, 1562, -1,
                    1532, 1562, 1563, -1,
                    1532, 1563, 1564, -1,
                    1532, 1564, 1565, -1,
                    1532, 1565, 1534, -1,
                    1534, 1565, 1535, -1,
                    1535, 1565, 1566, -1,
                    1535, 1566, 1567, -1,
                    1535, 1567, 1536, -1,
                    1536, 1567, 1568, -1,
                    1536, 1568, 1538, -1,
                    1538, 1569, 1539, -1,
                    1538, 1568, 1570, -1,
                    1538, 1570, 1569, -1,
                    1539, 1571, 1572, -1,
                    1539, 1572, 1573, -1,
                    1539, 1573, 1574, -1,
                    1539, 1574, 1540, -1,
                    1539, 1569, 1575, -1,
                    1539, 1575, 1571, -1,
                    1540, 1574, 1576, -1,
                    1540, 1576, 1577, -1,
                    1540, 1577, 1578, -1,
                    1540, 1578, 1579, -1,
                    1540, 1579, 1541, -1,
                    1541, 1579, 1542, -1,
                    1543, 1561, 1544, -1,
                    1544, 1561, 1580, -1,
                    1544, 1580, 1546, -1,
                    1545, 1581, 1582, -1,
                    1545, 1582, 1583, -1,
                    1545, 1583, 1547, -1,
                    1545, 1546, 1581, -1,
                    1546, 1580, 1584, -1,
                    1546, 1584, 1581, -1,
                    1547, 1583, 1548, -1,
                    1548, 1583, 1582, -1,
                    1548, 1582, 1585, -1,
                    1548, 1585, 1586, -1,
                    1548, 1586, 1587, -1,
                    1548, 1587, 1549, -1,
                    1549, 1587, 1588, -1,
                    1549, 1588, 1589, -1,
                    1549, 1589, 1551, -1,
                    1551, 1590, 1553, -1,
                    1551, 1589, 1590, -1,
                    1552, 1554, 1591, -1,
                    1553, 1590, 1554, -1,
                    1554, 1590, 1592, -1,
                    1554, 1592, 1593, -1,
                    1554, 1593, 1594, -1,
                    1554, 1594, 1595, -1,
                    1554, 1595, 1596, -1,
                    1554, 1596, 1597, -1,
                    1554, 1597, 1598, -1,
                    1554, 1598, 1591, -1,
                    1555, 1599, 1556, -1,
                    1556, 1599, 1600, -1,
                    1556, 1600, 1601, -1,
                    1556, 1601, 1602, -1,
                    1556, 1602, 1557, -1,
                    1557, 1602, 1603, -1,
                    1557, 1603, 1558, -1,
                    1558, 1603, 1604, -1,
                    1558, 1604, 1559, -1,
                    1559, 1604, 1605, -1,
                    1559, 1605, 1606, -1,
                    1559, 1606, 1560, -1,
                    1560, 1606, 1607, -1,
                    1560, 1607, 1580, -1,
                    1560, 1580, 1561, -1,
                    1562, 1608, 1609, -1,
                    1562, 1609, 1563, -1,
                    1563, 1610, 1564, -1,
                    1563, 1609, 1565, -1,
                    1563, 1565, 1610, -1,
                    1564, 1610, 1565, -1,
                    1565, 1611, 1612, -1,
                    1565, 1612, 1613, -1,
                    1565, 1613, 1614, -1,
                    1565, 1614, 1615, -1,
                    1565, 1615, 1566, -1,
                    1565, 1609, 1616, -1,
                    1565, 1616, 1617, -1,
                    1565, 1617, 1618, -1,
                    1565, 1618, 1611, -1,
                    1566, 1615, 1567, -1,
                    1567, 1615, 1619, -1,
                    1567, 1619, 1568, -1,
                    1568, 1619, 1570, -1,
                    1569, 1570, 1575, -1,
                    1570, 1619, 1620, -1,
                    1570, 1620, 1621, -1,
                    1570, 1621, 1571, -1,
                    1570, 1571, 1575, -1,
                    1571, 1622, 1572, -1,
                    1571, 1621, 1623, -1,
                    1571, 1623, 1622, -1,
                    1572, 1622, 1624, -1,
                    1572, 1624, 1625, -1,
                    1572, 1625, 1573, -1,
                    1573, 1625, 1626, -1,
                    1573, 1626, 1574, -1,
                    1574, 1626, 1627, -1,
                    1574, 1627, 1576, -1,
                    1576, 1627, 1629, -1,
                    1576, 1629, 1628, -1,
                    1580, 1607, 1630, -1,
                    1580, 1630, 1584, -1,
                    1581, 1584, 1582, -1,
                    1582, 1584, 1630, -1,
                    1582, 1630, 1585, -1,
                    1585, 1630, 1586, -1,
                    1586, 1630, 1631, -1,
                    1586, 1631, 1632, -1,
                    1586, 1632, 1633, -1,
                    1586, 1633, 1634, -1,
                    1586, 1634, 1635, -1,
                    1586, 1635, 1636, -1,
                    1586, 1636, 1592, -1,
                    1586, 1592, 1637, -1,
                    1586, 1637, 1590, -1,
                    1586, 1590, 1638, -1,
                    1586, 1638, 1589, -1,
                    1586, 1589, 1588, -1,
                    1586, 1588, 1587, -1,
                    1589, 1638, 1590, -1,
                    1590, 1637, 1592, -1,
                    1592, 1639, 1640, -1,
                    1592, 1640, 1641, -1,
                    1592, 1641, 1593, -1,
                    1592, 1636, 1642, -1,
                    1592, 1642, 1639, -1,
                    1593, 1641, 1643, -1,
                    1593, 1643, 1644, -1,
                    1593, 1644, 1645, -1,
                    1593, 1645, 1594, -1,
                    1601, 1646, 1602, -1,
                    1602, 1647, 1603, -1,
                    1602, 1646, 1647, -1,
                    1603, 1647, 1648, -1,
                    1603, 1648, 1649, -1,
                    1603, 1649, 1650, -1,
                    1603, 1650, 1604, -1,
                    1604, 1650, 1651, -1,
                    1604, 1651, 1605, -1,
                    1605, 1651, 1652, -1,
                    1605, 1652, 1607, -1,
                    1605, 1607, 1606, -1,
                    1607, 1653, 1654, -1,
                    1607, 1654, 1655, -1,
                    1607, 1655, 1630, -1,
                    1607, 1652, 1653, -1,
                    1608, 1656, 1617, -1,
                    1608, 1617, 1616, -1,
                    1608, 1616, 1609, -1,
                    1611, 1657, 1658, -1,
                    1611, 1658, 1612, -1,
                    1611, 1618, 1659, -1,
                    1611, 1659, 1657, -1,
                    1612, 1658, 1657, -1,
                    1612, 1657, 1660, -1,
                    1612, 1660, 1613, -1,
                    1613, 1661, 1662, -1,
                    1613, 1662, 1663, -1,
                    1613, 1663, 1664, -1,
                    1613, 1664, 1614, -1,
                    1613, 1660, 1665, -1,
                    1613, 1665, 1661, -1,
                    1614, 1664, 1666, -1,
                    1614, 1666, 1667, -1,
                    1614, 1667, 1620, -1,
                    1614, 1620, 1668, -1,
                    1614, 1668, 1615, -1,
                    1615, 1668, 1620, -1,
                    1615, 1620, 1619, -1,
                    1617, 1656, 1669, -1,
                    1617, 1669, 1670, -1,
                    1617, 1670, 1671, -1,
                    1617, 1671, 1618, -1,
                    1618, 1671, 1672, -1,
                    1618, 1672, 1673, -1,
                    1618, 1673, 1659, -1,
                    1620, 1667, 1621, -1,
                    1621, 1667, 1623, -1,
                    1622, 1623, 1674, -1,
                    1622, 1674, 1624, -1,
                    1623, 1667, 1675, -1,
                    1623, 1675, 1674, -1,
                    1624, 1676, 1629, -1,
                    1624, 1629, 1626, -1,
                    1624, 1626, 1625, -1,
                    1624, 1674, 1677, -1,
                    1624, 1677, 1676, -1,
                    1626, 1629, 1627, -1,
                    1628, 1678, 1679, -1,
                    1628, 1679, 1680, -1,
                    1628, 1629, 1678, -1,
                    1629, 1676, 1679, -1,
                    1629, 1679, 1678, -1,
                    1630, 1655, 1631, -1,
                    1631, 1655, 1632, -1,
                    1632, 1655, 1681, -1,
                    1632, 1681, 1633, -1,
                    1633, 1642, 1634, -1,
                    1633, 1681, 1682, -1,
                    1633, 1682, 1683, -1,
                    1633, 1683, 1684, -1,
                    1633, 1684, 1685, -1,
                    1633, 1685, 1686, -1,
                    1633, 1686, 1687, -1,
                    1633, 1687, 1688, -1,
                    1633, 1688, 1689, -1,
                    1633, 1689, 1639, -1,
                    1633, 1639, 1642, -1,
                    1634, 1642, 1636, -1,
                    1634, 1636, 1635, -1,
                    1639, 1689, 1640, -1,
                    1640, 1690, 1643, -1,
                    1640, 1643, 1641, -1,
                    1640, 1689, 1691, -1,
                    1640, 1691, 1692, -1,
                    1640, 1692, 1690, -1,
                    1643, 1690, 1693, -1,
                    1643, 1693, 1694, -1,
                    1643, 1694, 1695, -1,
                    1643, 1695, 1696, -1,
                    1643, 1696, 1645, -1,
                    1643, 1645, 1644, -1,
                    1645, 1696, 1697, -1,
                    1646, 1698, 1699, -1,
                    1646, 1699, 1648, -1,
                    1646, 1648, 1647, -1,
                    1648, 1699, 1649, -1,
                    1649, 1699, 1650, -1,
                    1650, 1700, 1701, -1,
                    1650, 1701, 1651, -1,
                    1650, 1699, 1700, -1,
                    1651, 1701, 1653, -1,
                    1651, 1653, 1652, -1,
                    1653, 1702, 1654, -1,
                    1653, 1701, 1702, -1,
                    1654, 1702, 1681, -1,
                    1654, 1681, 1655, -1,
                    1657, 1703, 1665, -1,
                    1657, 1665, 1660, -1,
                    1657, 1659, 1704, -1,
                    1657, 1704, 1703, -1,
                    1659, 1673, 1672, -1,
                    1659, 1672, 1705, -1,
                    1659, 1705, 1706, -1,
                    1659, 1706, 1704, -1,
                    1661, 1665, 1707, -1,
                    1661, 1707, 1662, -1,
                    1662, 1708, 1663, -1,
                    1662, 1707, 1709, -1,
                    1662, 1709, 1710, -1,
                    1662, 1710, 1708, -1,
                    1663, 1708, 1710, -1,
                    1663, 1710, 1664, -1,
                    1664, 1711, 1666, -1,
                    1664, 1710, 1712, -1,
                    1664, 1712, 1711, -1,
                    1665, 1703, 1713, -1,
                    1665, 1713, 1707, -1,
                    1666, 1711, 1714, -1,
                    1666, 1714, 1715, -1,
                    1666, 1715, 1667, -1,
                    1667, 1715, 1675, -1,
                    1670, 1716, 1671, -1,
                    1671, 1717, 1705, -1,
                    1671, 1705, 1672, -1,
                    1671, 1716, 1718, -1,
                    1671, 1718, 1719, -1,
                    1671, 1719, 1717, -1,
                    1674, 1720, 1677, -1,
                    1674, 1675, 1720, -1,
                    1675, 1715, 1714, -1,
                    1675, 1714, 1720, -1,
                    1676, 1721, 1679, -1,
                    1676, 1677, 1721, -1,
                    1677, 1720, 1722, -1,
                    1677, 1722, 1723, -1,
                    1677, 1723, 1679, -1,
                    1677, 1679, 1721, -1,
                    1679, 1723, 1724, -1,
                    1679, 1724, 1725, -1,
                    1679, 1725, 1680, -1,
                    1681, 1702, 1726, -1,
                    1681, 1726, 1682, -1,
                    1682, 1727, 1728, -1,
                    1682, 1728, 1683, -1,
                    1682, 1726, 1727, -1,
                    1683, 1728, 1684, -1,
                    1684, 1728, 1685, -1,
                    1685, 1729, 1686, -1,
                    1685, 1728, 1730, -1,
                    1685, 1730, 1731, -1,
                    1685, 1731, 1732, -1,
                    1685, 1732, 1733, -1,
                    1685, 1733, 1729, -1,
                    1686, 1729, 1734, -1,
                    1686, 1734, 1735, -1,
                    1686, 1735, 1687, -1,
                    1687, 1735, 1736, -1,
                    1687, 1736, 1688, -1,
                    1688, 1736, 1692, -1,
                    1688, 1692, 1689, -1,
                    1689, 1692, 1691, -1,
                    1690, 1692, 1737, -1,
                    1690, 1737, 1693, -1,
                    1692, 1738, 1737, -1,
                    1692, 1736, 1738, -1,
                    1693, 1737, 1739, -1,
                    1693, 1739, 1740, -1,
                    1693, 1740, 1694, -1,
                    1694, 1740, 1741, -1,
                    1694, 1741, 1695, -1,
                    1695, 1741, 1696, -1,
                    1696, 1741, 1697, -1,
                    1697, 1741, 1742, -1,
                    1698, 1743, 1744, -1,
                    1698, 1744, 1745, -1,
                    1698, 1745, 1746, -1,
                    1698, 1746, 1699, -1,
                    1699, 1746, 1745, -1,
                    1699, 1745, 1700, -1,
                    1700, 1747, 1701, -1,
                    1700, 1745, 1748, -1,
                    1700, 1748, 1747, -1,
                    1701, 1747, 1749, -1,
                    1701, 1749, 1702, -1,
                    1702, 1749, 1750, -1,
                    1702, 1750, 1751, -1,
                    1702, 1751, 1726, -1,
                    1703, 1752, 1713, -1,
                    1703, 1704, 1753, -1,
                    1703, 1753, 1754, -1,
                    1703, 1754, 1752, -1,
                    1704, 1706, 1753, -1,
                    1705, 1754, 1753, -1,
                    1705, 1753, 1706, -1,
                    1705, 1717, 1754, -1,
                    1707, 1713, 1709, -1,
                    1709, 1713, 1752, -1,
                    1709, 1752, 1755, -1,
                    1709, 1755, 1756, -1,
                    1709, 1756, 1710, -1,
                    1710, 1756, 1757, -1,
                    1710, 1757, 1712, -1,
                    1711, 1712, 1758, -1,
                    1711, 1758, 1714, -1,
                    1712, 1757, 1759, -1,
                    1712, 1759, 1760, -1,
                    1712, 1760, 1758, -1,
                    1714, 1758, 1761, -1,
                    1714, 1761, 1762, -1,
                    1714, 1762, 1763, -1,
                    1714, 1763, 1720, -1,
                    1717, 1719, 1754, -1,
                    1719, 1764, 1754, -1,
                    1720, 1763, 1722, -1,
                    1722, 1765, 1766, -1,
                    1722, 1766, 1767, -1,
                    1722, 1767, 1768, -1,
                    1722, 1768, 1769, -1,
                    1722, 1769, 1770, -1,
                    1722, 1770, 1723, -1,
                    1722, 1763, 1762, -1,
                    1722, 1762, 1761, -1,
                    1722, 1761, 1771, -1,
                    1722, 1771, 1765, -1,
                    1726, 1751, 1772, -1,
                    1726, 1772, 1727, -1,
                    1727, 1772, 1728, -1,
                    1728, 1772, 1773, -1,
                    1728, 1773, 1730, -1,
                    1729, 1733, 1735, -1,
                    1729, 1735, 1734, -1,
                    1730, 1773, 1774, -1,
                    1730, 1774, 1731, -1,
                    1731, 1775, 1732, -1,
                    1731, 1774, 1776, -1,
                    1731, 1776, 1775, -1,
                    1732, 1775, 1777, -1,
                    1732, 1777, 1733, -1,
                    1733, 1777, 1778, -1,
                    1733, 1778, 1779, -1,
                    1733, 1779, 1780, -1,
                    1733, 1780, 1781, -1,
                    1733, 1781, 1782, -1,
                    1733, 1782, 1783, -1,
                    1733, 1783, 1735, -1,
                    1735, 1783, 1736, -1,
                    1736, 1783, 1784, -1,
                    1736, 1784, 1738, -1,
                    1737, 1785, 1739, -1,
                    1737, 1738, 1785, -1,
                    1738, 1784, 1785, -1,
                    1739, 1785, 1786, -1,
                    1739, 1786, 1740, -1,
                    1740, 1786, 1787, -1,
                    1740, 1787, 1741, -1,
                    1741, 1787, 1788, -1,
                    1741, 1788, 1789, -1,
                    1741, 1789, 1790, -1,
                    1741, 1790, 1742, -1,
                    1743, 1791, 1792, -1,
                    1743, 1792, 1744, -1,
                    1744, 1792, 1745, -1,
                    1745, 1792, 1748, -1,
                    1747, 1793, 1794, -1,
                    1747, 1794, 1795, -1,
                    1747, 1795, 1751, -1,
                    1747, 1751, 1749, -1,
                    1747, 1748, 1793, -1,
                    1748, 1792, 1796, -1,
                    1748, 1796, 1797, -1,
                    1748, 1797, 1793, -1,
                    1749, 1751, 1750, -1,
                    1751, 1795, 1798, -1,
                    1751, 1798, 1772, -1,
                    1752, 1799, 1800, -1,
                    1752, 1800, 1755, -1,
                    1752, 1754, 1801, -1,
                    1752, 1801, 1799, -1,
                    1754, 1764, 1802, -1,
                    1754, 1802, 1803, -1,
                    1754, 1803, 1801, -1,
                    1755, 1800, 1804, -1,
                    1755, 1804, 1805, -1,
                    1755, 1805, 1806, -1,
                    1755, 1806, 1756, -1,
                    1756, 1806, 1807, -1,
                    1756, 1807, 1808, -1,
                    1756, 1808, 1757, -1,
                    1757, 1808, 1809, -1,
                    1757, 1809, 1810, -1,
                    1757, 1810, 1759, -1,
                    1758, 1760, 1761, -1,
                    1759, 1810, 1811, -1,
                    1759, 1811, 1760, -1,
                    1760, 1771, 1761, -1,
                    1760, 1811, 1812, -1,
                    1760, 1812, 1813, -1,
                    1760, 1813, 1771, -1,
                    1764, 1814, 1815, -1,
                    1764, 1815, 1802, -1,
                    1765, 1813, 1766, -1,
                    1765, 1771, 1813, -1,
                    1766, 1813, 1816, -1,
                    1766, 1816, 1768, -1,
                    1766, 1768, 1767, -1,
                    1768, 1817, 1818, -1,
                    1768, 1818, 1819, -1,
                    1768, 1819, 1820, -1,
                    1768, 1820, 1821, -1,
                    1768, 1821, 1769, -1,
                    1768, 1816, 1817, -1,
                    1772, 1798, 1773, -1,
                    1773, 1798, 1822, -1,
                    1773, 1822, 1823, -1,
                    1773, 1823, 1824, -1,
                    1773, 1824, 1776, -1,
                    1773, 1776, 1774, -1,
                    1775, 1776, 1777, -1,
                    1776, 1824, 1778, -1,
                    1776, 1778, 1825, -1,
                    1776, 1825, 1826, -1,
                    1776, 1826, 1777, -1,
                    1777, 1826, 1825, -1,
                    1777, 1825, 1827, -1,
                    1777, 1827, 1778, -1,
                    1778, 1828, 1779, -1,
                    1778, 1827, 1825, -1,
                    1778, 1824, 1829, -1,
                    1778, 1829, 1881, -1,
                    1778, 1881, 1828, -1,
                    1779, 1828, 1830, -1,
                    1779, 1830, 1831, -1,
                    1779, 1831, 1780, -1,
                    1780, 1831, 1832, -1,
                    1780, 1832, 1833, -1,
                    1780, 1833, 1781, -1,
                    1781, 1833, 1834, -1,
                    1781, 1834, 1782, -1,
                    1782, 1834, 1783, -1,
                    1783, 1834, 1784, -1,
                    1784, 1834, 1835, -1,
                    1784, 1835, 1836, -1,
                    1784, 1836, 1785, -1,
                    1785, 1836, 1786, -1,
                    1786, 1836, 1787, -1,
                    1787, 1836, 1788, -1,
                    1788, 1836, 1837, -1,
                    1788, 1837, 1838, -1,
                    1788, 1838, 1839, -1,
                    1788, 1839, 1840, -1,
                    1788, 1840, 1789, -1,
                    1791, 1841, 1792, -1,
                    1792, 1841, 1842, -1,
                    1792, 1842, 1843, -1,
                    1792, 1843, 1844, -1,
                    1792, 1844, 1796, -1,
                    1793, 1845, 1798, -1,
                    1793, 1798, 1795, -1,
                    1793, 1795, 1794, -1,
                    1793, 1797, 1846, -1,
                    1793, 1846, 1845, -1,
                    1796, 1847, 1848, -1,
                    1796, 1848, 1797, -1,
                    1796, 1844, 1849, -1,
                    1796, 1849, 1850, -1,
                    1796, 1850, 1847, -1,
                    1797, 1848, 1846, -1,
                    1798, 1845, 1846, -1,
                    1798, 1846, 1822, -1,
                    1799, 1801, 1851, -1,
                    1799, 1851, 1852, -1,
                    1799, 1852, 1853, -1,
                    1799, 1853, 1854, -1,
                    1799, 1854, 1800, -1,
                    1800, 1854, 1804, -1,
                    1801, 1803, 1851, -1,
                    1802, 1815, 1855, -1,
                    1802, 1855, 1803, -1,
                    1803, 1856, 1852, -1,
                    1803, 1852, 1851, -1,
                    1803, 1855, 1857, -1,
                    1803, 1857, 1858, -1,
                    1803, 1858, 1856, -1,
                    1804, 1854, 1859, -1,
                    1804, 1859, 1860, -1,
                    1804, 1860, 1861, -1,
                    1804, 1861, 1862, -1,
                    1804, 1862, 1805, -1,
                    1805, 1862, 1863, -1,
                    1805, 1863, 1807, -1,
                    1805, 1807, 1806, -1,
                    1807, 1863, 1809, -1,
                    1807, 1809, 1808, -1,
                    1809, 1863, 1864, -1,
                    1809, 1864, 1810, -1,
                    1810, 1864, 1865, -1,
                    1810, 1865, 1866, -1,
                    1810, 1866, 1811, -1,
                    1811, 1866, 1867, -1,
                    1811, 1867, 1812, -1,
                    1812, 1867, 1816, -1,
                    1812, 1816, 1813, -1,
                    1814, 1868, 1815, -1,
                    1815, 1869, 1855, -1,
                    1815, 1868, 1870, -1,
                    1815, 1870, 1869, -1,
                    1816, 1867, 1871, -1,
                    1816, 1871, 1872, -1,
                    1816, 1872, 1873, -1,
                    1816, 1873, 1817, -1,
                    1822, 1846, 1874, -1,
                    1822, 1874, 1823, -1,
                    1823, 1874, 1875, -1,
                    1823, 1875, 1824, -1,
                    1824, 1876, 1829, -1,
                    1824, 1875, 1877, -1,
                    1824, 1877, 1878, -1,
                    1824, 1878, 1876, -1,
                    1828, 1879, 1880, -1,
                    1828, 1880, 1830, -1,
                    1828, 1881, 1922, -1,
                    1828, 1922, 1879, -1,
                    1829, 1876, 1878, -1,
                    1829, 1878, 1882, -1,
                    1829, 1882, 1883, -1,
                    1829, 1883, 1881, -1,
                    1830, 1880, 1884, -1,
                    1830, 1884, 1831, -1,
                    1831, 1884, 1885, -1,
                    1831, 1885, 1832, -1,
                    1832, 1886, 1833, -1,
                    1832, 1885, 1887, -1,
                    1832, 1887, 1886, -1,
                    1833, 1886, 1888, -1,
                    1833, 1888, 1834, -1,
                    1834, 1888, 1835, -1,
                    1835, 1888, 1889, -1,
                    1835, 1889, 1836, -1,
                    1836, 1890, 1837, -1,
                    1836, 1889, 1890, -1,
                    1837, 1891, 1892, -1,
                    1837, 1892, 1838, -1,
                    1837, 1890, 1893, -1,
                    1837, 1893, 1891, -1,
                    1846, 1848, 1874, -1,
                    1847, 1894, 1895, -1,
                    1847, 1895, 1848, -1,
                    1847, 1850, 1896, -1,
                    1847, 1896, 1897, -1,
                    1847, 1897, 1898, -1,
                    1847, 1898, 1894, -1,
                    1848, 1895, 1875, -1,
                    1848, 1875, 1874, -1,
                    1852, 1856, 1853, -1,
                    1853, 1856, 1899, -1,
                    1853, 1899, 1900, -1,
                    1853, 1900, 1901, -1,
                    1853, 1901, 1902, -1,
                    1853, 1902, 1854, -1,
                    1854, 1902, 1860, -1,
                    1854, 1860, 1859, -1,
                    1855, 1869, 1903, -1,
                    1855, 1903, 1857, -1,
                    1856, 1858, 1899, -1,
                    1857, 1903, 1904, -1,
                    1857, 1904, 1858, -1,
                    1858, 1904, 1905, -1,
                    1858, 1905, 1906, -1,
                    1858, 1906, 1899, -1,
                    1860, 1902, 1901, -1,
                    1860, 1901, 1907, -1,
                    1860, 1907, 1908, -1,
                    1860, 1908, 1909, -1,
                    1860, 1909, 1861, -1,
                    1861, 1908, 1910, -1,
                    1861, 1910, 1863, -1,
                    1861, 1863, 1862, -1,
                    1861, 1909, 1908, -1,
                    1863, 1910, 1864, -1,
                    1864, 1910, 1865, -1,
                    1865, 1910, 1911, -1,
                    1865, 1911, 1912, -1,
                    1865, 1912, 1866, -1,
                    1866, 1912, 1871, -1,
                    1866, 1871, 1867, -1,
                    1869, 1870, 1903, -1,
                    1870, 1913, 1904, -1,
                    1870, 1904, 1914, -1,
                    1870, 1914, 1903, -1,
                    1871, 1912, 1915, -1,
                    1871, 1915, 1916, -1,
                    1871, 1916, 1873, -1,
                    1871, 1873, 1872, -1,
                    1875, 1895, 1917, -1,
                    1875, 1917, 1877, -1,
                    1877, 1917, 1918, -1,
                    1877, 1918, 1878, -1,
                    1878, 1919, 1883, -1,
                    1878, 1883, 1882, -1,
                    1878, 1918, 1920, -1,
                    1878, 1920, 1919, -1,
                    1879, 1921, 1880, -1,
                    1879, 1922, 1923, -1,
                    1879, 1923, 1921, -1,
                    1880, 1921, 1924, -1,
                    1880, 1924, 1884, -1,
                    1881, 1883, 1925, -1,
                    1881, 1925, 1926, -1,
                    1881, 1926, 1922, -1,
                    1883, 1919, 1920, -1,
                    1883, 1920, 1927, -1,
                    1883, 1927, 1928, -1,
                    1883, 1928, 1929, -1,
                    1883, 1929, 1930, -1,
                    1883, 1930, 1931, -1,
                    1883, 1931, 1925, -1,
                    1884, 1932, 1933, -1,
                    1884, 1933, 1885, -1,
                    1884, 1924, 1932, -1,
                    1885, 1933, 1934, -1,
                    1885, 1934, 1935, -1,
                    1885, 1935, 1936, -1,
                    1885, 1936, 1906, -1,
                    1885, 1906, 1887, -1,
                    1886, 1937, 1888, -1,
                    1886, 1887, 1937, -1,
                    1887, 1906, 1938, -1,
                    1887, 1938, 1937, -1,
                    1888, 1937, 1889, -1,
                    1889, 1937, 1890, -1,
                    1890, 1937, 1939, -1,
                    1890, 1939, 1940, -1,
                    1890, 1940, 1893, -1,
                    1891, 1893, 1941, -1,
                    1891, 1941, 1913, -1,
                    1893, 1940, 1938, -1,
                    1893, 1938, 1942, -1,
                    1893, 1942, 1941, -1,
                    1894, 1917, 1895, -1,
                    1894, 1898, 1917, -1,
                    1898, 1943, 1917, -1,
                    1899, 1935, 1900, -1,
                    1899, 1906, 1935, -1,
                    1900, 1935, 1933, -1,
                    1900, 1933, 1901, -1,
                    1901, 1933, 1944, -1,
                    1901, 1944, 1907, -1,
                    1903, 1914, 1904, -1,
                    1904, 1945, 1905, -1,
                    1904, 1913, 1946, -1,
                    1904, 1946, 1945, -1,
                    1905, 1945, 1947, -1,
                    1905, 1947, 1948, -1,
                    1905, 1948, 1906, -1,
                    1906, 1948, 1947, -1,
                    1906, 1947, 1949, -1,
                    1906, 1949, 1942, -1,
                    1906, 1942, 1938, -1,
                    1906, 1936, 1935, -1,
                    1907, 1950, 1951, -1,
                    1907, 1951, 1908, -1,
                    1907, 1944, 1950, -1,
                    1908, 1951, 1921, -1,
                    1908, 1921, 1952, -1,
                    1908, 1952, 1953, -1,
                    1908, 1953, 1910, -1,
                    1910, 1953, 1911, -1,
                    1911, 1953, 1954, -1,
                    1911, 1954, 1955, -1,
                    1911, 1955, 1956, -1,
                    1911, 1956, 1912, -1,
                    1912, 1956, 1957, -1,
                    1912, 1957, 1958, -1,
                    1912, 1958, 1959, -1,
                    1912, 1959, 1960, -1,
                    1912, 1960, 1915, -1,
                    1913, 1941, 1949, -1,
                    1913, 1949, 1961, -1,
                    1913, 1961, 1946, -1,
                    1917, 1943, 1962, -1,
                    1917, 1962, 1918, -1,
                    1918, 1962, 1920, -1,
                    1921, 1923, 1952, -1,
                    1921, 1951, 1950, -1,
                    1921, 1950, 1944, -1,
                    1921, 1944, 1924, -1,
                    1922, 1926, 1963, -1,
                    1922, 1963, 1923, -1,
                    1923, 1963, 1954, -1,
                    1923, 1954, 1952, -1,
                    1924, 1944, 1933, -1,
                    1924, 1933, 1932, -1,
                    1925, 1931, 1964, -1,
                    1925, 1964, 1965, -1,
                    1925, 1965, 1926, -1,
                    1933, 1935, 1934, -1,
                    1937, 1938, 1939, -1,
                    1938, 1940, 1939, -1,
                    1941, 1942, 1966, -1,
                    1941, 1966, 1949, -1,
                    1942, 1949, 1966, -1,
                    1945, 1946, 1961, -1,
                    1945, 1961, 1947, -1,
                    1947, 1961, 1949, -1,
                    1952, 1954, 1953, -1,
                    1967, 1968, 1969, -1,
                    1967, 1969, 1970, -1,
                    1967, 1970, 1971, -1,
                    1967, 1971, 1972, -1,
                    1967, 1972, 1973, -1,
                    1967, 1973, 1974, -1,
                    1967, 1974, 1975, -1,
                    1967, 1975, 1976, -1,
                    1967, 1976, 1968, -1,
                    1968, 1977, 1978, -1,
                    1968, 1978, 1969, -1,
                    1968, 1976, 1979, -1,
                    1968, 1979, 1980, -1,
                    1968, 1980, 1981, -1,
                    1968, 1981, 1977, -1,
                    1969, 1982, 1970, -1,
                    1969, 1978, 1983, -1,
                    1969, 1983, 1984, -1,
                    1969, 1984, 1985, -1,
                    1969, 1985, 1982, -1,
                    1970, 1986, 1987, -1,
                    1970, 1987, 1971, -1,
                    1970, 1982, 1988, -1,
                    1970, 1988, 2012, -1,
                    1970, 2012, 1986, -1,
                    1971, 1987, 1989, -1,
                    1971, 1989, 1972, -1,
                    1972, 1990, 1991, -1,
                    1972, 1991, 1992, -1,
                    1972, 1992, 1974, -1,
                    1972, 1974, 1973, -1,
                    1972, 1989, 1990, -1,
                    1974, 1992, 1993, -1,
                    1974, 1993, 1994, -1,
                    1974, 1994, 1995, -1,
                    1974, 1995, 1975, -1,
                    1975, 1995, 1979, -1,
                    1975, 1979, 1976, -1,
                    1977, 1996, 1997, -1,
                    1977, 1997, 1978, -1,
                    1977, 1981, 1998, -1,
                    1977, 1998, 1999, -1,
                    1977, 1999, 2000, -1,
                    1977, 2000, 1996, -1,
                    1978, 1997, 1983, -1,
                    1979, 1995, 2001, -1,
                    1979, 2001, 2002, -1,
                    1979, 2002, 2003, -1,
                    1979, 2003, 1980, -1,
                    1980, 2003, 2004, -1,
                    1980, 2004, 2005, -1,
                    1980, 2005, 1998, -1,
                    1980, 1998, 1981, -1,
                    1982, 1985, 2006, -1,
                    1982, 2006, 1988, -1,
                    1983, 1997, 1984, -1,
                    1984, 2007, 2008, -1,
                    1984, 2008, 2009, -1,
                    1984, 2009, 1985, -1,
                    1984, 1997, 1996, -1,
                    1984, 1996, 2007, -1,
                    1985, 2009, 2010, -1,
                    1985, 2010, 2006, -1,
                    1986, 2011, 1987, -1,
                    1986, 2012, 2013, -1,
                    1986, 2013, 2014, -1,
                    1986, 2014, 2015, -1,
                    1986, 2015, 2011, -1,
                    1987, 2011, 2016, -1,
                    1987, 2016, 1989, -1,
                    1988, 2006, 2012, -1,
                    1989, 2016, 2017, -1,
                    1989, 2017, 1990, -1,
                    1990, 2018, 1991, -1,
                    1990, 2017, 2018, -1,
                    1991, 2018, 2019, -1,
                    1991, 2019, 2020, -1,
                    1991, 2020, 1992, -1,
                    1992, 2020, 2021, -1,
                    1992, 2021, 1993, -1,
                    1993, 2021, 2022, -1,
                    1993, 2022, 2023, -1,
                    1993, 2023, 2024, -1,
                    1993, 2024, 2025, -1,
                    1993, 2025, 1994, -1,
                    1994, 2001, 1995, -1,
                    1994, 2025, 2001, -1,
                    1996, 2000, 2007, -1,
                    1998, 2026, 2027, -1,
                    1998, 2027, 1999, -1,
                    1998, 2005, 2026, -1,
                    1999, 2027, 2000, -1,
                    2000, 2027, 2028, -1,
                    2000, 2028, 2029, -1,
                    2000, 2029, 2007, -1,
                    2001, 2025, 2030, -1,
                    2001, 2030, 2002, -1,
                    2002, 2030, 2025, -1,
                    2002, 2025, 2024, -1,
                    2002, 2024, 2023, -1,
                    2002, 2023, 2022, -1,
                    2002, 2022, 2065, -1,
                    2002, 2065, 2064, -1,
                    2002, 2064, 2087, -1,
                    2002, 2087, 2086, -1,
                    2002, 2086, 2119, -1,
                    2002, 2119, 2118, -1,
                    2002, 2118, 2117, -1,
                    2002, 2117, 2145, -1,
                    2002, 2145, 2174, -1,
                    2002, 2174, 2191, -1,
                    2002, 2191, 2206, -1,
                    2002, 2206, 2214, -1,
                    2002, 2214, 2213, -1,
                    2002, 2213, 2212, -1,
                    2002, 2212, 2211, -1,
                    2002, 2211, 2236, -1,
                    2002, 2236, 2263, -1,
                    2002, 2263, 2292, -1,
                    2002, 2292, 2291, -1,
                    2002, 2291, 2290, -1,
                    2002, 2290, 2324, -1,
                    2002, 2324, 2353, -1,
                    2002, 2353, 2390, -1,
                    2002, 2390, 2392, -1,
                    2002, 2392, 2435, -1,
                    2002, 2435, 2434, -1,
                    2002, 2434, 2433, -1,
                    2002, 2433, 2478, -1,
                    2002, 2478, 2477, -1,
                    2002, 2477, 2476, -1,
                    2002, 2476, 2523, -1,
                    2002, 2523, 2522, -1,
                    2002, 2522, 2566, -1,
                    2002, 2566, 2614, -1,
                    2002, 2614, 2660, -1,
                    2002, 2660, 2705, -1,
                    2002, 2705, 2704, -1,
                    2002, 2704, 2751, -1,
                    2002, 2751, 2750, -1,
                    2002, 2750, 2749, -1,
                    2002, 2749, 2748, -1,
                    2002, 2748, 2747, -1,
                    2002, 2747, 2789, -1,
                    2002, 2789, 2788, -1,
                    2002, 2788, 2787, -1,
                    2002, 2787, 2786, -1,
                    2002, 2786, 2785, -1,
                    2002, 2785, 2801, -1,
                    2002, 2801, 2800, -1,
                    2002, 2800, 2802, -1,
                    2002, 2802, 2797, -1,
                    2002, 2797, 2774, -1,
                    2002, 2774, 2773, -1,
                    2002, 2773, 2772, -1,
                    2002, 2772, 2758, -1,
                    2002, 2758, 2757, -1,
                    2002, 2757, 2755, -1,
                    2002, 2755, 2754, -1,
                    2002, 2754, 2710, -1,
                    2002, 2710, 2709, -1,
                    2002, 2709, 2708, -1,
                    2002, 2708, 2665, -1,
                    2002, 2665, 2664, -1,
                    2002, 2664, 2625, -1,
                    2002, 2625, 2624, -1,
                    2002, 2624, 2623, -1,
                    2002, 2623, 2617, -1,
                    2002, 2617, 2616, -1,
                    2002, 2616, 2615, -1,
                    2002, 2615, 2572, -1,
                    2002, 2572, 2571, -1,
                    2002, 2571, 2570, -1,
                    2002, 2570, 2528, -1,
                    2002, 2528, 2483, -1,
                    2002, 2483, 2482, -1,
                    2002, 2482, 2440, -1,
                    2002, 2440, 2439, -1,
                    2002, 2439, 2438, -1,
                    2002, 2438, 2395, -1,
                    2002, 2395, 2357, -1,
                    2002, 2357, 2327, -1,
                    2002, 2327, 2298, -1,
                    2002, 2298, 2297, -1,
                    2002, 2297, 2296, -1,
                    2002, 2296, 2268, -1,
                    2002, 2268, 2267, -1,
                    2002, 2267, 2266, -1,
                    2002, 2266, 2264, -1,
                    2002, 2264, 2241, -1,
                    2002, 2241, 2218, -1,
                    2002, 2218, 2194, -1,
                    2002, 2194, 2177, -1,
                    2002, 2177, 2153, -1,
                    2002, 2153, 2152, -1,
                    2002, 2152, 2151, -1,
                    2002, 2151, 2150, -1,
                    2002, 2150, 2149, -1,
                    2002, 2149, 2127, -1,
                    2002, 2127, 2126, -1,
                    2002, 2126, 2125, -1,
                    2002, 2125, 2093, -1,
                    2002, 2093, 2092, -1,
                    2002, 2092, 2088, -1,
                    2002, 2088, 2066, -1,
                    2002, 2066, 2028, -1,
                    2002, 2028, 2036, -1,
                    2002, 2036, 2005, -1,
                    2002, 2005, 2035, -1,
                    2002, 2035, 2034, -1,
                    2002, 2034, 2033, -1,
                    2002, 2033, 2032, -1,
                    2002, 2032, 2031, -1,
                    2002, 2031, 2003, -1,
                    2003, 2031, 2032, -1,
                    2003, 2032, 2033, -1,
                    2003, 2033, 2034, -1,
                    2003, 2034, 2035, -1,
                    2003, 2035, 2004, -1,
                    2004, 2035, 2005, -1,
                    2005, 2036, 2027, -1,
                    2005, 2027, 2026, -1,
                    2006, 2010, 2037, -1,
                    2006, 2037, 2012, -1,
                    2007, 2038, 2039, -1,
                    2007, 2039, 2008, -1,
                    2007, 2029, 2040, -1,
                    2007, 2040, 2038, -1,
                    2008, 2039, 2041, -1,
                    2008, 2041, 2042, -1,
                    2008, 2042, 2043, -1,
                    2008, 2043, 2044, -1,
                    2008, 2044, 2045, -1,
                    2008, 2045, 2009, -1,
                    2009, 2045, 2046, -1,
                    2009, 2046, 2047, -1,
                    2009, 2047, 2010, -1,
                    2010, 2047, 2048, -1,
                    2010, 2048, 2049, -1,
                    2010, 2049, 2037, -1,
                    2011, 2050, 2016, -1,
                    2011, 2015, 2051, -1,
                    2011, 2051, 2050, -1,
                    2012, 2037, 2052, -1,
                    2012, 2052, 2013, -1,
                    2013, 2052, 2049, -1,
                    2013, 2049, 2048, -1,
                    2013, 2048, 2047, -1,
                    2013, 2047, 2046, -1,
                    2013, 2046, 2073, -1,
                    2013, 2073, 2044, -1,
                    2013, 2044, 2043, -1,
                    2013, 2043, 2042, -1,
                    2013, 2042, 2041, -1,
                    2013, 2041, 2039, -1,
                    2013, 2039, 2069, -1,
                    2013, 2069, 2095, -1,
                    2013, 2095, 2098, -1,
                    2013, 2098, 2131, -1,
                    2013, 2131, 2160, -1,
                    2013, 2160, 2180, -1,
                    2013, 2180, 2196, -1,
                    2013, 2196, 2221, -1,
                    2013, 2221, 2220, -1,
                    2013, 2220, 2248, -1,
                    2013, 2248, 2247, -1,
                    2013, 2247, 2246, -1,
                    2013, 2246, 2245, -1,
                    2013, 2245, 2244, -1,
                    2013, 2244, 2276, -1,
                    2013, 2276, 2303, -1,
                    2013, 2303, 2302, -1,
                    2013, 2302, 2332, -1,
                    2013, 2332, 2364, -1,
                    2013, 2364, 2406, -1,
                    2013, 2406, 2450, -1,
                    2013, 2450, 2495, -1,
                    2013, 2495, 2536, -1,
                    2013, 2536, 2541, -1,
                    2013, 2541, 2540, -1,
                    2013, 2540, 2584, -1,
                    2013, 2584, 2634, -1,
                    2013, 2634, 2637, -1,
                    2013, 2637, 2636, -1,
                    2013, 2636, 2635, -1,
                    2013, 2635, 2676, -1,
                    2013, 2676, 2722, -1,
                    2013, 2722, 2765, -1,
                    2013, 2765, 2793, -1,
                    2013, 2793, 2792, -1,
                    2013, 2792, 2791, -1,
                    2013, 2791, 2796, -1,
                    2013, 2796, 2795, -1,
                    2013, 2795, 2794, -1,
                    2013, 2794, 2790, -1,
                    2013, 2790, 2741, -1,
                    2013, 2741, 2699, -1,
                    2013, 2699, 2654, -1,
                    2013, 2654, 2653, -1,
                    2013, 2653, 2655, -1,
                    2013, 2655, 2605, -1,
                    2013, 2605, 2604, -1,
                    2013, 2604, 2603, -1,
                    2013, 2603, 2602, -1,
                    2013, 2602, 2599, -1,
                    2013, 2599, 2558, -1,
                    2013, 2558, 2513, -1,
                    2013, 2513, 2468, -1,
                    2013, 2468, 2467, -1,
                    2013, 2467, 2466, -1,
                    2013, 2466, 2452, -1,
                    2013, 2452, 2408, -1,
                    2013, 2408, 2407, -1,
                    2013, 2407, 2370, -1,
                    2013, 2370, 2369, -1,
                    2013, 2369, 2368, -1,
                    2013, 2368, 2367, -1,
                    2013, 2367, 2365, -1,
                    2013, 2365, 2333, -1,
                    2013, 2333, 2304, -1,
                    2013, 2304, 2277, -1,
                    2013, 2277, 2250, -1,
                    2013, 2250, 2222, -1,
                    2013, 2222, 2197, -1,
                    2013, 2197, 2181, -1,
                    2013, 2181, 2166, -1,
                    2013, 2166, 2165, -1,
                    2013, 2165, 2164, -1,
                    2013, 2164, 2167, -1,
                    2013, 2167, 2138, -1,
                    2013, 2138, 2137, -1,
                    2013, 2137, 2136, -1,
                    2013, 2136, 2135, -1,
                    2013, 2135, 2133, -1,
                    2013, 2133, 2103, -1,
                    2013, 2103, 2074, -1,
                    2013, 2074, 2054, -1,
                    2013, 2054, 2053, -1,
                    2013, 2053, 2051, -1,
                    2013, 2051, 2015, -1,
                    2013, 2015, 2014, -1,
                    2016, 2050, 2051, -1,
                    2016, 2051, 2053, -1,
                    2016, 2053, 2054, -1,
                    2016, 2054, 2055, -1,
                    2016, 2055, 2017, -1,
                    2017, 2055, 2056, -1,
                    2017, 2056, 2057, -1,
                    2017, 2057, 2058, -1,
                    2017, 2058, 2018, -1,
                    2018, 2059, 2019, -1,
                    2018, 2058, 2060, -1,
                    2018, 2060, 2059, -1,
                    2019, 2059, 2061, -1,
                    2019, 2061, 2020, -1,
                    2020, 2061, 2062, -1,
                    2020, 2062, 2063, -1,
                    2020, 2063, 2064, -1,
                    2020, 2064, 2065, -1,
                    2020, 2065, 2022, -1,
                    2020, 2022, 2021, -1,
                    2027, 2036, 2028, -1,
                    2028, 2066, 2029, -1,
                    2029, 2066, 2067, -1,
                    2029, 2067, 2040, -1,
                    2037, 2049, 2052, -1,
                    2038, 2068, 2039, -1,
                    2038, 2040, 2068, -1,
                    2039, 2068, 2070, -1,
                    2039, 2070, 2069, -1,
                    2040, 2067, 2071, -1,
                    2040, 2071, 2072, -1,
                    2040, 2072, 2068, -1,
                    2044, 2073, 2045, -1,
                    2045, 2073, 2046, -1,
                    2054, 2074, 2075, -1,
                    2054, 2075, 2076, -1,
                    2054, 2076, 2077, -1,
                    2054, 2077, 2055, -1,
                    2055, 2077, 2078, -1,
                    2055, 2078, 2056, -1,
                    2056, 2078, 2079, -1,
                    2056, 2079, 2080, -1,
                    2056, 2080, 2057, -1,
                    2057, 2081, 2060, -1,
                    2057, 2060, 2058, -1,
                    2057, 2080, 2081, -1,
                    2059, 2082, 2083, -1,
                    2059, 2083, 2061, -1,
                    2059, 2060, 2082, -1,
                    2060, 2081, 2084, -1,
                    2060, 2084, 2085, -1,
                    2060, 2085, 2082, -1,
                    2061, 2083, 2086, -1,
                    2061, 2086, 2087, -1,
                    2061, 2087, 2064, -1,
                    2061, 2064, 2062, -1,
                    2062, 2064, 2063, -1,
                    2066, 2088, 2067, -1,
                    2067, 2089, 2090, -1,
                    2067, 2090, 2091, -1,
                    2067, 2091, 2071, -1,
                    2067, 2088, 2092, -1,
                    2067, 2092, 2093, -1,
                    2067, 2093, 2089, -1,
                    2068, 2072, 2094, -1,
                    2068, 2094, 2070, -1,
                    2069, 2070, 2095, -1,
                    2070, 2094, 2096, -1,
                    2070, 2096, 2097, -1,
                    2070, 2097, 2098, -1,
                    2070, 2098, 2095, -1,
                    2071, 2091, 2099, -1,
                    2071, 2099, 2072, -1,
                    2072, 2100, 2101, -1,
                    2072, 2101, 2094, -1,
                    2072, 2099, 2102, -1,
                    2072, 2102, 2100, -1,
                    2074, 2103, 2104, -1,
                    2074, 2104, 2075, -1,
                    2075, 2104, 2105, -1,
                    2075, 2105, 2106, -1,
                    2075, 2106, 2076, -1,
                    2076, 2106, 2107, -1,
                    2076, 2107, 2108, -1,
                    2076, 2108, 2109, -1,
                    2076, 2109, 2110, -1,
                    2076, 2110, 2078, -1,
                    2076, 2078, 2077, -1,
                    2078, 2110, 2079, -1,
                    2079, 2110, 2109, -1,
                    2079, 2109, 2111, -1,
                    2079, 2111, 2112, -1,
                    2079, 2112, 2080, -1,
                    2080, 2112, 2081, -1,
                    2081, 2112, 2084, -1,
                    2082, 2113, 2083, -1,
                    2082, 2085, 2114, -1,
                    2082, 2114, 2115, -1,
                    2082, 2115, 2116, -1,
                    2082, 2116, 2113, -1,
                    2083, 2113, 2117, -1,
                    2083, 2117, 2118, -1,
                    2083, 2118, 2119, -1,
                    2083, 2119, 2086, -1,
                    2084, 2112, 2120, -1,
                    2084, 2120, 2121, -1,
                    2084, 2121, 2114, -1,
                    2084, 2114, 2085, -1,
                    2089, 2122, 2123, -1,
                    2089, 2123, 2124, -1,
                    2089, 2124, 2102, -1,
                    2089, 2102, 2090, -1,
                    2089, 2093, 2125, -1,
                    2089, 2125, 2126, -1,
                    2089, 2126, 2127, -1,
                    2089, 2127, 2122, -1,
                    2090, 2102, 2099, -1,
                    2090, 2099, 2091, -1,
                    2094, 2101, 2096, -1,
                    2096, 2128, 2129, -1,
                    2096, 2129, 2097, -1,
                    2096, 2101, 2130, -1,
                    2096, 2130, 2128, -1,
                    2097, 2129, 2098, -1,
                    2098, 2129, 2131, -1,
                    2100, 2132, 2101, -1,
                    2100, 2102, 2124, -1,
                    2100, 2124, 2132, -1,
                    2101, 2132, 2130, -1,
                    2103, 2133, 2104, -1,
                    2104, 2134, 2105, -1,
                    2104, 2133, 2135, -1,
                    2104, 2135, 2136, -1,
                    2104, 2136, 2137, -1,
                    2104, 2137, 2138, -1,
                    2104, 2138, 2134, -1,
                    2105, 2134, 2139, -1,
                    2105, 2139, 2106, -1,
                    2106, 2139, 2107, -1,
                    2107, 2121, 2120, -1,
                    2107, 2120, 2111, -1,
                    2107, 2111, 2109, -1,
                    2107, 2109, 2108, -1,
                    2107, 2139, 2121, -1,
                    2111, 2120, 2112, -1,
                    2113, 2140, 2117, -1,
                    2113, 2116, 2141, -1,
                    2113, 2141, 2140, -1,
                    2114, 2121, 2142, -1,
                    2114, 2142, 2143, -1,
                    2114, 2143, 2116, -1,
                    2114, 2116, 2115, -1,
                    2116, 2143, 2144, -1,
                    2116, 2144, 2141, -1,
                    2117, 2140, 2145, -1,
                    2121, 2146, 2142, -1,
                    2121, 2139, 2146, -1,
                    2122, 2147, 2148, -1,
                    2122, 2148, 2123, -1,
                    2122, 2127, 2149, -1,
                    2122, 2149, 2150, -1,
                    2122, 2150, 2151, -1,
                    2122, 2151, 2152, -1,
                    2122, 2152, 2153, -1,
                    2122, 2153, 2147, -1,
                    2123, 2148, 2154, -1,
                    2123, 2154, 2155, -1,
                    2123, 2155, 2156, -1,
                    2123, 2156, 2124, -1,
                    2124, 2156, 2132, -1,
                    2128, 2130, 2131, -1,
                    2128, 2131, 2129, -1,
                    2130, 2132, 2157, -1,
                    2130, 2157, 2158, -1,
                    2130, 2158, 2159, -1,
                    2130, 2159, 2131, -1,
                    2131, 2159, 2160, -1,
                    2132, 2156, 2155, -1,
                    2132, 2155, 2157, -1,
                    2134, 2161, 2139, -1,
                    2134, 2138, 2162, -1,
                    2134, 2162, 2163, -1,
                    2134, 2163, 2164, -1,
                    2134, 2164, 2165, -1,
                    2134, 2165, 2166, -1,
                    2134, 2166, 2161, -1,
                    2138, 2167, 2162, -1,
                    2139, 2161, 2168, -1,
                    2139, 2168, 2146, -1,
                    2140, 2169, 2170, -1,
                    2140, 2170, 2145, -1,
                    2140, 2141, 2169, -1,
                    2141, 2144, 2171, -1,
                    2141, 2171, 2172, -1,
                    2141, 2172, 2173, -1,
                    2141, 2173, 2169, -1,
                    2142, 2146, 2143, -1,
                    2143, 2146, 2144, -1,
                    2144, 2146, 2171, -1,
                    2145, 2170, 2174, -1,
                    2146, 2168, 2175, -1,
                    2146, 2175, 2171, -1,
                    2147, 2176, 2148, -1,
                    2147, 2153, 2177, -1,
                    2147, 2177, 2176, -1,
                    2148, 2176, 2178, -1,
                    2148, 2178, 2154, -1,
                    2154, 2179, 2158, -1,
                    2154, 2158, 2157, -1,
                    2154, 2157, 2155, -1,
                    2154, 2178, 2179, -1,
                    2158, 2179, 2160, -1,
                    2158, 2160, 2159, -1,
                    2160, 2179, 2180, -1,
                    2161, 2166, 2181, -1,
                    2161, 2181, 2182, -1,
                    2161, 2182, 2183, -1,
                    2161, 2183, 2184, -1,
                    2161, 2184, 2185, -1,
                    2161, 2185, 2168, -1,
                    2162, 2167, 2164, -1,
                    2162, 2164, 2163, -1,
                    2168, 2185, 2175, -1,
                    2169, 2173, 2186, -1,
                    2169, 2186, 2170, -1,
                    2170, 2186, 2174, -1,
                    2171, 2175, 2172, -1,
                    2172, 2175, 2187, -1,
                    2172, 2187, 2188, -1,
                    2172, 2188, 2173, -1,
                    2173, 2188, 2189, -1,
                    2173, 2189, 2190, -1,
                    2173, 2190, 2186, -1,
                    2174, 2186, 2191, -1,
                    2175, 2185, 2192, -1,
                    2175, 2192, 2187, -1,
                    2176, 2193, 2178, -1,
                    2176, 2177, 2193, -1,
                    2177, 2194, 2193, -1,
                    2178, 2193, 2195, -1,
                    2178, 2195, 2180, -1,
                    2178, 2180, 2179, -1,
                    2180, 2195, 2196, -1,
                    2181, 2197, 2198, -1,
                    2181, 2198, 2199, -1,
                    2181, 2199, 2200, -1,
                    2181, 2200, 2201, -1,
                    2181, 2201, 2202, -1,
                    2181, 2202, 2183, -1,
                    2181, 2183, 2182, -1,
                    2183, 2202, 2203, -1,
                    2183, 2203, 2204, -1,
                    2183, 2204, 2205, -1,
                    2183, 2205, 2184, -1,
                    2184, 2205, 2192, -1,
                    2184, 2192, 2185, -1,
                    2186, 2190, 2206, -1,
                    2186, 2206, 2191, -1,
                    2187, 2192, 2207, -1,
                    2187, 2207, 2208, -1,
                    2187, 2208, 2209, -1,
                    2187, 2209, 2188, -1,
                    2188, 2209, 2210, -1,
                    2188, 2210, 2189, -1,
                    2189, 2210, 2211, -1,
                    2189, 2211, 2212, -1,
                    2189, 2212, 2213, -1,
                    2189, 2213, 2214, -1,
                    2189, 2214, 2190, -1,
                    2190, 2214, 2206, -1,
                    2192, 2205, 2215, -1,
                    2192, 2215, 2207, -1,
                    2193, 2216, 2217, -1,
                    2193, 2217, 2195, -1,
                    2193, 2194, 2218, -1,
                    2193, 2218, 2216, -1,
                    2195, 2217, 2219, -1,
                    2195, 2219, 2220, -1,
                    2195, 2220, 2221, -1,
                    2195, 2221, 2196, -1,
                    2197, 2222, 2223, -1,
                    2197, 2223, 2198, -1,
                    2198, 2223, 2224, -1,
                    2198, 2224, 2225, -1,
                    2198, 2225, 2199, -1,
                    2199, 2225, 2226, -1,
                    2199, 2226, 2200, -1,
                    2200, 2202, 2201, -1,
                    2200, 2226, 2227, -1,
                    2200, 2227, 2228, -1,
                    2200, 2228, 2229, -1,
                    2200, 2229, 2202, -1,
                    2202, 2229, 2203, -1,
                    2203, 2229, 2230, -1,
                    2203, 2230, 2204, -1,
                    2204, 2230, 2231, -1,
                    2204, 2231, 2205, -1,
                    2205, 2231, 2215, -1,
                    2207, 2215, 2232, -1,
                    2207, 2232, 2233, -1,
                    2207, 2233, 2234, -1,
                    2207, 2234, 2208, -1,
                    2208, 2234, 2209, -1,
                    2209, 2234, 2235, -1,
                    2209, 2235, 2210, -1,
                    2210, 2235, 2236, -1,
                    2210, 2236, 2211, -1,
                    2215, 2231, 2237, -1,
                    2215, 2237, 2232, -1,
                    2216, 2238, 2239, -1,
                    2216, 2239, 2217, -1,
                    2216, 2218, 2238, -1,
                    2217, 2239, 2240, -1,
                    2217, 2240, 2219, -1,
                    2218, 2241, 2242, -1,
                    2218, 2242, 2238, -1,
                    2219, 2243, 2244, -1,
                    2219, 2244, 2245, -1,
                    2219, 2245, 2246, -1,
                    2219, 2246, 2247, -1,
                    2219, 2247, 2248, -1,
                    2219, 2248, 2220, -1,
                    2219, 2240, 2249, -1,
                    2219, 2249, 2243, -1,
                    2222, 2250, 2251, -1,
                    2222, 2251, 2223, -1,
                    2223, 2252, 2224, -1,
                    2223, 2251, 2252, -1,
                    2224, 2252, 2253, -1,
                    2224, 2253, 2254, -1,
                    2224, 2254, 2225, -1,
                    2225, 2254, 2226, -1,
                    2226, 2254, 2227, -1,
                    2227, 2254, 2257, -1,
                    2227, 2257, 2228, -1,
                    2228, 2255, 2256, -1,
                    2228, 2256, 2229, -1,
                    2228, 2257, 2258, -1,
                    2228, 2258, 2255, -1,
                    2229, 2256, 2259, -1,
                    2229, 2259, 2230, -1,
                    2230, 2259, 2237, -1,
                    2230, 2237, 2231, -1,
                    2232, 2260, 2261, -1,
                    2232, 2261, 2233, -1,
                    2232, 2237, 2259, -1,
                    2232, 2259, 2260, -1,
                    2233, 2261, 2262, -1,
                    2233, 2262, 2234, -1,
                    2234, 2262, 2235, -1,
                    2235, 2263, 2236, -1,
                    2235, 2262, 2263, -1,
                    2238, 2242, 2239, -1,
                    2239, 2242, 2240, -1,
                    2240, 2242, 2249, -1,
                    2241, 2264, 2242, -1,
                    2242, 2265, 2249, -1,
                    2242, 2264, 2266, -1,
                    2242, 2266, 2267, -1,
                    2242, 2267, 2268, -1,
                    2242, 2268, 2265, -1,
                    2243, 2269, 2270, -1,
                    2243, 2270, 2271, -1,
                    2243, 2271, 2272, -1,
                    2243, 2272, 2244, -1,
                    2243, 2249, 2273, -1,
                    2243, 2273, 2269, -1,
                    2244, 2272, 2274, -1,
                    2244, 2274, 2271, -1,
                    2244, 2271, 2275, -1,
                    2244, 2275, 2276, -1,
                    2249, 2265, 2273, -1,
                    2250, 2277, 2251, -1,
                    2251, 2277, 2252, -1,
                    2252, 2277, 2278, -1,
                    2252, 2278, 2279, -1,
                    2252, 2279, 2280, -1,
                    2252, 2280, 2281, -1,
                    2252, 2281, 2253, -1,
                    2253, 2281, 2254, -1,
                    2254, 2281, 2282, -1,
                    2254, 2282, 2257, -1,
                    2255, 2258, 2283, -1,
                    2255, 2283, 2284, -1,
                    2255, 2284, 2285, -1,
                    2255, 2285, 2262, -1,
                    2255, 2262, 2256, -1,
                    2256, 2261, 2260, -1,
                    2256, 2260, 2259, -1,
                    2256, 2262, 2261, -1,
                    2257, 2282, 2286, -1,
                    2257, 2286, 2258, -1,
                    2258, 2286, 2287, -1,
                    2258, 2287, 2288, -1,
                    2258, 2288, 2289, -1,
                    2258, 2289, 2284, -1,
                    2258, 2284, 2283, -1,
                    2262, 2285, 2284, -1,
                    2262, 2284, 2290, -1,
                    2262, 2290, 2291, -1,
                    2262, 2291, 2292, -1,
                    2262, 2292, 2263, -1,
                    2265, 2293, 2294, -1,
                    2265, 2294, 2295, -1,
                    2265, 2295, 2273, -1,
                    2265, 2268, 2296, -1,
                    2265, 2296, 2297, -1,
                    2265, 2297, 2298, -1,
                    2265, 2298, 2293, -1,
                    2269, 2273, 2270, -1,
                    2270, 2299, 2271, -1,
                    2270, 2273, 2299, -1,
                    2271, 2299, 2300, -1,
                    2271, 2300, 2275, -1,
                    2271, 2274, 2272, -1,
                    2273, 2295, 2299, -1,
                    2275, 2300, 2301, -1,
                    2275, 2301, 2302, -1,
                    2275, 2302, 2303, -1,
                    2275, 2303, 2276, -1,
                    2277, 2304, 2305, -1,
                    2277, 2305, 2306, -1,
                    2277, 2306, 2307, -1,
                    2277, 2307, 2308, -1,
                    2277, 2308, 2278, -1,
                    2278, 2308, 2309, -1,
                    2278, 2309, 2310, -1,
                    2278, 2310, 2311, -1,
                    2278, 2311, 2279, -1,
                    2279, 2311, 2280, -1,
                    2280, 2311, 2312, -1,
                    2280, 2312, 2281, -1,
                    2281, 2312, 2313, -1,
                    2281, 2313, 2282, -1,
                    2282, 2313, 2314, -1,
                    2282, 2314, 2315, -1,
                    2282, 2315, 2286, -1,
                    2284, 2289, 2316, -1,
                    2284, 2316, 2290, -1,
                    2286, 2315, 2317, -1,
                    2286, 2317, 2287, -1,
                    2287, 2317, 2318, -1,
                    2287, 2318, 2319, -1,
                    2287, 2319, 2320, -1,
                    2287, 2320, 2321, -1,
                    2287, 2321, 2288, -1,
                    2288, 2321, 2320, -1,
                    2288, 2320, 2322, -1,
                    2288, 2322, 2323, -1,
                    2288, 2323, 2316, -1,
                    2288, 2316, 2289, -1,
                    2290, 2316, 2323, -1,
                    2290, 2323, 2324, -1,
                    2293, 2325, 2294, -1,
                    2293, 2298, 2325, -1,
                    2294, 2325, 2326, -1,
                    2294, 2326, 2295, -1,
                    2295, 2326, 2299, -1,
                    2298, 2327, 2325, -1,
                    2299, 2326, 2300, -1,
                    2300, 2326, 2328, -1,
                    2300, 2328, 2301, -1,
                    2301, 2328, 2329, -1,
                    2301, 2329, 2330, -1,
                    2301, 2330, 2331, -1,
                    2301, 2331, 2332, -1,
                    2301, 2332, 2302, -1,
                    2304, 2333, 2305, -1,
                    2305, 2334, 2335, -1,
                    2305, 2335, 2336, -1,
                    2305, 2336, 2306, -1,
                    2305, 2333, 2334, -1,
                    2306, 2336, 2337, -1,
                    2306, 2337, 2307, -1,
                    2307, 2337, 2338, -1,
                    2307, 2338, 2308, -1,
                    2308, 2338, 2309, -1,
                    2309, 2338, 2337, -1,
                    2309, 2337, 2339, -1,
                    2309, 2339, 2340, -1,
                    2309, 2340, 2341, -1,
                    2309, 2341, 2310, -1,
                    2310, 2312, 2311, -1,
                    2310, 2341, 2312, -1,
                    2312, 2341, 2342, -1,
                    2312, 2342, 2313, -1,
                    2313, 2342, 2314, -1,
                    2314, 2342, 2343, -1,
                    2314, 2343, 2344, -1,
                    2314, 2344, 2345, -1,
                    2314, 2345, 2346, -1,
                    2314, 2346, 2347, -1,
                    2314, 2347, 2348, -1,
                    2314, 2348, 2349, -1,
                    2314, 2349, 2315, -1,
                    2315, 2349, 2318, -1,
                    2315, 2318, 2317, -1,
                    2318, 2349, 2348, -1,
                    2318, 2348, 2350, -1,
                    2318, 2350, 2319, -1,
                    2319, 2351, 2320, -1,
                    2319, 2350, 2351, -1,
                    2320, 2351, 2352, -1,
                    2320, 2352, 2322, -1,
                    2322, 2352, 2324, -1,
                    2322, 2324, 2323, -1,
                    2324, 2352, 2354, -1,
                    2324, 2354, 2353, -1,
                    2325, 2327, 2355, -1,
                    2325, 2355, 2356, -1,
                    2325, 2356, 2326, -1,
                    2326, 2356, 2328, -1,
                    2327, 2357, 2358, -1,
                    2327, 2358, 2355, -1,
                    2328, 2356, 2329, -1,
                    2329, 2356, 2359, -1,
                    2329, 2359, 2360, -1,
                    2329, 2360, 2361, -1,
                    2329, 2361, 2330, -1,
                    2330, 2362, 2331, -1,
                    2330, 2361, 2362, -1,
                    2331, 2362, 2363, -1,
                    2331, 2363, 2332, -1,
                    2332, 2363, 2364, -1,
                    2333, 2365, 2334, -1,
                    2334, 2366, 2335, -1,
                    2334, 2365, 2367, -1,
                    2334, 2367, 2368, -1,
                    2334, 2368, 2369, -1,
                    2334, 2369, 2370, -1,
                    2334, 2370, 2366, -1,
                    2335, 2371, 2372, -1,
                    2335, 2372, 2336, -1,
                    2335, 2366, 2373, -1,
                    2335, 2373, 2371, -1,
                    2336, 2372, 2374, -1,
                    2336, 2374, 2337, -1,
                    2337, 2374, 2375, -1,
                    2337, 2375, 2339, -1,
                    2339, 2375, 2340, -1,
                    2340, 2376, 2377, -1,
                    2340, 2377, 2378, -1,
                    2340, 2378, 2341, -1,
                    2340, 2375, 2376, -1,
                    2341, 2378, 2343, -1,
                    2341, 2343, 2342, -1,
                    2343, 2377, 2379, -1,
                    2343, 2379, 2345, -1,
                    2343, 2345, 2344, -1,
                    2343, 2378, 2377, -1,
                    2345, 2380, 2381, -1,
                    2345, 2381, 2382, -1,
                    2345, 2382, 2383, -1,
                    2345, 2383, 2384, -1,
                    2345, 2384, 2346, -1,
                    2345, 2379, 2385, -1,
                    2345, 2385, 2386, -1,
                    2345, 2386, 2380, -1,
                    2346, 2387, 2347, -1,
                    2346, 2384, 2388, -1,
                    2346, 2388, 2387, -1,
                    2347, 2387, 2348, -1,
                    2348, 2387, 2350, -1,
                    2350, 2387, 2389, -1,
                    2350, 2389, 2351, -1,
                    2351, 2382, 2354, -1,
                    2351, 2354, 2352, -1,
                    2351, 2389, 2382, -1,
                    2353, 2354, 2390, -1,
                    2354, 2382, 2381, -1,
                    2354, 2381, 2391, -1,
                    2354, 2391, 2392, -1,
                    2354, 2392, 2390, -1,
                    2355, 2358, 2356, -1,
                    2356, 2393, 2394, -1,
                    2356, 2394, 2359, -1,
                    2356, 2358, 2393, -1,
                    2357, 2395, 2393, -1,
                    2357, 2393, 2358, -1,
                    2359, 2394, 2396, -1,
                    2359, 2396, 2397, -1,
                    2359, 2397, 2398, -1,
                    2359, 2398, 2360, -1,
                    2360, 2398, 2399, -1,
                    2360, 2399, 2400, -1,
                    2360, 2400, 2361, -1,
                    2361, 2400, 2362, -1,
                    2362, 2401, 2402, -1,
                    2362, 2402, 2403, -1,
                    2362, 2403, 2404, -1,
                    2362, 2404, 2405, -1,
                    2362, 2405, 2364, -1,
                    2362, 2364, 2363, -1,
                    2362, 2400, 2401, -1,
                    2364, 2405, 2404, -1,
                    2364, 2404, 2406, -1,
                    2366, 2370, 2407, -1,
                    2366, 2407, 2408, -1,
                    2366, 2408, 2373, -1,
                    2371, 2409, 2372, -1,
                    2371, 2373, 2409, -1,
                    2372, 2410, 2411, -1,
                    2372, 2411, 2412, -1,
                    2372, 2412, 2375, -1,
                    2372, 2375, 2374, -1,
                    2372, 2409, 2413, -1,
                    2372, 2413, 2410, -1,
                    2373, 2408, 2414, -1,
                    2373, 2414, 2415, -1,
                    2373, 2415, 2409, -1,
                    2375, 2412, 2411, -1,
                    2375, 2411, 2416, -1,
                    2375, 2416, 2417, -1,
                    2375, 2417, 2376, -1,
                    2376, 2417, 2418, -1,
                    2376, 2418, 2419, -1,
                    2376, 2419, 2377, -1,
                    2377, 2419, 2420, -1,
                    2377, 2420, 2421, -1,
                    2377, 2421, 2379, -1,
                    2379, 2421, 2422, -1,
                    2379, 2422, 2423, -1,
                    2379, 2423, 2385, -1,
                    2380, 2386, 2424, -1,
                    2380, 2424, 2381, -1,
                    2381, 2424, 2386, -1,
                    2381, 2386, 2391, -1,
                    2382, 2389, 2388, -1,
                    2382, 2388, 2384, -1,
                    2382, 2384, 2383, -1,
                    2385, 2425, 2426, -1,
                    2385, 2426, 2427, -1,
                    2385, 2427, 2386, -1,
                    2385, 2423, 2428, -1,
                    2385, 2428, 2425, -1,
                    2386, 2429, 2430, -1,
                    2386, 2430, 2431, -1,
                    2386, 2431, 2391, -1,
                    2386, 2427, 2429, -1,
                    2387, 2388, 2389, -1,
                    2391, 2431, 2430, -1,
                    2391, 2430, 2432, -1,
                    2391, 2432, 2433, -1,
                    2391, 2433, 2434, -1,
                    2391, 2434, 2435, -1,
                    2391, 2435, 2392, -1,
                    2393, 2436, 2437, -1,
                    2393, 2437, 2394, -1,
                    2393, 2395, 2438, -1,
                    2393, 2438, 2439, -1,
                    2393, 2439, 2440, -1,
                    2393, 2440, 2436, -1,
                    2394, 2437, 2441, -1,
                    2394, 2441, 2396, -1,
                    2396, 2442, 2443, -1,
                    2396, 2443, 2444, -1,
                    2396, 2444, 2397, -1,
                    2396, 2441, 2442, -1,
                    2397, 2399, 2398, -1,
                    2397, 2444, 2445, -1,
                    2397, 2445, 2446, -1,
                    2397, 2446, 2399, -1,
                    2399, 2446, 2402, -1,
                    2399, 2402, 2401, -1,
                    2399, 2401, 2400, -1,
                    2402, 2446, 2403, -1,
                    2403, 2446, 2445, -1,
                    2403, 2445, 2447, -1,
                    2403, 2447, 2448, -1,
                    2403, 2448, 2404, -1,
                    2404, 2448, 2449, -1,
                    2404, 2449, 2406, -1,
                    2406, 2449, 2451, -1,
                    2406, 2451, 2450, -1,
                    2408, 2452, 2413, -1,
                    2408, 2413, 2414, -1,
                    2409, 2415, 2413, -1,
                    2410, 2413, 2453, -1,
                    2410, 2453, 2454, -1,
                    2410, 2454, 2411, -1,
                    2411, 2455, 2456, -1,
                    2411, 2456, 2416, -1,
                    2411, 2454, 2457, -1,
                    2411, 2457, 2458, -1,
                    2411, 2458, 2459, -1,
                    2411, 2459, 2460, -1,
                    2411, 2460, 2455, -1,
                    2413, 2461, 2462, -1,
                    2413, 2462, 2463, -1,
                    2413, 2463, 2464, -1,
                    2413, 2464, 2465, -1,
                    2413, 2465, 2454, -1,
                    2413, 2454, 2453, -1,
                    2413, 2415, 2414, -1,
                    2413, 2452, 2466, -1,
                    2413, 2466, 2467, -1,
                    2413, 2467, 2468, -1,
                    2413, 2468, 2461, -1,
                    2416, 2456, 2417, -1,
                    2417, 2456, 2418, -1,
                    2418, 2456, 2419, -1,
                    2419, 2456, 2420, -1,
                    2420, 2456, 2422, -1,
                    2420, 2422, 2421, -1,
                    2422, 2469, 2428, -1,
                    2422, 2428, 2423, -1,
                    2422, 2456, 2455, -1,
                    2422, 2455, 2469, -1,
                    2425, 2428, 2426, -1,
                    2426, 2470, 2471, -1,
                    2426, 2471, 2429, -1,
                    2426, 2429, 2427, -1,
                    2426, 2428, 2472, -1,
                    2426, 2472, 2470, -1,
                    2428, 2469, 2472, -1,
                    2429, 2471, 2473, -1,
                    2429, 2473, 2474, -1,
                    2429, 2474, 2430, -1,
                    2430, 2474, 2475, -1,
                    2430, 2475, 2476, -1,
                    2430, 2476, 2477, -1,
                    2430, 2477, 2478, -1,
                    2430, 2478, 2432, -1,
                    2432, 2478, 2433, -1,
                    2436, 2479, 2480, -1,
                    2436, 2480, 2481, -1,
                    2436, 2481, 2442, -1,
                    2436, 2442, 2441, -1,
                    2436, 2441, 2437, -1,
                    2436, 2440, 2482, -1,
                    2436, 2482, 2483, -1,
                    2436, 2483, 2484, -1,
                    2436, 2484, 2479, -1,
                    2442, 2481, 2480, -1,
                    2442, 2480, 2485, -1,
                    2442, 2485, 2443, -1,
                    2443, 2485, 2486, -1,
                    2443, 2486, 2487, -1,
                    2443, 2487, 2488, -1,
                    2443, 2488, 2489, -1,
                    2443, 2489, 2490, -1,
                    2443, 2490, 2444, -1,
                    2444, 2490, 2447, -1,
                    2444, 2447, 2445, -1,
                    2447, 2490, 2448, -1,
                    2448, 2490, 2491, -1,
                    2448, 2491, 2492, -1,
                    2448, 2492, 2493, -1,
                    2448, 2493, 2451, -1,
                    2448, 2451, 2449, -1,
                    2450, 2494, 2495, -1,
                    2450, 2451, 2494, -1,
                    2451, 2495, 2494, -1,
                    2451, 2493, 2492, -1,
                    2451, 2492, 2496, -1,
                    2451, 2496, 2495, -1,
                    2454, 2497, 2498, -1,
                    2454, 2498, 2457, -1,
                    2454, 2465, 2499, -1,
                    2454, 2499, 2500, -1,
                    2454, 2500, 2497, -1,
                    2455, 2460, 2501, -1,
                    2455, 2501, 2469, -1,
                    2457, 2498, 2458, -1,
                    2458, 2502, 2503, -1,
                    2458, 2503, 2504, -1,
                    2458, 2504, 2460, -1,
                    2458, 2460, 2459, -1,
                    2458, 2498, 2505, -1,
                    2458, 2505, 2502, -1,
                    2460, 2506, 2507, -1,
                    2460, 2507, 2469, -1,
                    2460, 2469, 2501, -1,
                    2460, 2504, 2508, -1,
                    2460, 2508, 2506, -1,
                    2461, 2509, 2462, -1,
                    2461, 2468, 2509, -1,
                    2462, 2510, 2463, -1,
                    2462, 2509, 2511, -1,
                    2462, 2511, 2510, -1,
                    2463, 2510, 2512, -1,
                    2463, 2512, 2499, -1,
                    2463, 2499, 2465, -1,
                    2463, 2465, 2464, -1,
                    2468, 2513, 2509, -1,
                    2469, 2507, 2472, -1,
                    2470, 2514, 2515, -1,
                    2470, 2515, 2471, -1,
                    2470, 2472, 2514, -1,
                    2471, 2515, 2516, -1,
                    2471, 2516, 2517, -1,
                    2471, 2517, 2473, -1,
                    2472, 2507, 2518, -1,
                    2472, 2518, 2519, -1,
                    2472, 2519, 2514, -1,
                    2473, 2517, 2520, -1,
                    2473, 2520, 2521, -1,
                    2473, 2521, 2475, -1,
                    2473, 2475, 2474, -1,
                    2475, 2521, 2522, -1,
                    2475, 2522, 2523, -1,
                    2475, 2523, 2476, -1,
                    2479, 2524, 2525, -1,
                    2479, 2525, 2480, -1,
                    2479, 2484, 2526, -1,
                    2479, 2526, 2524, -1,
                    2480, 2525, 2527, -1,
                    2480, 2527, 2486, -1,
                    2480, 2486, 2485, -1,
                    2483, 2528, 2526, -1,
                    2483, 2526, 2484, -1,
                    2486, 2527, 2529, -1,
                    2486, 2529, 2530, -1,
                    2486, 2530, 2531, -1,
                    2486, 2531, 2532, -1,
                    2486, 2532, 2488, -1,
                    2486, 2488, 2487, -1,
                    2488, 2532, 2531, -1,
                    2488, 2531, 2533, -1,
                    2488, 2533, 2534, -1,
                    2488, 2534, 2496, -1,
                    2488, 2496, 2492, -1,
                    2488, 2492, 2535, -1,
                    2488, 2535, 2489, -1,
                    2489, 2535, 2491, -1,
                    2489, 2491, 2490, -1,
                    2491, 2535, 2492, -1,
                    2495, 2496, 2536, -1,
                    2496, 2534, 2537, -1,
                    2496, 2537, 2538, -1,
                    2496, 2538, 2539, -1,
                    2496, 2539, 2540, -1,
                    2496, 2540, 2541, -1,
                    2496, 2541, 2536, -1,
                    2497, 2542, 2543, -1,
                    2497, 2543, 2505, -1,
                    2497, 2505, 2498, -1,
                    2497, 2500, 2544, -1,
                    2497, 2544, 2545, -1,
                    2497, 2545, 2542, -1,
                    2499, 2512, 2500, -1,
                    2500, 2512, 2544, -1,
                    2502, 2546, 2547, -1,
                    2502, 2547, 2548, -1,
                    2502, 2548, 2503, -1,
                    2502, 2505, 2543, -1,
                    2502, 2543, 2549, -1,
                    2502, 2549, 2546, -1,
                    2503, 2548, 2508, -1,
                    2503, 2508, 2504, -1,
                    2506, 2550, 2551, -1,
                    2506, 2551, 2552, -1,
                    2506, 2552, 2507, -1,
                    2506, 2508, 2550, -1,
                    2507, 2552, 2553, -1,
                    2507, 2553, 2518, -1,
                    2508, 2548, 2547, -1,
                    2508, 2547, 2550, -1,
                    2509, 2554, 2555, -1,
                    2509, 2555, 2511, -1,
                    2509, 2513, 2554, -1,
                    2510, 2556, 2512, -1,
                    2510, 2511, 2555, -1,
                    2510, 2555, 2557, -1,
                    2510, 2557, 2556, -1,
                    2512, 2556, 2544, -1,
                    2513, 2558, 2555, -1,
                    2513, 2555, 2554, -1,
                    2514, 2519, 2559, -1,
                    2514, 2559, 2560, -1,
                    2514, 2560, 2515, -1,
                    2515, 2560, 2516, -1,
                    2516, 2561, 2562, -1,
                    2516, 2562, 2563, -1,
                    2516, 2563, 2520, -1,
                    2516, 2520, 2517, -1,
                    2516, 2560, 2561, -1,
                    2518, 2553, 2564, -1,
                    2518, 2564, 2519, -1,
                    2519, 2564, 2606, -1,
                    2519, 2606, 2559, -1,
                    2520, 2563, 2565, -1,
                    2520, 2565, 2521, -1,
                    2521, 2565, 2566, -1,
                    2521, 2566, 2522, -1,
                    2524, 2526, 2567, -1,
                    2524, 2567, 2525, -1,
                    2525, 2567, 2568, -1,
                    2525, 2568, 2569, -1,
                    2525, 2569, 2527, -1,
                    2526, 2528, 2570, -1,
                    2526, 2570, 2571, -1,
                    2526, 2571, 2572, -1,
                    2526, 2572, 2567, -1,
                    2527, 2569, 2573, -1,
                    2527, 2573, 2574, -1,
                    2527, 2574, 2529, -1,
                    2529, 2574, 2573, -1,
                    2529, 2573, 2575, -1,
                    2529, 2575, 2530, -1,
                    2530, 2576, 2577, -1,
                    2530, 2577, 2578, -1,
                    2530, 2578, 2531, -1,
                    2530, 2575, 2579, -1,
                    2530, 2579, 2580, -1,
                    2530, 2580, 2576, -1,
                    2531, 2578, 2581, -1,
                    2531, 2581, 2533, -1,
                    2533, 2582, 2538, -1,
                    2533, 2538, 2537, -1,
                    2533, 2537, 2534, -1,
                    2533, 2581, 2582, -1,
                    2538, 2582, 2583, -1,
                    2538, 2583, 2539, -1,
                    2539, 2583, 2540, -1,
                    2540, 2583, 2585, -1,
                    2540, 2585, 2584, -1,
                    2542, 2545, 2544, -1,
                    2542, 2544, 2556, -1,
                    2542, 2556, 2586, -1,
                    2542, 2586, 2587, -1,
                    2542, 2587, 2588, -1,
                    2542, 2588, 2589, -1,
                    2542, 2589, 2590, -1,
                    2542, 2590, 2591, -1,
                    2542, 2591, 2549, -1,
                    2542, 2549, 2543, -1,
                    2546, 2592, 2547, -1,
                    2546, 2549, 2592, -1,
                    2547, 2592, 2550, -1,
                    2549, 2591, 2593, -1,
                    2549, 2593, 2594, -1,
                    2549, 2594, 2592, -1,
                    2550, 2553, 2551, -1,
                    2550, 2592, 2595, -1,
                    2550, 2595, 2596, -1,
                    2550, 2596, 2553, -1,
                    2551, 2553, 2552, -1,
                    2553, 2596, 2597, -1,
                    2553, 2597, 2598, -1,
                    2553, 2598, 2564, -1,
                    2555, 2558, 2599, -1,
                    2555, 2599, 2557, -1,
                    2556, 2557, 2600, -1,
                    2556, 2600, 2587, -1,
                    2556, 2587, 2586, -1,
                    2557, 2601, 2600, -1,
                    2557, 2599, 2602, -1,
                    2557, 2602, 2603, -1,
                    2557, 2603, 2604, -1,
                    2557, 2604, 2605, -1,
                    2557, 2605, 2601, -1,
                    2559, 2606, 2607, -1,
                    2559, 2607, 2561, -1,
                    2559, 2561, 2560, -1,
                    2561, 2607, 2608, -1,
                    2561, 2608, 2609, -1,
                    2561, 2609, 2562, -1,
                    2562, 2609, 2610, -1,
                    2562, 2610, 2611, -1,
                    2562, 2611, 2612, -1,
                    2562, 2612, 2563, -1,
                    2563, 2612, 2613, -1,
                    2563, 2613, 2566, -1,
                    2563, 2566, 2565, -1,
                    2564, 2598, 2606, -1,
                    2566, 2613, 2614, -1,
                    2567, 2572, 2568, -1,
                    2568, 2572, 2615, -1,
                    2568, 2615, 2616, -1,
                    2568, 2616, 2573, -1,
                    2568, 2573, 2569, -1,
                    2573, 2616, 2617, -1,
                    2573, 2617, 2579, -1,
                    2573, 2579, 2575, -1,
                    2576, 2618, 2619, -1,
                    2576, 2619, 2620, -1,
                    2576, 2620, 2577, -1,
                    2576, 2580, 2621, -1,
                    2576, 2621, 2622, -1,
                    2576, 2622, 2618, -1,
                    2577, 2620, 2581, -1,
                    2577, 2581, 2578, -1,
                    2579, 2617, 2623, -1,
                    2579, 2623, 2624, -1,
                    2579, 2624, 2580, -1,
                    2580, 2624, 2625, -1,
                    2580, 2625, 2626, -1,
                    2580, 2626, 2622, -1,
                    2580, 2622, 2621, -1,
                    2581, 2620, 2627, -1,
                    2581, 2627, 2628, -1,
                    2581, 2628, 2629, -1,
                    2581, 2629, 2582, -1,
                    2582, 2629, 2583, -1,
                    2583, 2629, 2630, -1,
                    2583, 2630, 2631, -1,
                    2583, 2631, 2632, -1,
                    2583, 2632, 2633, -1,
                    2583, 2633, 2585, -1,
                    2584, 2585, 2634, -1,
                    2585, 2633, 2635, -1,
                    2585, 2635, 2636, -1,
                    2585, 2636, 2637, -1,
                    2585, 2637, 2634, -1,
                    2587, 2589, 2588, -1,
                    2587, 2600, 2589, -1,
                    2589, 2600, 2638, -1,
                    2589, 2638, 2639, -1,
                    2589, 2639, 2640, -1,
                    2589, 2640, 2641, -1,
                    2589, 2641, 2642, -1,
                    2589, 2642, 2643, -1,
                    2589, 2643, 2590, -1,
                    2590, 2643, 2591, -1,
                    2591, 2643, 2593, -1,
                    2592, 2594, 2644, -1,
                    2592, 2644, 2645, -1,
                    2592, 2645, 2646, -1,
                    2592, 2646, 2647, -1,
                    2592, 2647, 2595, -1,
                    2593, 2643, 2642, -1,
                    2593, 2642, 2648, -1,
                    2593, 2648, 2594, -1,
                    2594, 2648, 2644, -1,
                    2595, 2647, 2596, -1,
                    2596, 2649, 2650, -1,
                    2596, 2650, 2651, -1,
                    2596, 2651, 2652, -1,
                    2596, 2652, 2597, -1,
                    2596, 2647, 2646, -1,
                    2596, 2646, 2645, -1,
                    2596, 2645, 2649, -1,
                    2597, 2652, 2598, -1,
                    2598, 2652, 2606, -1,
                    2600, 2601, 2653, -1,
                    2600, 2653, 2654, -1,
                    2600, 2654, 2638, -1,
                    2601, 2605, 2655, -1,
                    2601, 2655, 2653, -1,
                    2606, 2652, 2607, -1,
                    2607, 2652, 2651, -1,
                    2607, 2651, 2656, -1,
                    2607, 2656, 2608, -1,
                    2608, 2656, 2657, -1,
                    2608, 2657, 2609, -1,
                    2609, 2657, 2610, -1,
                    2610, 2657, 2611, -1,
                    2611, 2613, 2658, -1,
                    2611, 2658, 2612, -1,
                    2611, 2657, 2659, -1,
                    2611, 2659, 2660, -1,
                    2611, 2660, 2613, -1,
                    2612, 2658, 2613, -1,
                    2613, 2660, 2614, -1,
                    2618, 2661, 2619, -1,
                    2618, 2622, 2661, -1,
                    2619, 2661, 2662, -1,
                    2619, 2662, 2620, -1,
                    2620, 2662, 2627, -1,
                    2622, 2626, 2663, -1,
                    2622, 2663, 2661, -1,
                    2625, 2664, 2626, -1,
                    2626, 2664, 2665, -1,
                    2626, 2665, 2666, -1,
                    2626, 2666, 2667, -1,
                    2626, 2667, 2663, -1,
                    2627, 2668, 2669, -1,
                    2627, 2669, 2670, -1,
                    2627, 2670, 2671, -1,
                    2627, 2671, 2628, -1,
                    2627, 2662, 2672, -1,
                    2627, 2672, 2673, -1,
                    2627, 2673, 2668, -1,
                    2628, 2630, 2629, -1,
                    2628, 2671, 2630, -1,
                    2630, 2670, 2674, -1,
                    2630, 2674, 2631, -1,
                    2630, 2671, 2670, -1,
                    2631, 2674, 2632, -1,
                    2632, 2674, 2675, -1,
                    2632, 2675, 2633, -1,
                    2633, 2675, 2635, -1,
                    2635, 2675, 2677, -1,
                    2635, 2677, 2676, -1,
                    2638, 2654, 2639, -1,
                    2639, 2654, 2640, -1,
                    2640, 2678, 2679, -1,
                    2640, 2679, 2641, -1,
                    2640, 2654, 2678, -1,
                    2641, 2680, 2681, -1,
                    2641, 2681, 2682, -1,
                    2641, 2682, 2683, -1,
                    2641, 2683, 2684, -1,
                    2641, 2684, 2685, -1,
                    2641, 2685, 2686, -1,
                    2641, 2686, 2648, -1,
                    2641, 2648, 2687, -1,
                    2641, 2687, 2642, -1,
                    2641, 2679, 2680, -1,
                    2642, 2687, 2648, -1,
                    2644, 2688, 2645, -1,
                    2644, 2648, 2686, -1,
                    2644, 2686, 2685, -1,
                    2644, 2685, 2689, -1,
                    2644, 2689, 2690, -1,
                    2644, 2690, 2688, -1,
                    2645, 2688, 2691, -1,
                    2645, 2691, 2692, -1,
                    2645, 2692, 2649, -1,
                    2649, 2692, 2650, -1,
                    2650, 2693, 2694, -1,
                    2650, 2694, 2651, -1,
                    2650, 2692, 2693, -1,
                    2651, 2694, 2695, -1,
                    2651, 2695, 2696, -1,
                    2651, 2696, 2697, -1,
                    2651, 2697, 2698, -1,
                    2651, 2698, 2657, -1,
                    2651, 2657, 2656, -1,
                    2654, 2699, 2678, -1,
                    2657, 2698, 2697, -1,
                    2657, 2697, 2700, -1,
                    2657, 2700, 2701, -1,
                    2657, 2701, 2702, -1,
                    2657, 2702, 2659, -1,
                    2659, 2702, 2703, -1,
                    2659, 2703, 2704, -1,
                    2659, 2704, 2705, -1,
                    2659, 2705, 2660, -1,
                    2661, 2706, 2662, -1,
                    2661, 2663, 2667, -1,
                    2661, 2667, 2706, -1,
                    2662, 2706, 2707, -1,
                    2662, 2707, 2672, -1,
                    2665, 2708, 2666, -1,
                    2666, 2708, 2709, -1,
                    2666, 2709, 2710, -1,
                    2666, 2710, 2711, -1,
                    2666, 2711, 2667, -1,
                    2667, 2712, 2706, -1,
                    2667, 2711, 2713, -1,
                    2667, 2713, 2714, -1,
                    2667, 2714, 2712, -1,
                    2668, 2673, 2715, -1,
                    2668, 2715, 2716, -1,
                    2668, 2716, 2717, -1,
                    2668, 2717, 2669, -1,
                    2669, 2717, 2718, -1,
                    2669, 2718, 2719, -1,
                    2669, 2719, 2670, -1,
                    2670, 2719, 2677, -1,
                    2670, 2677, 2674, -1,
                    2672, 2720, 2721, -1,
                    2672, 2721, 2715, -1,
                    2672, 2715, 2673, -1,
                    2672, 2707, 2720, -1,
                    2674, 2677, 2675, -1,
                    2676, 2677, 2723, -1,
                    2676, 2723, 2722, -1,
                    2677, 2719, 2723, -1,
                    2678, 2724, 2725, -1,
                    2678, 2725, 2679, -1,
                    2678, 2699, 2724, -1,
                    2679, 2725, 2726, -1,
                    2679, 2726, 2680, -1,
                    2680, 2726, 2681, -1,
                    2681, 2726, 2682, -1,
                    2682, 2727, 2684, -1,
                    2682, 2684, 2683, -1,
                    2682, 2726, 2728, -1,
                    2682, 2728, 2729, -1,
                    2682, 2729, 2730, -1,
                    2682, 2730, 2731, -1,
                    2682, 2731, 2727, -1,
                    2684, 2732, 2689, -1,
                    2684, 2689, 2685, -1,
                    2684, 2727, 2732, -1,
                    2688, 2690, 2691, -1,
                    2689, 2732, 2733, -1,
                    2689, 2733, 2734, -1,
                    2689, 2734, 2690, -1,
                    2690, 2734, 2735, -1,
                    2690, 2735, 2691, -1,
                    2691, 2735, 2736, -1,
                    2691, 2736, 2692, -1,
                    2692, 2736, 2693, -1,
                    2693, 2736, 2737, -1,
                    2693, 2737, 2694, -1,
                    2694, 2737, 2738, -1,
                    2694, 2738, 2695, -1,
                    2695, 2738, 2739, -1,
                    2695, 2739, 2740, -1,
                    2695, 2740, 2700, -1,
                    2695, 2700, 2697, -1,
                    2695, 2697, 2696, -1,
                    2699, 2741, 2742, -1,
                    2699, 2742, 2743, -1,
                    2699, 2743, 2744, -1,
                    2699, 2744, 2745, -1,
                    2699, 2745, 2724, -1,
                    2700, 2740, 2746, -1,
                    2700, 2746, 2702, -1,
                    2700, 2702, 2701, -1,
                    2702, 2746, 2747, -1,
                    2702, 2747, 2748, -1,
                    2702, 2748, 2749, -1,
                    2702, 2749, 2750, -1,
                    2702, 2750, 2751, -1,
                    2702, 2751, 2703, -1,
                    2703, 2751, 2704, -1,
                    2706, 2712, 2752, -1,
                    2706, 2752, 2753, -1,
                    2706, 2753, 2707, -1,
                    2707, 2753, 2720, -1,
                    2710, 2754, 2711, -1,
                    2711, 2754, 2755, -1,
                    2711, 2755, 2713, -1,
                    2712, 2756, 2752, -1,
                    2712, 2714, 2756, -1,
                    2713, 2755, 2757, -1,
                    2713, 2757, 2758, -1,
                    2713, 2758, 2756, -1,
                    2713, 2756, 2714, -1,
                    2715, 2721, 2759, -1,
                    2715, 2759, 2716, -1,
                    2716, 2759, 2717, -1,
                    2717, 2759, 2760, -1,
                    2717, 2760, 2718, -1,
                    2718, 2761, 2762, -1,
                    2718, 2762, 2723, -1,
                    2718, 2723, 2719, -1,
                    2718, 2760, 2761, -1,
                    2720, 2753, 2732, -1,
                    2720, 2732, 2763, -1,
                    2720, 2763, 2764, -1,
                    2720, 2764, 2721, -1,
                    2721, 2764, 2759, -1,
                    2722, 2723, 2765, -1,
                    2723, 2762, 2765, -1,
                    2724, 2745, 2766, -1,
                    2724, 2766, 2725, -1,
                    2725, 2766, 2726, -1,
                    2726, 2766, 2767, -1,
                    2726, 2767, 2729, -1,
                    2726, 2729, 2728, -1,
                    2727, 2731, 2764, -1,
                    2727, 2764, 2763, -1,
                    2727, 2763, 2732, -1,
                    2729, 2767, 2768, -1,
                    2729, 2768, 2743, -1,
                    2729, 2743, 2769, -1,
                    2729, 2769, 2730, -1,
                    2730, 2760, 2731, -1,
                    2730, 2769, 2770, -1,
                    2730, 2770, 2771, -1,
                    2730, 2771, 2760, -1,
                    2731, 2760, 2759, -1,
                    2731, 2759, 2764, -1,
                    2732, 2753, 2752, -1,
                    2732, 2752, 2733, -1,
                    2733, 2752, 2772, -1,
                    2733, 2772, 2773, -1,
                    2733, 2773, 2774, -1,
                    2733, 2774, 2775, -1,
                    2733, 2775, 2776, -1,
                    2733, 2776, 2777, -1,
                    2733, 2777, 2734, -1,
                    2734, 2777, 2778, -1,
                    2734, 2778, 2779, -1,
                    2734, 2779, 2735, -1,
                    2735, 2779, 2778, -1,
                    2735, 2778, 2777, -1,
                    2735, 2777, 2780, -1,
                    2735, 2780, 2736, -1,
                    2736, 2780, 2781, -1,
                    2736, 2781, 2782, -1,
                    2736, 2782, 2737, -1,
                    2737, 2782, 2738, -1,
                    2738, 2782, 2783, -1,
                    2738, 2783, 2739, -1,
                    2739, 2783, 2784, -1,
                    2739, 2784, 2785, -1,
                    2739, 2785, 2740, -1,
                    2740, 2785, 2786, -1,
                    2740, 2786, 2787, -1,
                    2740, 2787, 2788, -1,
                    2740, 2788, 2789, -1,
                    2740, 2789, 2747, -1,
                    2740, 2747, 2746, -1,
                    2741, 2790, 2742, -1,
                    2742, 2770, 2743, -1,
                    2742, 2790, 2770, -1,
                    2743, 2768, 2744, -1,
                    2743, 2770, 2769, -1,
                    2744, 2768, 2745, -1,
                    2745, 2768, 2767, -1,
                    2745, 2767, 2766, -1,
                    2752, 2756, 2772, -1,
                    2756, 2758, 2772, -1,
                    2760, 2771, 2761, -1,
                    2761, 2771, 2770, -1,
                    2761, 2770, 2791, -1,
                    2761, 2791, 2762, -1,
                    2762, 2791, 2792, -1,
                    2762, 2792, 2793, -1,
                    2762, 2793, 2765, -1,
                    2770, 2790, 2794, -1,
                    2770, 2794, 2795, -1,
                    2770, 2795, 2796, -1,
                    2770, 2796, 2791, -1,
                    2774, 2797, 2775, -1,
                    2775, 2797, 2776, -1,
                    2776, 2798, 2781, -1,
                    2776, 2781, 2777, -1,
                    2776, 2797, 2799, -1,
                    2776, 2799, 2798, -1,
                    2777, 2781, 2780, -1,
                    2781, 2783, 2782, -1,
                    2781, 2798, 2783, -1,
                    2783, 2798, 2800, -1,
                    2783, 2800, 2784, -1,
                    2784, 2800, 2801, -1,
                    2784, 2801, 2785, -1,
                    2797, 2802, 2799, -1,
                    2798, 2799, 2800, -1,
                    2799, 2802, 2800, -1,
                ]
            }
        }
    ]
}
