# https://github.com/mikedh/trimesh
v 0.01919531 0.00616479 0.01652141
v 0.01916622 0.00616479 0.01807029
v 0.01859895 -0.02431221 0.01497253
v 0.01871532 -0.01857242 0.01497253
v 0.01911531 0.00154968 0.01497253
v 0.01908622 0.00154968 0.01342365
v 0.01914804 0.00616479 0.01497253
v 0.01905350 0.00616479 0.01961917
v 0.01866441 -0.01652590 0.01736511
v 0.01864986 -0.01755811 0.01719511
v 0.01868623 -0.01857242 0.01613104
v 0.01859895 -0.02431221 0.01451920
v 0.01854805 -0.02431221 0.01606808
v 0.01870441 -0.01857242 0.01342365
v 0.01906440 0.00000137 0.01342365
v 0.01871895 0.00616479 0.01068477
v 0.01885350 0.00616479 0.01190625
v 0.01901713 0.00616479 0.01345513
v 0.01849350 -0.02431221 0.01032588
v 0.01837714 -0.02431221 0.00878330
v 0.01825350 -0.02431221 0.00723442
v 0.01798442 -0.02431221 0.00414295
v 0.01870441 0.00616479 0.02363619
v 0.01852623 -0.02431221 0.01652141
v 0.01858805 -0.02431221 0.01342365
v 0.01856623 -0.02431221 0.01187477
v 0.01861350 0.00616479 0.00989144
v 0.01776624 -0.02431221 0.00259407
v 0.01863896 0.00616479 0.02425952
v 0.01835532 -0.02431221 0.01807029
v 0.01746442 -0.01237917 0.00104519
v 0.01724624 -0.01083085 -0.00030221
v 0.01820987 0.00616479 0.00726590
v 0.01765715 -0.02431221 0.00214074
v 0.01725715 -0.01237917 -0.00027703
v 0.01859168 0.00616479 0.02456803
v 0.01815169 -0.02431221 0.01961287
v 0.01821350 -0.02431221 0.01915954
v 0.01705715 -0.01083085 -0.00107665
v 0.01702806 -0.00928254 -0.00092554
v 0.01725351 0.00616479 0.00281444
v 0.01757351 0.00616479 0.00414295
v 0.01758078 0.00616479 0.00417443
v 0.01792623 0.00616479 0.00569183
v 0.01739170 -0.02431221 0.00104519
v 0.01700625 -0.01857242 -0.00083110
v 0.01704261 -0.01237917 -0.00105147
v 0.01783169 -0.02431221 0.02116176
v 0.01792623 -0.02431221 0.02070842
v 0.01831169 0.00616479 0.02573914
v 0.01656625 -0.02012073 -0.00205257
v 0.01670443 -0.01083085 -0.00205257
v 0.01668625 -0.00928254 -0.00205257
v 0.01594807 -0.00309525 -0.00360145
v 0.01630807 -0.00154694 -0.00205257
v 0.01706443 0.00616479 0.00203370
v 0.01708988 -0.02431221 -0.00008184
v 0.01693352 -0.02431221 -0.00062962
v 0.01680261 -0.02431221 -0.00105147
v 0.01647898 -0.02431221 -0.00205257
v 0.01653716 -0.02166904 -0.00205257
v 0.01787169 0.00616479 0.02735728
v 0.01740260 -0.02431221 0.02271064
v 0.01584626 -0.02431221 -0.00370219
v 0.01590444 -0.02321736 -0.00360145
v 0.01609716 -0.01083085 -0.00360145
v 0.01611534 -0.00928254 -0.00360145
v 0.01608989 -0.00774019 -0.00360145
v 0.01565353 -0.00619188 -0.00452071
v 0.01559171 -0.00309525 -0.00441997
v 0.01557353 -0.00224204 -0.00438849
v 0.01582807 -0.00165434 -0.00368330
v 0.01706079 0.00616479 0.00202111
v 0.01740260 0.00616479 0.02886209
v 0.01691170 -0.02431221 0.02437915
v 0.01698079 -0.02431221 0.02415248
v 0.01714442 -0.02431221 0.02360471
v 0.01573353 -0.02431221 -0.00398552
v 0.01557717 -0.02321736 -0.00441997
v 0.01567899 -0.01083085 -0.00458997
v 0.01568262 -0.00928254 -0.00458997
v 0.01567535 -0.00774019 -0.00456478
v 0.00659544 -0.01083085 -0.02012285
v 0.01403900 0.00402281 -0.00595626
v 0.01570444 0.00154968 -0.00311664
v 0.01580262 0.00000137 -0.00331182
v 0.01669352 0.00616479 0.00104519
v 0.01739533 0.00616479 0.02888098
v 0.01709352 0.00616479 0.02961134
v 0.01644625 -0.02431221 0.02539284
v 0.01556990 -0.02431221 -0.00439478
v 0.01552626 -0.02431221 -0.00449552
v 0.01523899 -0.02321736 -0.00519441
v 0.01446445 -0.02321736 -0.00666773
v 0.01523535 -0.01083085 -0.00536441
v 0.00650454 -0.01192273 -0.02007878
v 0.00474819 -0.01319061 -0.02142618
v 0.00475546 -0.01237917 -0.02142618
v 0.00474092 -0.01158562 -0.02141358
v 0.00369366 0.00000137 -0.02021729
v 0.00646817 -0.00959578 -0.01999063
v 0.00751543 0.00616479 -0.01481510
v 0.00810088 0.00616479 -0.01404066
v 0.01268993 0.00616479 -0.00772551
v 0.01445354 -0.02431221 -0.00664884
v 0.01398446 -0.02431221 -0.00742329
v 0.01331537 0.00616479 -0.00667403
v 0.01386446 0.00616479 -0.00555959
v 0.01562080 0.00260576 -0.00295923
v 0.01666443 0.00616479 0.03041726
v 0.01624262 -0.02431221 0.02580840
v 0.01527172 -0.02431221 -0.00506848
v 0.01380991 -0.02431221 -0.00766254
v 0.01338083 -0.02431221 -0.00824180
v 0.01263538 -0.02431221 -0.00918624
v 0.00381002 -0.01379622 -0.02164025
v 0.00394820 -0.01237917 -0.02186062
v 0.01160630 -0.02431221 -0.01018105
v 0.01105722 -0.02431221 -0.01070364
v 0.01076631 -0.02431221 -0.01093660
v 0.01010086 -0.02431221 -0.01144030
v 0.00923905 -0.02431221 -0.01204474
v 0.00240276 -0.00154694 -0.02095396
v 0.00349002 0.00154968 -0.02007248
v 0.00446819 0.00000137 -0.01960026
v 0.00607909 0.00616479 -0.01655287
v 0.00673726 0.00616479 -0.01579102
v 0.01547172 0.00616479 0.03261466
v 0.01583535 -0.02431221 0.02645062
v 0.01496627 0.00616479 0.03344577
v 0.01490081 0.00616479 0.03355280
v 0.00252640 -0.01396029 -0.02175358
v 0.00240276 -0.01237917 -0.02209358
v 0.00319912 -0.01471804 -0.02141988
v 0.00851542 -0.02431221 -0.01240363
v 0.00240276 0.00000137 -0.02070840
v 0.00085369 -0.00309525 -0.02131284
v 0.00085369 -0.00154694 -0.02114284
v 0.00331911 0.00262962 -0.01995285
v 0.00426456 0.00154968 -0.01941137
v 0.00475546 0.00395419 -0.01834101
v 0.00529364 0.00616479 -0.01722657
v 0.01566444 -0.02431221 0.02670876
v 0.01421718 0.00616479 0.03462946
v 0.00312275 -0.01471804 -0.02141988
v 0.00209004 -0.01449728 -0.02127507
v -0.00168083 -0.01482842 -0.01993396
v -0.00221537 -0.01398714 -0.02028026
v 0.00134459 -0.01346507 -0.02162136
v -0.00109902 -0.01083085 -0.02134433
v -0.00094993 -0.00928254 -0.02133803
v -0.00053903 -0.00473903 -0.02130655
v -0.00069175 -0.00309525 -0.02121210
v -0.00223719 -0.01237917 -0.02094766
v 0.00704635 -0.02431221 -0.01283178
v 0.00659181 -0.02431221 -0.01290103
v 0.00504273 -0.02431221 -0.01308363
v 0.00394820 -0.02431221 -0.01317177
v 0.00349729 -0.02431221 -0.01319066
v 0.00085369 0.00000137 -0.02084692
v -0.00063721 0.00616479 -0.01973878
v 0.00240276 0.00154968 -0.02036841
v -0.00069175 -0.00154694 -0.02106099
v -0.00211356 0.00616479 -0.01973878
v -0.00196810 0.00616479 -0.01974507
v -0.00078266 0.00616479 -0.01974507
v 0.00087914 0.00616479 -0.01953100
v 0.00239912 0.00616479 -0.01913434
v 0.00356275 0.00616479 -0.01858656
v 0.00433365 0.00616479 -0.01800101
v 0.01521354 -0.02431221 0.02725654
v 0.01367901 0.00616479 0.03542279
v 0.01290447 0.00616479 0.03637982
v 0.00240276 -0.02431221 -0.01314659
v 0.00194822 -0.02431221 -0.01310881
v -0.00008812 -0.01788627 -0.01837878
v -0.00271355 -0.01454203 -0.01973248
v -0.00335718 -0.01350982 -0.02011655
v -0.00223719 -0.01083085 -0.02099803
v -0.00223719 -0.00309525 -0.02086581
v -0.00223719 -0.00154694 -0.02079655
v -0.00355354 -0.01237917 -0.02032433
v -0.00375718 0.00616479 -0.01951211
v 0.01502445 -0.02431221 0.02748320
v 0.01215902 0.00616479 0.03715426
v 0.01351174 -0.02431221 0.02918319
v 0.01424991 -0.02431221 0.02840875
v 0.00085369 -0.02431221 -0.01290103
v -0.00184083 -0.01657065 -0.01855508
v 0.00040278 -0.02431221 -0.01280029
v -0.00071721 -0.02431221 -0.01249178
v -0.00153538 -0.02431221 -0.01216437
v -0.00655351 -0.02431221 -0.00929328
v -0.00471353 -0.01351877 -0.01861804
v -0.00432808 -0.01237917 -0.01959396
v -0.00732805 -0.02431221 -0.00874550
v -0.00816077 -0.02431221 -0.00797106
v -0.00893530 -0.02431221 -0.00717773
v -0.00988802 -0.02431221 -0.00616403
v -0.01065528 -0.02431221 -0.00534552
v -0.00473898 -0.00619188 -0.01992137
v -0.00378627 -0.00154694 -0.02026766
v -0.00450989 0.00057117 -0.01983952
v -0.00378627 0.00616479 -0.01950582
v -0.00551352 -0.00619188 -0.01939248
v 0.01138085 0.00616479 0.03781538
v 0.01273720 -0.02431221 0.02990726
v -0.00486625 -0.01237917 -0.01881952
v -0.01209163 -0.02431221 -0.00368960
v -0.01256072 -0.02431221 -0.00314183
v -0.00617897 -0.00728972 -0.01847323
v -0.00625897 -0.00619188 -0.01861804
v -0.00536079 -0.00154694 -0.01937989
v -0.00459353 -0.00046103 -0.01987100
v -0.00520080 0.00003419 -0.01943656
v -0.00544443 0.00616479 -0.01875027
v -0.00630988 -0.00464357 -0.01866841
v -0.00633533 -0.00154694 -0.01860545
v -0.00633169 0.00000137 -0.01856767
v 0.01119176 0.00464631 0.03763908
v 0.01032995 0.00616479 0.03857093
v 0.00631545 0.00067559 0.04054166
v 0.00799907 0.00000137 0.03911241
v 0.01180630 -0.02431221 0.03068171
v -0.01274254 -0.02431221 -0.00282072
v -0.01316799 -0.02431221 -0.00205257
v -0.01473161 -0.01547579 -0.00050369
v -0.01427343 -0.01237917 -0.00187628
v -0.01416070 -0.00154694 -0.00334960
v -0.00629169 0.00154968 -0.01849841
v -0.00624079 0.00309800 -0.01843545
v -0.00616442 0.00464631 -0.01835990
v -0.00610988 0.00543687 -0.01830953
v -0.00561170 0.00616479 -0.01858656
v -0.01420070 0.00154968 -0.00341256
v -0.01419343 0.00000137 -0.00339368
v -0.00781168 0.00616479 -0.01548250
v -0.00739714 0.00616479 -0.01627583
v -0.00671351 0.00464631 -0.01753508
v 0.01103176 -0.02431221 0.03131763
v 0.01031177 0.00616479 0.03858352
v 0.00786816 -0.00092941 0.03900537
v 0.00955905 0.00616479 0.03908722
v 0.00856270 0.00616479 0.03959722
v 0.00722089 0.00616479 0.04023943
v 0.00644999 0.00616479 0.04059832
v 0.00549727 0.00154968 0.04091943
v 0.00394820 0.00154968 0.04153017
v 0.00394820 0.00000137 0.04137276
v 0.00549364 0.00009684 0.04074943
v 0.00816634 -0.02431221 0.03294836
v 0.00839543 -0.02431221 0.03283503
v 0.00894087 -0.02431221 0.03255170
v 0.01014086 -0.02431221 0.03187170
v -0.01331344 -0.02431221 -0.00171887
v -0.01368071 -0.02431221 -0.00084999
v -0.01377525 -0.02431221 -0.00062332
v -0.01398616 -0.02431221 -0.00007554
v -0.01411707 -0.02431221 0.00027075
v -0.01479342 -0.02012073 0.00104519
v -0.01552796 -0.01392748 0.00154260
v -0.01480797 -0.01392748 -0.00050369
v -0.01484070 0.00000137 -0.00205257
v -0.00656078 0.00616479 -0.01762953
v -0.01487342 0.00154968 -0.00205257
v -0.01416434 0.00309800 -0.00336849
v -0.01405161 0.00464631 -0.00321108
v -0.01202618 0.00616479 -0.00688181
v 0.00643545 0.00616479 0.04060462
v 0.00245003 0.00154968 0.04193943
v 0.00227549 0.00013562 0.04185128
v 0.00546818 0.00616479 0.04096980
v 0.00549727 -0.02431221 0.03381724
v 0.00704635 -0.02431221 0.03339540
v -0.01435343 -0.02431221 0.00104519
v -0.01445888 -0.02431221 0.00149852
v -0.01482251 -0.02321736 0.00259407
v -0.01573887 -0.01392748 0.00259407
v -0.01552796 0.00154968 -0.00016999
v -0.01529524 0.00154968 -0.00094443
v -0.01480070 0.00309800 -0.00205257
v -0.01453524 0.00464631 -0.00205257
v -0.01392798 0.00572625 -0.00300331
v -0.01284435 0.00616479 -0.00515033
v 0.00164277 0.00234622 0.04206535
v 0.00167550 0.00154968 0.04207165
v 0.00167550 0.00073824 0.04207165
v 0.00394820 0.00616479 0.04136017
v 0.00391911 0.00616479 0.04136647
v 0.00085369 -0.00031485 0.04197091
v 0.00392274 -0.02431221 0.03412576
v -0.01467342 -0.02431221 0.00259407
v -0.01507706 -0.02431221 0.00572331
v -0.01525160 -0.02310399 0.00581146
v -0.01540433 -0.02251032 0.00640961
v -0.01545523 -0.02166904 0.00607591
v -0.01538978 -0.02080390 0.00497406
v -0.01616068 0.00616479 0.00411147
v -0.01570614 0.00154968 0.00104519
v -0.01552432 -0.02022216 0.00556591
v -0.01566251 -0.01857242 0.00569183
v -0.01584068 -0.01392748 0.00414295
v -0.01795339 0.00616479 0.01961287
v -0.01548796 0.00309800 -0.00003777
v -0.01525887 0.00309800 -0.00081221
v -0.01415343 0.00616479 -0.00212813
v -0.01411343 0.00616479 -0.00223516
v -0.01542978 0.00396314 0.00015112
v -0.01549887 0.00616479 0.00156148
v -0.01360434 0.00616479 -0.00348812
v 0.00085369 0.00257294 0.04209683
v -0.00069175 0.00154968 0.04222905
v 0.00085369 0.00154968 0.04214091
v 0.00240276 0.00616479 0.04156795
v 0.00085369 0.00616479 0.04168128
v 0.00085369 0.00045781 0.04210313
v -0.00069175 -0.00056843 0.04203387
v 0.00243549 -0.02431221 0.03402503
v -0.01521524 -0.02431221 0.00723442
v -0.01526615 -0.02431221 0.00878330
v -0.01551705 -0.02166904 0.00723442
v -0.01565523 -0.02012073 0.00723442
v -0.01584432 0.00616479 0.00256259
v -0.01575341 -0.01702410 0.00569183
v -0.01759339 0.00309800 0.02271064
v -0.01789157 0.00616479 0.02116176
v -0.01551705 -0.02166904 0.00878330
v -0.01541887 -0.02267142 0.00960811
v -0.00069175 0.00292795 0.04214720
v -0.00223719 0.00277282 0.04212202
v -0.00223719 0.00154968 0.04216609
v -0.00223719 0.00049361 0.04210313
v -0.00069175 0.00020722 0.04214091
v -0.00069175 0.00616479 0.04174425
v -0.00223719 -0.00028204 0.04193313
v 0.00136641 -0.02431221 0.03360317
v -0.00363354 0.00015352 0.04166239
v -0.00543352 -0.00010603 0.04093203
v -0.00601170 -0.00069075 0.04047869
v -0.01518615 -0.02431221 0.00919885
v -0.01740794 0.00616479 0.02887468
v -0.01746976 0.00309800 0.02425952
v -0.01758612 0.00616479 0.02732580
v -0.00223719 0.00464631 0.04192684
v -0.00223719 0.00616479 0.04176313
v -0.00381899 0.00616479 0.04166869
v -0.00533534 0.00616479 0.04155535
v -0.00303718 0.00242975 0.04207165
v -0.00303355 0.00154968 0.04207165
v -0.00301536 0.00077105 0.04206535
v 0.00085369 -0.02431221 0.03339540
v -0.00646260 0.00033848 0.04069907
v -0.00773532 -0.00243595 0.03901166
v -0.01493160 -0.02431221 0.01028811
v -0.01708794 0.00616479 0.03041097
v -0.01711704 0.00616479 0.03028504
v -0.00688442 0.00616479 0.04126573
v -0.00688442 0.00464631 0.04122795
v -0.00688442 0.00309800 0.04107684
v -0.00533534 0.00154968 0.04137276
v -0.00693896 0.00158250 0.04080610
v 0.00015915 -0.02431221 0.03306169
v -0.00749532 0.00109026 0.04042202
v -0.00801895 -0.00154694 0.03918166
v -0.00909894 -0.00053860 0.03889203
v -0.00879349 -0.00154694 0.03864018
v -0.00840804 -0.00303559 0.03818685
v -0.00628442 -0.02431221 0.02873616
v -0.00555716 -0.02431221 0.02928394
v -0.00533170 -0.02431221 0.02944764
v -0.00375718 -0.02431221 0.03056837
v -0.00292082 -0.02431221 0.03116022
v -0.00218265 -0.02431221 0.03166392
v -0.00092811 -0.02431221 0.03245725
v -0.00015358 -0.02431221 0.03290429
v -0.01284072 -0.02431221 0.01807029
v -0.01251345 -0.02431221 0.01926028
v -0.01684431 0.00572625 0.03080763
v -0.01659340 0.00616479 0.03180244
v -0.00690987 0.00616479 0.04125943
v -0.00817531 0.00464631 0.04075573
v -0.00794622 0.00309800 0.04066758
v -0.00774259 0.00212247 0.04057314
v -0.00931348 0.00049361 0.03904315
v -0.01058619 0.00309800 0.03882278
v -0.01029165 0.00154968 0.03853944
v -0.00998256 -0.00001056 0.03821833
v -0.01064801 -0.00051473 0.03729279
v -0.00962257 -0.00154694 0.03787204
v -0.00934984 -0.00260302 0.03758241
v -0.00908439 -0.00363522 0.03729279
v -0.00654987 -0.02431221 0.02850950
v -0.01239345 -0.02431221 0.01948695
v -0.01387707 0.00225672 0.03437132
v -0.01536069 0.00397508 0.03270910
v -0.01653522 0.00616479 0.03194096
v -0.00826622 0.00616479 0.04076202
v -0.00902257 0.00616479 0.04042202
v -0.00894985 0.00464631 0.04036536
v -0.00872076 0.00309800 0.04018907
v -0.00981166 0.00309800 0.03941462
v -0.01073892 0.00402878 0.03895500
v -0.01134982 0.00309800 0.03804834
v -0.01105892 0.00154968 0.03776500
v -0.01085528 0.00051748 0.03754464
v -0.01105528 -0.00154694 0.03624131
v -0.01083710 -0.00251948 0.03597057
v -0.01039711 -0.00154694 0.03701575
v -0.01247708 0.00154968 0.03608390
v -0.01231345 0.00074420 0.03588872
v -0.00997893 -0.00307736 0.03663167
v -0.00709532 -0.02431221 0.02796172
v -0.01209891 -0.02431221 0.02003472
v -0.01326253 0.00166305 0.03496946
v -0.01352798 0.00309800 0.03537872
v -0.01401889 0.00309800 0.03460428
v -0.01525887 0.00580382 0.03406910
v -0.01561523 0.00616479 0.03367243
v -0.01570614 0.00616479 0.03350873
v -0.00958621 -0.02431221 0.02429100
v -0.00998256 0.00616479 0.03971684
v -0.01012438 0.00458366 0.03947759
v -0.01085165 0.00616479 0.03903685
v -0.01162618 0.00616479 0.03840723
v -0.01164800 0.00616479 0.03838833
v -0.01252072 0.00616479 0.03762019
v -0.01238981 0.00502518 0.03751945
v -0.01227345 0.00399298 0.03738723
v -0.01212436 0.00309800 0.03720464
v -0.01183345 0.00154968 0.03685834
v -0.00773895 -0.02431221 0.02714950
v -0.00732077 -0.02431221 0.02769728
v -0.01275708 0.00309800 0.03643020
v -0.00846258 -0.02431221 0.02606655
v -0.01371707 0.00429727 0.03568094
v -0.01475706 0.00616479 0.03499465
v -0.01490251 0.00616479 0.03477428
v -0.01327708 0.00616479 0.03678279
v -0.01397525 0.00616479 0.03600835
v -0.01387707 0.00532948 0.03590131
v 0.00392245 -0.02431222 0.03412680
v 0.00440455 -0.02431222 0.03403415
v 0.00243512 -0.02431222 0.03402952
v 0.00549867 -0.03251214 0.03412680
v 0.00549867 -0.03096216 0.03412217
v 0.00704755 -0.03251214 0.03394614
v 0.00549867 -0.02431222 0.03382106
v 0.00394980 -0.03096216 0.03403415
v 0.00085889 -0.02431222 0.03339950
v -0.00078572 -0.07584928 0.03267221
v -0.00000616 -0.07669927 0.03278339
v 0.00704755 -0.03560587 0.03392298
v 0.00704755 -0.03405588 0.03396004
v 0.00085889 -0.07584928 0.03286677
v 0.00190515 -0.07703051 0.03283435
v 0.00859301 -0.03560587 0.03365892
v 0.00859301 -0.03405588 0.03362186
v 0.00704755 -0.03096216 0.03385812
v 0.00704755 -0.02431222 0.03339950
v 0.00015796 -0.02431222 0.03306597
v -0.00223886 -0.07584928 0.03208852
v -0.00223886 -0.07739927 0.03203293
v -0.00059083 -0.07729301 0.03262588
v -0.00068999 -0.07894925 0.03240353
v 0.00085889 -0.07776176 0.03271853
v 0.00085889 -0.07698677 0.03282508
v 0.00859301 -0.03715586 0.03363576
v 0.00332752 -0.07399929 0.03284361
v 0.00085889 -0.07894925 0.03249618
v 0.00335145 -0.08293047 0.03125931
v 0.00438403 -0.08245547 0.03116203
v 0.00241118 -0.07748676 0.03263515
v 0.00294457 -0.07584928 0.03272780
v 0.01029232 -0.03721836 0.03307060
v 0.01011795 -0.03560587 0.03313546
v 0.01000511 -0.03405588 0.03308913
v 0.00859301 -0.03251214 0.03350605
v 0.00816561 -0.02431222 0.03295016
v -0.00015318 -0.02431222 0.03290846
v -0.00338769 -0.05263697 0.03145387
v -0.00331247 -0.07584928 0.03141681
v -0.00327828 -0.07739927 0.03139828
v -0.00317571 -0.07894925 0.03132879
v -0.00223886 -0.07894925 0.03186616
v -0.00234827 -0.08048674 0.03158821
v -0.00068999 -0.08049299 0.03209315
v 0.00859301 -0.03869959 0.03355238
v 0.01023762 -0.03855584 0.03304744
v 0.00651074 -0.07862425 0.03130563
v 0.00672957 -0.07739927 0.03137975
v 0.00750230 -0.07739927 0.03112497
v 0.00859301 -0.07739927 0.03076363
v 0.00085889 -0.08049299 0.03204683
v 0.00273258 -0.08293047 0.03125931
v 0.00229151 -0.08350546 0.03101842
v 0.00390193 -0.08350546 0.03094893
v 0.00540978 -0.08198047 0.03098136
v 0.00516702 -0.08049299 0.03136122
v 0.00549867 -0.08359296 0.03051348
v 0.00394980 -0.07894925 0.03196344
v 0.00563202 -0.07906175 0.03149556
v 0.00394980 -0.07739927 0.03222286
v 0.01091803 -0.03794335 0.03277412
v 0.01091803 -0.03777460 0.03277412
v 0.01091119 -0.03674336 0.03276949
v 0.01089067 -0.03560587 0.03276486
v 0.01078126 -0.03405588 0.03270927
v 0.00839469 -0.02431222 0.03283898
v -0.00092591 -0.02431222 0.03245912
v -0.00218073 -0.02431222 0.03166696
v -0.00291927 -0.02431222 0.03116203
v -0.00375696 -0.02431222 0.03056907
v -0.00416042 -0.05418071 0.03093967
v -0.00408520 -0.07584928 0.03092577
v -0.00405443 -0.07739927 0.03090261
v -0.00394843 -0.07894925 0.03084702
v -0.00307997 -0.07996799 0.03126857
v -0.00293637 -0.08099923 0.03118056
v -0.00263890 -0.08204297 0.03108791
v -0.00186275 -0.08204297 0.03142144
v -0.00155503 -0.08288672 0.03125468
v 0.01014188 -0.07739927 0.03021237
v 0.01114027 -0.07739927 0.02980008
v 0.00859301 -0.07894925 0.03056444
v 0.00623721 -0.07965550 0.03121762
v 0.00703387 -0.07906175 0.03106011
v -0.00057032 -0.08347421 0.03101842
v 0.00394980 -0.08479920 0.03015215
v 0.00085889 -0.08359296 0.03096746
v -0.00068999 -0.08484295 0.03019847
v 0.00549867 -0.08468045 0.02996685
v 0.00704755 -0.08204297 0.03040230
v 0.00948540 -0.08142423 0.02973059
v 0.00704755 -0.08049299 0.03080069
v 0.00594316 -0.08049299 0.03114349
v 0.00641501 -0.08448670 0.02977692
v 0.01095222 -0.08439921 0.02814629
v 0.01153689 -0.03855584 0.03237573
v 0.01153689 -0.03721836 0.03244985
v 0.01191300 -0.07739927 0.02936000
v 0.01400210 -0.07801801 0.02812313
v 0.01169075 -0.03560587 0.03232941
v 0.01169075 -0.03405588 0.03219043
v 0.00894176 -0.02431222 0.03255640
v -0.00532977 -0.02431222 0.02945265
v -0.00555885 -0.02431222 0.02928588
v -0.00628371 -0.02431222 0.02873925
v -0.00508017 -0.05573070 0.03018458
v -0.00515198 -0.07584928 0.03015215
v -0.00513488 -0.07739927 0.03012899
v -0.00509385 -0.07894925 0.03007340
v -0.00497418 -0.08049299 0.02996685
v -0.00367148 -0.08048674 0.03080996
v -0.00378773 -0.08204297 0.03043473
v -0.00388005 -0.08348671 0.03008729
v -0.00342872 -0.08466170 0.02997148
v -0.00213970 -0.08347421 0.03090724
v 0.01104112 -0.07846176 0.02974912
v 0.00859301 -0.08049299 0.03026333
v 0.01022052 -0.07896800 0.02997148
v -0.00223886 -0.08484920 0.03015215
v 0.00394980 -0.08556794 0.02916543
v 0.01169075 -0.08627419 0.02690016
v -0.00068999 -0.08561794 0.02910521
v 0.01264812 -0.08613044 0.02673339
v 0.01005640 -0.08198047 0.02929978
v 0.01052141 -0.08049299 0.02949434
v 0.01078810 -0.07949299 0.02962405
v 0.00974868 -0.08049299 0.02983714
v 0.01118472 -0.08359296 0.02828990
v 0.01282933 -0.03869959 0.03154189
v 0.01413203 -0.07584928 0.02819262
v 0.01286694 -0.03715586 0.03160211
v 0.01304816 -0.07894925 0.02847056
v 0.01382430 -0.07894925 0.02800732
v 0.01440898 -0.08049299 0.02699744
v 0.01462439 -0.07894925 0.02723370
v 0.01564671 -0.07695552 0.02669633
v 0.01573219 -0.07584928 0.02682141
v 0.01490475 -0.07584928 0.02759966
v 0.01279514 -0.03560587 0.03156505
v 0.01270624 -0.03405588 0.03148167
v 0.01103086 -0.02431222 0.03131490
v 0.01014188 -0.02431222 0.03187079
v -0.00654699 -0.02431222 0.02851226
v -0.00816767 -0.02786844 0.02705766
v -0.00592812 -0.07584928 0.02949434
v -0.00591103 -0.07739927 0.02948044
v -0.00586658 -0.07894925 0.02945265
v -0.00575033 -0.08049299 0.02935536
v -0.00473484 -0.08204297 0.02979545
v -0.00446131 -0.08393046 0.02954066
v -0.00597257 -0.08414921 0.02796562
v -0.00493999 -0.08456170 0.02850762
v -0.00540841 -0.08483045 0.02741436
v -0.00388005 -0.08489295 0.02897550
v -0.00217732 -0.08560544 0.02882263
v 0.01169075 -0.08049299 0.02885969
v 0.01161211 -0.07896800 0.02929514
v 0.00394980 -0.08605544 0.02839181
v 0.01169075 -0.08678669 0.02580690
v -0.00161999 -0.08596169 0.02825284
v -0.00068999 -0.08601169 0.02833159
v 0.00085889 -0.08604294 0.02835939
v 0.00240093 -0.08606169 0.02838718
v 0.01293874 -0.08631794 0.02580690
v 0.01394397 -0.08580544 0.02472290
v 0.01424486 -0.08477420 0.02536218
v 0.01385166 -0.08391796 0.02639522
v 0.01286694 -0.08513670 0.02690016
v 0.01196087 -0.08359296 0.02786371
v 0.01173178 -0.08193672 0.02845667
v 0.01545524 -0.05573070 0.02802121
v 0.01363967 -0.03715586 0.03061540
v 0.01269940 -0.08049299 0.02826673
v 0.01403287 -0.08288672 0.02660368
v 0.01416622 -0.08204297 0.02674266
v 0.01227201 -0.08238047 0.02801658
v 0.01539711 -0.07894925 0.02633036
v 0.01600572 -0.07744301 0.02591808
v 0.01634422 -0.07584928 0.02580690
v 0.01570484 -0.08049299 0.02526490
v 0.01632028 -0.08049299 0.02425965
v 0.01679896 -0.05881817 0.02595513
v 0.01605017 -0.05727443 0.02721053
v 0.01530821 -0.02941217 0.02780349
v 0.01522957 -0.02786844 0.02772010
v 0.01424828 -0.02431222 0.02841034
v 0.01350974 -0.02431222 0.02918396
v 0.01273701 -0.02431222 0.02990663
v 0.01180359 -0.02431222 0.03068025
v 0.01125652 -0.02431222 0.03112960
v -0.00709405 -0.02431222 0.02796099
v -0.00732314 -0.02431222 0.02769694
v -0.00894381 -0.02786844 0.02613580
v -0.00895749 -0.02941217 0.02620066
v -0.00664614 -0.07584928 0.02872072
v -0.00661537 -0.07739927 0.02870682
v -0.00658118 -0.07894925 0.02867439
v -0.00649228 -0.08049299 0.02858174
v -0.00634184 -0.08204297 0.02840571
v -0.00551099 -0.08204297 0.02917933
v -0.00621191 -0.08311172 0.02824821
v -0.00736075 -0.08386796 0.02608484
v -0.00766505 -0.08437420 0.02505181
v -0.00632816 -0.08452420 0.02693259
v -0.00766505 -0.08283672 0.02659441
v -0.00527165 -0.08556794 0.02576057
v -0.00425958 -0.08582419 0.02624698
v 0.00240093 -0.08641793 0.02735877
v 0.00394980 -0.08640544 0.02735877
v 0.01014188 -0.08678669 0.02580690
v 0.00549867 -0.08807417 0.00723535
v 0.00704755 -0.08804917 0.00723535
v 0.00859301 -0.08784293 0.00723535
v 0.01003589 -0.08758043 0.00878259
v 0.01323963 -0.08697418 0.01033446
v 0.01478508 -0.08668668 0.01033446
v 0.01700753 -0.08588669 0.01806605
v -0.00322699 -0.08596794 0.02675192
v -0.00217732 -0.08608044 0.02730318
v -0.00068999 -0.08629294 0.02735877
v 0.00085889 -0.08636794 0.02735877
v 0.01744176 -0.08485545 0.01926586
v 0.01439872 -0.08347421 0.02584859
v 0.01579373 -0.08316796 0.02382883
v 0.01543472 -0.08241797 0.02485724
v 0.01600914 -0.05263697 0.02720127
v 0.01587237 -0.02941217 0.02702987
v 0.01518171 -0.08049299 0.02603852
v 0.01559542 -0.08138048 0.02508423
v 0.01670665 -0.07891175 0.02414384
v 0.01714088 -0.07836801 0.02355089
v 0.01682632 -0.07739927 0.02443569
v 0.01694599 -0.07584928 0.02456076
v 0.01594076 -0.08195547 0.02431061
v 0.01694941 -0.08049299 0.02306448
v 0.01705198 -0.07939924 0.02332853
v 0.01716823 -0.05881817 0.02518152
v 0.01682290 -0.05727443 0.02598756
v 0.01583818 -0.02786844 0.02694648
v 0.01566381 -0.02431222 0.02671023
v 0.01521248 -0.02431222 0.02725686
v 0.01502442 -0.02431222 0.02748385
v 0.01447736 -0.02431222 0.02813703
v -0.00773685 -0.02431222 0.02715031
v -0.00939514 -0.02941217 0.02542704
v -0.00846513 -0.02431222 0.02606632
v -0.00958661 -0.02431222 0.02429208
v -0.00929940 -0.02631845 0.02520468
v -0.01209969 -0.02431222 0.02003484
v -0.01403834 -0.07275555 0.01763986
v -0.01355282 -0.07275555 0.01841348
v -0.00923102 -0.07991174 0.02508423
v -0.00799671 -0.07894925 0.02700207
v -0.00741887 -0.07584928 0.02778959
v -0.00739152 -0.07739927 0.02780349
v -0.00735733 -0.07894925 0.02777569
v -0.00726501 -0.08049299 0.02766451
v -0.00711799 -0.08204297 0.02746995
v -0.00791123 -0.08049299 0.02688626
v -0.00788388 -0.08344921 0.02566329
v -0.01079357 -0.08439921 0.01892769
v -0.00688206 -0.08518045 0.02425965
v -0.00686155 -0.08469920 0.02566329
v -0.00930282 -0.08297422 0.02367133
v -0.00775053 -0.08204297 0.02669633
v -0.00837281 -0.08204297 0.02580690
v -0.00904981 -0.08204297 0.02473680
v -0.00950113 -0.08204297 0.02396317
v -0.00577084 -0.08580544 0.02425965
v -0.00471432 -0.08595544 0.02521394
v -0.00376038 -0.08608044 0.02576057
v 0.00240093 -0.08668043 0.02580690
v 0.00394980 -0.08806167 0.00568810
v 0.00549867 -0.08815542 0.00568810
v 0.00085889 -0.08661794 0.02580690
v -0.00068999 -0.08665544 0.02425965
v -0.00223886 -0.08657418 0.02425965
v 0.00704755 -0.08808042 0.00568810
v 0.00859301 -0.08783667 0.00568810
v 0.01008717 -0.08758668 0.00723535
v 0.01080861 -0.08744292 0.00878259
v 0.01169075 -0.08728043 0.00878259
v 0.01323963 -0.08699293 0.00878259
v 0.01478508 -0.08666793 0.00878259
v 0.01633396 -0.08628044 0.01033446
v 0.01633396 -0.08627419 0.01187707
v 0.01731525 -0.08599919 0.01187707
v 0.01803670 -0.08566795 0.01342432
v 0.01895303 -0.08486170 0.01497156
v 0.01876497 -0.08458045 0.01651880
v 0.01792728 -0.08496170 0.01791318
v -0.00223886 -0.08638669 0.02580690
v -0.00068999 -0.08654294 0.02580690
v 0.01865898 -0.08436795 0.01729706
v 0.01678187 -0.08198047 0.02262439
v 0.01653569 -0.02941217 0.02580690
v 0.01646731 -0.02786844 0.02580690
v 0.01721268 -0.04953700 0.02520004
v 0.01747937 -0.07739927 0.02271241
v 0.01717507 -0.07739927 0.02366207
v 0.01720584 -0.07584928 0.02378714
v 0.01723320 -0.07429929 0.02384736
v 0.01743834 -0.06036816 0.02425965
v 0.01747595 -0.05881817 0.02425965
v 0.01718191 -0.05727443 0.02521394
v 0.01624164 -0.02431222 0.02580690
v 0.01583476 -0.02431222 0.02645544
v -0.01239373 -0.02431222 0.01948821
v -0.01251340 -0.02431222 0.01926122
v -0.01477346 -0.06346813 0.01342432
v -0.01402809 -0.07429929 0.01762596
v -0.01284164 -0.02431222 0.01806605
v -0.01493074 -0.02431222 0.01029740
v -0.01518718 -0.02431222 0.00919488
v -0.01526924 -0.02431222 0.00878259
v -0.01353915 -0.07429929 0.01839958
v -0.01400757 -0.07584928 0.01758890
v -0.00956952 -0.08045549 0.02437547
v -0.00915580 -0.08094299 0.02496842
v -0.00876260 -0.08045549 0.02568182
v -0.01090982 -0.08449295 0.01806605
v -0.00718979 -0.08578044 0.02116517
v -0.00681368 -0.08563669 0.02274484
v -0.01079699 -0.08291797 0.02050273
v -0.01095427 -0.08349921 0.01951138
v -0.01224671 -0.08258047 0.01714419
v -0.01242109 -0.08299922 0.01611115
v -0.01014051 -0.08204297 0.02271241
v -0.01394261 -0.07689927 0.01746846
v -0.00602044 -0.08589294 0.02328683
v -0.00499811 -0.08602419 0.02425965
v -0.00378773 -0.08632418 0.02425965
v -0.00188669 -0.08755542 0.00378416
v -0.00068999 -0.08769293 0.00259362
v 0.00394980 -0.08802417 0.00414086
v 0.00549867 -0.08801793 0.00414086
v -0.00378773 -0.08641169 0.02271241
v 0.00704755 -0.08790543 0.00414086
v 0.00868190 -0.08764917 0.00405747
v 0.00961191 -0.08753043 0.00451609
v 0.00989570 -0.08757417 0.00568810
v 0.01085990 -0.08744918 0.00723535
v 0.01169075 -0.08728043 0.00723535
v 0.01478508 -0.08655544 0.00723535
v 0.01639550 -0.08616169 0.00887524
v 0.01323963 -0.08694918 0.00723535
v 0.01723661 -0.08597419 0.01033446
v 0.01808798 -0.08559919 0.01187707
v 0.01902483 -0.08489295 0.01342432
v 0.01937016 -0.08359296 0.01342432
v 0.01917869 -0.08359296 0.01497156
v 0.01863847 -0.07739927 0.01872849
v 0.01840596 -0.07739927 0.01961792
v 0.01795806 -0.07739927 0.02116517
v 0.01700069 -0.02941217 0.02476459
v 0.01761272 -0.04799327 0.02425965
v 0.01691180 -0.02431222 0.02438010
v 0.01644679 -0.02431222 0.02539461
v 0.01760246 -0.07429929 0.02271241
v 0.01764349 -0.07275555 0.02271241
v 0.01812217 -0.07275555 0.02116517
v 0.01816320 -0.04799327 0.02271241
v -0.01483843 -0.06346813 0.01187707
v -0.01413066 -0.07584928 0.01651880
v -0.01521453 -0.02431222 0.00723535
v -0.01456489 -0.07429929 0.00568810
v -0.01247237 -0.08447420 0.00832861
v -0.00918657 -0.08591169 0.01259974
v -0.00997981 -0.08513045 0.01651880
v -0.00625294 -0.08594294 0.02225380
v -0.01061920 -0.08204297 0.02160988
v -0.01376139 -0.07793051 0.01693573
v -0.01388448 -0.07830551 0.01590269
v -0.01339212 -0.08049299 0.01497156
v -0.01361437 -0.08049299 0.01342432
v -0.01355624 -0.08204297 0.00878259
v -0.01283480 -0.08368671 0.00881965
v -0.01397338 -0.07740551 0.01645858
v -0.00857454 -0.08607419 0.01200215
v -0.00641706 -0.08597419 0.02116517
v -0.00194823 -0.08756168 0.00259362
v -0.00688206 -0.08638669 0.01187707
v -0.00688206 -0.08644294 0.01033446
v -0.00843094 -0.08616169 0.01033446
v 0.00394980 -0.08778042 0.00259362
v -0.00168496 -0.08749917 0.00169492
v -0.00068999 -0.08753043 0.00159300
v 0.00549867 -0.08773668 0.00259362
v 0.00646629 -0.08749917 0.00171345
v 0.00700994 -0.08759918 0.00257509
v 0.00822032 -0.08753667 0.00308002
v 0.00925290 -0.08743668 0.00348305
v 0.01323963 -0.08648044 0.00259362
v 0.01323963 -0.08683668 0.00568810
v 0.01323963 -0.08667419 0.00414086
v 0.01444659 -0.08613044 0.00259362
v 0.01714772 -0.08593669 0.00945430
v 0.01800934 -0.08547419 0.01033446
v 0.01898722 -0.08482420 0.01187707
v 0.01938726 -0.08359296 0.01187707
v 0.01961634 -0.08049299 0.00878259
v 0.01957531 -0.08049299 0.01033446
v 0.01961976 -0.07894925 0.01033446
v 0.01954454 -0.07739927 0.01187707
v 0.01941803 -0.07739927 0.01342432
v 0.01927785 -0.07584928 0.01497156
v 0.01911031 -0.07429929 0.01651880
v 0.01908979 -0.07584928 0.01651880
v 0.01887097 -0.07429929 0.01806605
v 0.01865214 -0.07647427 0.01881651
v 0.01849486 -0.07591803 0.01948821
v 0.01848802 -0.07429929 0.01973374
v 0.01808114 -0.07429929 0.02116517
v 0.01787258 -0.03096216 0.02271241
v 0.01731525 -0.02941217 0.02399097
v 0.01816662 -0.04644328 0.02271241
v 0.01698018 -0.02431222 0.02415311
v 0.01779052 -0.02941217 0.02271241
v 0.01844699 -0.03104341 0.02102619
v 0.01850512 -0.04799327 0.02127635
v 0.01851880 -0.04644328 0.02130877
v 0.01868633 -0.07429929 0.01896011
v -0.01456489 -0.07429929 0.00723535
v -0.01441103 -0.07584928 0.00723535
v -0.01507777 -0.02431222 0.00572053
v -0.01418537 -0.07429929 0.00443734
v -0.01413750 -0.07584928 0.00446976
v -0.01442813 -0.07584928 0.00568810
v -0.01467431 -0.02431222 0.00259362
v -0.01445890 -0.02431222 0.00149572
v -0.01435291 -0.02431222 0.00104174
v -0.01247237 -0.08447420 0.00750403
v -0.00929598 -0.08595544 0.01033446
v -0.00927205 -0.08594919 0.01156670
v -0.01385713 -0.07978049 0.01133508
v -0.01376823 -0.08070548 0.01033446
v -0.01379217 -0.08069924 0.00878259
v -0.01417853 -0.07739927 0.00568810
v -0.01390158 -0.07834300 0.00482646
v -0.01338529 -0.08204297 0.00723535
v -0.01277668 -0.08374296 0.00708711
v -0.01387081 -0.07993049 0.01033446
v -0.00272096 -0.08740542 0.00259362
v 0.00394980 -0.08754293 0.00154668
v 0.00549867 -0.08752418 0.00161153
v -0.00221835 -0.08719293 0.00112512
v -0.00068999 -0.08728043 0.00081475
v 0.00085889 -0.08729918 0.00081475
v 0.00240093 -0.08731168 0.00080548
v 0.00394980 -0.08731168 0.00077306
v 0.00549867 -0.08726168 0.00083791
v 0.01234723 -0.08590544 -0.00124670
v 0.01169075 -0.08651168 0.00104174
v 0.01329434 -0.08616794 0.00099078
v 0.01423802 -0.08602419 0.00147256
v 0.01521932 -0.08571794 0.00259362
v 0.01610830 -0.08480545 0.00104174
v 0.01719558 -0.08444920 0.00302443
v 0.01878207 -0.08453670 0.00911149
v 0.01890516 -0.08469920 0.01033446
v 0.01926075 -0.08359296 0.01033446
v 0.01950009 -0.08049299 0.00723535
v 0.01966079 -0.07894925 0.00878259
v 0.01962660 -0.07739927 0.01033446
v 0.01942145 -0.07584928 0.01342432
v 0.01924365 -0.03560587 0.01651880
v 0.01909663 -0.03560587 0.01806605
v 0.01882994 -0.04644328 0.01961792
v 0.01868975 -0.04644328 0.02053515
v 0.01866924 -0.07544303 0.01888599
v 0.01868291 -0.04799327 0.02050273
v 0.01866582 -0.03161840 0.02041934
v 0.01714430 -0.02431222 0.02360184
v 0.01827604 -0.02941217 0.02116517
v -0.01411699 -0.02431222 0.00026812
v -0.01398706 -0.02431222 -0.00007468
v -0.01377507 -0.02431222 -0.00062132
v -0.01368275 -0.02431222 -0.00084831
v -0.01331348 -0.02431222 -0.00171921
v -0.01315279 -0.02476846 -0.00205275
v -0.01247921 -0.02941217 -0.00316917
v -0.01358360 -0.07584928 0.00369614
v -0.01401783 -0.07739927 0.00463653
v -0.01244844 -0.03096216 -0.00309505
v -0.01207575 -0.02941217 -0.00394279
v -0.01140218 -0.02941217 -0.00514723
v -0.01085512 -0.02941217 -0.00606446
v -0.01183299 -0.04953700 -0.00213150
v -0.01229800 -0.08435545 0.00647099
v -0.01167913 -0.08478045 0.00708711
v -0.00997981 -0.08550544 0.00723535
v -0.00925837 -0.08593669 0.00938481
v -0.01346393 -0.07739927 0.00386291
v -0.01090982 -0.08018674 0.00161617
v -0.01073887 -0.08122423 0.00183852
v -0.01214414 -0.08077424 0.00358033
v -0.01250657 -0.08175548 0.00461337
v -0.01228774 -0.08278672 0.00494228
v -0.00378773 -0.08666168 0.00104174
v -0.00805483 -0.08603669 0.00568810
v -0.00786336 -0.08598669 0.00440491
v -0.00765137 -0.08591169 0.00337650
v -0.00378773 -0.08613669 -0.00015344
v -0.00231750 -0.08633669 -0.00063521
v -0.00068999 -0.08665544 -0.00050550
v 0.00085889 -0.08672418 -0.00050550
v 0.00240093 -0.08671793 -0.00050550
v 0.00394980 -0.08669918 -0.00050550
v 0.01131807 -0.08593669 -0.00132082
v 0.01329434 -0.08574919 -0.00063985
v 0.01281224 -0.08602419 -0.00021366
v 0.01177623 -0.08536169 -0.00192304
v 0.01392346 -0.08435545 -0.00281710
v 0.01478508 -0.08464920 -0.00178870
v 0.01563645 -0.08444295 -0.00145053
v 0.01478508 -0.08517420 -0.00050550
v 0.01476799 -0.08561170 0.00099078
v 0.01582109 -0.08459920 -0.00050550
v 0.01705198 -0.08427420 0.00199139
v 0.01750673 -0.08369296 0.00254266
v 0.01863163 -0.08429920 0.00807845
v 0.01870685 -0.08293047 0.00630422
v 0.01888123 -0.08204297 0.00574832
v 0.01919579 -0.08204297 0.00723535
v 0.01875814 -0.08153048 0.00455315
v 0.01917527 -0.08049299 0.00568810
v 0.01954112 -0.07894925 0.00723535
v 0.01929836 -0.03405588 0.01497156
v 0.01930520 -0.03560587 0.01497156
v 0.01923340 -0.03405588 0.01651880
v 0.01909663 -0.03405588 0.01806605
v 0.01884362 -0.03405588 0.01956697
v 0.01879917 -0.03261215 0.01976616
v 0.01876497 -0.03104341 0.01967815
v 0.01862821 -0.03058716 0.02023867
v 0.01740073 -0.02431222 0.02271241
v 0.01783155 -0.02431222 0.02116517
v -0.01316646 -0.02431222 -0.00205275
v -0.01073887 -0.07648052 0.00028665
v -0.01106027 -0.04953700 -0.00320160
v -0.01274249 -0.02431222 -0.00282174
v -0.01256127 -0.02431222 -0.00314138
v -0.01084828 -0.02786844 -0.00605520
v -0.01014393 -0.02941217 -0.00683808
v -0.00954900 -0.05108699 -0.00477200
v -0.01040379 -0.04953700 -0.00397522
v -0.00905322 -0.08421171 0.00203309
v -0.00802064 -0.08468045 0.00140770
v -0.00849590 -0.08498045 0.00256582
v -0.00732655 -0.08576170 0.00259362
v -0.00948746 -0.08317421 0.00138917
v -0.00882756 -0.08578044 0.00568810
v -0.01269120 -0.07739927 0.00290862
v -0.01046533 -0.07894925 0.00062019
v -0.01108078 -0.07894925 0.00139381
v -0.00948404 -0.08049299 -0.00007005
v -0.00931650 -0.08159923 0.00012914
v -0.00911477 -0.08263047 0.00036077
v -0.00618798 -0.08594294 0.00173661
v -0.00467671 -0.08596169 0.00018473
v -0.00288508 -0.08588669 -0.00124206
v -0.00185592 -0.08597419 -0.00136251
v -0.00068999 -0.08606169 -0.00147832
v 0.00085889 -0.08611169 -0.00153854
v 0.00240093 -0.08609919 -0.00150612
v 0.00394980 -0.08608044 -0.00148295
v 0.00394980 -0.08542420 -0.00225658
v 0.00549867 -0.08541169 -0.00220099
v 0.00859301 -0.08458045 -0.00301630
v 0.01014188 -0.08454295 -0.00296534
v 0.01446710 -0.08332421 -0.00306726
v 0.01490475 -0.08374296 -0.00257622
v 0.01014188 -0.08359296 -0.00354440
v 0.01014188 -0.08239297 -0.00417905
v 0.01169075 -0.08218672 -0.00410030
v 0.01250793 -0.08129298 -0.00438288
v 0.01310970 -0.08189922 -0.00402618
v 0.01729816 -0.08324296 0.00135675
v 0.01691521 -0.08369296 0.00092130
v 0.01549969 -0.08259297 -0.00275688
v 0.01579031 -0.08359296 -0.00174237
v 0.01708617 -0.08270547 0.00032371
v 0.01810166 -0.08204297 0.00259362
v 0.01849144 -0.08204297 0.00408064
v 0.01793412 -0.08359296 0.00414086
v 0.01859402 -0.08049299 0.00358033
v 0.01881284 -0.08049299 0.00435395
v 0.01921630 -0.07894925 0.00568810
v 0.01921972 -0.07739927 0.00568810
v 0.01919921 -0.07584928 0.00568810
v 0.01846409 -0.04799327 0.00414086
v 0.01862821 -0.04644328 0.00517853
v 0.01847777 -0.03405588 0.00568810
v 0.01855299 -0.03096216 0.00723535
v 0.01849828 -0.02941217 0.00723535
v 0.01837861 -0.02431222 0.00878259
v 0.01915476 -0.03096216 0.01497156
v 0.01911715 -0.03096216 0.01651880
v 0.01918895 -0.03251214 0.01651880
v 0.01906244 -0.03251214 0.01806605
v 0.01898038 -0.03096216 0.01806605
v 0.01872052 -0.02978717 0.01920563
v 0.01815295 -0.02431222 0.01961792
v 0.01792728 -0.02431222 0.02071118
v -0.01024993 -0.07591803 -0.00037579
v -0.00935753 -0.07584928 -0.00144126
v -0.00927205 -0.07695552 -0.00134861
v -0.00978150 -0.07744301 -0.00063058
v -0.01064997 -0.07739927 0.00039783
v -0.01209285 -0.02431222 -0.00368801
v -0.01077648 -0.02698094 -0.00595328
v -0.00927889 -0.02683094 -0.00753759
v -0.01012342 -0.02786844 -0.00682882
v -0.00937121 -0.02941217 -0.00760244
v -0.00930624 -0.03054966 -0.00756075
v -0.00557937 -0.04334955 -0.01001132
v -0.00621533 -0.04489329 -0.00914505
v -0.00883782 -0.05108699 -0.00554563
v -0.00856771 -0.08371796 0.00088424
v -0.00755222 -0.08425545 0.00037466
v -0.00651963 -0.08468670 -0.00015807
v -0.00687181 -0.08519920 0.00105564
v -0.00570930 -0.08571794 0.00070357
v -0.00969261 -0.07894925 -0.00032020
v -0.00903613 -0.07894925 -0.00109383
v -0.00881388 -0.08049299 -0.00084367
v -0.00783601 -0.08154298 -0.00141810
v -0.00746674 -0.08257422 -0.00111236
v -0.00596915 -0.08425545 -0.00119111
v -0.00532293 -0.08514295 -0.00050087
v -0.00378773 -0.08565544 -0.00092706
v -0.00068999 -0.08540545 -0.00225194
v -0.00493999 -0.08456170 -0.00148295
v -0.00378773 -0.08488045 -0.00177017
v -0.00280986 -0.08422421 -0.00276151
v -0.00178069 -0.08447420 -0.00290512
v -0.00068999 -0.08463045 -0.00302556
v 0.00085889 -0.08548669 -0.00231216
v 0.00704755 -0.08461170 -0.00303946
v 0.00859301 -0.08359296 -0.00362315
v 0.01490475 -0.08206172 -0.00326182
v 0.00859301 -0.08248672 -0.00421148
v 0.00859301 -0.08171173 -0.00459134
v 0.01014188 -0.08161798 -0.00453575
v 0.01169075 -0.08141173 -0.00443847
v 0.01341401 -0.08049299 -0.00420684
v 0.01014188 -0.08049299 -0.00488782
v 0.00704755 -0.05727443 -0.00962219
v 0.00820322 -0.05727443 -0.00927476
v 0.01560568 -0.08156173 -0.00289122
v 0.01593392 -0.08206172 -0.00216856
v 0.01681948 -0.08213047 -0.00044528
v 0.01718191 -0.08166798 0.00010598
v 0.01743151 -0.08213047 0.00092130
v 0.01766401 -0.08049299 0.00104174
v 0.01824868 -0.08049299 0.00259362
v 0.01827945 -0.07894925 0.00259362
v 0.01860769 -0.07894925 0.00353864
v 0.01886071 -0.07584928 0.00421961
v 0.01882994 -0.07894925 0.00431226
v 0.01885045 -0.07429929 0.00419182
v 0.01848802 -0.04953700 0.00414086
v 0.01778026 -0.02476846 0.00259362
v 0.01798541 -0.02431222 0.00414086
v 0.01843332 -0.03251214 0.00568810
v 0.01838203 -0.03096216 0.00568810
v 0.01808114 -0.02431222 0.00523412
v 0.01821449 -0.02431222 0.00678136
v 0.01825210 -0.02431222 0.00723535
v 0.01849486 -0.02431222 0.01033446
v 0.01856666 -0.02431222 0.01187707
v 0.01904193 -0.02941217 0.01497156
v 0.01860086 -0.02431222 0.01497156
v 0.01854957 -0.02431222 0.01606482
v 0.01852563 -0.02431222 0.01651880
v 0.01835468 -0.02431222 0.01806605
v -0.00480664 -0.04334955 -0.01074325
v -0.00469723 -0.04454954 -0.01065987
v -0.00856087 -0.07744301 -0.00180723
v -0.00826340 -0.07894925 -0.00175164
v -0.00916264 -0.07798676 -0.00123280
v -0.01065339 -0.02431222 -0.00534643
v -0.00996614 -0.02638720 -0.00667131
v -0.00935069 -0.02786844 -0.00758391
v -0.00988750 -0.02431222 -0.00616638
v -0.00966183 -0.02431222 -0.00640726
v -0.00893355 -0.02431222 -0.00718089
v -0.00816083 -0.02431222 -0.00797304
v -0.00732655 -0.02431222 -0.00874666
v -0.00736417 -0.02476846 -0.00878835
v -0.00843094 -0.02786844 -0.00825099
v -0.00843094 -0.02941217 -0.00827415
v -0.00804116 -0.08049299 -0.00158024
v -0.00588025 -0.08083049 -0.00271056
v -0.00535029 -0.08214297 -0.00255769
v -0.00692309 -0.08204922 -0.00173311
v -0.00643758 -0.08322421 -0.00149222
v -0.00675214 -0.08038674 -0.00238165
v -0.00540841 -0.08368046 -0.00182112
v -0.00388689 -0.08366171 -0.00258085
v 0.00085889 -0.08471170 -0.00309968
v -0.00446815 -0.08271797 -0.00279394
v -0.00343556 -0.08319296 -0.00296071
v -0.00227305 -0.08366171 -0.00310432
v -0.00068999 -0.08359296 -0.00348418
v 0.00085889 -0.08359296 -0.00367874
v 0.00704755 -0.08359296 -0.00364168
v 0.00940676 -0.02878718 -0.01214689
v 0.01478508 -0.08049299 -0.00349808
v 0.00240093 -0.08359296 -0.00367874
v 0.00704755 -0.08168673 -0.00458207
v 0.00704755 -0.08049299 -0.00503605
v 0.00859301 -0.08049299 -0.00504995
v 0.00867848 -0.02934967 -0.01244337
v 0.00859301 -0.07894925 -0.00539275
v 0.00085889 -0.03869959 -0.01272131
v 0.00240093 -0.03869959 -0.01267962
v 0.00394980 -0.03869959 -0.01253601
v 0.00491058 -0.03988083 -0.01219784
v 0.00704755 -0.02941217 -0.01296683
v 0.00704755 -0.07564928 -0.00605983
v 0.00549867 -0.05727443 -0.00958977
v 0.01613907 -0.08049299 -0.00205275
v 0.01686393 -0.08049299 -0.00078345
v 0.01105821 -0.02941217 -0.01070619
v 0.01111634 -0.02786844 -0.01076178
v 0.01188906 -0.02786844 -0.00993720
v 0.01258999 -0.02786844 -0.00916358
v 0.01337639 -0.02476846 -0.00824635
v 0.01398158 -0.02476846 -0.00741714
v 0.01723661 -0.08049299 -0.00000983
v 0.01727081 -0.07894925 -0.00007468
v 0.01771871 -0.07894925 0.00104174
v 0.01774949 -0.07739927 0.00104174
v 0.01830681 -0.07739927 0.00259362
v 0.01863163 -0.07584928 0.00344599
v 0.01864189 -0.07429929 0.00341819
v 0.01863505 -0.07275555 0.00344599
v 0.01740415 -0.02476846 0.00104174
v 0.01765717 -0.02431222 0.00213963
v 0.01776658 -0.02431222 0.00259362
v 0.01858376 -0.02431222 0.01297034
v 0.01860086 -0.02431222 0.01451758
v -0.00748384 -0.02941217 -0.00891806
v -0.00747700 -0.02786844 -0.00891343
v -0.00479296 -0.04179957 -0.01073862
v -0.00180463 -0.03560587 -0.01232292
v -0.00175676 -0.03715586 -0.01228586
v -0.00068999 -0.03715586 -0.01271205
v -0.00378773 -0.04334955 -0.01106289
v -0.00389031 -0.04499329 -0.01079421
v -0.00447498 -0.04558078 -0.01054405
v -0.00533661 -0.07894925 -0.00341932
v -0.00632474 -0.07894925 -0.00294681
v -0.00709747 -0.07894925 -0.00252526
v -0.00736417 -0.07739927 -0.00265960
v -0.00743939 -0.02631845 -0.00888100
v -0.00655383 -0.02431222 -0.00929329
v -0.00484767 -0.08168673 -0.00296534
v -0.00614695 -0.07979924 -0.00284490
v -0.00535029 -0.08038674 -0.00308579
v -0.00388689 -0.08214297 -0.00316917
v -0.00223886 -0.08204297 -0.00366484
v -0.00008138 -0.08136798 -0.00441067
v 0.00085889 -0.08226797 -0.00417905
v 0.00240093 -0.08159298 -0.00450332
v 0.00859301 -0.02786844 -0.01257307
v 0.00940676 -0.02786844 -0.01214226
v 0.01017949 -0.02786844 -0.01153540
v 0.00394980 -0.08049299 -0.00490171
v 0.00704755 -0.07894925 -0.00540665
v 0.00085889 -0.04024958 -0.01243410
v -0.00009847 -0.04128707 -0.01217468
v -0.00043355 -0.04024958 -0.01228586
v 0.00085889 -0.03715586 -0.01294830
v 0.00240093 -0.03715586 -0.01289272
v 0.00549867 -0.02941217 -0.01304095
v 0.00704755 -0.02786844 -0.01302242
v 0.00394980 -0.07894925 -0.00525378
v 0.00240093 -0.07894925 -0.00513797
v 0.00085889 -0.08049299 -0.00470715
v -0.00068999 -0.04644328 -0.01113238
v 0.01688102 -0.07894925 -0.00084831
v 0.01398500 -0.02431222 -0.00742641
v 0.01445343 -0.02431222 -0.00665278
v 0.01105821 -0.02431222 -0.01070156
v 0.01160528 -0.02431222 -0.01017809
v 0.01240194 -0.02431222 -0.00941373
v 0.01263786 -0.02431222 -0.00918674
v 0.01263444 -0.02476846 -0.00918674
v 0.01338323 -0.02431222 -0.00824635
v 0.01729132 -0.07739927 -0.00009321
v 0.01775974 -0.07584928 0.00104174
v 0.01834100 -0.07429929 0.00259362
v 0.01832732 -0.07584928 0.00259362
v 0.01647756 -0.02431222 -0.00205275
v 0.01680238 -0.02431222 -0.00105677
v 0.01693573 -0.02431222 -0.00062595
v 0.01708959 -0.02431222 -0.00007932
v 0.01732551 -0.02431222 0.00079159
v 0.01739048 -0.02431222 0.00104174
v -0.00153452 -0.02431222 -0.01216542
v -0.00071734 -0.02431222 -0.01248969
v -0.00068999 -0.03560587 -0.01274911
v -0.00223886 -0.04489329 -0.01115091
v -0.00235511 -0.04655578 -0.01080347
v -0.00164735 -0.07993674 -0.00442920
v -0.00378773 -0.07894925 -0.00400301
v -0.00378773 -0.08049299 -0.00366948
v -0.00658802 -0.02476846 -0.00929792
v -0.00219441 -0.08046799 -0.00413736
v -0.00111396 -0.08096798 -0.00429949
v -0.00063528 -0.08046799 -0.00451722
v 0.00085889 -0.08149923 -0.00445700
v 0.00937941 -0.02701844 -0.01212373
v 0.00704755 -0.02431222 -0.01283249
v 0.00851436 -0.02431222 -0.01240167
v 0.00923922 -0.02431222 -0.01204497
v 0.01076758 -0.02431222 -0.01093781
v 0.00240093 -0.08049299 -0.00481833
v 0.00085889 -0.03560587 -0.01297610
v 0.00349505 -0.02431222 -0.01318919
v 0.00549867 -0.02786844 -0.01307801
v 0.00240093 -0.03560587 -0.01294830
v 0.00394980 -0.02431222 -0.01317530
v 0.00504393 -0.02431222 -0.01308265
v 0.00659280 -0.02431222 -0.01290198
v -0.00068999 -0.07894925 -0.00480906
v 0.01527060 -0.02431222 -0.00506848
v 0.01552362 -0.02431222 -0.00449869
v 0.01556807 -0.02431222 -0.00439677
v 0.01775632 -0.07429929 0.00104174
v 0.01584844 -0.02431222 -0.00370190
v 0.00040414 -0.02431222 -0.01280470
v 0.00085889 -0.02431222 -0.01290198
v 0.00194960 -0.02431222 -0.01311044
v 0.01010085 -0.02431222 -0.01144275
v 0.00240093 -0.02431222 -0.01314750
v -0.00223683 0.00616479 0.04176451
v -0.00378635 0.00619655 0.04167085
v -0.00378635 0.00616479 0.04167085
v -0.00069174 0.00616479 0.04174221
v -0.00069174 0.00619655 0.04174221
v -0.00069174 0.00774761 0.04156382
v -0.00223683 0.00774761 0.04155936
v -0.00533587 0.00774761 0.04141665
v -0.00533587 0.00619655 0.04155490
v -0.00533587 0.00616479 0.04155490
v 0.00085335 0.00616479 0.04168423
v 0.00085335 0.00774761 0.04153260
v 0.00549747 0.01239020 0.04086811
v -0.00223683 0.00929338 0.04128732
v -0.00533587 0.00929338 0.04117137
v -0.00688096 0.00774761 0.04126948
v -0.00688096 0.00616479 0.04126948
v 0.00237187 0.00616479 0.04157274
v 0.00240286 0.00774761 0.04146125
v 0.00394795 0.01239020 0.04083689
v 0.00549747 0.01084444 0.04101082
v 0.00670610 0.01239020 0.04067188
v 0.00644489 0.01325837 0.04057822
v 0.01270052 0.04435368 0.03283172
v -0.01307460 0.04769401 0.03295659
v -0.01462412 0.04774695 0.03291645
v -0.00223683 0.01084444 0.04097068
v -0.00378635 0.01084444 0.04091271
v -0.01238396 0.01789038 0.03899057
v -0.01252563 0.01703279 0.03904855
v -0.01260089 0.01548703 0.03908868
v -0.00827110 0.00774761 0.04081013
v -0.00690752 0.00616479 0.04126056
v 0.00391696 0.00616479 0.04136759
v 0.00394795 0.00619655 0.04136314
v 0.00394795 0.00774761 0.04133192
v 0.00685662 0.01084444 0.04072540
v 0.00549747 0.00929338 0.04103758
v 0.00859208 0.01239020 0.03998955
v 0.01711000 0.04722287 0.03123068
v 0.01633524 0.04644469 0.03163652
v 0.01633524 0.04746638 0.03137339
v 0.01478572 0.04644469 0.03190856
v 0.01169112 0.04513715 0.03263549
v 0.01478572 0.04769401 0.03145367
v 0.01478572 0.04846690 0.03107459
v -0.01462412 0.04852512 0.03262657
v -0.01549185 0.04743991 0.03283618
v -0.01558040 0.02140011 0.03753225
v -0.01462412 0.02012962 0.03800052
v -0.01462412 0.01858385 0.03820566
v -0.01616921 0.03405739 0.03515523
v -0.01771873 0.03405739 0.03474939
v -0.01330039 0.01703279 0.03878543
v -0.01462412 0.01703279 0.03826364
v -0.01337565 0.01548703 0.03878097
v -0.00824896 0.00616479 0.04077000
v 0.00394795 0.00616479 0.04136314
v 0.00549747 0.00774761 0.04103311
v 0.00676808 0.00929338 0.04071202
v 0.00763138 0.01084444 0.04044444
v 0.00859208 0.01084444 0.04006536
v 0.01006191 0.01239020 0.03934735
v 0.01798216 0.04644469 0.03088729
v 0.01892072 0.04771519 0.02994183
v 0.01787591 0.04798516 0.03045915
v 0.01712328 0.05032499 0.02968762
v 0.01065958 0.01393597 0.03886124
v 0.01169112 0.01548703 0.03816552
v 0.01633524 0.05036734 0.02972330
v 0.01478572 0.04954152 0.03036996
v -0.01462412 0.04920802 0.03185058
v -0.01555826 0.04893803 0.03155624
v 0.00394795 0.05324183 0.02799740
v 0.00240286 0.05327889 0.02801970
v -0.00223683 0.05331594 0.02804646
v -0.00223683 0.05409412 0.02727047
v -0.00223683 0.05486700 0.02649002
v -0.00223683 0.05556047 0.02571849
v -0.01578847 0.04796928 0.03204235
v -0.01883881 0.03549729 0.03356311
v -0.01852005 0.03490968 0.03434356
v -0.01570436 0.02012962 0.03762590
v -0.01573977 0.01858385 0.03767496
v -0.01569108 0.01703279 0.03767050
v -0.01462412 0.01548703 0.03813877
v -0.00902372 0.00616479 0.04042213
v 0.00550190 0.00616479 0.04096176
v 0.00660870 0.00774761 0.04066296
v 0.00754284 0.00929338 0.04040430
v 0.00859208 0.00929338 0.03993603
v 0.01002206 0.01084444 0.03936073
v 0.01083667 0.01239020 0.03892368
v 0.01909781 0.04644469 0.03011130
v 0.01263854 0.01656165 0.03751887
v 0.01275364 0.01548703 0.03758131
v 0.01352840 0.01548703 0.03712195
v 0.01864181 0.04874746 0.02965195
v 0.01993898 0.04658762 0.02885812
v 0.02020018 0.04719640 0.02812227
v 0.01749517 0.04954152 0.02988385
v 0.01707901 0.05185487 0.02807767
v 0.01604747 0.05201898 0.02828282
v 0.00549747 0.05410471 0.02716789
v -0.00378635 0.05545460 0.02563821
v -0.00998000 0.05375003 0.02562929
v -0.01110008 0.05355416 0.02532157
v -0.01317200 0.05318360 0.02432260
v -0.01708121 0.04910214 0.02830958
v -0.01375639 0.05337417 0.02331917
v -0.01540331 0.05186546 0.02504507
v 0.00549747 0.05487759 0.02647664
v 0.00394795 0.05488288 0.02647218
v 0.00704699 0.05526932 0.02562483
v -0.00223683 0.05630160 0.02426017
v -0.01702366 0.04732345 0.02989277
v -0.01684215 0.04644469 0.03096310
v -0.01956930 0.03560845 0.03200221
v -0.01910887 0.03405739 0.03354973
v -0.01854219 0.03405739 0.03436140
v -0.01730257 0.02012962 0.03623893
v -0.01647469 0.02012962 0.03701046
v -0.01651011 0.01858385 0.03697033
v -0.01646583 0.01703279 0.03684099
v -0.01553612 0.01548703 0.03755009
v -0.01000213 0.00616479 0.03969966
v 0.00643604 0.00616479 0.04060498
v 0.00721965 0.00616479 0.04023929
v 0.00859208 0.00774761 0.03976656
v 0.00987597 0.00929338 0.03927599
v 0.01079682 0.01084444 0.03889246
v 0.01169112 0.01239020 0.03835283
v 0.01355054 0.01393597 0.03713087
v 0.01990356 0.04489363 0.02921490
v 0.01463963 0.01548703 0.03634597
v 0.01541439 0.01548703 0.03574390
v 0.01997439 0.02632327 0.03106568
v 0.02087311 0.02632327 0.03029415
v 0.02079785 0.02786904 0.03022279
v 0.02157261 0.02786904 0.02949140
v 0.02228982 0.02786904 0.02871987
v 0.01465734 0.01393597 0.03635935
v 0.02042154 0.04756167 0.02708762
v 0.01855769 0.05011324 0.02768522
v 0.02037727 0.04489363 0.02844337
v 0.02029315 0.04616413 0.02831404
v 0.02057649 0.04658762 0.02750683
v 0.01867280 0.05034087 0.02665503
v 0.01875692 0.05045204 0.02580768
v 0.01719854 0.05192370 0.02704302
v 0.01558705 0.05342711 0.02201247
v 0.01247473 0.05496228 0.02041144
v 0.01647249 0.05219367 0.02748007
v 0.00953065 0.05504170 0.02517886
v 0.00859208 0.05517403 0.02541969
v 0.00704699 0.05479818 0.02640082
v -0.00378635 0.05609514 0.02426017
v -0.00998000 0.05431645 0.02426017
v -0.01158264 0.05376061 0.02432260
v -0.01272486 0.05355416 0.02384987
v -0.01590358 0.05231543 0.02271265
v -0.01700595 0.05502582 0.01285224
v -0.01720960 0.04931389 0.02735520
v -0.01885209 0.04931918 0.02116513
v -0.01867943 0.04904391 0.02232911
v -0.01941877 0.04799046 0.02116513
v -0.01952502 0.04644469 0.02271265
v -0.02006072 0.04107687 0.02663273
v -0.02018468 0.04025104 0.02698058
v -0.01991019 0.04025104 0.02775657
v -0.01458428 0.05313066 0.02276616
v 0.00704699 0.05562400 0.02426017
v -0.00077586 0.05644982 0.02258778
v 0.00248698 0.06007073 -0.00379584
v 0.00085335 0.06017660 -0.00379584
v -0.00069174 0.06024542 -0.00379584
v -0.00196678 0.06011308 -0.00379584
v -0.00225454 0.06008132 -0.00379584
v -0.01716976 0.04644469 0.03019157
v -0.02002973 0.03941993 0.02809551
v -0.02037062 0.03882703 0.02749345
v -0.02003415 0.03462911 0.03119501
v -0.01987035 0.03408916 0.03187734
v -0.01982165 0.03251692 0.03212263
v -0.01987477 0.02168068 0.03233223
v -0.01924611 0.02168068 0.03354973
v -0.01863516 0.02168068 0.03455317
v -0.01855990 0.03251692 0.03438370
v -0.01805077 0.02168068 0.03532470
v -0.01807733 0.02012962 0.03527563
v -0.01721403 0.01858385 0.03619434
v -0.01709450 0.01703279 0.03606500
v -0.01699710 0.01598993 0.03594013
v -0.01640385 0.01547644 0.03653327
v -0.01541659 0.01465062 0.03743860
v -0.01162691 0.00616479 0.03841081
v -0.01085215 0.00616479 0.03903517
v 0.00856109 0.00616479 0.03959709
v 0.00859651 0.00616479 0.03957925
v 0.00956164 0.00619655 0.03908868
v 0.01064630 0.00929338 0.03879434
v 0.01169112 0.01084444 0.03829040
v 0.01276692 0.01239020 0.03762590
v 0.01543209 0.01393597 0.03575283
v 0.02164787 0.02632327 0.02956276
v 0.02225883 0.02632327 0.02879123
v 0.02296718 0.02786904 0.02735520
v 0.02243149 0.03251692 0.02735520
v 0.01354168 0.01239020 0.03707290
v 0.01268723 0.01084444 0.03759022
v 0.02110776 0.04644469 0.02580768
v 0.02058092 0.04782106 0.02580768
v 0.02008065 0.04859924 0.02580768
v 0.02090853 0.04489363 0.02735520
v 0.02139109 0.04489363 0.02580768
v 0.01940771 0.04954152 0.02580768
v 0.02012049 0.05014500 0.01807455
v 0.01887202 0.05060556 0.02426017
v 0.01871707 0.05190252 0.01759290
v 0.01581283 0.05356474 0.01961761
v 0.01568002 0.05348534 0.02116513
v 0.01478572 0.05388766 0.02116513
v 0.01148746 0.05778913 -0.00379584
v 0.01079682 0.05802206 -0.00379584
v 0.01024342 0.05818616 -0.00379584
v 0.00878688 0.05858848 -0.00379584
v 0.00859208 0.05864142 -0.00379584
v 0.00705584 0.05904375 -0.00379584
v 0.00537351 0.05948313 -0.00379584
v 0.00394795 0.05982721 -0.00379584
v 0.00859208 0.05543343 0.02426017
v 0.00979185 0.05511051 0.02426017
v 0.01478572 0.05405177 0.01961761
v -0.00797891 0.05505758 0.02369824
v -0.01832083 0.05009206 0.02116513
v -0.00928050 0.05826027 -0.00379584
v -0.00976749 0.05810676 -0.00379584
v -0.01026776 0.05789501 -0.00379584
v -0.01700595 0.05502582 0.01225018
v -0.01901590 0.05106082 0.00568995
v -0.01853776 0.05193958 0.01006046
v -0.01940549 0.04954152 0.01652257
v -0.01927267 0.04954152 0.01807455
v -0.01892735 0.04965798 0.01963991
v -0.01962242 0.04799046 0.01961761
v -0.02001644 0.04557653 0.02166462
v -0.02015369 0.04454425 0.02234249
v -0.02054771 0.04025104 0.02580768
v 0.00389040 0.05983780 -0.00379584
v -0.02090188 0.03870528 0.02580768
v -0.02072479 0.03715422 0.02735520
v -0.02092402 0.03560845 0.02735520
v -0.02069380 0.03405739 0.02890272
v -0.02078235 0.03251692 0.02890272
v -0.02087089 0.03096586 0.02890272
v -0.02095058 0.02942010 0.02890272
v -0.02043260 0.03096586 0.03045470
v -0.02048573 0.02942010 0.03045470
v -0.02011827 0.03096586 0.03142245
v -0.02013155 0.02942010 0.03145367
v -0.02018025 0.02322644 0.03155624
v -0.02015812 0.02168068 0.03155624
v -0.01986149 0.02009786 0.03196207
v -0.01917528 0.02012962 0.03354973
v -0.01860417 0.02012962 0.03449965
v -0.01772316 0.01703279 0.03509725
v -0.01805962 0.01861562 0.03497683
v -0.01736898 0.01547644 0.03520874
v -0.01689527 0.01495766 0.03580188
v -0.01587259 0.01405772 0.03670274
v -0.01573977 0.01239020 0.03626569
v -0.01397332 0.00616479 0.03600703
v -0.01327825 0.00616479 0.03678302
v -0.01252121 0.00616479 0.03761698
v -0.01250350 0.00616479 0.03763482
v 0.00954393 0.00616479 0.03909314
v 0.01033639 0.00619655 0.03857582
v 0.01049135 0.00774761 0.03869177
v 0.01452009 0.01239020 0.03629691
v 0.01529485 0.01239020 0.03561457
v 0.01615815 0.01393597 0.03497683
v 0.01853998 0.01858385 0.03264441
v 0.01850014 0.01703279 0.03257305
v 0.02209502 0.02477750 0.02866189
v 0.02286978 0.02632327 0.02735520
v 0.01842488 0.01548703 0.03247048
v 0.01900041 0.01548703 0.03169895
v 0.01890744 0.01393597 0.03158300
v 0.02295390 0.03251692 0.02580768
v 0.02285207 0.03405739 0.02580768
v 0.02269712 0.03560845 0.02580768
v 0.02314869 0.02786904 0.02580768
v 0.02334349 0.03096586 0.02377852
v 0.02329922 0.03328980 0.02348864
v 0.02174970 0.04099746 0.02657475
v 0.01140778 0.00619655 0.03779983
v 0.01256327 0.00968511 0.03750103
v 0.02165230 0.04647646 0.01817713
v 0.02115203 0.04799046 0.01807455
v 0.02184710 0.04295084 0.02536171
v 0.02224997 0.04179681 0.02426017
v 0.02246691 0.04179681 0.02271265
v 0.02212601 0.04334787 0.02271265
v 0.02049680 0.04936683 0.01807455
v 0.02170543 0.04179681 0.02643204
v 0.02162574 0.04341669 0.02584782
v 0.02013377 0.05013971 0.01652257
v 0.01945641 0.05108728 0.01652257
v 0.01924391 0.05122492 0.01809685
v 0.01669384 0.05315184 0.01807455
v 0.01875692 0.05193428 0.01652257
v 0.01401539 0.05651334 -0.00379584
v 0.01359038 0.05676215 -0.00379584
v 0.01333360 0.05691038 -0.00379584
v 0.01163799 0.05772032 -0.00379584
v -0.01133914 0.05733917 -0.00379584
v -0.01166233 0.05716447 -0.00379584
v -0.01266730 0.05652922 -0.00379584
v -0.01418140 0.05545460 -0.00379584
v -0.01428766 0.05535932 -0.00379584
v -0.01505799 0.05462878 -0.00379584
v -0.01575306 0.05395119 -0.00379584
v -0.01817916 0.05156902 -0.00379584
v -0.01890964 0.05079613 -0.00379584
v -0.01900262 0.05066379 -0.00379584
v -0.01967998 0.04965798 -0.00379584
v -0.02010499 0.04888510 -0.00379584
v -0.01976409 0.04954152 0.00259046
v -0.01975081 0.04954152 0.00413797
v -0.01994561 0.04794282 0.01664299
v -0.01981279 0.04799046 0.01807455
v -0.02021567 0.04499422 0.02115621
v -0.02060526 0.04334787 0.02116513
v -0.02085318 0.04025104 0.02426017
v -0.02117637 0.03870528 0.02426017
v -0.02109668 0.03715422 0.02580768
v -0.02124278 0.03560845 0.02580768
v -0.02105241 0.03405739 0.02735520
v -0.02114538 0.03251692 0.02735520
v -0.02123392 0.03096586 0.02735520
v -0.02131361 0.02942010 0.02735520
v -0.02101699 0.02786904 0.02890272
v -0.02104355 0.02632327 0.02890272
v -0.02051229 0.02786904 0.03045470
v -0.02053443 0.02632327 0.03045470
v -0.02055213 0.02477750 0.03045470
v -0.02052557 0.02322644 0.03045470
v -0.02040161 0.02168068 0.03045470
v -0.02009171 0.02059017 0.03142245
v -0.01939221 0.01393597 0.03045470
v -0.01910444 0.01548703 0.03200221
v -0.01885652 0.01861562 0.03364784
v -0.01844036 0.01812330 0.03423206
v -0.01852448 0.01915558 0.03437924
v -0.01854219 0.01443358 0.03287186
v -0.01834739 0.01703279 0.03405814
v -0.01821458 0.01548703 0.03381285
v -0.01812160 0.01392538 0.03345162
v -0.01728487 0.01393597 0.03483859
v -0.01709892 0.01239020 0.03454425
v -0.01698382 0.01146910 0.03437478
v -0.01674917 0.01393597 0.03561457
v -0.01651453 0.01239020 0.03532023
v -0.01683772 0.01043682 0.03413841
v -0.01560696 0.00774761 0.03457992
v -0.01475694 0.00616479 0.03499468
v 0.01030983 0.00616479 0.03858474
v 0.01140335 0.00616479 0.03779537
v 0.01583054 0.01084444 0.03463344
v 0.01602091 0.01239020 0.03483859
v 0.01217811 0.00619655 0.03714425
v 0.01401982 0.00848873 0.03587770
v 0.01693291 0.01393597 0.03411611
v 0.01879233 0.01265489 0.03142245
v 0.01945641 0.01393597 0.03045470
v 0.02302031 0.02632327 0.02580768
v 0.02331250 0.02704851 0.02367148
v 0.02019575 0.01324249 0.02806875
v 0.02026216 0.01292487 0.02703410
v 0.01755715 0.01393597 0.03334013
v 0.01833191 0.01393597 0.03235453
v 0.02315755 0.03390388 0.02410854
v 0.02300259 0.03560845 0.02426017
v 0.02283436 0.03715422 0.02426017
v 0.02264842 0.03870528 0.02426017
v 0.02246248 0.04025104 0.02426017
v 0.02194449 0.04179681 0.02566051
v 0.02333021 0.02786904 0.02376514
v 0.02335234 0.02942010 0.02383649
v 0.02341875 0.03096586 0.02271265
v 0.02339219 0.03251692 0.02271265
v 0.02334792 0.03390388 0.02272603
v 0.02327265 0.03432208 0.02324781
v 0.01216040 0.00616479 0.03715318
v 0.02181168 0.04597885 0.01772670
v 0.02181168 0.04597885 0.01699976
v 0.02111661 0.04799046 0.01652257
v 0.02270597 0.04025104 0.02271265
v 0.02283879 0.04025104 0.02116513
v 0.02258201 0.04179681 0.02116513
v 0.01866395 0.05032499 -0.00379584
v 0.01818138 0.05129374 -0.00379584
v 0.01734907 0.05292421 -0.00379584
v 0.01710115 0.05339534 -0.00379584
v 0.01632639 0.05418940 -0.00379584
v 0.01626883 0.05424764 -0.00379584
v 0.01457765 0.05595751 -0.00379584
v -0.02014040 0.04875805 -0.00379584
v -0.02009171 0.04886393 -0.00205210
v -0.02007842 0.04883746 -0.00081230
v -0.02034406 0.04799046 -0.00379584
v -0.02007842 0.04739227 0.01620148
v -0.02124720 0.04025104 0.02116513
v -0.02092845 0.04179681 0.02116513
v -0.02106569 0.04025104 0.02271265
v -0.02134460 0.03870528 0.02271265
v -0.02132689 0.03715422 0.02426017
v -0.02157925 0.03314688 0.02487114
v -0.02161466 0.03211460 0.02515211
v -0.02135788 0.03405739 0.02580768
v -0.02149070 0.03096586 0.02609310
v -0.02164565 0.03096586 0.02531712
v -0.02153054 0.02942010 0.02621351
v -0.02135346 0.02786904 0.02735520
v -0.02133575 0.02632327 0.02735520
v -0.02098600 0.02477750 0.02890272
v -0.02083990 0.02322644 0.02890272
v -0.01967555 0.01393597 0.02890272
v -0.01961357 0.01548703 0.03045470
v -0.01903803 0.01239020 0.03045470
v -0.01855547 0.01142675 0.03135556
v -0.01867058 0.01239020 0.03163652
v -0.01879454 0.01392538 0.03209587
v -0.01844922 0.01340130 0.03267563
v -0.01770102 0.01239020 0.03354973
v -0.01710778 0.00956336 0.03310822
v -0.01670933 0.00914515 0.03359433
v -0.01544758 0.00683709 0.03439262
v -0.01726273 0.01090796 0.03359433
v -0.01490304 0.00616479 0.03477615
v 0.01679567 0.01239020 0.03391988
v 0.01389586 0.00745646 0.03571715
v 0.01568002 0.00970629 0.03445951
v 0.01217368 0.00616479 0.03713980
v 0.01290417 0.00616479 0.03638164
v 0.01865509 0.01162261 0.03122177
v 0.01905797 0.01224198 0.03060633
v 0.01972204 0.01239020 0.02890272
v 0.02331250 0.02704851 0.02338606
v 0.02029315 0.01276606 0.02580768
v 0.01916422 0.00616479 0.01810131
v 0.01919521 0.00616479 0.01652257
v 0.01934573 0.01084444 0.02890272
v 0.01972204 0.01084444 0.02735520
v 0.02008065 0.01240079 0.02747561
v 0.01983715 0.01084444 0.02580768
v 0.02011607 0.01199317 0.02580768
v 0.02322838 0.03568257 0.02272603
v 0.02308671 0.03715422 0.02271265
v 0.02291405 0.03870528 0.02271265
v 0.02344974 0.03251692 0.02116513
v 0.02337005 0.02927717 0.02257440
v 0.02341875 0.03405739 0.02116513
v 0.02333463 0.03521142 0.02221762
v 0.02287863 0.04025104 0.01961761
v 0.02161688 0.04647646 0.01650028
v 0.02311770 0.03870528 0.01807455
v 0.01934573 0.04663527 -0.00379584
v 0.01912437 0.04799046 -0.00379584
v 0.01879233 0.04972151 -0.00379584
v 0.02306015 0.03870528 0.02116513
v 0.02312656 0.03870528 0.01961761
v -0.02061412 0.04489363 0.01342754
v -0.02029093 0.04644469 0.01497506
v -0.02054771 0.04644469 -0.00379584
v -0.02145086 0.03870528 0.02116513
v -0.02145971 0.03715422 0.02271265
v -0.02144643 0.03560845 0.02426017
v -0.02164565 0.03258574 0.02431814
v -0.02173420 0.03096586 0.02426017
v -0.02165450 0.02942010 0.02544199
v -0.02153940 0.02786904 0.02612432
v -0.02160581 0.02687911 0.02517440
v -0.02151284 0.02634444 0.02573633
v -0.02120293 0.02477750 0.02735520
v -0.01998988 0.01546056 0.02735520
v -0.02002530 0.01490472 0.02580768
v -0.01978180 0.01393597 0.02735520
v -0.01928153 0.01239020 0.02890272
v -0.02134017 0.02477750 0.02580768
v -0.01867058 0.01109854 0.03045470
v -0.01831640 0.01239020 0.03240805
v -0.01709007 0.00616479 0.03041010
v -0.01701481 0.00676298 0.03138231
v -0.01681116 0.00774761 0.03249724
v -0.01693954 0.00853108 0.03276482
v -0.01624890 0.00774761 0.03354973
v -0.01572207 0.00627066 0.03355419
v -0.01561581 0.00616479 0.03367014
v 0.01550736 0.00867401 0.03424544
v 0.01367893 0.00616479 0.03542281
v 0.01708786 0.01015096 0.03274698
v 0.01853556 0.01084444 0.03096756
v 0.01872593 0.00988627 0.02985263
v 0.01885874 0.01084444 0.03019157
v 0.02294504 0.02632327 0.02116513
v 0.02314427 0.02786904 0.02116513
v 0.02326823 0.02786904 0.02227114
v 0.02328594 0.03187109 0.01896203
v 0.02334792 0.03134701 0.01998777
v 0.02339219 0.03088646 0.02108485
v 0.01915094 0.00616479 0.01497506
v 0.01901812 0.00616479 0.01345876
v 0.01885431 0.00616479 0.01191124
v 0.01871707 0.00616479 0.01068928
v 0.01905354 0.00616479 0.01961761
v 0.01887645 0.00934102 0.02881798
v 0.01923063 0.00929338 0.02735520
v 0.01863738 0.00616479 0.02426017
v 0.01870379 0.00616479 0.02364026
v 0.01941657 0.00929338 0.02580768
v 0.02329036 0.03624370 0.02167354
v 0.02337891 0.03243751 0.01952842
v 0.02340990 0.03405739 0.01961761
v 0.02337005 0.03560845 0.01961761
v 0.02334792 0.03568257 0.02116067
v 0.02326823 0.03747713 0.01961761
v 0.02331693 0.03668308 0.01869445
v 0.02324609 0.03718069 0.01813699
v 0.01981059 0.04199268 -0.00379584
v 0.01967777 0.04353844 -0.00379584
v 0.01953168 0.04508950 -0.00379584
v 0.01937672 0.04644469 -0.00379584
v 0.02323724 0.03707481 0.02116067
v -0.02084875 0.04160623 -0.00379584
v -0.02153497 0.03715422 0.01961761
v -0.02153054 0.03715422 0.02116513
v -0.02171649 0.03251692 0.02271265
v -0.02176961 0.03096586 0.02271265
v -0.02173862 0.02942010 0.02426017
v -0.02162351 0.02786904 0.02534833
v -0.02168992 0.02786904 0.02426017
v -0.02162794 0.02664089 0.02426017
v -0.02156596 0.02586801 0.02426017
v -0.02013155 0.01535998 0.02422449
v -0.02003415 0.01475650 0.02471505
v -0.01994118 0.01407890 0.02422449
v -0.01986149 0.01393597 0.02580768
v -0.02143314 0.02477750 0.02426017
v -0.01947633 0.01239020 0.02580768
v -0.01938778 0.01239020 0.02735520
v -0.01758591 0.00616479 0.02732398
v -0.01740440 0.00616479 0.02887596
v -0.01848906 0.01008214 0.02961627
v -0.01739997 0.00616479 0.02890272
v -0.01711220 0.00616479 0.03031644
v -0.01658980 0.00616479 0.03180599
v -0.01653224 0.00616479 0.03194424
v -0.01655881 0.00622832 0.03193978
v -0.01573092 0.00616479 0.03346500
v 0.01745975 0.00929338 0.03171233
v 0.01422347 0.00619655 0.03463790
v 0.01420576 0.00616479 0.03464236
v 0.01823894 0.00934102 0.03040118
v 0.01852228 0.00885400 0.02927287
v 0.02273254 0.02632327 0.01961761
v 0.02293619 0.02786904 0.01961761
v 0.01861525 0.00616479 0.00990883
v 0.01946084 0.02961067 -0.00379584
v 0.02333906 0.03290336 0.01862310
v 0.01869494 0.00844638 0.02824268
v 0.01859311 0.00616479 0.02456788
v 0.02331250 0.03650838 0.02063888
v 0.02335234 0.03405739 0.01851606
v 0.02333463 0.03560845 0.01856958
v 0.02332135 0.03670425 0.01961761
v 0.01985929 0.04044162 -0.00379584
v 0.01981944 0.04179681 -0.00379584
v 0.02323724 0.03560845 0.01779359
v -0.02097714 0.03870528 -0.00379584
v -0.02157925 0.03596313 0.01961761
v -0.02173862 0.03251692 0.02116513
v -0.02177847 0.03096586 0.02116513
v -0.02176076 0.02942010 0.02271265
v -0.02170321 0.02786904 0.02271265
v -0.02162794 0.02668854 0.02271265
v -0.02155268 0.02591565 0.02271265
v -0.02004743 0.01468768 0.02368040
v -0.02004743 0.01468768 0.02343958
v -0.01954274 0.01239020 0.02271265
v -0.01955159 0.01239020 0.02426017
v -0.02140658 0.02477750 0.02271265
v -0.01789139 0.00616479 0.02116513
v 0.01490083 0.00616479 0.03355419
v 0.01496724 0.00616479 0.03344716
v 0.01511776 0.00616479 0.03320187
v 0.01722068 0.00834580 0.03138677
v 0.01421462 0.00616479 0.03462898
v 0.01747303 0.00779526 0.03041456
v 0.01709229 0.00616479 0.02961181
v 0.01738006 0.00616479 0.02892056
v 0.01740220 0.00616479 0.02886258
v 0.01844701 0.00616479 0.00880729
v 0.01820352 0.00616479 0.00723747
v 0.01943871 0.02942010 -0.00379584
v 0.01959366 0.03096586 -0.00379584
v 0.01974861 0.03270749 -0.00379584
v 0.01983272 0.03405739 -0.00379584
v 0.01990356 0.03560845 -0.00379584
v 0.01973533 0.03251692 -0.00379584
v 0.01786262 0.00616479 0.02738642
v 0.01787148 0.00616479 0.02735520
v 0.01830977 0.00616479 0.02573633
v 0.01990356 0.03715422 -0.00379584
v 0.01986371 0.04025104 -0.00379584
v -0.02100813 0.03715422 -0.00379584
v -0.02174305 0.02942010 0.02116513
v -0.02164565 0.02776316 0.02108931
v -0.02160581 0.02694264 0.02155312
v -0.02153054 0.02638680 0.02108931
v -0.02133132 0.02477750 0.02116513
v -0.01989691 0.01407890 0.02283752
v -0.02123392 0.02477750 0.01961761
v -0.02029978 0.02925070 -0.00379584
v -0.02012713 0.02815490 -0.00379584
v -0.01852005 0.00840933 0.02021521
v -0.01795337 0.00616479 0.01961761
v 0.01547194 0.00616479 0.03261319
v 0.01574200 0.00616479 0.03211816
v 0.01664957 0.00616479 0.03045024
v 0.01792460 0.00616479 0.00568995
v 0.01792903 0.00619655 0.00568995
v 0.01925719 0.02806490 -0.00379584
v -0.02095501 0.03560845 -0.00379584
v -0.02087532 0.03405739 -0.00379584
v -0.02158367 0.02717556 0.02051847
v -0.02074250 0.03251692 -0.00379584
v -0.01940549 0.01239020 0.02116513
v -0.02000759 0.02747730 -0.00379584
v -0.01996775 0.02726026 -0.00379584
v -0.01979066 0.02632327 -0.00379584
v -0.02054328 0.03096586 -0.00379584
v -0.02051672 0.03077529 -0.00379584
v -0.01948518 0.02477750 -0.00379584
v -0.01616479 0.00616479 0.00413797
v 0.01757928 0.00616479 0.00416919
v 0.01922620 0.02786904 -0.00379584
v -0.01904689 0.02322644 -0.00379584
v -0.01585045 0.00616479 0.00259046
v -0.01616036 0.00616479 0.00411122
v 0.01724724 0.00616479 0.00279560
v 0.01896500 0.02651384 -0.00379584
v 0.01706130 0.00616479 0.00203299
v 0.01705687 0.00616479 0.00201961
v -0.01345977 0.00616479 -0.00379584
v -0.01360587 0.00616479 -0.00348812
v -0.01415484 0.00616479 -0.00212791
v -0.01550071 0.00616479 0.00156026
v -0.01584160 0.00616479 0.00256370
v 0.01668942 0.00616479 0.00104294
v 0.01457322 0.00617008 -0.00379584
v 0.01127053 0.00616479 -0.00379584
v 0.01464848 0.00616479 -0.00359961
v -0.02318460 0.04454835 -0.04788061
v -0.02283302 0.04499714 -0.04843725
v -0.02292401 0.04334601 -0.04867667
v -0.02318046 0.04334601 -0.04790157
v -0.02318460 0.04454835 -0.04735690
v -0.02282888 0.05108638 -0.04539969
v -0.02237389 0.05263779 -0.04694691
v -0.02184032 0.05263779 -0.04806616
v -0.02215054 0.04334601 -0.04974804
v -0.02293229 0.04189988 -0.04838937
v -0.02171623 0.03716257 -0.05098402
v -0.02167487 0.03561118 -0.05094511
v -0.02318046 0.04334601 -0.04732996
v -0.02315151 0.04248166 -0.04780281
v -0.02184446 0.03870844 -0.02350830
v -0.02183205 0.04024875 -0.02350830
v -0.02182791 0.04047592 -0.02350830
v -0.02180310 0.04180015 -0.02350830
v -0.02111648 0.05108638 -0.02350830
v -0.02263448 0.05263779 -0.04539969
v -0.02174105 0.04334601 -0.02350830
v -0.02173278 0.04350115 -0.02350830
v -0.02164178 0.04489741 -0.02350830
v -0.02153424 0.04642665 -0.02350830
v -0.02138947 0.04821630 -0.02350830
v -0.02226222 0.05418364 -0.04539969
v -0.02191891 0.05418364 -0.04694391
v -0.02172451 0.05367390 -0.04788959
v -0.02121989 0.05263779 -0.04884126
v -0.02044641 0.05263779 -0.04961936
v -0.02056223 0.05108638 -0.04979892
v -0.02017756 0.03716257 -0.05249831
v -0.02095517 0.03716257 -0.05175912
v -0.02027683 0.03561118 -0.05257612
v -0.02105030 0.03561118 -0.05172022
v -0.02007829 0.03317881 -0.05239357
v -0.02159629 0.03482440 -0.05082840
v -0.02315151 0.04248166 -0.04756639
v -0.02184446 0.03561118 -0.05004432
v -0.02249385 0.03870844 -0.04849711
v -0.02262620 0.03870844 -0.04694691
v -0.02267998 0.03870844 -0.04539969
v -0.02173692 0.03716257 -0.02350830
v -0.02218363 0.05418364 -0.04385248
v -0.02057050 0.05264886 -0.02350830
v -0.02008656 0.05968003 -0.03527548
v -0.02038023 0.05882676 -0.03611343
v -0.02177828 0.05577937 -0.04393627
v -0.02160869 0.05653291 -0.04450788
v -0.02160869 0.05653291 -0.04466649
v -0.02177828 0.05567410 -0.04527101
v -0.02169969 0.05512556 -0.04642318
v -0.02144324 0.05470447 -0.04745566
v -0.02013206 0.05664372 -0.04783872
v -0.02038851 0.05572950 -0.04811105
v -0.02083108 0.05421689 -0.04852404
v -0.02021892 0.05372376 -0.04940089
v -0.01916418 0.05254359 -0.05039147
v -0.01952817 0.05108638 -0.05057103
v -0.01926759 0.03716257 -0.05298312
v -0.01926759 0.03561118 -0.05314473
v -0.01926759 0.03406532 -0.05298911
v -0.02016929 0.03406532 -0.05246838
v -0.01929241 0.03260257 -0.05265093
v -0.01879192 0.03130605 -0.05250729
v -0.01982184 0.03214823 -0.05219007
v -0.02039264 0.03260257 -0.05163941
v -0.02172451 0.03434790 -0.04849711
v -0.02023960 0.03141132 -0.05115759
v -0.02100480 0.03251392 -0.05004432
v -0.02086417 0.03096806 -0.04849711
v -0.02114544 0.03096806 -0.04694691
v -0.02236976 0.03716257 -0.04075507
v -0.02174519 0.03716257 -0.02372976
v -0.02177828 0.03394343 -0.04702770
v -0.02198923 0.03561118 -0.04849711
v -0.02224567 0.03716257 -0.04849711
v -0.02212159 0.03561118 -0.04694691
v -0.02218777 0.03561118 -0.04539969
v -0.02244008 0.03716257 -0.04539969
v -0.02203059 0.03406532 -0.04230228
v -0.02201818 0.03406532 -0.04075507
v -0.02220017 0.03561118 -0.04075507
v -0.02196027 0.03406532 -0.03920786
v -0.02155079 0.03207620 -0.03456622
v -0.02097171 0.03096806 -0.02350830
v -0.02045055 0.05284279 -0.02350830
v -0.01276130 0.06165806 -0.02350830
v -0.01222773 0.06417908 -0.02775191
v -0.01870506 0.06139210 -0.03642467
v -0.01879192 0.06153617 -0.03766364
v -0.02013206 0.05975760 -0.03611343
v -0.02007829 0.05344119 -0.02350830
v -0.02015688 0.05977422 -0.03766364
v -0.02012792 0.05972989 -0.03920786
v -0.02009070 0.05968557 -0.04075507
v -0.02006588 0.05964678 -0.04164389
v -0.01881260 0.06155833 -0.04230228
v -0.01862234 0.06130346 -0.04385248
v -0.01850239 0.06116494 -0.04464554
v -0.01923863 0.05720887 -0.04818287
v -0.01932136 0.05583478 -0.04894002
v -0.01987148 0.05475987 -0.04915849
v -0.01861820 0.05976868 -0.04639625
v -0.01822526 0.05935313 -0.04742872
v -0.01870093 0.05832255 -0.04789558
v -0.01932136 0.05421689 -0.04967323
v -0.01858098 0.05197290 -0.05085533
v -0.01769582 0.05420026 -0.05047227
v -0.01716225 0.05369606 -0.05092117
v -0.01875470 0.05108638 -0.05092716
v -0.01772064 0.03716257 -0.05342305
v -0.01772064 0.05108638 -0.05132219
v -0.01772064 0.03561118 -0.05357567
v -0.01772064 0.03406532 -0.05355173
v -0.01772064 0.03251392 -0.05330334
v -0.01843621 0.03027547 -0.05233072
v -0.01784059 0.03086279 -0.05278860
v -0.01703403 0.02853569 -0.05240853
v -0.01935445 0.03084616 -0.05174416
v -0.02163765 0.03307353 -0.04656684
v -0.01882088 0.02942220 -0.05123840
v -0.01853548 0.02858002 -0.05090022
v -0.01991698 0.03038075 -0.05052015
v -0.02013620 0.03005384 -0.04949067
v -0.02040505 0.03092374 -0.05002038
v -0.02032233 0.02972694 -0.04849711
v -0.02048778 0.02928369 -0.04706960
v -0.02078972 0.02942220 -0.04539969
v -0.02126125 0.03096806 -0.04539969
v -0.02151356 0.03209283 -0.04539969
v -0.02168315 0.03286853 -0.04539969
v -0.02191891 0.03406532 -0.04539969
v -0.02198095 0.03406532 -0.04385248
v -0.02176173 0.03254716 -0.04230228
v -0.02175760 0.03253054 -0.04075507
v -0.02156733 0.03190444 -0.03611343
v -0.02076490 0.02942220 -0.02350830
v -0.02116198 0.03096806 -0.02837438
v -0.01197128 0.06232295 -0.02350830
v -0.01119367 0.06451153 -0.02716535
v -0.01163625 0.06462788 -0.02831154
v -0.01241800 0.06435085 -0.02878438
v -0.01179756 0.06242822 -0.02350830
v -0.01714570 0.06281607 -0.03674189
v -0.01804740 0.06231187 -0.03766364
v -0.01809290 0.06238944 -0.03920786
v -0.01814667 0.06245038 -0.04075507
v -0.01886224 0.06167468 -0.04075507
v -0.01963571 0.06045573 -0.04075507
v -0.01807222 0.06233403 -0.04230228
v -0.01706712 0.06281053 -0.04482510
v -0.01843207 0.05642209 -0.04923331
v -0.01674449 0.06241714 -0.04585757
v -0.01571043 0.06298783 -0.04659975
v -0.01530922 0.06256120 -0.04763222
v -0.01783645 0.05583478 -0.04977498
v -0.01769582 0.05254359 -0.05104985
v -0.01671967 0.05473217 -0.05073563
v -0.01616955 0.05263779 -0.05151372
v -0.01619024 0.05420026 -0.05109774
v -0.01616955 0.03716257 -0.05354874
v -0.01616955 0.03561118 -0.05370735
v -0.01462261 0.05263779 -0.05175313
v -0.01307566 0.05263779 -0.05189678
v -0.01616955 0.03406532 -0.05377019
v -0.01514377 0.03251392 -0.05388391
v -0.01415108 0.03096806 -0.05397070
v -0.01616955 0.03251392 -0.05371034
v -0.01492869 0.03096806 -0.05378815
v -0.01389463 0.03015358 -0.05392881
v -0.01616955 0.03096806 -0.05343501
v -0.01813013 0.02942220 -0.05201350
v -0.01607029 0.02795946 -0.05253123
v -0.01549121 0.02705078 -0.05239955
v -0.01652113 0.02750512 -0.05212422
v -0.01714984 0.02682361 -0.05109176
v -0.01616955 0.02942220 -0.05298013
v -0.01819217 0.02753836 -0.05004432
v -0.01865543 0.02691780 -0.04805120
v -0.01973498 0.02785418 -0.04706960
v -0.02002452 0.02867421 -0.04766515
v -0.02016929 0.02835839 -0.04663267
v -0.02026442 0.02819217 -0.04539969
v -0.02033474 0.02809243 -0.04385248
v -0.02090140 0.02942220 -0.04385248
v -0.02134811 0.03096806 -0.04385248
v -0.02172865 0.03266906 -0.04385248
v -0.02158388 0.03177700 -0.04230228
v -0.02158388 0.03176039 -0.04075507
v -0.02158388 0.03177700 -0.03920786
v -0.02157560 0.03183241 -0.03766364
v -0.02076904 0.02942220 -0.02372976
v -0.02037196 0.02787080 -0.02350830
v -0.00955986 0.06451153 -0.02527697
v -0.00843067 0.06509885 -0.02527697
v -0.01008930 0.06486613 -0.02671944
v -0.00841413 0.06561967 -0.02676433
v -0.01159075 0.06254458 -0.02350830
v -0.00997762 0.06528168 -0.02837438
v -0.01248831 0.06591333 -0.04075507
v -0.01727393 0.06287702 -0.03766364
v -0.01729874 0.06293242 -0.04230228
v -0.01715811 0.06288810 -0.04385248
v -0.01253795 0.06594657 -0.04230228
v -0.01616955 0.06354744 -0.04385248
v -0.01498659 0.06402949 -0.04539969
v -0.01620678 0.06320946 -0.04536378
v -0.01427516 0.06304878 -0.04795843
v -0.01739801 0.05693184 -0.04951162
v -0.01399804 0.06432314 -0.04637829
v -0.01465156 0.06353636 -0.04700376
v -0.01347687 0.06407935 -0.04741077
v -0.01619024 0.05574612 -0.05055607
v -0.01568975 0.05524192 -0.05091818
v -0.01462261 0.05418364 -0.05148379
v -0.01460606 0.05574612 -0.05104387
v -0.01462261 0.03561118 -0.05376121
v -0.01418417 0.03352233 -0.05394377
v -0.01437030 0.03251392 -0.05398267
v -0.01307566 0.05418364 -0.05169029
v 0.01014098 0.05263779 -0.05198357
v 0.01169207 0.05108638 -0.05218707
v 0.01014098 0.04024875 -0.05351582
v 0.01014098 0.03870844 -0.05370436
v 0.00754343 0.03648661 -0.05392881
v -0.01307566 0.03096806 -0.05405749
v -0.01307566 0.03000952 -0.05396771
v -0.01307566 0.02923382 -0.05372531
v -0.01307566 0.02787080 -0.05324947
v -0.01462261 0.02787080 -0.05294422
v -0.01449438 0.02954964 -0.05354575
v -0.01462261 0.02684023 -0.05252524
v -0.01307566 0.02575979 -0.05218109
v -0.01477565 0.02596480 -0.05162145
v -0.01607029 0.02659644 -0.05160350
v -0.01741456 0.02650779 -0.05004432
v -0.01539194 0.02555479 -0.05081344
v -0.01515204 0.02411420 -0.04905075
v -0.01694303 0.02554924 -0.04926323
v -0.01863475 0.02536640 -0.04495379
v -0.01889946 0.02665739 -0.04694691
v -0.01986321 0.02741646 -0.04539969
v -0.01857270 0.02390366 -0.04039894
v -0.01913109 0.02477355 -0.03920786
v -0.02039264 0.02797054 -0.04230228
v -0.02097999 0.02942220 -0.04230228
v -0.02139361 0.03096806 -0.04230228
v -0.02139361 0.03096806 -0.04075507
v -0.02138534 0.03096806 -0.03920786
v -0.02086417 0.02942220 -0.02992159
v -0.02099653 0.02942220 -0.03920786
v -0.02012379 0.02687348 -0.03146881
v -0.02007415 0.02700645 -0.02350830
v -0.00923724 0.06427328 -0.02445997
v -0.00809564 0.06439517 -0.02350830
v -0.01019684 0.06329811 -0.02350830
v -0.00710708 0.06483289 -0.02350830
v -0.00688373 0.06503790 -0.02372976
v -0.00690854 0.06562521 -0.02526201
v -0.00744212 0.06576373 -0.02621068
v -0.00788883 0.06585792 -0.02724315
v -0.01152871 0.06627348 -0.04075507
v -0.01152871 0.06633442 -0.04230228
v -0.01237663 0.06584130 -0.04325694
v -0.01244282 0.06430098 -0.04776690
v -0.01300534 0.06352528 -0.04809609
v -0.01307566 0.06189077 -0.04893404
v -0.01420485 0.05991828 -0.04943680
v -0.01468051 0.05889879 -0.04972710
v -0.01626469 0.05738063 -0.04980191
v -0.01175206 0.06556980 -0.04539969
v -0.01075524 0.06579698 -0.04617479
v -0.01300534 0.06451153 -0.04691698
v -0.01460606 0.05722549 -0.05050519
v -0.01510654 0.05627249 -0.05073563
v -0.01407662 0.05667142 -0.05088227
v -0.01295157 0.05722549 -0.05096307
v -0.01307566 0.05572950 -0.05134314
v -0.01235595 0.05808984 -0.05083439
v -0.01307566 0.03365531 -0.05396771
v -0.01307566 0.03251392 -0.05405749
v 0.00859403 0.05418364 -0.05172022
v 0.00394905 0.06192401 -0.05026577
v 0.01169207 0.05263779 -0.05195364
v 0.01323902 0.05108638 -0.05216313
v 0.01014098 0.05418364 -0.05170226
v 0.01407454 0.04893659 -0.05238459
v 0.01169207 0.04024875 -0.05346793
v 0.01169207 0.03870844 -0.05360560
v 0.01002103 0.03704622 -0.05383903
v 0.00942542 0.03645891 -0.05391983
v 0.00859403 0.03651431 -0.05392881
v 0.00859403 0.03561118 -0.05400063
v 0.00703468 0.03570537 -0.05398567
v 0.00549600 0.03138916 -0.05394377
v 0.00394905 0.02942220 -0.05380910
v -0.01197542 0.02998736 -0.05397370
v 0.00704708 0.03406532 -0.05407844
v 0.00240210 0.02787080 -0.05358764
v 0.00085515 0.02632494 -0.05315370
v -0.00069593 0.02632494 -0.05313275
v -0.01152871 0.02787080 -0.05331531
v -0.01307566 0.02653549 -0.05266291
v -0.00997762 0.02541627 -0.05245342
v -0.01109027 0.02547722 -0.05242050
v -0.01212019 0.02561020 -0.05232473
v -0.01197542 0.02408096 -0.05071767
v -0.01307566 0.02504504 -0.05140598
v -0.01435789 0.02531099 -0.05112767
v -0.01475497 0.02471260 -0.05011614
v -0.01411799 0.02389257 -0.04941586
v -0.01372091 0.02250740 -0.04759631
v -0.01555326 0.02387041 -0.04801828
v -0.01649632 0.02281768 -0.04385248
v -0.01733183 0.02359337 -0.04385248
v -0.01810944 0.02439678 -0.04385248
v -0.01835762 0.02417515 -0.04230228
v -0.01846930 0.02403109 -0.04143141
v -0.01875470 0.02517248 -0.04385248
v -0.01793159 0.02332188 -0.04085083
v -0.01703403 0.02235779 -0.04075507
v -0.01717466 0.02219157 -0.03920786
v -0.01657904 0.02126073 -0.03766364
v -0.01729874 0.02203089 -0.03766364
v -0.01740215 0.02191454 -0.03611343
v -0.01863061 0.02381500 -0.03920786
v -0.01865543 0.02375406 -0.03766364
v -0.01865956 0.02369865 -0.03611343
v -0.01915591 0.02477355 -0.03766364
v -0.01976807 0.02616981 -0.03920786
v -0.02007829 0.02701199 -0.04033609
v -0.02010724 0.02694551 -0.03920786
v -0.02036783 0.02773783 -0.04081193
v -0.02100480 0.02942220 -0.04075507
v -0.02048778 0.02787080 -0.03920786
v -0.02012792 0.02689010 -0.03301901
v -0.01982598 0.02609778 -0.03146881
v -0.01983425 0.02613656 -0.02992159
v -0.01979289 0.02623075 -0.02350830
v -0.00688373 0.06492708 -0.02350830
v -0.00535746 0.06545899 -0.02350830
v -0.00533678 0.06557534 -0.02376268
v -0.00585381 0.06575819 -0.02473530
v -0.00334312 0.06744811 -0.03183990
v -0.00383119 0.06753122 -0.03307288
v -0.00533678 0.06775285 -0.03920786
v -0.00771097 0.06735391 -0.04147630
v -0.01154939 0.06601860 -0.04380460
v -0.00771097 0.06735391 -0.04157207
v -0.00997762 0.06673336 -0.04230228
v -0.01152871 0.06438409 -0.04782076
v -0.01152871 0.06346987 -0.04838338
v -0.01152871 0.06230078 -0.04905973
v -0.00307013 0.06735945 -0.04619275
v -0.01255863 0.06134779 -0.04937097
v -0.01307566 0.06041140 -0.04961936
v -0.00378569 0.06788582 -0.04385248
v -0.00477011 0.06743148 -0.04484006
v -0.00366574 0.06754230 -0.04537276
v -0.01295157 0.05869378 -0.05040643
v -0.01338587 0.05770754 -0.05068475
v -0.01152871 0.06152508 -0.04944578
v 0.00275782 0.06437301 -0.04938294
v 0.00394905 0.06346987 -0.04984381
v 0.01169207 0.06037816 -0.04990067
v 0.01014098 0.05572950 -0.05132518
v 0.01323902 0.05263779 -0.05182196
v 0.01478596 0.05108638 -0.05177109
v 0.01536917 0.04683112 -0.05229780
v 0.01558012 0.04579501 -0.05238159
v 0.01478596 0.04334601 -0.05280955
v 0.01323902 0.04180015 -0.05316268
v 0.01323902 0.04024875 -0.05325845
v 0.01169207 0.03716257 -0.05357268
v 0.00950400 0.03406532 -0.05394976
v 0.00953296 0.03561118 -0.05394976
v 0.00859403 0.03406532 -0.05403056
v 0.00696436 0.03248622 -0.05398866
v 0.00549600 0.03061346 -0.05386297
v 0.00549600 0.02942220 -0.05370735
v 0.00394905 0.02787080 -0.05351582
v 0.00240210 0.02632494 -0.05312378
v 0.00240210 0.02500072 -0.05258809
v 0.00240210 0.02422502 -0.05226488
v -0.00069593 0.02506166 -0.05259108
v 0.00085515 0.02424718 -0.05224991
v -0.00069593 0.02428596 -0.05221700
v -0.00223874 0.02336066 -0.05140299
v -0.00378569 0.02346040 -0.05134613
v -0.00533678 0.02355459 -0.05127431
v -0.00688373 0.02365986 -0.05118153
v -0.00843067 0.02375960 -0.05108278
v -0.00997762 0.02387041 -0.05096606
v -0.01094550 0.02395352 -0.05087029
v -0.01153285 0.02477909 -0.05159751
v -0.01076351 0.02244645 -0.04927520
v -0.01307566 0.02426934 -0.05046628
v -0.01307566 0.02367649 -0.04969118
v -0.01179756 0.02264591 -0.04899688
v -0.01315425 0.02284538 -0.04848513
v -0.01406835 0.02228577 -0.04656384
v -0.01269099 0.02229685 -0.04796441
v -0.01212019 0.02096708 -0.04600421
v -0.01239318 0.01929378 -0.04166484
v -0.01547467 0.02240212 -0.04473233
v -0.01678585 0.02256834 -0.04260155
v -0.01572284 0.02225806 -0.04385248
v -0.01746006 0.02314458 -0.04217359
v -0.01695544 0.02244645 -0.04157207
v -0.01671967 0.02113884 -0.03611343
v -0.01580557 0.02057923 -0.03766364
v -0.01594620 0.02043517 -0.03611343
v -0.01747247 0.02184251 -0.03456622
v -0.01824594 0.02288416 -0.03456622
v -0.01827903 0.02286200 -0.03301901
v -0.01865956 0.02365986 -0.03456622
v -0.01923450 0.02477355 -0.03146881
v -0.02012379 0.02692334 -0.03766364
v -0.01924277 0.02477355 -0.02992159
v -0.01922209 0.02477355 -0.02350830
v -0.00470393 0.06565846 -0.02350830
v -0.00390564 0.06579143 -0.02350830
v -0.00482389 0.06582468 -0.02430435
v -0.00223874 0.06748135 -0.03165734
v -0.00223874 0.06768082 -0.03301901
v -0.00350029 0.06584130 -0.02350830
v -0.00378569 0.06767527 -0.03456622
v -0.00378569 0.06801880 -0.04075507
v -0.00533678 0.06781933 -0.04075507
v -0.00533678 0.06775285 -0.04230228
v -0.00997762 0.06447828 -0.04791054
v -0.00997762 0.06346987 -0.04855397
v -0.00208984 0.06759216 -0.04555531
v -0.00250760 0.06735945 -0.04619275
v 0.00138873 0.06586346 -0.04781179
v -0.00378569 0.06801326 -0.04230228
v -0.00223874 0.06797447 -0.04385248
v 0.00394905 0.06433977 -0.04935601
v 0.00188094 0.06586346 -0.04781179
v 0.00472253 0.06424557 -0.04926922
v 0.01169207 0.06151401 -0.04950564
v 0.01270131 0.06133670 -0.04941286
v 0.01493487 0.05278184 -0.05126832
v 0.01555117 0.05339686 -0.05081643
v 0.01574970 0.05236629 -0.05097205
v 0.01563803 0.04489741 -0.05243546
v 0.01589861 0.05108638 -0.05110672
v 0.01667209 0.05108638 -0.05046329
v 0.01752828 0.05108638 -0.04968819
v 0.01573730 0.04334601 -0.05252225
v 0.01478596 0.04180015 -0.05286042
v 0.01323902 0.03870844 -0.05318662
v 0.01169207 0.03561118 -0.05340509
v 0.01027748 0.03406532 -0.05371333
v 0.00938405 0.03325638 -0.05391983
v 0.00859403 0.03303475 -0.05396172
v 0.00704708 0.02942220 -0.05351881
v 0.00549600 0.02787080 -0.05334823
v 0.00394905 0.02632494 -0.05299809
v 0.00394905 0.02511707 -0.05253721
v 0.00394905 0.02434137 -0.05220503
v 0.00394905 0.02333850 -0.05143292
v 0.00234006 0.02308363 -0.05136109
v 0.00091720 0.02308363 -0.05134912
v -0.00069593 0.02328309 -0.05144190
v -0.00069593 0.02250740 -0.05076555
v -0.00223874 0.02258497 -0.05068475
v -0.00223874 0.02180373 -0.04991264
v -0.00223874 0.02102803 -0.04913156
v -0.00378569 0.02113330 -0.04900586
v -0.00688373 0.02213617 -0.04959542
v -0.00533678 0.02124411 -0.04886521
v -0.00688373 0.02136601 -0.04870660
v -0.00688373 0.02075099 -0.04793149
v -0.00800051 0.02084518 -0.04780580
v -0.00903043 0.02093383 -0.04767113
v -0.00997762 0.02105573 -0.04744967
v -0.01137980 0.02215279 -0.04848513
v -0.01157421 0.02126073 -0.04691399
v -0.01109027 0.02079532 -0.04637530
v -0.01032093 0.01948771 -0.04433430
v -0.01095377 0.01925500 -0.04330183
v -0.01149148 0.01906107 -0.04223045
v -0.01152871 0.01850146 -0.04075507
v -0.01262894 0.01911648 -0.04075507
v -0.01312529 0.01892810 -0.03915399
v -0.01392358 0.01929378 -0.03860334
v -0.01557807 0.02076761 -0.03920786
v -0.01678999 0.02107235 -0.03456622
v -0.01539608 0.01936027 -0.03067874
v -0.01545399 0.01930486 -0.02964627
v -0.01483355 0.01980353 -0.03766364
v -0.01499073 0.01965947 -0.03611343
v -0.01405181 0.01762603 -0.02527697
v -0.01684790 0.02101140 -0.03301901
v -0.01705884 0.02076761 -0.02682717
v -0.01750556 0.02178156 -0.03301901
v -0.01709193 0.02071221 -0.02527697
v -0.01829144 0.02285092 -0.03146881
v -0.01866370 0.02363216 -0.03301901
v -0.01710848 0.02066788 -0.02350830
v -0.01867611 0.02362108 -0.03146881
v -0.01869679 0.02361554 -0.02350830
v -0.00111783 0.06742594 -0.03186683
v -0.00256964 0.06583022 -0.02350830
v -0.00069593 0.06780825 -0.04230228
v -0.00223874 0.06802988 -0.04230228
v -0.00094410 0.06746472 -0.03301901
v -0.00069593 0.06757000 -0.04526203
v -0.00148181 0.06734283 -0.04617180
v -0.00069593 0.06781933 -0.04385248
v 0.00085515 0.06747027 -0.04497773
v 0.00085515 0.06716553 -0.04574983
v 0.00239797 0.06619037 -0.04702172
v 0.00291499 0.06572495 -0.04759033
v 0.01142321 0.06308756 -0.04808412
v 0.01245313 0.06268864 -0.04768011
v 0.01322661 0.06160265 -0.04840733
v 0.01406626 0.06120372 -0.04783273
v 0.01368987 0.06037816 -0.04887419
v 0.01734215 0.05231088 -0.04952359
v 0.01800395 0.05108638 -0.04849711
v 0.01817767 0.04954052 -0.04849711
v 0.01756551 0.04954052 -0.04971812
v 0.01716429 0.04334601 -0.05089125
v 0.01713948 0.04428793 -0.05086132
v 0.01651077 0.04334601 -0.05166635
v 0.01716843 0.04180015 -0.05089723
v 0.01646527 0.04180015 -0.05167233
v 0.01569180 0.04180015 -0.05248335
v 0.01483560 0.04035957 -0.05268086
v 0.01266822 0.03251392 -0.05249233
v 0.01169207 0.03251392 -0.05295319
v 0.01169207 0.03406532 -0.05318363
v 0.00999621 0.03265244 -0.05361457
v 0.01014098 0.03096806 -0.05326144
v 0.00859403 0.02942220 -0.05327341
v 0.00859403 0.03096806 -0.05359961
v 0.00704708 0.02787080 -0.05311779
v 0.00640597 0.02548830 -0.05239057
v 0.00549600 0.02632494 -0.05281254
v 0.00549600 0.02533870 -0.05244744
v 0.00549600 0.02456300 -0.05208233
v 0.00549600 0.02351026 -0.05131022
v 0.00394905 0.02256280 -0.05069672
v 0.00281159 0.02246861 -0.05079847
v 0.00178167 0.02244645 -0.05082541
v 0.00147559 0.02244645 -0.05082541
v 0.00044567 0.02246861 -0.05080146
v -0.00069593 0.02174278 -0.04999045
v -0.00069593 0.02096708 -0.04919440
v -0.00223874 0.02045179 -0.04835645
v -0.00378569 0.02052382 -0.04823375
v -0.00533678 0.02062910 -0.04809310
v -0.00601098 0.01936581 -0.04615684
v -0.00688373 0.02005840 -0.04694691
v -0.00843067 0.01961514 -0.04569896
v -0.00688373 0.01943784 -0.04603414
v -0.00997762 0.02061801 -0.04667457
v -0.00987422 0.01982569 -0.04527400
v -0.00929101 0.01933257 -0.04467547
v -0.00987422 0.01912756 -0.04383153
v -0.00997762 0.01849592 -0.04230228
v -0.01007689 0.01796401 -0.04081193
v -0.01065597 0.01783103 -0.03987223
v -0.01151630 0.01805266 -0.03929764
v -0.01209124 0.01789752 -0.03766364
v -0.01229805 0.01780887 -0.03687357
v -0.01406008 0.01919405 -0.03766364
v -0.01550362 0.01925500 -0.02837438
v -0.01421726 0.01908878 -0.03611343
v -0.01307566 0.01691128 -0.02527697
v -0.01248004 0.01628518 -0.02350830
v -0.01409730 0.01757616 -0.02372976
v -0.01482528 0.01836848 -0.02527697
v -0.01638464 0.01994205 -0.02527697
v -0.01645909 0.01989218 -0.02350830
v -0.01702162 0.02055707 -0.02350830
v -0.01767928 0.02168183 -0.02350830
v -0.01776200 0.02183697 -0.02350830
v -0.00063802 0.06722647 -0.03139998
v -0.00017063 0.06728189 -0.03301901
v -0.00186648 0.06573602 -0.02350830
v -0.00113437 0.06561967 -0.02350830
v -0.00077866 0.06555873 -0.02350830
v 0.00063180 0.06529277 -0.02350830
v 0.00085515 0.06524844 -0.02350830
v 0.00085515 0.06758108 -0.04385248
v 0.00168240 0.06736500 -0.04284994
v 0.00094615 0.06749797 -0.04232323
v 0.00174858 0.06738716 -0.04476226
v 0.00231938 0.06699377 -0.04532787
v 0.01184097 0.06320946 -0.04707858
v 0.01012030 0.06399624 -0.04691399
v 0.01255240 0.06276620 -0.04665063
v 0.01313561 0.06218997 -0.04707858
v 0.01416553 0.06129238 -0.04694691
v 0.01515823 0.06028951 -0.04543860
v 0.01478596 0.06037816 -0.04694691
v 0.01431443 0.06037816 -0.04810208
v 0.01647355 0.05728090 -0.04539969
v 0.01552635 0.05951935 -0.04598027
v 0.01586966 0.05893203 -0.04543860
v 0.01704021 0.05612843 -0.04385248
v 0.01822730 0.05263779 -0.02682717
v 0.01844653 0.05108638 -0.02682717
v 0.01862438 0.05003365 -0.02527697
v 0.01874847 0.04934660 -0.02372976
v 0.01822730 0.04954052 -0.04694691
v 0.01906696 0.04180015 -0.02350830
v 0.01858716 0.04180015 -0.03766364
v 0.01857888 0.04024875 -0.03766364
v 0.01856648 0.03870844 -0.03766364
v 0.01793363 0.04180015 -0.04849711
v 0.01755724 0.04180015 -0.05004432
v 0.01757378 0.04334601 -0.05004432
v 0.01714775 0.04024875 -0.05086730
v 0.01712293 0.03943427 -0.05083139
v 0.01558839 0.04094689 -0.05238758
v 0.01253172 0.03161632 -0.05240853
v 0.01169620 0.03104563 -0.05264495
v 0.01118331 0.02979897 -0.05251926
v 0.01023612 0.02933909 -0.05277064
v 0.00978113 0.02822541 -0.05254919
v 0.00866849 0.02777107 -0.05271977
v 0.00820109 0.02677374 -0.05248035
v 0.00744003 0.02574317 -0.05229182
v 0.00697263 0.02628062 -0.05257612
v 0.00697263 0.02489544 -0.05189379
v 0.00704708 0.02378176 -0.05105584
v 0.00549600 0.02274011 -0.05048424
v 0.00394905 0.02185913 -0.04992461
v 0.00240210 0.02096708 -0.04918841
v 0.00234006 0.02188130 -0.05018797
v 0.00085515 0.02095600 -0.04920637
v -0.00069593 0.02044071 -0.04841930
v -0.00223874 0.01968163 -0.04717435
v -0.00378569 0.01974812 -0.04710551
v -0.00498106 0.01931041 -0.04624662
v -0.00543191 0.01895580 -0.04554334
v -0.00688373 0.01900012 -0.04525904
v -0.00843067 0.01919959 -0.04492386
v -0.00843067 0.01871755 -0.04385248
v -0.00846790 0.01806928 -0.04227235
v -0.00900561 0.01785874 -0.04136856
v -0.00790124 0.01616882 -0.03715189
v -0.00986595 0.01660100 -0.03602066
v -0.01099100 0.01771468 -0.03883976
v -0.00842240 0.01606355 -0.03602066
v -0.00893529 0.01636275 -0.03647555
v -0.00927033 0.01623531 -0.03544308
v -0.01030439 0.01642923 -0.03456622
v -0.00668105 0.01240668 -0.02350830
v -0.00695818 0.01257844 -0.02350830
v -0.01078832 0.01623531 -0.03239354
v -0.01229391 0.01626301 -0.02446596
v -0.01567321 0.01909432 -0.02372976
v -0.01226082 0.01613558 -0.02350830
v -0.01396908 0.01746535 -0.02350830
v -0.01409730 0.01757616 -0.02350830
v -0.01420898 0.01767590 -0.02350830
v -0.01568148 0.01908878 -0.02350830
v 0.00085515 0.06646740 -0.02992159
v 0.00085515 0.06674443 -0.03146881
v 0.00241451 0.06476640 -0.02350830
v 0.00085515 0.06689403 -0.03301901
v 0.00634393 0.06581914 -0.04451386
v 0.00176099 0.06739270 -0.04385248
v 0.00634393 0.06581914 -0.04470839
v 0.00959086 0.06433423 -0.04637530
v 0.01169207 0.06330919 -0.04539969
v 0.00970254 0.06442288 -0.04539969
v 0.01047602 0.06401286 -0.04539969
v 0.01255654 0.06276620 -0.04539969
v 0.01437648 0.06142535 -0.04385248
v 0.01431030 0.06140319 -0.04539969
v 0.01514995 0.06057763 -0.04385248
v 0.01561735 0.05971881 -0.04494780
v 0.01666795 0.05728090 -0.04385248
v 0.01773096 0.05418364 -0.02682717
v 0.01873192 0.04946296 -0.02350830
v 0.01819422 0.05263779 -0.02527697
v 0.01845066 0.05108638 -0.02350830
v 0.01847548 0.05095341 -0.02350830
v 0.01862438 0.05012784 -0.02350830
v 0.01874847 0.04935214 -0.02350830
v 0.01877329 0.04915268 -0.02350830
v 0.01888083 0.04798913 -0.02372976
v 0.01890151 0.04776750 -0.02350830
v 0.01895528 0.04644327 -0.02350830
v 0.01896355 0.04622164 -0.02350830
v 0.01900905 0.04489741 -0.02350830
v 0.01904628 0.04334601 -0.02350830
v 0.01907110 0.04024875 -0.02350830
v 0.01890978 0.04024875 -0.02837438
v 0.01895114 0.03870844 -0.02682717
v 0.01892633 0.03716257 -0.02682717
v 0.01866988 0.03624282 -0.03259704
v 0.01850857 0.03716257 -0.03766364
v 0.01782195 0.04024875 -0.04849711
v 0.01746210 0.04024875 -0.05004432
v 0.01557185 0.03481331 -0.05082541
v 0.01726770 0.03883033 -0.05002337
v 0.01718911 0.03453628 -0.04797638
v 0.01702780 0.03561118 -0.04904477
v 0.01584484 0.03251392 -0.04959542
v 0.01434753 0.03251392 -0.05113665
v 0.01414071 0.03140578 -0.05094810
v 0.01323488 0.03099577 -0.05158255
v 0.01293294 0.02942220 -0.05118752
v 0.01264754 0.02831960 -0.05094511
v 0.01221737 0.03058575 -0.05221401
v 0.01081519 0.02876840 -0.05231576
v 0.01023612 0.02777107 -0.05215714
v 0.00923515 0.02719484 -0.05232174
v 0.00866849 0.02628062 -0.05211225
v 0.00846167 0.02480125 -0.05122942
v 0.00715049 0.02292295 -0.05001738
v 0.00669964 0.02227468 -0.04948469
v 0.00786192 0.02397014 -0.05085234
v 0.00549600 0.02207522 -0.04971213
v 0.00394905 0.02108897 -0.04902083
v 0.00394905 0.02057369 -0.04824572
v 0.00240210 0.02045733 -0.04841631
v 0.00085515 0.02044625 -0.04843426
v -0.00069593 0.01967055 -0.04715938
v -0.00223874 0.01922729 -0.04639924
v -0.00378569 0.01926054 -0.04633041
v -0.00378569 0.01873971 -0.04539969
v -0.00378569 0.01805820 -0.04406197
v -0.00539468 0.01806375 -0.04375672
v -0.00688373 0.01833524 -0.04385248
v -0.00797569 0.01772576 -0.04173666
v -0.00723117 0.01634612 -0.03818436
v -0.00678446 0.01609125 -0.03766663
v -0.00688373 0.01567016 -0.03611343
v -0.00531196 0.01188585 -0.02350830
v -0.00553118 0.01193572 -0.02350830
v 0.00919792 0.06418463 -0.04075507
v 0.00859403 0.06481627 -0.04385248
v 0.00718358 0.06287702 -0.02350830
v 0.00744830 0.06277175 -0.02350830
v 0.00772129 0.06266093 -0.02350830
v 0.00787433 0.06272188 -0.02434026
v 0.00906970 0.06257228 -0.02682717
v 0.01147285 0.06301553 -0.04075507
v 0.01224632 0.06256120 -0.04075507
v 0.01250277 0.06272188 -0.04440613
v 0.00955364 0.06436747 -0.04385248
v 0.01310666 0.06227862 -0.04387343
v 0.01426894 0.06134224 -0.04230228
v 0.01551394 0.05800673 -0.02653988
v 0.01596479 0.05704265 -0.02350830
v 0.01563389 0.05975206 -0.04261052
v 0.01565871 0.05980192 -0.04385248
v 0.01606406 0.05882676 -0.04385248
v 0.01723461 0.05517543 -0.02682717
v 0.01764410 0.05418364 -0.02527697
v 0.01811563 0.05263779 -0.02350830
v 0.01816940 0.05241061 -0.02350830
v 0.01888496 0.04798913 -0.02350830
v 0.01905455 0.03870844 -0.02350830
v 0.01900078 0.03870844 -0.02527697
v 0.01898010 0.03716257 -0.02527697
v 0.01891806 0.03561118 -0.02527697
v 0.01886015 0.03561118 -0.02682717
v 0.01872365 0.03397667 -0.02680622
v 0.01862438 0.03367193 -0.02837438
v 0.01859543 0.03568321 -0.03307288
v 0.01836380 0.03561118 -0.03766364
v 0.01809081 0.03406532 -0.03920786
v 0.01823144 0.03561118 -0.03920786
v 0.01746210 0.03561118 -0.04694691
v 0.01763169 0.03870844 -0.04849711
v 0.01727184 0.03561118 -0.04827266
v 0.01566698 0.03149997 -0.04938593
v 0.01512100 0.03251392 -0.05037052
v 0.01393804 0.03037521 -0.05074759
v 0.01725116 0.03422600 -0.04694691
v 0.01706503 0.03345030 -0.04694691
v 0.01677135 0.03251392 -0.04694691
v 0.01641150 0.03251392 -0.04849711
v 0.01687062 0.03403762 -0.04849411
v 0.01235386 0.02728903 -0.05065782
v 0.01177893 0.02783202 -0.05133117
v 0.01370641 0.02942220 -0.05046329
v 0.01132394 0.02670172 -0.05107978
v 0.01020303 0.02624183 -0.05138204
v 0.00973150 0.02533316 -0.05102591
v 0.00773370 0.02249632 -0.04922133
v 0.00704295 0.02167629 -0.04849112
v 0.00635220 0.02087843 -0.04776390
v 0.00549600 0.02129952 -0.04871557
v 0.01076142 0.02567114 -0.05067877
v 0.00549600 0.02076761 -0.04794346
v 0.00383324 0.01978137 -0.04681223
v 0.00323762 0.01934365 -0.04620771
v 0.00240210 0.01968163 -0.04704566
v 0.00085515 0.01967055 -0.04711150
v -0.00069593 0.01923838 -0.04638727
v -0.00223874 0.01866768 -0.04539969
v -0.00223874 0.01802496 -0.04413978
v -0.00378569 0.01771468 -0.04328986
v -0.00491488 0.01776455 -0.04317913
v -0.00594894 0.01783103 -0.04302650
v -0.00688373 0.01791415 -0.04280804
v -0.00688373 0.01761495 -0.04203294
v -0.00688373 0.01714953 -0.04075507
v -0.00620125 0.01624085 -0.03848961
v -0.00378569 0.01165868 -0.02350830
v 0.01014098 0.06373029 -0.04075507
v 0.00849476 0.06230078 -0.02350830
v 0.01014098 0.06176888 -0.02527697
v 0.01014098 0.06202929 -0.02682717
v 0.01014098 0.06354190 -0.03920786
v 0.01133221 0.06293797 -0.03920786
v 0.01124949 0.06138657 -0.02682717
v 0.01281712 0.05986287 -0.02350830
v 0.01292880 0.05978530 -0.02350830
v 0.01359060 0.05927002 -0.02350830
v 0.01453779 0.05849432 -0.02350830
v 0.01531127 0.05781835 -0.02350830
v 0.01674654 0.05574058 -0.02350830
v 0.01674654 0.05577383 -0.02372976
v 0.01752001 0.05420026 -0.02350830
v 0.01761928 0.05396201 -0.02350830
v 0.01901732 0.03716257 -0.02372976
v 0.01901732 0.03716257 -0.02350830
v 0.01894701 0.03561118 -0.02372976
v 0.01893460 0.03538955 -0.02350830
v 0.01883119 0.03406532 -0.02372976
v 0.01878983 0.03406532 -0.02527697
v 0.01868643 0.03302367 -0.02527697
v 0.01866575 0.03320651 -0.02627951
v 0.01864506 0.03340597 -0.02731199
v 0.01850857 0.03251392 -0.02837438
v 0.01843412 0.03251392 -0.02992159
v 0.01819422 0.03406532 -0.03766364
v 0.01833485 0.03251392 -0.03146881
v 0.01781368 0.03251392 -0.03920786
v 0.01586138 0.03120077 -0.04849711
v 0.01545190 0.03042507 -0.04849711
v 0.01407454 0.02854677 -0.04938593
v 0.01435993 0.02942220 -0.04969118
v 0.01763169 0.03251392 -0.04075507
v 0.01711052 0.03019236 -0.03998595
v 0.01675067 0.02957180 -0.04060244
v 0.01265581 0.02689564 -0.04962535
v 0.01175825 0.02628616 -0.05015205
v 0.00830863 0.02210292 -0.04818886
v 0.00738212 0.02107235 -0.04730602
v 0.00693954 0.02071775 -0.04685413
v 0.00608748 0.01941014 -0.04444802
v 0.00554150 0.01962069 -0.04539072
v 0.00427168 0.01947109 -0.04589947
v 0.01116263 0.02529991 -0.04964629
v 0.01099718 0.02392582 -0.04782974
v 0.00934269 0.02247415 -0.04767712
v 0.00383324 0.01913310 -0.04539072
v 0.00226147 0.01815240 -0.04370584
v 0.00240210 0.01887823 -0.04539969
v 0.00085515 0.01877296 -0.04539969
v -0.00069593 0.01804158 -0.04410985
v -0.00069593 0.01869539 -0.04539969
v -0.00223874 0.01768144 -0.04336468
v -0.00223874 0.01721602 -0.04230228
v -0.00378569 0.01729913 -0.04230228
v -0.00539468 0.01752630 -0.04242797
v -0.00533678 0.01689465 -0.04075507
v -0.00533678 0.01619098 -0.03865421
v -0.00223874 0.01145922 -0.02350830
v -0.00533678 0.01644032 -0.03942632
v 0.00988040 0.06158049 -0.02350830
v 0.01012857 0.06144751 -0.02350830
v 0.01094341 0.06116494 -0.02443304
v 0.01106750 0.06124805 -0.02527697
v 0.01158039 0.06063303 -0.02350830
v 0.01707330 0.05509232 -0.02350830
v 0.01900905 0.03693541 -0.02350830
v 0.01894701 0.03561118 -0.02350830
v 0.01883533 0.03406532 -0.02350830
v 0.01881465 0.03381599 -0.02350830
v 0.01871124 0.03269676 -0.02350830
v 0.01863679 0.03193215 -0.02350830
v 0.01863265 0.03197093 -0.02372976
v 0.01860370 0.03224797 -0.02527697
v 0.01858302 0.03261919 -0.02680622
v 0.01862438 0.03183795 -0.02350830
v 0.01847961 0.03096806 -0.02372976
v 0.01832244 0.03096806 -0.02682717
v 0.01824385 0.03096806 -0.02837438
v 0.01815285 0.03096806 -0.02992159
v 0.01774750 0.02942220 -0.02992159
v 0.01596065 0.02804257 -0.04075507
v 0.01484801 0.02942220 -0.04849711
v 0.01372296 0.02448543 -0.04075507
v 0.01357819 0.02487328 -0.04227534
v 0.01275094 0.02359892 -0.04230228
v 0.01282539 0.02501180 -0.04539969
v 0.01230423 0.02423610 -0.04539969
v 0.01208087 0.02477355 -0.04705165
v 0.01744556 0.02787080 -0.02837438
v 0.01729252 0.02779324 -0.02984379
v 0.01712293 0.02706740 -0.02927817
v 0.01688717 0.02932801 -0.03920786
v 0.01123708 0.02367649 -0.04694691
v 0.00860644 0.02166521 -0.04697683
v 0.00787433 0.02086735 -0.04627355
v 0.00704708 0.02016922 -0.04539969
v 0.00652178 0.01925500 -0.04341555
v 0.00003204 0.01157557 -0.02350830
v 0.00328726 0.01777009 -0.04166783
v 0.00394905 0.01860674 -0.04385248
v 0.00505756 0.01925500 -0.04486699
v 0.00703881 0.01963177 -0.04390036
v 0.01015753 0.02282876 -0.04707559
v 0.01067869 0.02261267 -0.04578275
v 0.00268337 0.01791969 -0.04270030
v 0.00165345 0.01780333 -0.04309234
v 0.00085515 0.01808591 -0.04396620
v -0.00069593 0.01769806 -0.04333475
v -0.00069593 0.01728250 -0.04230228
v -0.00223874 0.01663424 -0.04075507
v -0.00378569 0.01670627 -0.04075507
v -0.00378569 0.01634612 -0.03969267
v -0.00091929 0.01143151 -0.02350830
v 0.01849202 0.03098468 -0.02350830
v 0.01844653 0.03074643 -0.02350830
v 0.01816940 0.02942220 -0.02350830
v 0.01815699 0.02942220 -0.02372976
v 0.01811563 0.02919503 -0.02350830
v 0.01806186 0.02942220 -0.02527697
v 0.01777646 0.02787080 -0.02372976
v 0.01767305 0.02787080 -0.02527697
v 0.01756551 0.02787080 -0.02682717
v 0.01605992 0.02772675 -0.03932457
v 0.01565871 0.02693997 -0.03888764
v 0.01386772 0.02422502 -0.03920786
v 0.01287089 0.02315566 -0.04067426
v 0.01235800 0.02259051 -0.04113813
v 0.01219255 0.02282322 -0.04230228
v 0.01115436 0.02221928 -0.04385248
v 0.01144389 0.02317228 -0.04531889
v 0.01716843 0.02696767 -0.02837438
v 0.01706089 0.02722808 -0.03031064
v 0.01686235 0.02603683 -0.02682717
v 0.01677135 0.02619751 -0.02837438
v 0.01672999 0.02646346 -0.02984379
v 0.01097650 0.02240212 -0.04475028
v 0.00949987 0.02082302 -0.04329884
v 0.00811837 0.02070112 -0.04539969
v 0.01015753 0.02206414 -0.04531889
v 0.01006653 0.02140479 -0.04382854
v 0.00758479 0.01946554 -0.04230228
v 0.00088411 0.01186923 -0.02350830
v 0.00069384 0.01179166 -0.02350830
v -0.00069593 0.01143151 -0.02350830
v 0.00240210 0.01726588 -0.04075507
v 0.00864780 0.02047949 -0.04382854
v 0.00226147 0.01768144 -0.04223345
v 0.00085515 0.01696669 -0.04075507
v 0.00085515 0.01744873 -0.04230228
v 0.00085515 0.01775901 -0.04319409
v -0.00069593 0.01675614 -0.04075507
v -0.00223874 0.01632396 -0.03972259
v 0.01778887 0.02787080 -0.02350830
v 0.01771855 0.02764363 -0.02350830
v 0.01729252 0.02666293 -0.02527697
v 0.01723875 0.02681253 -0.02682717
v 0.01641564 0.02632494 -0.03146881
v 0.01577452 0.02522788 -0.03146881
v 0.01557598 0.02398122 -0.02769206
v 0.01249449 0.02241874 -0.04010566
v 0.01141908 0.02197549 -0.04230228
v 0.01045947 0.02120533 -0.04230228
v 0.01694508 0.02589277 -0.02527697
v 0.01616747 0.02477355 -0.02682717
v 0.01589447 0.02503950 -0.02992159
v 0.00968600 0.02071221 -0.04230228
v 0.00859403 0.02004178 -0.04230228
v 0.00777506 0.01938243 -0.04139849
v 0.00332034 0.01307710 -0.02350830
v 0.00244346 0.01258952 -0.02350830
v 0.01734629 0.02648008 -0.02350830
v 0.01734629 0.02651887 -0.02372976
v 0.01702780 0.02572101 -0.02350830
v 0.01591929 0.02469044 -0.02827263
v 0.01563803 0.02390920 -0.02682717
v 0.01440957 0.02205306 -0.02350830
v 0.01360714 0.02128290 -0.02350830
v 0.01201883 0.01978137 -0.02350830
v 0.01190715 0.01967609 -0.02350830
v 0.01124536 0.01906107 -0.02350830
v 0.01048843 0.01839619 -0.02350830
v 0.01025266 0.01819118 -0.02350830
v 0.00958673 0.01762603 -0.02350830
v 0.01084828 0.02095046 -0.03959391
v 0.01177893 0.02193116 -0.04067426
v 0.01507136 0.02277335 -0.02350830
v 0.01069524 0.02105019 -0.04075507
v 0.01632878 0.02477355 -0.02527697
v 0.00992176 0.02056261 -0.04075507
v 0.00418895 0.01369212 -0.02350830
v 0.01647355 0.02479571 -0.02350830
v 0.01571662 0.02379284 -0.02527697
v 0.01518304 0.02291187 -0.02350830
v 0.01635359 0.02460178 -0.02350830
v 0.01577039 0.02368203 -0.02350830
v -0.02184762 0.03870262 -0.02350338
v -0.02155744 0.03715459 -0.01598693
v -0.02179857 0.03870262 -0.02217990
v -0.02183127 0.04025065 -0.02350338
v -0.02173727 0.03715459 -0.02350338
v -0.02147570 0.03561241 -0.01598693
v -0.02143483 0.03561241 -0.01443772
v -0.02110379 0.03715459 -0.00515212
v -0.02115692 0.03870262 -0.00669940
v -0.02147979 0.03870262 -0.01443772
v -0.02145527 0.04025065 -0.01443772
v -0.02182718 0.04047263 -0.02350338
v -0.02097300 0.03096832 -0.02350338
v -0.02096892 0.03096832 -0.01753421
v -0.02115692 0.03251634 -0.01598693
v -0.02128770 0.03406437 -0.01443772
v -0.02074005 0.03251634 -0.00379777
v -0.02087492 0.03406437 -0.00379777
v -0.02100979 0.03715459 -0.00379777
v -0.02109153 0.03870262 -0.00515212
v -0.02095666 0.03561241 -0.00379777
v -0.02174544 0.04179868 -0.02217990
v -0.02180266 0.04179868 -0.02350338
v -0.02159831 0.04270413 -0.01973358
v -0.02076457 0.02942028 -0.02350338
v -0.02096075 0.03096832 -0.01598693
v -0.02074413 0.02942028 -0.01753421
v -0.02111196 0.03251634 -0.01443772
v -0.02054387 0.03096832 -0.00379777
v -0.02098118 0.03850985 -0.00379777
v -0.02097709 0.03870262 -0.00379777
v -0.02085040 0.04160591 -0.00379777
v -0.02144301 0.04489474 -0.01908341
v -0.02156970 0.04373226 -0.02029693
v -0.02174136 0.04334671 -0.02350338
v -0.02179449 0.04202066 -0.02350338
v -0.02168005 0.04334671 -0.02217990
v -0.02037222 0.02787225 -0.02350338
v -0.02017605 0.02672730 -0.01753421
v -0.02046622 0.02787225 -0.01753421
v -0.02071553 0.02942028 -0.01598693
v -0.02012700 0.02815265 -0.00379777
v -0.02029866 0.02925088 -0.00379777
v -0.02032318 0.02942028 -0.00379777
v -0.02045396 0.02787225 -0.01598693
v -0.02054796 0.04644277 -0.00379777
v -0.02133675 0.04644277 -0.01908341
v -0.02164327 0.04489474 -0.02350338
v -0.02159423 0.04417038 -0.02132909
v -0.02173318 0.04350443 -0.02350338
v -0.02011883 0.02713621 -0.02350338
v -0.02018013 0.02670977 -0.01598693
v -0.01346116 0.00617063 -0.00379777
v -0.01999213 0.02738156 -0.00379777
v -0.02015970 0.02672145 -0.01443772
v -0.01951804 0.02477620 -0.00515212
v -0.01948535 0.02477620 -0.00379777
v -0.01983274 0.02632423 -0.00515212
v -0.02034361 0.04799080 -0.00379777
v -0.02044170 0.04799080 -0.00515212
v -0.02100570 0.04953883 -0.01753421
v -0.02113649 0.04799080 -0.01753421
v -0.02121005 0.04799080 -0.01908341
v -0.02140622 0.04799080 -0.02350338
v -0.02153292 0.04642525 -0.02350338
v -0.02155744 0.04610396 -0.02350338
v -0.02007387 0.02700769 -0.02350338
v -0.01904396 0.02322816 -0.00379777
v -0.01284402 0.00617063 -0.00515212
v 0.01457136 0.00617063 -0.00379777
v -0.01979187 0.02623076 -0.02350338
v -0.01921970 0.02477620 -0.02350338
v -0.01869656 0.02361371 -0.02350338
v -0.01776474 0.02183786 -0.02350338
v -0.01767891 0.02168013 -0.02350338
v -0.01710673 0.02066953 -0.02350338
v -0.01702499 0.02055854 -0.02350338
v -0.01645690 0.01989260 -0.02350338
v -0.01975100 0.02613145 -0.00379777
v -0.02010657 0.04888457 -0.00379777
v -0.02096892 0.05108686 -0.02063069
v -0.02106292 0.05108686 -0.02217990
v -0.02114466 0.04953883 -0.02063069
v -0.02138579 0.04821278 -0.02350338
v -0.01202663 0.00617063 -0.00688654
v 0.01419536 0.00617063 -0.00476241
v 0.01702763 0.02572254 -0.02350338
v 0.01734642 0.02647611 -0.02350338
v 0.01779190 0.02787225 -0.02350338
v 0.01817198 0.02942028 -0.02350338
v 0.01896486 0.02651700 -0.00379777
v -0.01568447 0.01908646 -0.02350338
v -0.00739609 0.00617063 -0.01627825
v -0.00781297 0.00617063 -0.01548532
v -0.02005344 0.04898388 -0.00379777
v -0.02034770 0.05225518 -0.01908341
v -0.02044988 0.05243043 -0.02063069
v -0.02083405 0.05108686 -0.01908341
v -0.02056840 0.05265242 -0.02350338
v -0.02112013 0.05108686 -0.02350338
v -0.02124275 0.04976081 -0.02350338
v 0.01386432 0.00617063 -0.00556499
v 0.01647589 0.02479372 -0.02350338
v 0.01844581 0.03074633 -0.02350338
v 0.01922642 0.02787225 -0.00379777
v -0.01420907 0.01767862 -0.02350338
v -0.00655827 0.00617063 -0.01762874
v -0.01968152 0.04966150 -0.00379777
v -0.02022100 0.05208578 -0.01753421
v -0.01875787 0.05377985 -0.01598693
v -0.02042535 0.05274004 -0.02229373
v -0.02005344 0.05342351 -0.02288408
v -0.02045396 0.05284519 -0.02350338
v 0.01331666 0.00617063 -0.00667432
v 0.01635328 0.02460095 -0.02350338
v 0.01849077 0.03098584 -0.02350338
v 0.01925912 0.02806503 -0.00379777
v -0.01409872 0.01757932 -0.02350338
v -0.00639887 0.00617063 -0.01779466
v -0.01900309 0.05066042 -0.00379777
v -0.02011883 0.05196311 -0.01635542
v -0.01816934 0.05455094 -0.01598693
v -0.01890909 0.05079478 -0.00379777
v -0.02007796 0.05344103 -0.02350338
v -0.01275820 0.06166020 -0.02350338
v 0.01269136 0.00617063 -0.00772578
v 0.01576885 0.02368381 -0.02350338
v 0.01863790 0.03193218 -0.02350338
v 0.01919781 0.02942028 -0.00824861
v 0.01929181 0.02942028 -0.00669940
v 0.01937355 0.02942028 -0.00515212
v 0.01943895 0.02942028 -0.00379777
v -0.01396794 0.01746833 -0.02350338
v -0.00544661 0.00617063 -0.01875544
v -0.01739691 0.05540966 -0.01598693
v -0.01818161 0.05157171 -0.00379777
v -0.01223507 0.05799750 -0.00614956
v -0.01196941 0.06232030 -0.02350338
v 0.00810169 0.00617063 -0.01404222
v 0.01507406 0.02277252 -0.02350338
v 0.01518441 0.02291272 -0.02350338
v 0.01914468 0.03096832 -0.01289237
v 0.01871146 0.03269159 -0.02350338
v 0.01934086 0.03251634 -0.01289237
v 0.01942260 0.03251634 -0.01134509
v 0.01956972 0.03251634 -0.00824861
v 0.01945938 0.02961306 -0.00379777
v -0.01248028 0.01628248 -0.02350338
v -0.01226367 0.01613644 -0.02350338
v -0.00695470 0.01257889 -0.02350338
v -0.00668088 0.01240364 -0.02350338
v -0.00378730 0.00617063 -0.01950592
v -0.01575395 0.05394925 -0.00379777
v -0.01266828 0.05652541 -0.00379777
v -0.01166289 0.05716799 -0.00379777
v -0.01120515 0.05826622 -0.00548589
v -0.01164246 0.05841226 -0.00667818
v -0.00809497 0.06439408 -0.02350338
v -0.01019567 0.06329585 -0.02350338
v -0.01158933 0.06254228 -0.02350338
v -0.01179776 0.06242545 -0.02350338
v -0.01505916 0.05462688 -0.00379777
v -0.01428672 0.05535709 -0.00379777
v -0.01418046 0.05545639 -0.00379777
v 0.00752543 0.00617063 -0.01480042
v 0.01441197 0.02205400 -0.02350338
v 0.00675708 0.00617063 -0.01576892
v 0.00607864 0.00617063 -0.01655221
v 0.01881364 0.03381903 -0.02350338
v 0.01937764 0.03406437 -0.01443772
v 0.01946755 0.03406437 -0.01289237
v 0.01963103 0.03251634 -0.00669940
v 0.01959425 0.03096832 -0.00379777
v 0.01978634 0.03406437 -0.00515212
v -0.00553244 0.01193631 -0.02350338
v -0.00375461 0.00617063 -0.01951171
v -0.00531174 0.01188374 -0.02350338
v -0.01133593 0.05734324 -0.00379777
v -0.01026923 0.05789819 -0.00379777
v -0.00963167 0.05822532 -0.00392896
v -0.00275738 0.06262991 -0.00920167
v -0.00328869 0.06281684 -0.01023383
v -0.00928427 0.05963315 -0.00739780
v -0.00710592 0.06483804 -0.02350338
v 0.01360684 0.02128290 -0.02350338
v 0.00606638 0.00617063 -0.01656378
v 0.00529394 0.00617063 -0.01723131
v 0.01883407 0.03406437 -0.02350338
v 0.01893216 0.03539042 -0.02350338
v 0.01894851 0.03561241 -0.02350338
v 0.01901799 0.03715459 -0.02350338
v 0.01905477 0.03870262 -0.02350338
v 0.01990077 0.03561241 -0.00379777
v 0.01973321 0.03251634 -0.00379777
v 0.01983538 0.03406437 -0.00379777
v -0.00211164 0.00617063 -0.01974130
v -0.00378730 0.01166175 -0.02350338
v -0.00976654 0.05810849 -0.00379777
v -0.00928019 0.05826037 -0.00379777
v -0.00223834 0.06234951 -0.00832192
v -0.00172338 0.06275842 -0.00888913
v -0.00223834 0.06293367 -0.00974959
v -0.00223834 0.06344773 -0.01134509
v -0.00223834 0.06390922 -0.01289237
v -0.00306391 0.06427724 -0.01502036
v -0.00378730 0.06342437 -0.01289237
v -0.00379956 0.06298041 -0.01139719
v -0.00688114 0.06492566 -0.02350338
v 0.01213553 0.01989260 -0.02350338
v 0.00434985 0.00617063 -0.01799144
v 0.01190666 0.01967646 -0.02350338
v 0.01906703 0.04002867 -0.02350338
v 0.01990486 0.03715459 -0.00379777
v -0.00196860 0.00617063 -0.01974515
v -0.00223834 0.01145730 -0.02350338
v -0.00225469 0.06007712 -0.00379777
v -0.00169477 0.06121623 -0.00579650
v -0.00104494 0.06275842 -0.00888913
v -0.00069347 0.06170109 -0.00669940
v -0.00069347 0.06344773 -0.01134509
v -0.00223834 0.06417793 -0.01405572
v -0.00308843 0.06580190 -0.02289759
v -0.00411835 0.06573180 -0.02326801
v -0.00470278 0.06565586 -0.02350338
v -0.00535670 0.06545725 -0.02350338
v 0.00356107 0.00617063 -0.01858952
v 0.01124457 0.01906309 -0.02350338
v 0.01906703 0.04179868 -0.02350338
v 0.01986399 0.04025065 -0.00379777
v 0.01917329 0.04334671 -0.02063069
v -0.00078747 0.00617063 -0.01974708
v -0.00069347 0.01142809 -0.02350338
v -0.00196860 0.06011217 -0.00379777
v -0.00069347 0.06024068 -0.00379777
v -0.00059947 0.06294535 -0.00966856
v 0.00163611 0.06115197 -0.00592191
v 0.00085550 0.06222099 -0.00824861
v -0.00001912 0.06268248 -0.00906855
v 0.00085550 0.06017642 -0.00379777
v 0.00249028 0.06007128 -0.00379777
v -0.00069347 0.06379823 -0.01289237
v 0.00085550 0.06285189 -0.01006020
v 0.00182819 0.06275842 -0.01035924
v -0.00127382 0.06429477 -0.01489303
v -0.00295356 0.06580190 -0.02289759
v -0.00350121 0.06584280 -0.02350338
v -0.00390582 0.06579022 -0.02350338
v 0.00240037 0.00617063 -0.01913550
v 0.00331994 0.01307543 -0.02350338
v 0.00419046 0.01368880 -0.02350338
v 0.00958935 0.01762605 -0.02350338
v 0.01036179 0.01828615 -0.02350338
v 0.01048848 0.01839714 -0.02350338
v 0.01904660 0.04334671 -0.02350338
v 0.01910790 0.04334671 -0.02217990
v 0.01985990 0.04044342 -0.00379777
v 0.01907112 0.04489474 -0.02217990
v 0.01912833 0.04489474 -0.02063069
v 0.01982312 0.04179868 -0.00379777
v -0.00064033 0.00617063 -0.01974130
v 0.00003402 0.01157997 -0.02350338
v 0.00088002 0.00617063 -0.01953293
v 0.00240037 0.06193475 -0.00824861
v 0.00389211 0.05983761 -0.00379777
v 0.00394933 0.05983177 -0.00381128
v 0.00085550 0.06261822 -0.00928463
v 0.00207341 0.06441160 -0.02063069
v 0.00085550 0.06525279 -0.02350338
v 0.00236767 0.06245466 -0.00982483
v 0.00394933 0.06191139 -0.00979589
v 0.00284994 0.06259486 -0.01134509
v -0.00077929 0.06555656 -0.02350338
v -0.00113077 0.06562082 -0.02350338
v -0.00186234 0.06573765 -0.02350338
v -0.00256938 0.06583112 -0.02350338
v 0.00069610 0.01179027 -0.02350338
v 0.00088410 0.01186621 -0.02350338
v 0.00244124 0.01259057 -0.02350338
v 0.01901390 0.04467276 -0.02350338
v 0.01896486 0.04622079 -0.02350338
v 0.01895668 0.04644277 -0.02350338
v 0.01900981 0.04644277 -0.02217990
v 0.01889946 0.04776882 -0.02350338
v 0.01888720 0.04799080 -0.02350338
v 0.01981086 0.04199146 -0.00379777
v 0.00537160 0.05948711 -0.00379777
v 0.00723934 0.05899642 -0.00379777
v 0.00859213 0.05864008 -0.00379777
v 0.00878830 0.05858750 -0.00379777
v 0.01024326 0.05818443 -0.00379777
v 0.01103614 0.05809681 -0.00424537
v 0.00394933 0.05982593 -0.00379777
v 0.00250254 0.06451675 -0.02215675
v 0.00241672 0.06476794 -0.02350338
v 0.00394933 0.06218010 -0.01134509
v 0.01125683 0.05822532 -0.00515212
v 0.01014109 0.05897889 -0.00669940
v 0.00920926 0.05955721 -0.00780681
v 0.00308698 0.06421298 -0.02162620
v 0.01891990 0.04799080 -0.02217990
v 0.01877277 0.04915328 -0.02350338
v 0.01967599 0.04353948 -0.00379777
v 0.01079500 0.05802087 -0.00379777
v 0.01148979 0.05778720 -0.00379777
v 0.00744778 0.06277011 -0.02350338
v 0.00704725 0.06228525 -0.01908341
v 0.00700638 0.06251307 -0.02049757
v 0.00747639 0.06257149 -0.02217990
v 0.01157970 0.05774631 -0.00379777
v 0.01202927 0.05785730 -0.00515212
v 0.01146118 0.05837136 -0.00669940
v 0.00938909 0.06116366 -0.01823646
v 0.00859213 0.06166604 -0.01908341
v 0.01953294 0.04508751 -0.00379777
v 0.01875233 0.04935190 -0.02350338
v 0.00772160 0.06265911 -0.02350338
v 0.00768482 0.06264743 -0.02330467
v 0.01333301 0.05691096 -0.00379777
v 0.01323901 0.05717383 -0.00515212
v 0.00950761 0.06123375 -0.01908341
v 0.00859213 0.06188802 -0.02063069
v 0.01937764 0.04644277 -0.00379777
v 0.01862564 0.05012299 -0.02350338
v 0.01864198 0.05021646 -0.02063069
v 0.01876051 0.04938111 -0.02217990
v 0.00849404 0.06229693 -0.02350338
v 0.01401554 0.05651373 -0.00379777
v 0.01405232 0.05654294 -0.00413733
v 0.01271588 0.05976751 -0.02217990
v 0.01157970 0.06063207 -0.02350338
v 0.00969152 0.06133891 -0.02063069
v 0.01876459 0.04943952 -0.02063069
v 0.01912425 0.04799080 -0.00379777
v 0.01847442 0.05095250 -0.02350338
v 0.01848668 0.05108686 -0.02063069
v 0.01850303 0.05108686 -0.01908341
v 0.01012883 0.06144990 -0.02350338
v 0.01457954 0.05595293 -0.00379777
v 0.01600589 0.05543303 -0.00824861
v 0.01529476 0.05633264 -0.00979589
v 0.01349240 0.05921840 -0.02217990
v 0.01292840 0.05978503 -0.02350338
v 0.01281805 0.05986098 -0.02350338
v 0.01136309 0.06075474 -0.02350338
v 0.01908338 0.04821278 -0.00379777
v 0.01844990 0.05108686 -0.02350338
v 0.01816790 0.05241291 -0.02350338
v 0.01879320 0.04971992 -0.00379777
v 0.01882590 0.04955051 -0.00379777
v 0.01811477 0.05263489 -0.02350338
v 0.01866242 0.05032745 -0.00379777
v 0.01480841 0.05572511 -0.00379777
v 0.01627154 0.05424718 -0.00379777
v 0.01648407 0.05403104 -0.00379777
v 0.01710120 0.05339430 -0.00379777
v 0.01609172 0.05555570 -0.00979589
v 0.01544598 0.05641442 -0.01134509
v 0.01359049 0.05926513 -0.02350338
v 0.01445693 0.05844730 -0.02217990
v 0.01807390 0.05263489 -0.01908341
v 0.01762024 0.05396094 -0.02350338
v 0.01766929 0.05263489 -0.00669940
v 0.01721972 0.05356955 -0.00669940
v 0.01759572 0.05263489 -0.00515212
v 0.01818016 0.05129132 -0.00379777
v 0.01752216 0.05420044 -0.02350338
v 0.01739955 0.05282182 -0.00379777
v 0.01712163 0.05342935 -0.00421064
v 0.01677833 0.05438153 -0.00824861
v 0.01593232 0.05696937 -0.02217990
v 0.01531111 0.05781641 -0.02350338
v 0.01453458 0.05849404 -0.02350338
v 0.01464902 0.05839473 -0.02350338
v 0.01674972 0.05574263 -0.02350338
v 0.01596502 0.05704531 -0.02350338
f 1 2 3
f 1 3 4
f 1 4 5
f 1 5 6
f 1 6 7
f 1 7 18
f 1 18 17
f 1 17 16
f 1 16 27
f 1 27 33
f 1 33 44
f 1 44 43
f 1 43 42
f 1 42 41
f 1 41 56
f 1 56 73
f 1 73 87
f 1 87 108
f 1 108 107
f 1 107 104
f 1 104 103
f 1 103 102
f 1 102 127
f 1 127 126
f 1 126 142
f 1 142 170
f 1 170 169
f 1 169 168
f 1 168 167
f 1 167 161
f 1 161 166
f 1 166 165
f 1 165 164
f 1 164 183
f 1 183 204
f 1 204 216
f 1 216 234
f 1 234 264
f 1 264 238
f 1 238 237
f 1 237 268
f 1 268 284
f 1 284 310
f 1 310 307
f 1 307 306
f 1 306 309
f 1 309 323
f 1 323 298
f 1 298 303
f 1 303 326
f 1 326 343
f 1 343 341
f 1 341 356
f 1 356 355
f 1 355 379
f 1 379 396
f 1 396 419
f 1 419 418
f 1 418 437
f 1 437 436
f 1 436 439
f 1 439 438
f 1 438 426
f 1 426 425
f 1 425 424
f 1 424 423
f 1 423 421
f 1 421 398
f 1 398 397
f 1 397 380
f 1 380 357
f 1 357 347
f 1 347 346
f 1 346 345
f 1 345 334
f 1 334 315
f 1 315 314
f 1 314 289
f 1 289 288
f 1 288 272
f 1 272 269
f 1 269 246
f 1 246 245
f 1 245 244
f 1 244 243
f 1 243 241
f 1 241 221
f 1 221 206
f 1 206 185
f 1 185 173
f 1 173 172
f 1 172 144
f 1 144 131
f 1 131 130
f 1 130 128
f 1 128 110
f 1 110 89
f 1 89 88
f 1 88 74
f 1 74 62
f 1 62 50
f 1 50 36
f 1 36 29
f 1 29 23
f 1 23 8
f 1 8 2
f 2 8 9
f 2 9 10
f 2 10 11
f 2 11 3
f 3 12 4
f 3 11 13
f 3 13 24
f 3 24 30
f 3 30 38
f 3 38 37
f 3 37 49
f 3 49 48
f 3 48 63
f 3 63 77
f 3 77 76
f 3 76 75
f 3 75 90
f 3 90 111
f 3 111 129
f 3 129 143
f 3 143 171
f 3 171 184
f 3 184 187
f 3 187 186
f 3 186 207
f 3 207 224
f 3 224 240
f 3 240 254
f 3 254 253
f 3 253 252
f 3 252 251
f 3 251 274
f 3 274 273
f 3 273 291
f 3 291 318
f 3 318 336
f 3 336 351
f 3 351 362
f 3 362 375
f 3 375 374
f 3 374 373
f 3 373 372
f 3 372 371
f 3 371 370
f 3 370 369
f 3 369 368
f 3 368 392
f 3 392 412
f 3 412 432
f 3 432 431
f 3 431 434
f 3 434 420
f 3 420 413
f 3 413 393
f 3 393 377
f 3 377 376
f 3 376 354
f 3 354 340
f 3 340 320
f 3 320 319
f 3 319 293
f 3 293 292
f 3 292 276
f 3 276 275
f 3 275 259
f 3 259 258
f 3 258 257
f 3 257 256
f 3 256 255
f 3 255 226
f 3 226 225
f 3 225 210
f 3 210 209
f 3 209 200
f 3 200 199
f 3 199 198
f 3 198 197
f 3 197 196
f 3 196 193
f 3 193 192
f 3 192 191
f 3 191 190
f 3 190 188
f 3 188 175
f 3 175 174
f 3 174 159
f 3 159 158
f 3 158 157
f 3 157 156
f 3 156 155
f 3 155 135
f 3 135 122
f 3 122 121
f 3 121 120
f 3 120 119
f 3 119 118
f 3 118 115
f 3 115 114
f 3 114 113
f 3 113 106
f 3 106 105
f 3 105 112
f 3 112 92
f 3 92 91
f 3 91 78
f 3 78 64
f 3 64 60
f 3 60 59
f 3 59 58
f 3 58 57
f 3 57 45
f 3 45 34
f 3 34 28
f 3 28 22
f 3 22 21
f 3 21 20
f 3 20 19
f 3 19 26
f 3 26 25
f 3 25 12
f 4 12 5
f 5 12 14
f 5 14 15
f 5 15 6
f 6 16 17
f 6 17 18
f 6 18 7
f 6 15 19
f 6 19 20
f 6 20 21
f 6 21 22
f 6 22 16
f 8 23 9
f 9 24 10
f 9 23 24
f 10 24 11
f 11 24 13
f 12 25 14
f 14 25 26
f 14 26 15
f 15 26 19
f 16 22 27
f 22 28 27
f 23 29 24
f 24 29 30
f 27 28 31
f 27 31 32
f 27 32 33
f 28 34 35
f 28 35 32
f 28 32 31
f 29 36 37
f 29 37 38
f 29 38 30
f 32 35 39
f 32 39 40
f 32 40 41
f 32 41 42
f 32 42 43
f 32 43 44
f 32 44 33
f 34 45 35
f 35 46 47
f 35 47 39
f 35 45 46
f 36 48 49
f 36 49 37
f 36 50 48
f 39 51 52
f 39 52 53
f 39 53 54
f 39 54 40
f 39 47 51
f 40 54 55
f 40 55 56
f 40 56 41
f 45 57 46
f 46 58 59
f 46 59 60
f 46 60 61
f 46 61 51
f 46 51 47
f 46 57 58
f 48 50 62
f 48 62 63
f 51 61 64
f 51 64 65
f 51 65 66
f 51 66 52
f 52 66 67
f 52 67 53
f 53 67 68
f 53 68 54
f 54 68 69
f 54 69 70
f 54 70 71
f 54 71 72
f 54 72 73
f 54 73 56
f 54 56 55
f 60 64 61
f 62 74 75
f 62 75 76
f 62 76 77
f 62 77 63
f 64 78 65
f 65 78 91
f 65 91 79
f 65 79 66
f 66 79 80
f 66 80 67
f 67 80 81
f 67 81 82
f 67 82 68
f 68 82 69
f 69 82 83
f 69 83 70
f 70 83 71
f 71 84 85
f 71 85 86
f 71 86 72
f 71 83 84
f 72 86 73
f 73 86 85
f 73 85 87
f 74 88 75
f 75 88 89
f 75 89 90
f 79 91 92
f 79 92 93
f 79 93 80
f 80 93 94
f 80 94 81
f 81 94 95
f 81 95 83
f 81 83 82
f 83 96 97
f 83 97 98
f 83 98 99
f 83 99 100
f 83 100 101
f 83 101 102
f 83 102 103
f 83 103 104
f 83 104 84
f 83 95 94
f 83 94 105
f 83 105 106
f 83 106 96
f 84 104 107
f 84 107 108
f 84 108 109
f 84 109 85
f 85 109 87
f 87 109 108
f 89 110 111
f 89 111 90
f 92 112 93
f 93 112 105
f 93 105 94
f 96 106 113
f 96 113 114
f 96 114 115
f 96 115 97
f 97 116 117
f 97 117 98
f 97 115 118
f 97 118 119
f 97 119 120
f 97 120 121
f 97 121 122
f 97 122 116
f 98 117 99
f 99 117 100
f 100 123 124
f 100 124 101
f 100 117 123
f 101 124 125
f 101 125 126
f 101 126 127
f 101 127 102
f 110 128 111
f 111 128 130
f 111 130 131
f 111 131 129
f 116 132 133
f 116 133 117
f 116 122 134
f 116 134 132
f 117 133 123
f 122 135 134
f 123 136 124
f 123 133 137
f 123 137 138
f 123 138 136
f 124 136 139
f 124 139 140
f 124 140 125
f 125 140 126
f 126 141 142
f 126 140 141
f 129 131 144
f 129 144 143
f 132 134 145
f 132 145 146
f 132 146 147
f 132 147 148
f 132 148 149
f 132 149 133
f 133 150 151
f 133 151 152
f 133 152 153
f 133 153 137
f 133 149 154
f 133 154 150
f 134 135 155
f 134 155 156
f 134 156 157
f 134 157 158
f 134 158 159
f 134 159 145
f 136 138 160
f 136 160 161
f 136 161 162
f 136 162 139
f 137 153 163
f 137 163 138
f 138 163 164
f 138 164 165
f 138 165 166
f 138 166 161
f 138 161 160
f 139 162 167
f 139 167 168
f 139 168 169
f 139 169 170
f 139 170 142
f 139 142 141
f 139 141 140
f 143 144 172
f 143 172 173
f 143 173 171
f 145 159 174
f 145 174 175
f 145 175 176
f 145 176 146
f 146 176 147
f 147 177 148
f 147 176 177
f 148 178 154
f 148 154 149
f 148 177 178
f 150 179 180
f 150 180 151
f 150 154 179
f 151 180 152
f 152 180 153
f 153 180 181
f 153 181 163
f 154 178 182
f 154 182 179
f 161 167 162
f 163 181 183
f 163 183 164
f 171 173 184
f 173 185 186
f 173 186 187
f 173 187 184
f 175 188 176
f 176 189 177
f 176 188 190
f 176 190 191
f 176 191 192
f 176 192 189
f 177 189 193
f 177 193 178
f 178 194 195
f 178 195 182
f 178 193 196
f 178 196 197
f 178 197 198
f 178 198 199
f 178 199 200
f 178 200 194
f 179 201 202
f 179 202 180
f 179 182 201
f 180 202 181
f 181 202 203
f 181 203 204
f 181 204 183
f 182 195 205
f 182 205 201
f 185 206 207
f 185 207 186
f 189 192 193
f 194 208 195
f 194 200 209
f 194 209 210
f 194 210 208
f 195 208 211
f 195 211 212
f 195 212 205
f 201 205 213
f 201 213 214
f 201 214 202
f 202 214 203
f 203 214 215
f 203 215 216
f 203 216 204
f 205 217 218
f 205 218 219
f 205 219 213
f 205 212 217
f 206 220 207
f 206 221 222
f 206 222 223
f 206 223 220
f 207 220 224
f 208 210 211
f 210 225 212
f 210 212 211
f 212 225 226
f 212 226 227
f 212 227 228
f 212 228 229
f 212 229 217
f 213 215 214
f 213 219 215
f 215 219 230
f 215 230 231
f 215 231 216
f 216 231 232
f 216 232 233
f 216 233 234
f 217 235 218
f 217 229 236
f 217 236 235
f 218 235 219
f 219 235 237
f 219 237 238
f 219 238 239
f 219 239 230
f 220 223 240
f 220 240 224
f 221 241 222
f 222 242 223
f 222 241 243
f 222 243 244
f 222 244 245
f 222 245 246
f 222 246 247
f 222 247 248
f 222 248 249
f 222 249 250
f 222 250 251
f 222 251 252
f 222 252 253
f 222 253 254
f 222 254 240
f 222 240 242
f 223 242 240
f 226 255 227
f 227 255 256
f 227 256 257
f 227 257 258
f 227 258 259
f 227 259 260
f 227 260 261
f 227 261 262
f 227 262 263
f 227 263 228
f 228 263 229
f 229 263 236
f 230 239 231
f 231 239 264
f 231 264 232
f 232 264 233
f 233 264 234
f 235 236 265
f 235 265 266
f 235 266 237
f 236 263 265
f 237 266 267
f 237 267 268
f 238 264 239
f 246 269 247
f 247 269 248
f 248 270 271
f 248 271 249
f 248 269 272
f 248 272 270
f 249 271 273
f 249 273 274
f 249 274 251
f 249 251 250
f 259 275 260
f 260 275 276
f 260 276 277
f 260 277 261
f 261 277 278
f 261 278 279
f 261 279 280
f 261 280 262
f 262 280 263
f 263 280 265
f 265 280 281
f 265 281 266
f 266 281 267
f 267 281 282
f 267 282 283
f 267 283 284
f 267 284 268
f 270 285 286
f 270 286 287
f 270 287 271
f 270 272 288
f 270 288 289
f 270 289 285
f 271 287 290
f 271 290 291
f 271 291 273
f 276 292 277
f 277 292 293
f 277 293 294
f 277 294 295
f 277 295 296
f 277 296 297
f 277 297 278
f 278 298 299
f 278 299 279
f 278 297 296
f 278 296 300
f 278 300 301
f 278 301 302
f 278 302 303
f 278 303 298
f 279 299 298
f 279 298 304
f 279 304 305
f 279 305 280
f 280 305 281
f 281 305 282
f 282 306 307
f 282 307 283
f 282 305 308
f 282 308 309
f 282 309 306
f 283 307 310
f 283 310 284
f 285 311 312
f 285 312 313
f 285 313 286
f 285 289 314
f 285 314 315
f 285 315 311
f 286 313 287
f 287 313 312
f 287 312 316
f 287 316 290
f 290 316 317
f 290 317 291
f 291 317 318
f 293 319 295
f 293 295 294
f 295 319 320
f 295 320 321
f 295 321 322
f 295 322 296
f 296 322 301
f 296 301 300
f 298 323 304
f 301 322 303
f 301 303 324
f 301 324 302
f 302 324 303
f 303 325 326
f 303 322 327
f 303 327 328
f 303 328 325
f 304 323 308
f 304 308 305
f 308 323 309
f 311 329 312
f 311 315 329
f 312 329 330
f 312 330 331
f 312 331 332
f 312 332 333
f 312 333 316
f 315 334 329
f 316 333 317
f 317 333 332
f 317 332 335
f 317 335 318
f 318 335 337
f 318 337 338
f 318 338 339
f 318 339 336
f 320 340 341
f 320 341 328
f 320 328 327
f 320 327 321
f 321 327 322
f 325 342 343
f 325 343 326
f 325 328 342
f 328 341 343
f 328 343 342
f 329 344 330
f 329 334 345
f 329 345 344
f 330 344 346
f 330 346 347
f 330 347 348
f 330 348 331
f 331 348 349
f 331 349 350
f 331 350 332
f 332 350 335
f 335 350 337
f 336 339 351
f 337 350 352
f 337 352 338
f 338 352 339
f 339 352 353
f 339 353 351
f 340 354 355
f 340 355 356
f 340 356 341
f 344 345 346
f 347 357 348
f 348 357 349
f 349 357 350
f 350 357 358
f 350 358 359
f 350 359 360
f 350 360 361
f 350 361 352
f 351 353 362
f 352 361 363
f 352 363 353
f 353 363 364
f 353 364 365
f 353 365 366
f 353 366 367
f 353 367 368
f 353 368 369
f 353 369 370
f 353 370 371
f 353 371 372
f 353 372 373
f 353 373 374
f 353 374 375
f 353 375 362
f 354 376 355
f 355 376 377
f 355 377 378
f 355 378 379
f 357 380 358
f 358 380 381
f 358 381 359
f 359 361 360
f 359 381 382
f 359 382 361
f 361 382 383
f 361 383 363
f 363 365 364
f 363 383 365
f 365 384 385
f 365 385 386
f 365 386 387
f 365 387 388
f 365 388 389
f 365 389 390
f 365 390 391
f 365 391 366
f 365 383 384
f 366 391 367
f 367 391 368
f 368 391 392
f 377 393 394
f 377 394 395
f 377 395 396
f 377 396 379
f 377 379 378
f 380 397 381
f 381 397 398
f 381 398 399
f 381 399 382
f 382 399 400
f 382 400 383
f 383 400 384
f 384 400 401
f 384 401 385
f 385 401 402
f 385 402 403
f 385 403 404
f 385 404 386
f 386 404 387
f 387 404 405
f 387 405 388
f 388 406 407
f 388 407 408
f 388 408 389
f 388 405 409
f 388 409 410
f 388 410 406
f 389 408 411
f 389 411 390
f 390 411 412
f 390 412 391
f 391 412 392
f 393 413 394
f 394 414 415
f 394 415 416
f 394 416 417
f 394 417 418
f 394 418 419
f 394 419 395
f 394 413 420
f 394 420 414
f 395 419 396
f 398 421 399
f 399 421 422
f 399 422 402
f 399 402 401
f 399 401 400
f 402 422 421
f 402 421 423
f 402 423 424
f 402 424 425
f 402 425 426
f 402 426 427
f 402 427 428
f 402 428 403
f 403 428 429
f 403 429 404
f 404 429 430
f 404 430 405
f 405 430 409
f 406 410 407
f 407 411 408
f 407 410 431
f 407 431 432
f 407 432 412
f 407 412 411
f 409 430 429
f 409 429 433
f 409 433 415
f 409 415 410
f 410 415 414
f 410 414 420
f 410 420 434
f 410 434 431
f 415 433 435
f 415 435 417
f 415 417 416
f 417 435 436
f 417 436 437
f 417 437 418
f 426 438 427
f 427 438 439
f 427 439 428
f 428 433 429
f 428 439 440
f 428 440 433
f 433 440 435
f 435 440 436
f 436 440 439
f 441 442 447
f 441 447 459
f 441 459 478
f 441 478 508
f 441 508 544
f 441 544 584
f 441 584 583
f 441 583 632
f 441 632 631
f 441 631 630
f 441 630 629
f 441 629 628
f 441 628 685
f 441 685 684
f 441 684 683
f 441 683 682
f 441 682 749
f 441 749 748
f 441 748 800
f 441 800 799
f 441 799 859
f 441 859 915
f 441 915 978
f 441 978 979
f 441 979 1046
f 441 1046 1045
f 441 1045 1118
f 441 1118 1117
f 441 1117 1116
f 441 1116 1115
f 441 1115 1185
f 441 1185 1184
f 441 1184 1113
f 441 1113 1112
f 441 1112 1038
f 441 1038 1111
f 441 1111 1110
f 441 1110 1109
f 441 1109 1106
f 441 1106 1183
f 441 1183 1182
f 441 1182 1243
f 441 1243 1242
f 441 1242 1241
f 441 1241 1240
f 441 1240 1239
f 441 1239 1238
f 441 1238 1275
f 441 1275 1273
f 441 1273 1272
f 441 1272 1271
f 441 1271 1227
f 441 1227 1226
f 441 1226 1233
f 441 1233 1231
f 441 1231 1230
f 441 1230 1229
f 441 1229 1228
f 441 1228 1261
f 441 1261 1279
f 441 1279 1260
f 441 1260 1259
f 441 1259 1258
f 441 1258 1269
f 441 1269 1268
f 441 1268 1267
f 441 1267 1264
f 441 1264 1280
f 441 1280 1278
f 441 1278 1277
f 441 1277 1276
f 441 1276 1245
f 441 1245 1244
f 441 1244 1200
f 441 1200 1131
f 441 1131 1130
f 441 1130 1129
f 441 1129 1128
f 441 1128 1127
f 441 1127 1124
f 441 1124 1052
f 441 1052 984
f 441 984 983
f 441 983 980
f 441 980 921
f 441 921 920
f 441 920 919
f 441 919 918
f 441 918 917
f 441 917 873
f 441 873 872
f 441 872 871
f 441 871 867
f 441 867 807
f 441 807 757
f 441 757 756
f 441 756 755
f 441 755 754
f 441 754 751
f 441 751 750
f 441 750 691
f 441 691 689
f 441 689 688
f 441 688 686
f 441 686 634
f 441 634 633
f 441 633 585
f 441 585 547
f 441 547 546
f 441 546 545
f 441 545 512
f 441 512 511
f 441 511 510
f 441 510 509
f 441 509 479
f 441 479 460
f 441 460 449
f 441 449 443
f 441 443 444
f 441 444 445
f 441 445 446
f 441 446 442
f 442 446 447
f 443 448 444
f 443 449 450
f 443 450 451
f 443 451 448
f 444 452 453
f 444 453 445
f 444 448 451
f 444 451 454
f 444 454 455
f 444 455 452
f 445 453 446
f 446 453 456
f 446 456 457
f 446 457 458
f 446 458 447
f 447 458 459
f 449 460 461
f 449 461 450
f 450 461 462
f 450 462 463
f 450 463 451
f 451 463 464
f 451 464 465
f 451 465 466
f 451 466 454
f 452 467 453
f 452 455 468
f 452 468 467
f 453 467 456
f 454 466 455
f 455 466 465
f 455 465 469
f 455 469 470
f 455 470 471
f 455 471 472
f 455 472 473
f 455 473 468
f 456 467 474
f 456 474 475
f 456 475 457
f 457 476 477
f 457 477 459
f 457 459 458
f 457 475 476
f 459 477 476
f 459 476 478
f 460 479 480
f 460 480 461
f 461 481 482
f 461 482 462
f 461 480 481
f 462 482 483
f 462 483 484
f 462 484 463
f 463 484 464
f 464 484 485
f 464 485 486
f 464 486 469
f 464 469 465
f 467 487 488
f 467 488 474
f 467 468 487
f 468 473 489
f 468 489 490
f 468 490 491
f 468 491 492
f 468 492 488
f 468 488 487
f 469 486 493
f 469 493 470
f 470 493 486
f 470 486 494
f 470 494 495
f 470 495 496
f 470 496 471
f 471 497 498
f 471 498 472
f 471 496 499
f 471 499 497
f 472 500 501
f 472 501 502
f 472 502 473
f 472 498 500
f 473 502 489
f 474 488 503
f 474 503 504
f 474 504 505
f 474 505 475
f 475 505 506
f 475 506 476
f 476 506 507
f 476 507 508
f 476 508 478
f 479 509 480
f 480 509 510
f 480 510 511
f 480 511 512
f 480 512 513
f 480 513 514
f 480 514 481
f 481 514 482
f 482 515 516
f 482 516 483
f 482 514 515
f 483 516 517
f 483 517 484
f 484 517 485
f 485 517 518
f 485 518 519
f 485 519 520
f 485 520 486
f 486 520 521
f 486 521 494
f 488 492 522
f 488 522 523
f 488 523 503
f 489 524 492
f 489 492 491
f 489 491 490
f 489 502 501
f 489 501 525
f 489 525 526
f 489 526 524
f 492 524 522
f 494 521 527
f 494 527 495
f 495 528 496
f 495 527 529
f 495 529 530
f 495 530 528
f 496 528 531
f 496 531 499
f 497 499 532
f 497 532 533
f 497 533 534
f 497 534 535
f 497 535 498
f 498 535 525
f 498 525 501
f 498 501 500
f 499 531 536
f 499 536 537
f 499 537 533
f 499 533 532
f 503 538 539
f 503 539 504
f 503 523 540
f 503 540 541
f 503 541 538
f 504 539 505
f 505 539 506
f 506 539 542
f 506 542 507
f 507 542 543
f 507 543 544
f 507 544 508
f 512 545 513
f 513 545 546
f 513 546 547
f 513 547 548
f 513 548 549
f 513 549 514
f 514 549 550
f 514 550 515
f 515 550 551
f 515 551 516
f 516 551 552
f 516 552 517
f 517 552 553
f 517 553 518
f 518 554 555
f 518 555 519
f 518 553 554
f 519 555 556
f 519 556 557
f 519 557 520
f 520 557 521
f 521 557 527
f 522 524 558
f 522 558 523
f 523 558 541
f 523 541 540
f 524 526 534
f 524 534 559
f 524 559 560
f 524 560 558
f 525 535 534
f 525 534 526
f 527 557 561
f 527 561 530
f 527 530 529
f 528 530 562
f 528 562 563
f 528 563 531
f 530 561 564
f 530 564 562
f 531 563 565
f 531 565 536
f 533 566 567
f 533 567 568
f 533 568 569
f 533 569 559
f 533 559 534
f 533 537 570
f 533 570 566
f 536 565 537
f 537 565 570
f 538 571 539
f 538 541 572
f 538 572 571
f 539 571 573
f 539 573 542
f 541 558 574
f 541 574 575
f 541 575 576
f 541 576 577
f 541 577 578
f 541 578 579
f 541 579 580
f 541 580 572
f 542 573 581
f 542 581 543
f 543 581 582
f 543 582 583
f 543 583 584
f 543 584 544
f 547 585 548
f 548 585 586
f 548 586 587
f 548 587 549
f 549 587 588
f 549 588 550
f 550 588 589
f 550 589 551
f 551 589 590
f 551 590 552
f 552 590 591
f 552 591 555
f 552 555 554
f 552 554 553
f 555 592 556
f 555 591 592
f 556 592 593
f 556 593 594
f 556 594 595
f 556 595 596
f 556 596 597
f 556 597 561
f 556 561 557
f 558 560 569
f 558 569 568
f 558 568 598
f 558 598 599
f 558 599 574
f 559 569 560
f 561 597 564
f 562 564 600
f 562 600 563
f 563 601 565
f 563 600 601
f 564 597 602
f 564 602 603
f 564 603 604
f 564 604 605
f 564 605 600
f 565 601 606
f 565 606 607
f 565 607 608
f 565 608 609
f 565 609 610
f 565 610 611
f 565 611 570
f 566 570 567
f 567 570 612
f 567 612 568
f 568 612 598
f 570 611 612
f 571 572 580
f 571 580 573
f 573 580 579
f 573 579 613
f 573 613 614
f 573 614 581
f 574 599 598
f 574 598 612
f 574 612 615
f 574 615 575
f 575 616 617
f 575 617 576
f 575 615 618
f 575 618 610
f 575 610 616
f 576 617 619
f 576 619 578
f 576 578 577
f 578 620 621
f 578 621 579
f 578 619 622
f 578 622 623
f 578 623 620
f 579 621 624
f 579 624 625
f 579 625 613
f 581 614 626
f 581 626 627
f 581 627 582
f 582 627 628
f 582 628 629
f 582 629 630
f 582 630 631
f 582 631 632
f 582 632 583
f 585 633 586
f 586 633 634
f 586 634 635
f 586 635 636
f 586 636 637
f 586 637 587
f 587 637 588
f 588 638 639
f 588 639 589
f 588 637 638
f 589 639 640
f 589 640 590
f 590 640 641
f 590 641 642
f 590 642 591
f 591 642 592
f 592 642 643
f 592 643 593
f 593 644 645
f 593 645 646
f 593 646 594
f 593 643 647
f 593 647 644
f 594 646 595
f 595 648 596
f 595 646 648
f 596 648 649
f 596 649 597
f 597 649 602
f 600 605 650
f 600 650 651
f 600 651 601
f 601 651 650
f 601 650 652
f 601 652 653
f 601 653 654
f 601 654 655
f 601 655 656
f 601 656 657
f 601 657 658
f 601 658 659
f 601 659 606
f 602 649 660
f 602 660 661
f 602 661 662
f 602 662 603
f 603 662 663
f 603 663 650
f 603 650 604
f 604 650 605
f 606 659 664
f 606 664 607
f 607 664 608
f 608 665 609
f 608 664 666
f 608 666 667
f 608 667 665
f 609 665 616
f 609 616 610
f 610 618 611
f 611 618 612
f 612 618 615
f 613 625 614
f 614 668 669
f 614 669 626
f 614 625 668
f 616 670 619
f 616 619 617
f 616 665 670
f 619 670 671
f 619 671 622
f 620 672 673
f 620 673 674
f 620 674 621
f 620 623 672
f 621 674 675
f 621 675 624
f 622 671 676
f 622 676 623
f 623 676 677
f 623 677 678
f 623 678 672
f 624 679 680
f 624 680 625
f 624 675 679
f 625 680 668
f 626 669 681
f 626 681 627
f 627 681 682
f 627 682 683
f 627 683 684
f 627 684 685
f 627 685 628
f 634 686 635
f 635 687 636
f 635 686 688
f 635 688 689
f 635 689 690
f 635 690 691
f 635 691 687
f 636 687 692
f 636 692 693
f 636 693 694
f 636 694 695
f 636 695 696
f 636 696 637
f 637 696 697
f 637 697 638
f 638 697 698
f 638 698 639
f 639 698 640
f 640 699 641
f 640 698 699
f 641 700 647
f 641 647 643
f 641 643 642
f 641 699 701
f 641 701 700
f 644 702 645
f 644 647 702
f 645 703 704
f 645 704 705
f 645 705 646
f 645 702 706
f 645 706 703
f 646 705 648
f 647 706 702
f 647 700 707
f 647 707 708
f 647 708 709
f 647 709 710
f 647 710 706
f 648 705 704
f 648 704 711
f 648 711 712
f 648 712 649
f 649 712 713
f 649 713 660
f 650 663 714
f 650 714 652
f 652 714 653
f 653 715 716
f 653 716 654
f 653 714 717
f 653 717 718
f 653 718 719
f 653 719 715
f 654 716 720
f 654 720 655
f 655 720 721
f 655 721 722
f 655 722 656
f 656 722 784
f 656 784 723
f 656 723 657
f 657 723 724
f 657 724 725
f 657 725 658
f 658 726 727
f 658 727 728
f 658 728 659
f 658 725 726
f 659 729 730
f 659 730 731
f 659 731 732
f 659 732 733
f 659 733 664
f 659 728 729
f 660 713 661
f 661 713 734
f 661 734 662
f 662 734 735
f 662 735 717
f 662 717 663
f 663 717 714
f 664 733 736
f 664 736 666
f 665 667 671
f 665 671 670
f 666 737 676
f 666 676 667
f 666 736 737
f 667 676 671
f 668 680 669
f 669 738 739
f 669 739 681
f 669 680 740
f 669 740 738
f 672 678 673
f 673 741 742
f 673 742 675
f 673 675 674
f 673 678 736
f 673 736 741
f 675 742 743
f 675 743 744
f 675 744 679
f 676 737 677
f 677 737 736
f 677 736 678
f 679 744 745
f 679 745 746
f 679 746 747
f 679 747 680
f 680 747 740
f 681 739 748
f 681 748 749
f 681 749 682
f 687 691 750
f 687 750 751
f 687 751 692
f 689 691 690
f 692 752 753
f 692 753 693
f 692 751 754
f 692 754 755
f 692 755 756
f 692 756 757
f 692 757 752
f 693 753 758
f 693 758 694
f 694 758 753
f 694 753 759
f 694 759 760
f 694 760 761
f 694 761 762
f 694 762 695
f 695 762 701
f 695 701 698
f 695 698 697
f 695 697 696
f 698 701 699
f 700 701 707
f 701 762 707
f 703 763 764
f 703 764 765
f 703 765 704
f 703 706 766
f 703 766 767
f 703 767 768
f 703 768 769
f 703 769 763
f 704 765 711
f 706 710 770
f 706 770 766
f 707 762 708
f 708 762 761
f 708 761 709
f 709 761 710
f 710 761 760
f 710 760 771
f 710 771 770
f 711 772 712
f 711 765 772
f 712 772 773
f 712 773 774
f 712 774 713
f 713 774 734
f 715 775 776
f 715 776 777
f 715 777 716
f 715 719 775
f 716 777 778
f 716 778 720
f 717 735 718
f 718 735 719
f 719 735 734
f 719 734 774
f 719 774 779
f 719 779 775
f 720 778 780
f 720 780 781
f 720 781 721
f 721 781 782
f 721 782 783
f 721 783 784
f 721 784 722
f 723 784 724
f 724 784 725
f 725 784 785
f 725 785 726
f 726 786 787
f 726 787 727
f 726 785 788
f 726 788 836
f 726 836 786
f 727 787 789
f 727 789 729
f 727 729 728
f 729 789 790
f 729 790 730
f 730 790 791
f 730 791 731
f 731 791 792
f 731 792 793
f 731 793 732
f 732 793 736
f 732 736 733
f 736 793 794
f 736 794 795
f 736 795 796
f 736 796 741
f 738 797 739
f 738 740 798
f 738 798 797
f 739 797 799
f 739 799 800
f 739 800 748
f 740 747 798
f 741 743 742
f 741 796 855
f 741 855 801
f 741 801 743
f 743 801 744
f 744 801 802
f 744 802 745
f 745 802 746
f 746 802 803
f 746 803 804
f 746 804 747
f 747 804 798
f 752 805 806
f 752 806 759
f 752 759 753
f 752 757 805
f 757 807 808
f 757 808 805
f 759 806 771
f 759 771 760
f 763 809 810
f 763 810 811
f 763 811 764
f 763 769 809
f 764 811 810
f 764 810 812
f 764 812 772
f 764 772 765
f 766 770 813
f 766 813 771
f 766 771 768
f 766 768 767
f 768 771 769
f 769 771 814
f 769 814 815
f 769 815 816
f 769 816 817
f 769 817 818
f 769 818 819
f 769 819 809
f 770 771 813
f 771 806 820
f 771 820 815
f 771 815 814
f 772 812 774
f 772 774 773
f 774 821 779
f 774 812 822
f 774 822 821
f 775 823 776
f 775 779 824
f 775 824 825
f 775 825 826
f 775 826 823
f 776 827 777
f 776 823 828
f 776 828 829
f 776 829 827
f 777 827 778
f 778 827 830
f 778 830 780
f 779 821 824
f 780 830 831
f 780 831 832
f 780 832 833
f 780 833 781
f 781 833 834
f 781 834 835
f 781 835 782
f 782 836 783
f 782 835 837
f 782 837 836
f 783 836 788
f 783 788 785
f 783 785 784
f 786 836 837
f 786 837 838
f 786 838 787
f 787 838 839
f 787 839 789
f 789 839 790
f 790 840 841
f 790 841 791
f 790 839 840
f 791 841 842
f 791 842 792
f 792 842 843
f 792 843 844
f 792 844 845
f 792 845 846
f 792 846 847
f 792 847 848
f 792 848 849
f 792 849 850
f 792 850 793
f 793 850 851
f 793 851 852
f 793 852 794
f 794 852 795
f 795 852 853
f 795 853 854
f 795 854 855
f 795 855 796
f 797 856 857
f 797 857 799
f 797 798 856
f 798 804 858
f 798 858 856
f 799 857 856
f 799 856 860
f 799 860 861
f 799 861 859
f 801 855 803
f 801 803 802
f 803 855 854
f 803 854 804
f 804 862 863
f 804 863 858
f 804 854 864
f 804 864 862
f 805 808 865
f 805 865 806
f 806 865 866
f 806 866 820
f 807 867 808
f 808 868 869
f 808 869 870
f 808 870 865
f 808 867 871
f 808 871 872
f 808 872 873
f 808 873 868
f 809 819 874
f 809 874 875
f 809 875 876
f 809 876 810
f 810 876 821
f 810 821 822
f 810 822 812
f 815 820 877
f 815 877 878
f 815 878 817
f 815 817 816
f 817 878 818
f 818 878 879
f 818 879 880
f 818 880 881
f 818 881 882
f 818 882 883
f 818 883 874
f 818 874 819
f 820 866 884
f 820 884 877
f 821 826 824
f 821 876 826
f 823 826 885
f 823 885 828
f 824 826 825
f 826 876 875
f 826 875 885
f 827 886 887
f 827 887 830
f 827 829 886
f 828 885 888
f 828 888 889
f 828 889 829
f 829 889 890
f 829 890 891
f 829 891 892
f 829 892 886
f 830 887 831
f 831 833 832
f 831 887 893
f 831 893 894
f 831 894 833
f 833 895 834
f 833 894 895
f 834 895 835
f 835 895 896
f 835 896 897
f 835 897 838
f 835 838 837
f 838 897 898
f 838 898 839
f 839 898 899
f 839 899 900
f 839 900 840
f 840 900 901
f 840 901 902
f 840 902 841
f 841 902 842
f 842 902 903
f 842 903 904
f 842 904 843
f 843 904 905
f 843 905 845
f 843 845 844
f 845 905 906
f 845 906 846
f 846 907 847
f 846 906 908
f 846 908 907
f 847 907 908
f 847 908 848
f 848 908 909
f 848 909 849
f 849 851 850
f 849 909 910
f 849 910 911
f 849 911 851
f 851 864 912
f 851 912 852
f 851 911 913
f 851 913 864
f 852 912 854
f 852 854 853
f 854 912 864
f 856 914 861
f 856 861 860
f 856 858 914
f 858 863 914
f 859 861 916
f 859 916 915
f 861 914 916
f 862 864 863
f 863 864 913
f 863 913 911
f 863 911 914
f 865 870 866
f 866 870 884
f 868 873 917
f 868 917 918
f 868 918 919
f 868 919 920
f 868 920 921
f 868 921 922
f 868 922 923
f 868 923 869
f 869 924 935
f 869 935 925
f 869 925 870
f 869 923 926
f 869 926 927
f 869 927 928
f 869 928 929
f 869 929 930
f 869 930 924
f 870 925 881
f 870 881 880
f 870 880 879
f 870 879 884
f 874 931 932
f 874 932 933
f 874 933 934
f 874 934 875
f 874 883 931
f 875 934 885
f 877 884 878
f 878 884 879
f 881 925 935
f 881 935 936
f 881 936 937
f 881 937 938
f 881 938 939
f 881 939 940
f 881 940 883
f 881 883 882
f 883 940 931
f 885 941 888
f 885 934 942
f 885 942 943
f 885 943 944
f 885 944 941
f 886 892 887
f 887 892 893
f 888 941 945
f 888 945 946
f 888 946 947
f 888 947 889
f 889 947 948
f 889 948 890
f 890 948 891
f 891 948 892
f 892 948 949
f 892 949 950
f 892 950 951
f 892 951 893
f 893 951 894
f 894 952 897
f 894 897 953
f 894 953 895
f 894 951 954
f 894 954 955
f 894 955 956
f 894 956 957
f 894 957 952
f 895 953 896
f 896 953 897
f 897 952 958
f 897 958 959
f 897 959 898
f 898 959 899
f 899 960 961
f 899 961 900
f 899 959 960
f 900 961 901
f 901 903 902
f 901 961 962
f 901 962 963
f 901 963 964
f 901 964 965
f 901 965 966
f 901 966 903
f 903 966 904
f 904 966 967
f 904 967 968
f 904 968 1030
f 904 1030 969
f 904 969 905
f 905 969 970
f 905 970 906
f 906 970 971
f 906 971 908
f 908 971 970
f 908 970 972
f 908 972 973
f 908 973 909
f 909 973 911
f 909 911 910
f 911 973 974
f 911 974 914
f 914 974 975
f 914 975 976
f 914 976 977
f 914 977 916
f 915 916 978
f 916 979 978
f 916 977 979
f 921 980 922
f 922 980 923
f 923 980 927
f 923 927 926
f 924 981 935
f 924 930 982
f 924 982 981
f 927 980 983
f 927 983 928
f 928 983 984
f 928 984 929
f 929 984 985
f 929 985 986
f 929 986 1060
f 929 1060 987
f 929 987 988
f 929 988 982
f 929 982 930
f 931 989 990
f 931 990 991
f 931 991 992
f 931 992 944
f 931 944 932
f 931 940 993
f 931 993 989
f 932 944 994
f 932 994 933
f 933 994 934
f 934 994 942
f 935 981 995
f 935 995 996
f 935 996 997
f 935 997 936
f 936 997 998
f 936 998 999
f 936 999 937
f 937 999 1000
f 937 1000 939
f 937 939 938
f 939 1000 940
f 940 1000 993
f 941 944 1001
f 941 1001 1002
f 941 1002 945
f 942 994 943
f 943 994 944
f 944 992 1001
f 945 1002 1003
f 945 1003 946
f 946 1003 1004
f 946 1004 947
f 947 1004 1005
f 947 1005 1006
f 947 1006 948
f 948 1006 949
f 949 1006 950
f 950 1006 1007
f 950 1007 1008
f 950 1008 951
f 951 1009 1010
f 951 1010 1011
f 951 1011 1012
f 951 1012 954
f 951 1008 1009
f 952 957 958
f 954 1012 955
f 955 1013 1014
f 955 1014 957
f 955 957 956
f 955 1012 1015
f 955 1015 1016
f 955 1016 1017
f 955 1017 1018
f 955 1018 1019
f 955 1019 1013
f 957 1020 1021
f 957 1021 961
f 957 961 960
f 957 960 959
f 957 959 958
f 957 1014 1022
f 957 1022 1023
f 957 1023 1024
f 957 1024 1020
f 961 1021 1020
f 961 1020 962
f 962 1020 1025
f 962 1025 1026
f 962 1026 1027
f 962 1027 963
f 963 1027 964
f 964 1026 965
f 964 1027 1026
f 965 1026 967
f 965 967 966
f 967 1026 1025
f 967 1025 1028
f 967 1028 1029
f 967 1029 968
f 968 1029 1030
f 969 1030 1031
f 969 1031 1032
f 969 1032 1033
f 969 1033 1034
f 969 1034 1035
f 969 1035 1036
f 969 1036 970
f 970 1036 1037
f 970 1037 1038
f 970 1038 1039
f 970 1039 1040
f 970 1040 1041
f 970 1041 972
f 972 1041 1042
f 972 1042 973
f 973 1042 975
f 973 975 974
f 975 1042 976
f 976 1043 1044
f 976 1044 1045
f 976 1045 977
f 976 1042 1043
f 977 1045 1046
f 977 1046 979
f 981 1047 1048
f 981 1048 1049
f 981 1049 1050
f 981 1050 1051
f 981 1051 995
f 981 982 1047
f 982 988 987
f 982 987 1047
f 984 1052 1053
f 984 1053 985
f 985 1053 1054
f 985 1054 1055
f 985 1055 986
f 986 1056 1057
f 986 1057 1058
f 986 1058 1059
f 986 1059 1060
f 986 1055 1056
f 987 1060 1048
f 987 1048 1047
f 989 993 1061
f 989 1061 990
f 990 1061 1062
f 990 1062 1063
f 990 1063 1064
f 990 1064 992
f 990 992 991
f 992 1064 1065
f 992 1065 1001
f 993 1000 1061
f 995 1051 996
f 996 1051 1066
f 996 1066 998
f 996 998 997
f 998 1066 1067
f 998 1067 1068
f 998 1068 999
f 999 1069 1000
f 999 1068 1069
f 1000 1069 1070
f 1000 1070 1071
f 1000 1071 1062
f 1000 1062 1061
f 1001 1065 1002
f 1002 1065 1072
f 1002 1072 1073
f 1002 1073 1003
f 1003 1074 1004
f 1003 1073 1071
f 1003 1071 1075
f 1003 1075 1076
f 1003 1076 1077
f 1003 1077 1078
f 1003 1078 1079
f 1003 1079 1074
f 1004 1074 1005
f 1005 1074 1080
f 1005 1080 1006
f 1006 1080 1008
f 1006 1008 1007
f 1008 1080 1009
f 1009 1080 1011
f 1009 1011 1010
f 1011 1081 1082
f 1011 1082 1012
f 1011 1080 1081
f 1012 1082 1015
f 1013 1019 1083
f 1013 1083 1022
f 1013 1022 1014
f 1015 1082 1084
f 1015 1084 1016
f 1016 1084 1085
f 1016 1085 1086
f 1016 1086 1017
f 1017 1086 1087
f 1017 1087 1018
f 1018 1088 1019
f 1018 1087 1089
f 1018 1089 1090
f 1018 1090 1091
f 1018 1091 1088
f 1019 1088 1083
f 1020 1024 1025
f 1022 1083 1092
f 1022 1092 1093
f 1022 1093 1024
f 1022 1024 1023
f 1024 1093 1094
f 1024 1094 1095
f 1024 1095 1096
f 1024 1096 1025
f 1025 1096 1095
f 1025 1095 1097
f 1025 1097 1098
f 1025 1098 1028
f 1028 1098 1099
f 1028 1099 1100
f 1028 1100 1101
f 1028 1101 1102
f 1028 1102 1029
f 1029 1102 1030
f 1030 1102 1101
f 1030 1101 1031
f 1031 1101 1103
f 1031 1103 1032
f 1032 1103 1104
f 1032 1104 1033
f 1033 1104 1105
f 1033 1105 1034
f 1034 1105 1035
f 1035 1105 1106
f 1035 1106 1107
f 1035 1107 1036
f 1036 1107 1108
f 1036 1108 1106
f 1036 1106 1037
f 1037 1106 1109
f 1037 1109 1110
f 1037 1110 1111
f 1037 1111 1038
f 1038 1112 1039
f 1039 1112 1113
f 1039 1113 1114
f 1039 1114 1040
f 1040 1043 1042
f 1040 1042 1041
f 1040 1114 1115
f 1040 1115 1116
f 1040 1116 1117
f 1040 1117 1043
f 1043 1117 1118
f 1043 1118 1045
f 1043 1045 1044
f 1048 1060 1059
f 1048 1059 1058
f 1048 1058 1119
f 1048 1119 1120
f 1048 1120 1049
f 1049 1121 1122
f 1049 1122 1123
f 1049 1123 1050
f 1049 1120 1121
f 1050 1123 1051
f 1051 1123 1066
f 1052 1124 1053
f 1053 1125 1054
f 1053 1124 1125
f 1054 1126 1055
f 1054 1125 1124
f 1054 1124 1127
f 1054 1127 1128
f 1054 1128 1129
f 1054 1129 1130
f 1054 1130 1131
f 1054 1131 1132
f 1054 1132 1126
f 1055 1126 1056
f 1056 1126 1133
f 1056 1133 1134
f 1056 1134 1119
f 1056 1119 1058
f 1056 1058 1057
f 1062 1071 1063
f 1063 1071 1072
f 1063 1072 1065
f 1063 1065 1064
f 1066 1123 1067
f 1067 1135 1068
f 1067 1123 1135
f 1068 1135 1069
f 1069 1136 1137
f 1069 1137 1138
f 1069 1138 1139
f 1069 1139 1070
f 1069 1135 1140
f 1069 1140 1136
f 1070 1139 1071
f 1071 1141 1142
f 1071 1142 1077
f 1071 1077 1075
f 1071 1073 1072
f 1071 1139 1141
f 1074 1079 1143
f 1074 1143 1080
f 1075 1077 1076
f 1077 1142 1144
f 1077 1144 1145
f 1077 1145 1146
f 1077 1146 1078
f 1078 1146 1147
f 1078 1147 1079
f 1079 1147 1148
f 1079 1148 1143
f 1080 1143 1081
f 1081 1143 1082
f 1082 1143 1149
f 1082 1149 1084
f 1083 1088 1150
f 1083 1150 1151
f 1083 1151 1092
f 1084 1149 1152
f 1084 1152 1085
f 1085 1153 1154
f 1085 1154 1155
f 1085 1155 1086
f 1085 1152 1148
f 1085 1148 1153
f 1086 1155 1087
f 1087 1155 1089
f 1088 1091 1156
f 1088 1156 1150
f 1089 1155 1157
f 1089 1157 1090
f 1090 1158 1159
f 1090 1159 1160
f 1090 1160 1161
f 1090 1161 1162
f 1090 1162 1091
f 1090 1157 1163
f 1090 1163 1164
f 1090 1164 1158
f 1091 1162 1156
f 1092 1165 1166
f 1092 1166 1093
f 1092 1151 1150
f 1092 1150 1167
f 1092 1167 1168
f 1092 1168 1169
f 1092 1169 1170
f 1092 1170 1171
f 1092 1171 1172
f 1092 1172 1165
f 1093 1166 1095
f 1093 1095 1094
f 1095 1166 1173
f 1095 1173 1097
f 1097 1173 1174
f 1097 1174 1175
f 1097 1175 1098
f 1098 1175 1099
f 1099 1175 1176
f 1099 1176 1177
f 1099 1177 1178
f 1099 1178 1100
f 1100 1178 1101
f 1101 1178 1179
f 1101 1179 1103
f 1103 1179 1180
f 1103 1180 1181
f 1103 1181 1105
f 1103 1105 1104
f 1105 1181 1182
f 1105 1182 1183
f 1105 1183 1106
f 1106 1108 1107
f 1113 1184 1114
f 1114 1184 1185
f 1114 1185 1115
f 1119 1134 1186
f 1119 1186 1187
f 1119 1187 1188
f 1119 1188 1189
f 1119 1189 1190
f 1119 1190 1191
f 1119 1191 1120
f 1120 1191 1192
f 1120 1192 1193
f 1120 1193 1194
f 1120 1194 1195
f 1120 1195 1196
f 1120 1196 1197
f 1120 1197 1198
f 1120 1198 1122
f 1120 1122 1121
f 1122 1197 1135
f 1122 1135 1123
f 1122 1198 1197
f 1126 1132 1199
f 1126 1199 1133
f 1131 1200 1132
f 1132 1200 1199
f 1133 1199 1187
f 1133 1187 1134
f 1134 1187 1186
f 1135 1197 1140
f 1136 1201 1137
f 1136 1140 1202
f 1136 1202 1203
f 1136 1203 1201
f 1137 1144 1139
f 1137 1139 1138
f 1137 1201 1144
f 1139 1144 1141
f 1140 1197 1196
f 1140 1196 1202
f 1141 1144 1142
f 1143 1148 1152
f 1143 1152 1149
f 1144 1201 1204
f 1144 1204 1145
f 1145 1204 1205
f 1145 1205 1146
f 1146 1205 1206
f 1146 1206 1147
f 1147 1206 1148
f 1148 1206 1207
f 1148 1207 1208
f 1148 1208 1153
f 1150 1156 1209
f 1150 1209 1210
f 1150 1210 1211
f 1150 1211 1168
f 1150 1168 1167
f 1153 1208 1154
f 1154 1212 1213
f 1154 1213 1155
f 1154 1208 1212
f 1155 1213 1157
f 1156 1162 1209
f 1157 1213 1163
f 1158 1214 1215
f 1158 1215 1216
f 1158 1216 1191
f 1158 1191 1217
f 1158 1217 1159
f 1158 1164 1214
f 1159 1217 1218
f 1159 1218 1160
f 1160 1218 1162
f 1160 1162 1161
f 1162 1218 1219
f 1162 1219 1220
f 1162 1220 1209
f 1163 1213 1221
f 1163 1221 1164
f 1164 1221 1222
f 1164 1222 1223
f 1164 1223 1224
f 1164 1224 1215
f 1164 1215 1214
f 1165 1225 1166
f 1165 1172 1226
f 1165 1226 1227
f 1165 1227 1225
f 1166 1225 1174
f 1166 1174 1173
f 1168 1211 1228
f 1168 1228 1229
f 1168 1229 1230
f 1168 1230 1231
f 1168 1231 1232
f 1168 1232 1169
f 1169 1232 1170
f 1170 1232 1171
f 1171 1232 1233
f 1171 1233 1226
f 1171 1226 1172
f 1174 1225 1234
f 1174 1234 1176
f 1174 1176 1175
f 1176 1234 1235
f 1176 1235 1236
f 1176 1236 1179
f 1176 1179 1237
f 1176 1237 1177
f 1177 1237 1178
f 1178 1237 1179
f 1179 1236 1238
f 1179 1238 1239
f 1179 1239 1240
f 1179 1240 1180
f 1180 1240 1241
f 1180 1241 1181
f 1181 1241 1242
f 1181 1242 1243
f 1181 1243 1182
f 1187 1199 1244
f 1187 1244 1189
f 1187 1189 1188
f 1189 1244 1245
f 1189 1245 1246
f 1189 1246 1191
f 1189 1191 1190
f 1191 1246 1217
f 1191 1216 1193
f 1191 1193 1192
f 1193 1216 1247
f 1193 1247 1248
f 1193 1248 1249
f 1193 1249 1194
f 1194 1249 1250
f 1194 1250 1195
f 1195 1250 1251
f 1195 1251 1203
f 1195 1203 1202
f 1195 1202 1196
f 1199 1200 1252
f 1199 1252 1244
f 1200 1244 1252
f 1201 1203 1251
f 1201 1251 1204
f 1204 1251 1253
f 1204 1253 1254
f 1204 1254 1205
f 1205 1254 1206
f 1206 1254 1255
f 1206 1255 1223
f 1206 1223 1256
f 1206 1256 1207
f 1207 1256 1208
f 1208 1256 1212
f 1209 1257 1210
f 1209 1220 1258
f 1209 1258 1259
f 1209 1259 1260
f 1209 1260 1257
f 1210 1257 1261
f 1210 1261 1211
f 1211 1261 1228
f 1212 1256 1262
f 1212 1262 1221
f 1212 1221 1213
f 1215 1224 1247
f 1215 1247 1216
f 1217 1246 1263
f 1217 1263 1264
f 1217 1264 1265
f 1217 1265 1219
f 1217 1219 1266
f 1217 1266 1218
f 1218 1266 1219
f 1219 1265 1220
f 1220 1265 1267
f 1220 1267 1268
f 1220 1268 1269
f 1220 1269 1258
f 1221 1262 1223
f 1221 1223 1222
f 1223 1262 1256
f 1223 1255 1270
f 1223 1270 1224
f 1224 1270 1247
f 1225 1227 1234
f 1227 1271 1234
f 1231 1233 1232
f 1234 1271 1272
f 1234 1272 1273
f 1234 1273 1235
f 1235 1274 1236
f 1235 1273 1275
f 1235 1275 1238
f 1235 1238 1274
f 1236 1274 1238
f 1245 1276 1246
f 1246 1276 1277
f 1246 1277 1278
f 1246 1278 1263
f 1247 1270 1249
f 1247 1249 1248
f 1249 1270 1255
f 1249 1255 1254
f 1249 1254 1253
f 1249 1253 1251
f 1249 1251 1250
f 1257 1260 1279
f 1257 1279 1261
f 1263 1278 1280
f 1263 1280 1264
f 1264 1267 1265
f 1281 1282 1283
f 1281 1283 1290
f 1281 1290 1297
f 1281 1297 1313
f 1281 1313 1337
f 1281 1337 1367
f 1281 1367 1406
f 1281 1406 1477
f 1281 1477 1476
f 1281 1476 1555
f 1281 1555 1554
f 1281 1554 1553
f 1281 1553 1552
f 1281 1552 1646
f 1281 1646 1720
f 1281 1720 1779
f 1281 1779 1840
f 1281 1840 1838
f 1281 1838 1837
f 1281 1837 1773
f 1281 1773 1836
f 1281 1836 1835
f 1281 1835 1833
f 1281 1833 1832
f 1281 1832 1873
f 1281 1873 1907
f 1281 1907 1925
f 1281 1925 1930
f 1281 1930 1929
f 1281 1929 1939
f 1281 1939 1938
f 1281 1938 1937
f 1281 1937 1936
f 1281 1936 1935
f 1281 1935 1942
f 1281 1942 1943
f 1281 1943 1940
f 1281 1940 1934
f 1281 1934 1933
f 1281 1933 1931
f 1281 1931 1926
f 1281 1926 1911
f 1281 1911 1884
f 1281 1884 1883
f 1281 1883 1848
f 1281 1848 1795
f 1281 1795 1794
f 1281 1794 1793
f 1281 1793 1792
f 1281 1792 1732
f 1281 1732 1731
f 1281 1731 1796
f 1281 1796 1800
f 1281 1800 1799
f 1281 1799 1852
f 1281 1852 1893
f 1281 1893 1892
f 1281 1892 1891
f 1281 1891 1882
f 1281 1882 1881
f 1281 1881 1880
f 1281 1880 1910
f 1281 1910 1909
f 1281 1909 1908
f 1281 1908 1876
f 1281 1876 1875
f 1281 1875 1874
f 1281 1874 1878
f 1281 1878 1843
f 1281 1843 1781
f 1281 1781 1725
f 1281 1725 1724
f 1281 1724 1674
f 1281 1674 1648
f 1281 1648 1647
f 1281 1647 1556
f 1281 1556 1479
f 1281 1479 1478
f 1281 1478 1408
f 1281 1408 1407
f 1281 1407 1368
f 1281 1368 1338
f 1281 1338 1314
f 1281 1314 1298
f 1281 1298 1291
f 1281 1291 1284
f 1281 1284 1285
f 1281 1285 1286
f 1281 1286 1287
f 1281 1287 1288
f 1281 1288 1282
f 1282 1289 1290
f 1282 1290 1283
f 1282 1288 1289
f 1284 1291 1285
f 1285 1291 1292
f 1285 1292 1286
f 1286 1292 1293
f 1286 1293 1287
f 1287 1294 1295
f 1287 1295 1288
f 1287 1293 1294
f 1288 1295 1296
f 1288 1296 1289
f 1289 1296 1297
f 1289 1297 1290
f 1291 1298 1299
f 1291 1299 1292
f 1292 1299 1293
f 1293 1300 1294
f 1293 1299 1301
f 1293 1301 1302
f 1293 1302 1303
f 1293 1303 1304
f 1293 1304 1305
f 1293 1305 1306
f 1293 1306 1300
f 1294 1300 1307
f 1294 1307 1308
f 1294 1308 1295
f 1295 1308 1306
f 1295 1306 1309
f 1295 1309 1296
f 1296 1310 1311
f 1296 1311 1312
f 1296 1312 1297
f 1296 1309 1310
f 1297 1312 1313
f 1298 1314 1315
f 1298 1315 1316
f 1298 1316 1301
f 1298 1301 1299
f 1300 1306 1307
f 1301 1317 1302
f 1301 1316 1315
f 1301 1315 1318
f 1301 1318 1317
f 1302 1317 1319
f 1302 1319 1320
f 1302 1320 1321
f 1302 1321 1303
f 1303 1321 1304
f 1304 1321 1322
f 1304 1322 1323
f 1304 1323 1324
f 1304 1324 1305
f 1305 1324 1325
f 1305 1325 1326
f 1305 1326 1327
f 1305 1327 1306
f 1306 1327 1328
f 1306 1328 1309
f 1306 1308 1307
f 1309 1329 1330
f 1309 1330 1331
f 1309 1331 1310
f 1309 1328 1332
f 1309 1332 1333
f 1309 1333 1329
f 1310 1334 1311
f 1310 1331 1334
f 1311 1334 1335
f 1311 1335 1336
f 1311 1336 1312
f 1312 1337 1313
f 1312 1336 1337
f 1314 1338 1315
f 1315 1338 1318
f 1317 1318 1339
f 1317 1339 1340
f 1317 1340 1341
f 1317 1341 1319
f 1318 1338 1339
f 1319 1341 1342
f 1319 1342 1343
f 1319 1343 1320
f 1320 1344 1345
f 1320 1345 1346
f 1320 1346 1347
f 1320 1347 1322
f 1320 1322 1321
f 1320 1343 1348
f 1320 1348 1349
f 1320 1349 1344
f 1322 1326 1325
f 1322 1325 1323
f 1322 1347 1326
f 1323 1325 1324
f 1326 1347 1350
f 1326 1350 1351
f 1326 1351 1327
f 1327 1352 1353
f 1327 1353 1328
f 1327 1351 1350
f 1327 1350 1354
f 1327 1354 1355
f 1327 1355 1356
f 1327 1356 1357
f 1327 1357 1358
f 1327 1358 1359
f 1327 1359 1352
f 1328 1353 1360
f 1328 1360 1361
f 1328 1361 1362
f 1328 1362 1333
f 1328 1333 1332
f 1329 1363 1331
f 1329 1331 1330
f 1329 1333 1362
f 1329 1362 1363
f 1331 1364 1335
f 1331 1335 1334
f 1331 1363 1364
f 1335 1365 1366
f 1335 1366 1367
f 1335 1367 1336
f 1335 1364 1365
f 1336 1367 1337
f 1338 1368 1339
f 1339 1368 1340
f 1340 1368 1369
f 1340 1369 1370
f 1340 1370 1342
f 1340 1342 1341
f 1342 1370 1371
f 1342 1371 1372
f 1342 1372 1343
f 1343 1372 1373
f 1343 1373 1349
f 1343 1349 1348
f 1344 1374 1345
f 1344 1349 1375
f 1344 1375 1376
f 1344 1376 1377
f 1344 1377 1374
f 1345 1378 1346
f 1345 1374 1379
f 1345 1379 1380
f 1345 1380 1378
f 1346 1378 1381
f 1346 1381 1347
f 1347 1381 1378
f 1347 1378 1382
f 1347 1382 1383
f 1347 1383 1350
f 1349 1373 1376
f 1349 1376 1375
f 1350 1383 1384
f 1350 1384 1354
f 1352 1359 1385
f 1352 1385 1386
f 1352 1386 1387
f 1352 1387 1388
f 1352 1388 1353
f 1353 1389 1360
f 1353 1388 1390
f 1353 1390 1391
f 1353 1391 1389
f 1354 1384 1392
f 1354 1392 1355
f 1355 1392 1356
f 1356 1392 1357
f 1357 1392 1393
f 1357 1393 1358
f 1358 1393 1359
f 1359 1393 1392
f 1359 1392 1394
f 1359 1394 1395
f 1359 1395 1385
f 1360 1389 1396
f 1360 1396 1397
f 1360 1397 1361
f 1361 1398 1399
f 1361 1399 1362
f 1361 1397 1398
f 1362 1399 1400
f 1362 1400 1401
f 1362 1401 1402
f 1362 1402 1363
f 1363 1402 1364
f 1364 1402 1403
f 1364 1403 1365
f 1365 1404 1405
f 1365 1405 1366
f 1365 1403 1404
f 1366 1405 1367
f 1367 1405 1406
f 1368 1407 1369
f 1369 1407 1370
f 1370 1407 1371
f 1371 1407 1408
f 1371 1408 1409
f 1371 1409 1410
f 1371 1410 1372
f 1372 1410 1411
f 1372 1411 1373
f 1373 1411 1412
f 1373 1412 1413
f 1373 1413 1377
f 1373 1377 1376
f 1374 1414 1379
f 1374 1377 1415
f 1374 1415 1416
f 1374 1416 1417
f 1374 1417 1418
f 1374 1418 1419
f 1374 1419 1420
f 1374 1420 1421
f 1374 1421 1414
f 1377 1413 1422
f 1377 1422 1415
f 1378 1380 1423
f 1378 1423 1424
f 1378 1424 1382
f 1379 1425 1426
f 1379 1426 1380
f 1379 1414 1421
f 1379 1421 1425
f 1380 1426 1427
f 1380 1427 1423
f 1382 1424 1428
f 1382 1428 1429
f 1382 1429 1430
f 1382 1430 1431
f 1382 1431 1432
f 1382 1432 1433
f 1382 1433 1434
f 1382 1434 1435
f 1382 1435 1383
f 1383 1436 1392
f 1383 1392 1384
f 1383 1435 1436
f 1385 1395 1437
f 1385 1437 1386
f 1386 1437 1438
f 1386 1438 1387
f 1387 1438 1439
f 1387 1439 1440
f 1387 1440 1388
f 1388 1440 1390
f 1389 1391 1441
f 1389 1441 1442
f 1389 1442 1443
f 1389 1443 1444
f 1389 1444 1445
f 1389 1445 1446
f 1389 1446 1447
f 1389 1447 1448
f 1389 1448 1449
f 1389 1449 1450
f 1389 1450 1396
f 1390 1451 1391
f 1390 1440 1438
f 1390 1438 1442
f 1390 1442 1451
f 1391 1451 1442
f 1391 1442 1441
f 1392 1436 1394
f 1394 1436 1435
f 1394 1435 1452
f 1394 1452 1395
f 1395 1452 1453
f 1395 1453 1454
f 1395 1454 1455
f 1395 1455 1456
f 1395 1456 1457
f 1395 1457 1458
f 1395 1458 1437
f 1396 1459 1397
f 1396 1450 1460
f 1396 1460 1459
f 1397 1459 1398
f 1398 1460 1461
f 1398 1461 1462
f 1398 1462 1463
f 1398 1463 1399
f 1398 1459 1460
f 1399 1463 1464
f 1399 1464 1465
f 1399 1465 1466
f 1399 1466 1467
f 1399 1467 1468
f 1399 1468 1400
f 1400 1468 1469
f 1400 1469 1401
f 1401 1469 1470
f 1401 1470 1471
f 1401 1471 1403
f 1401 1403 1402
f 1403 1471 1404
f 1404 1472 1473
f 1404 1473 1474
f 1404 1474 1405
f 1404 1471 1472
f 1405 1474 1475
f 1405 1475 1476
f 1405 1476 1477
f 1405 1477 1406
f 1408 1478 1409
f 1409 1478 1479
f 1409 1479 1480
f 1409 1480 1410
f 1410 1480 1481
f 1410 1481 1411
f 1411 1481 1482
f 1411 1482 1412
f 1412 1482 1483
f 1412 1483 1413
f 1413 1483 1422
f 1415 1422 1416
f 1416 1422 1484
f 1416 1484 1485
f 1416 1485 1418
f 1416 1418 1417
f 1418 1485 1420
f 1418 1420 1419
f 1420 1485 1421
f 1421 1485 1486
f 1421 1486 1487
f 1421 1487 1488
f 1421 1488 1426
f 1421 1426 1425
f 1422 1483 1489
f 1422 1489 1490
f 1422 1490 1484
f 1423 1427 1491
f 1423 1491 1492
f 1423 1492 1493
f 1423 1493 1424
f 1424 1493 1428
f 1426 1494 1427
f 1426 1488 1494
f 1427 1494 1495
f 1427 1495 1491
f 1428 1493 1496
f 1428 1496 1429
f 1429 1496 1497
f 1429 1497 1498
f 1429 1498 1430
f 1430 1498 1499
f 1430 1499 1500
f 1430 1500 1501
f 1430 1501 1431
f 1431 1501 1502
f 1431 1502 1432
f 1432 1503 1504
f 1432 1504 1505
f 1432 1505 1506
f 1432 1506 1507
f 1432 1507 1508
f 1432 1508 1509
f 1432 1509 1510
f 1432 1510 1511
f 1432 1511 1512
f 1432 1512 1434
f 1432 1434 1433
f 1432 1502 1513
f 1432 1513 1503
f 1434 1512 1511
f 1434 1511 1435
f 1435 1511 1452
f 1437 1458 1442
f 1437 1442 1514
f 1437 1514 1438
f 1438 1440 1439
f 1438 1514 1442
f 1442 1515 1443
f 1442 1458 1516
f 1442 1516 1517
f 1442 1517 1518
f 1442 1518 1519
f 1442 1519 1520
f 1442 1520 1521
f 1442 1521 1522
f 1442 1522 1523
f 1442 1523 1524
f 1442 1524 1444
f 1442 1444 1515
f 1443 1515 1444
f 1444 1446 1445
f 1444 1524 1523
f 1444 1523 1446
f 1446 1523 1525
f 1446 1525 1526
f 1446 1526 1447
f 1447 1526 1527
f 1447 1527 1528
f 1447 1528 1448
f 1448 1528 1449
f 1449 1528 1461
f 1449 1461 1460
f 1449 1460 1450
f 1452 1511 1454
f 1452 1454 1453
f 1454 1529 1510
f 1454 1510 1509
f 1454 1509 1508
f 1454 1508 1507
f 1454 1507 1506
f 1454 1506 1505
f 1454 1505 1504
f 1454 1504 1503
f 1454 1503 1595
f 1454 1595 1594
f 1454 1594 1593
f 1454 1593 1592
f 1454 1592 1687
f 1454 1687 1686
f 1454 1686 1685
f 1454 1685 1684
f 1454 1684 1683
f 1454 1683 1682
f 1454 1682 1681
f 1454 1681 1750
f 1454 1750 1749
f 1454 1749 1748
f 1454 1748 1813
f 1454 1813 1812
f 1454 1812 1811
f 1454 1811 1810
f 1454 1810 1858
f 1454 1858 1857
f 1454 1857 1895
f 1454 1895 1894
f 1454 1894 1889
f 1454 1889 1888
f 1454 1888 1887
f 1454 1887 1890
f 1454 1890 1886
f 1454 1886 1849
f 1454 1849 1885
f 1454 1885 1913
f 1454 1913 1927
f 1454 1927 1932
f 1454 1932 1941
f 1454 1941 1942
f 1454 1942 1935
f 1454 1935 1928
f 1454 1928 1924
f 1454 1924 1921
f 1454 1921 1920
f 1454 1920 1919
f 1454 1919 1905
f 1454 1905 1904
f 1454 1904 1923
f 1454 1923 1922
f 1454 1922 1917
f 1454 1917 1915
f 1454 1915 1914
f 1454 1914 1896
f 1454 1896 1860
f 1454 1860 1815
f 1454 1815 1755
f 1454 1755 1691
f 1454 1691 1688
f 1454 1688 1607
f 1454 1607 1606
f 1454 1606 1605
f 1454 1605 1604
f 1454 1604 1603
f 1454 1603 1602
f 1454 1602 1601
f 1454 1601 1600
f 1454 1600 1599
f 1454 1599 1598
f 1454 1598 1597
f 1454 1597 1596
f 1454 1596 1518
f 1454 1518 1517
f 1454 1517 1516
f 1454 1516 1458
f 1454 1458 1457
f 1454 1457 1456
f 1454 1456 1455
f 1454 1511 1529
f 1461 1528 1530
f 1461 1530 1531
f 1461 1531 1462
f 1462 1531 1532
f 1462 1532 1533
f 1462 1533 1534
f 1462 1534 1535
f 1462 1535 1463
f 1463 1535 1536
f 1463 1536 1537
f 1463 1537 1538
f 1463 1538 1539
f 1463 1539 1464
f 1464 1539 1540
f 1464 1540 1541
f 1464 1541 1465
f 1465 1541 1542
f 1465 1542 1543
f 1465 1543 1544
f 1465 1544 1466
f 1466 1544 1545
f 1466 1545 1467
f 1467 1545 1470
f 1467 1470 1469
f 1467 1469 1468
f 1470 1545 1472
f 1470 1472 1471
f 1472 1546 1473
f 1472 1545 1547
f 1472 1547 1546
f 1473 1546 1548
f 1473 1548 1549
f 1473 1549 1474
f 1474 1549 1475
f 1475 1549 1550
f 1475 1550 1551
f 1475 1551 1552
f 1475 1552 1553
f 1475 1553 1554
f 1475 1554 1555
f 1475 1555 1476
f 1479 1556 1480
f 1480 1556 1557
f 1480 1557 1558
f 1480 1558 1481
f 1481 1558 1482
f 1482 1558 1490
f 1482 1490 1483
f 1483 1490 1489
f 1484 1490 1559
f 1484 1559 1560
f 1484 1560 1650
f 1484 1650 1561
f 1484 1561 1562
f 1484 1562 1485
f 1485 1562 1563
f 1485 1563 1486
f 1486 1564 1565
f 1486 1565 1487
f 1486 1563 1566
f 1486 1566 1567
f 1486 1567 1568
f 1486 1568 1564
f 1487 1569 1570
f 1487 1570 1571
f 1487 1571 1488
f 1487 1565 1572
f 1487 1572 1573
f 1487 1573 1574
f 1487 1574 1569
f 1488 1571 1575
f 1488 1575 1494
f 1490 1558 1557
f 1490 1557 1576
f 1490 1576 1577
f 1490 1577 1559
f 1491 1578 1579
f 1491 1579 1492
f 1491 1495 1580
f 1491 1580 1581
f 1491 1581 1582
f 1491 1582 1583
f 1491 1583 1578
f 1492 1579 1584
f 1492 1584 1497
f 1492 1497 1493
f 1493 1497 1496
f 1494 1575 1585
f 1494 1585 1586
f 1494 1586 1495
f 1495 1586 1580
f 1497 1587 1588
f 1497 1588 1589
f 1497 1589 1498
f 1497 1584 1587
f 1498 1589 1499
f 1499 1590 1500
f 1499 1589 1588
f 1499 1588 1591
f 1499 1591 1592
f 1499 1592 1590
f 1500 1590 1592
f 1500 1592 1593
f 1500 1593 1594
f 1500 1594 1501
f 1501 1594 1595
f 1501 1595 1513
f 1501 1513 1502
f 1503 1513 1595
f 1510 1529 1511
f 1518 1596 1519
f 1519 1596 1597
f 1519 1597 1598
f 1519 1598 1599
f 1519 1599 1600
f 1519 1600 1601
f 1519 1601 1602
f 1519 1602 1603
f 1519 1603 1604
f 1519 1604 1605
f 1519 1605 1606
f 1519 1606 1607
f 1519 1607 1520
f 1520 1608 1609
f 1520 1609 1521
f 1520 1607 1608
f 1521 1609 1522
f 1522 1609 1610
f 1522 1610 1611
f 1522 1611 1523
f 1523 1611 1525
f 1525 1611 1526
f 1526 1611 1612
f 1526 1612 1613
f 1526 1613 1527
f 1527 1613 1614
f 1527 1614 1528
f 1528 1614 1530
f 1530 1615 1616
f 1530 1616 1532
f 1530 1532 1531
f 1530 1614 1615
f 1532 1617 1618
f 1532 1618 1533
f 1532 1616 1617
f 1533 1618 1619
f 1533 1619 1534
f 1534 1619 1620
f 1534 1620 1535
f 1535 1620 1621
f 1535 1621 1536
f 1536 1621 1622
f 1536 1622 1537
f 1537 1622 1538
f 1538 1622 1623
f 1538 1623 1624
f 1538 1624 1539
f 1539 1624 1540
f 1540 1624 1625
f 1540 1625 1541
f 1541 1625 1626
f 1541 1626 1542
f 1542 1626 1627
f 1542 1627 1628
f 1542 1628 1629
f 1542 1629 1543
f 1543 1629 1630
f 1543 1630 1631
f 1543 1631 1544
f 1544 1632 1633
f 1544 1633 1634
f 1544 1634 1545
f 1544 1631 1635
f 1544 1635 1632
f 1545 1634 1547
f 1546 1636 1637
f 1546 1637 1548
f 1546 1547 1634
f 1546 1634 1633
f 1546 1633 1636
f 1548 1637 1638
f 1548 1638 1639
f 1548 1639 1549
f 1549 1639 1640
f 1549 1640 1641
f 1549 1641 1642
f 1549 1642 1550
f 1550 1642 1551
f 1551 1642 1643
f 1551 1643 1552
f 1552 1644 1645
f 1552 1645 1646
f 1552 1643 1641
f 1552 1641 1644
f 1556 1647 1557
f 1557 1647 1648
f 1557 1648 1576
f 1559 1577 1560
f 1560 1649 1650
f 1560 1577 1651
f 1560 1651 1652
f 1560 1652 1649
f 1561 1650 1653
f 1561 1653 1562
f 1562 1653 1563
f 1563 1653 1566
f 1564 1568 1654
f 1564 1654 1655
f 1564 1655 1565
f 1565 1656 1657
f 1565 1657 1572
f 1565 1655 1658
f 1565 1658 1659
f 1565 1659 1656
f 1566 1653 1660
f 1566 1660 1661
f 1566 1661 1568
f 1566 1568 1567
f 1568 1661 1654
f 1569 1574 1662
f 1569 1662 1570
f 1570 1662 1663
f 1570 1663 1571
f 1571 1663 1664
f 1571 1664 1665
f 1571 1665 1666
f 1571 1666 1667
f 1571 1667 1585
f 1571 1585 1575
f 1572 1657 1668
f 1572 1668 1669
f 1572 1669 1573
f 1573 1669 1670
f 1573 1670 1671
f 1573 1671 1574
f 1574 1672 1673
f 1574 1673 1662
f 1574 1671 1672
f 1576 1648 1674
f 1576 1674 1577
f 1577 1674 1651
f 1578 1583 1675
f 1578 1675 1676
f 1578 1676 1579
f 1579 1676 1677
f 1579 1677 1587
f 1579 1587 1584
f 1580 1667 1581
f 1580 1586 1667
f 1581 1667 1666
f 1581 1666 1678
f 1581 1678 1582
f 1582 1678 1679
f 1582 1679 1680
f 1582 1680 1583
f 1583 1680 1675
f 1585 1667 1586
f 1587 1681 1682
f 1587 1682 1683
f 1587 1683 1684
f 1587 1684 1588
f 1587 1677 1681
f 1588 1684 1591
f 1591 1684 1685
f 1591 1685 1686
f 1591 1686 1687
f 1591 1687 1592
f 1607 1688 1689
f 1607 1689 1609
f 1607 1609 1608
f 1609 1689 1690
f 1609 1690 1610
f 1610 1690 1691
f 1610 1691 1692
f 1610 1692 1693
f 1610 1693 1694
f 1610 1694 1613
f 1610 1613 1611
f 1611 1613 1612
f 1613 1694 1695
f 1613 1695 1614
f 1614 1695 1615
f 1615 1695 1693
f 1615 1693 1696
f 1615 1696 1697
f 1615 1697 1616
f 1616 1697 1617
f 1617 1698 1699
f 1617 1699 1700
f 1617 1700 1618
f 1617 1697 1698
f 1618 1700 1699
f 1618 1699 1619
f 1619 1699 1701
f 1619 1701 1620
f 1620 1701 1621
f 1621 1701 1702
f 1621 1702 1703
f 1621 1703 1704
f 1621 1704 1622
f 1622 1704 1623
f 1623 1705 1706
f 1623 1706 1627
f 1623 1627 1626
f 1623 1626 1625
f 1623 1625 1624
f 1623 1704 1705
f 1627 1706 1628
f 1628 1706 1707
f 1628 1707 1708
f 1628 1708 1709
f 1628 1709 1629
f 1629 1709 1630
f 1630 1709 1708
f 1630 1708 1710
f 1630 1710 1711
f 1630 1711 1712
f 1630 1712 1713
f 1630 1713 1631
f 1631 1713 1635
f 1632 1635 1637
f 1632 1637 1636
f 1632 1636 1633
f 1635 1713 1714
f 1635 1714 1638
f 1635 1638 1637
f 1638 1714 1715
f 1638 1715 1639
f 1639 1715 1640
f 1640 1715 1641
f 1641 1643 1642
f 1641 1715 1644
f 1644 1716 1717
f 1644 1717 1718
f 1644 1718 1645
f 1644 1715 1719
f 1644 1719 1716
f 1645 1718 1646
f 1646 1718 1720
f 1649 1721 1650
f 1649 1652 1722
f 1649 1722 1723
f 1649 1723 1721
f 1650 1721 1653
f 1651 1674 1724
f 1651 1724 1725
f 1651 1725 1722
f 1651 1722 1652
f 1653 1721 1660
f 1654 1726 1727
f 1654 1727 1655
f 1654 1661 1721
f 1654 1721 1723
f 1654 1723 1726
f 1655 1727 1728
f 1655 1728 1658
f 1656 1659 1657
f 1657 1729 1670
f 1657 1670 1668
f 1657 1659 1730
f 1657 1730 1731
f 1657 1731 1732
f 1657 1732 1729
f 1658 1728 1733
f 1658 1733 1734
f 1658 1734 1735
f 1658 1735 1659
f 1659 1735 1734
f 1659 1734 1736
f 1659 1736 1737
f 1659 1737 1730
f 1660 1721 1661
f 1662 1673 1663
f 1663 1673 1738
f 1663 1738 1739
f 1663 1739 1664
f 1664 1739 1740
f 1664 1740 1665
f 1665 1740 1666
f 1666 1740 1678
f 1668 1670 1669
f 1670 1741 1671
f 1670 1729 1742
f 1670 1742 1741
f 1671 1741 1743
f 1671 1743 1744
f 1671 1744 1672
f 1672 1744 1673
f 1673 1744 1738
f 1675 1680 1745
f 1675 1745 1676
f 1676 1746 1677
f 1676 1745 1747
f 1676 1747 1748
f 1676 1748 1749
f 1676 1749 1750
f 1676 1750 1681
f 1676 1681 1746
f 1677 1746 1681
f 1678 1740 1751
f 1678 1751 1679
f 1679 1751 1752
f 1679 1752 1745
f 1679 1745 1680
f 1688 1691 1689
f 1689 1691 1690
f 1691 1753 1754
f 1691 1754 1692
f 1691 1755 1756
f 1691 1756 1693
f 1691 1693 1753
f 1692 1754 1693
f 1693 1756 1696
f 1693 1695 1694
f 1693 1754 1753
f 1696 1756 1757
f 1696 1757 1698
f 1696 1698 1758
f 1696 1758 1697
f 1697 1758 1698
f 1698 1757 1759
f 1698 1759 1699
f 1699 1760 1702
f 1699 1702 1701
f 1699 1759 1760
f 1702 1760 1761
f 1702 1761 1703
f 1703 1761 1704
f 1704 1762 1705
f 1704 1761 1762
f 1705 1762 1763
f 1705 1763 1764
f 1705 1764 1765
f 1705 1765 1706
f 1706 1765 1707
f 1707 1765 1708
f 1708 1766 1767
f 1708 1767 1768
f 1708 1768 1831
f 1708 1831 1769
f 1708 1769 1710
f 1708 1765 1770
f 1708 1770 1766
f 1710 1769 1771
f 1710 1771 1711
f 1711 1772 1712
f 1711 1771 1773
f 1711 1773 1774
f 1711 1774 1775
f 1711 1775 1776
f 1711 1776 1716
f 1711 1716 1772
f 1712 1772 1714
f 1712 1714 1713
f 1714 1772 1715
f 1715 1772 1719
f 1716 1776 1717
f 1716 1719 1772
f 1717 1776 1775
f 1717 1775 1777
f 1717 1777 1718
f 1718 1777 1778
f 1718 1778 1779
f 1718 1779 1720
f 1722 1780 1723
f 1722 1725 1781
f 1722 1781 1780
f 1723 1780 1782
f 1723 1782 1726
f 1726 1783 1784
f 1726 1784 1785
f 1726 1785 1727
f 1726 1782 1783
f 1727 1785 1733
f 1727 1733 1728
f 1729 1786 1787
f 1729 1787 1788
f 1729 1788 1789
f 1729 1789 1790
f 1729 1790 1791
f 1729 1791 1741
f 1729 1741 1742
f 1729 1732 1792
f 1729 1792 1793
f 1729 1793 1794
f 1729 1794 1795
f 1729 1795 1786
f 1730 1737 1731
f 1731 1737 1736
f 1731 1736 1796
f 1733 1785 1784
f 1733 1784 1797
f 1733 1797 1798
f 1733 1798 1734
f 1734 1798 1799
f 1734 1799 1800
f 1734 1800 1801
f 1734 1801 1796
f 1734 1796 1736
f 1738 1744 1739
f 1739 1744 1802
f 1739 1802 1740
f 1740 1802 1751
f 1741 1791 1803
f 1741 1803 1804
f 1741 1804 1743
f 1743 1804 1805
f 1743 1805 1806
f 1743 1806 1744
f 1744 1806 1802
f 1745 1752 1747
f 1747 1752 1807
f 1747 1807 1808
f 1747 1808 1809
f 1747 1809 1810
f 1747 1810 1811
f 1747 1811 1812
f 1747 1812 1813
f 1747 1813 1748
f 1751 1807 1752
f 1751 1802 1814
f 1751 1814 1807
f 1755 1815 1816
f 1755 1816 1756
f 1756 1816 1817
f 1756 1817 1818
f 1756 1818 1759
f 1756 1759 1757
f 1759 1818 1760
f 1760 1819 1820
f 1760 1820 1761
f 1760 1818 1819
f 1761 1820 1821
f 1761 1821 1762
f 1762 1821 1763
f 1763 1821 1820
f 1763 1820 1822
f 1763 1822 1823
f 1763 1823 1824
f 1763 1824 1764
f 1764 1824 1770
f 1764 1770 1765
f 1766 1770 1767
f 1767 1825 1826
f 1767 1826 1827
f 1767 1827 1828
f 1767 1828 1768
f 1767 1770 1829
f 1767 1829 1825
f 1768 1828 1830
f 1768 1830 1831
f 1769 1831 1832
f 1769 1832 1833
f 1769 1833 1834
f 1769 1834 1771
f 1770 1824 1829
f 1771 1834 1833
f 1771 1833 1835
f 1771 1835 1836
f 1771 1836 1773
f 1773 1837 1774
f 1774 1837 1838
f 1774 1838 1839
f 1774 1839 1775
f 1775 1839 1778
f 1775 1778 1777
f 1778 1839 1840
f 1778 1840 1779
f 1780 1841 1782
f 1780 1781 1842
f 1780 1842 1841
f 1781 1843 1842
f 1782 1841 1783
f 1783 1841 1844
f 1783 1844 1784
f 1784 1844 1845
f 1784 1845 1797
f 1786 1846 1847
f 1786 1847 1787
f 1786 1795 1848
f 1786 1848 1846
f 1787 1847 1789
f 1787 1789 1788
f 1789 1847 1849
f 1789 1849 1850
f 1789 1850 1790
f 1790 1850 1803
f 1790 1803 1791
f 1796 1801 1800
f 1797 1845 1851
f 1797 1851 1798
f 1798 1851 1852
f 1798 1852 1799
f 1802 1806 1853
f 1802 1853 1814
f 1803 1850 1854
f 1803 1854 1804
f 1804 1854 1855
f 1804 1855 1808
f 1804 1808 1805
f 1805 1808 1856
f 1805 1856 1806
f 1806 1856 1853
f 1807 1814 1853
f 1807 1853 1856
f 1807 1856 1808
f 1808 1855 1809
f 1809 1857 1858
f 1809 1858 1810
f 1809 1855 1859
f 1809 1859 1857
f 1815 1860 1816
f 1816 1860 1861
f 1816 1861 1862
f 1816 1862 1817
f 1817 1862 1818
f 1818 1862 1819
f 1819 1863 1864
f 1819 1864 1820
f 1819 1862 1863
f 1820 1864 1822
f 1822 1865 1823
f 1822 1864 1865
f 1823 1865 1866
f 1823 1866 1824
f 1824 1866 1867
f 1824 1867 1829
f 1825 1868 1826
f 1825 1829 1868
f 1826 1868 1827
f 1827 1868 1869
f 1827 1869 1870
f 1827 1870 1871
f 1827 1871 1828
f 1828 1871 1830
f 1829 1867 1872
f 1829 1872 1869
f 1829 1869 1868
f 1830 1871 1873
f 1830 1873 1832
f 1830 1832 1831
f 1838 1840 1839
f 1841 1842 1874
f 1841 1874 1875
f 1841 1875 1876
f 1841 1876 1877
f 1841 1877 1844
f 1842 1843 1878
f 1842 1878 1874
f 1844 1877 1879
f 1844 1879 1880
f 1844 1880 1845
f 1845 1880 1881
f 1845 1881 1882
f 1845 1882 1851
f 1846 1848 1847
f 1847 1848 1883
f 1847 1883 1884
f 1847 1884 1885
f 1847 1885 1849
f 1849 1886 1850
f 1850 1887 1888
f 1850 1888 1889
f 1850 1889 1854
f 1850 1886 1890
f 1850 1890 1887
f 1851 1882 1891
f 1851 1891 1892
f 1851 1892 1893
f 1851 1893 1852
f 1854 1889 1894
f 1854 1894 1859
f 1854 1859 1855
f 1857 1859 1895
f 1859 1894 1895
f 1860 1896 1863
f 1860 1863 1862
f 1860 1862 1861
f 1863 1897 1864
f 1863 1896 1897
f 1864 1897 1865
f 1865 1898 1866
f 1865 1897 1898
f 1866 1898 1899
f 1866 1899 1867
f 1867 1899 1900
f 1867 1900 1901
f 1867 1901 1872
f 1869 1902 1870
f 1869 1872 1901
f 1869 1901 1903
f 1869 1903 1904
f 1869 1904 1905
f 1869 1905 1902
f 1870 1902 1906
f 1870 1906 1907
f 1870 1907 1871
f 1871 1907 1873
f 1876 1908 1877
f 1877 1908 1909
f 1877 1909 1910
f 1877 1910 1879
f 1879 1910 1880
f 1884 1911 1912
f 1884 1912 1913
f 1884 1913 1885
f 1896 1914 1897
f 1897 1914 1915
f 1897 1915 1898
f 1898 1916 1899
f 1898 1915 1916
f 1899 1916 1900
f 1900 1916 1917
f 1900 1917 1901
f 1901 1917 1903
f 1902 1918 1906
f 1902 1905 1919
f 1902 1919 1920
f 1902 1920 1921
f 1902 1921 1918
f 1903 1917 1922
f 1903 1922 1923
f 1903 1923 1904
f 1906 1918 1924
f 1906 1924 1907
f 1907 1924 1925
f 1911 1926 1927
f 1911 1927 1913
f 1911 1913 1912
f 1915 1917 1916
f 1918 1921 1924
f 1924 1928 1929
f 1924 1929 1930
f 1924 1930 1925
f 1926 1931 1927
f 1927 1931 1933
f 1927 1933 1934
f 1927 1934 1932
f 1928 1935 1936
f 1928 1936 1937
f 1928 1937 1938
f 1928 1938 1939
f 1928 1939 1929
f 1932 1934 1940
f 1932 1940 1941
f 1940 1943 1941
f 1941 1943 1942
f 1944 1945 1946
f 1944 1946 1947
f 1944 1947 1956
f 1944 1956 1948
f 1944 1948 1949
f 1944 1949 1950
f 1944 1950 1951
f 1944 1951 1945
f 1945 1952 1946
f 1945 1951 1952
f 1946 1953 1947
f 1946 1952 1954
f 1946 1954 1955
f 1946 1955 1953
f 1947 1953 1957
f 1947 1957 1981
f 1947 1981 1956
f 1948 1956 1958
f 1948 1958 1959
f 1948 1959 1960
f 1948 1960 1961
f 1948 1961 1949
f 1949 1962 1963
f 1949 1963 1950
f 1949 1961 1964
f 1949 1964 1965
f 1949 1965 1966
f 1949 1966 1967
f 1949 1967 1968
f 1949 1968 1962
f 1950 1963 1969
f 1950 1969 1970
f 1950 1970 1971
f 1950 1971 1951
f 1951 1971 1972
f 1951 1972 1952
f 1952 1972 1973
f 1952 1973 1974
f 1952 1974 1975
f 1952 1975 1976
f 1952 1976 1954
f 1953 1955 1957
f 1954 1976 1977
f 1954 1977 1978
f 1954 1978 1955
f 1955 1978 1979
f 1955 1979 1980
f 1955 1980 1957
f 1956 1981 1958
f 1957 1980 1982
f 1957 1982 1983
f 1957 1983 1984
f 1957 1984 1985
f 1957 1985 1981
f 1958 1986 2029
f 1958 2029 2081
f 1958 2081 2137
f 1958 2137 2197
f 1958 2197 2283
f 1958 2283 2364
f 1958 2364 2447
f 1958 2447 2524
f 1958 2524 2523
f 1958 2523 2445
f 1958 2445 2522
f 1958 2522 2521
f 1958 2521 2606
f 1958 2606 2605
f 1958 2605 2604
f 1958 2604 2603
f 1958 2603 2517
f 1958 2517 2602
f 1958 2602 2598
f 1958 2598 2597
f 1958 2597 2682
f 1958 2682 2681
f 1958 2681 2754
f 1958 2754 2815
f 1958 2815 2870
f 1958 2870 2901
f 1958 2901 2855
f 1958 2855 2900
f 1958 2900 2899
f 1958 2899 2927
f 1958 2927 2926
f 1958 2926 2947
f 1958 2947 2940
f 1958 2940 2939
f 1958 2939 2938
f 1958 2938 2937
f 1958 2937 2936
f 1958 2936 2935
f 1958 2935 2934
f 1958 2934 2933
f 1958 2933 2943
f 1958 2943 2950
f 1958 2950 2952
f 1958 2952 2951
f 1958 2951 2948
f 1958 2948 2930
f 1958 2930 2928
f 1958 2928 2911
f 1958 2911 2910
f 1958 2910 2875
f 1958 2875 2873
f 1958 2873 2872
f 1958 2872 2871
f 1958 2871 2832
f 1958 2832 2828
f 1958 2828 2827
f 1958 2827 2826
f 1958 2826 2825
f 1958 2825 2774
f 1958 2774 2824
f 1958 2824 2823
f 1958 2823 2772
f 1958 2772 2706
f 1958 2706 2638
f 1958 2638 2554
f 1958 2554 2637
f 1958 2637 2636
f 1958 2636 2635
f 1958 2635 2634
f 1958 2634 2633
f 1958 2633 2705
f 1958 2705 2631
f 1958 2631 2630
f 1958 2630 2625
f 1958 2625 2629
f 1958 2629 2628
f 1958 2628 2627
f 1958 2627 2704
f 1958 2704 2703
f 1958 2703 2770
f 1958 2770 2769
f 1958 2769 2822
f 1958 2822 2767
f 1958 2767 2697
f 1958 2697 2766
f 1958 2766 2765
f 1958 2765 2764
f 1958 2764 2763
f 1958 2763 2762
f 1958 2762 2821
f 1958 2821 2818
f 1958 2818 2817
f 1958 2817 2756
f 1958 2756 2687
f 1958 2687 2686
f 1958 2686 2685
f 1958 2685 2609
f 1958 2609 2531
f 1958 2531 2530
f 1958 2530 2529
f 1958 2529 2528
f 1958 2528 2527
f 1958 2527 2449
f 1958 2449 2370
f 1958 2370 2366
f 1958 2366 2365
f 1958 2365 2285
f 1958 2285 2284
f 1958 2284 2201
f 1958 2201 2199
f 1958 2199 2200
f 1958 2200 2142
f 1958 2142 2087
f 1958 2087 2083
f 1958 2083 2031
f 1958 2031 2036
f 1958 2036 2030
f 1958 2030 1988
f 1958 1988 1962
f 1958 1962 1968
f 1958 1968 1967
f 1958 1967 1966
f 1958 1966 1965
f 1958 1965 1964
f 1958 1964 1961
f 1958 1961 1960
f 1958 1960 1959
f 1958 1981 1986
f 1962 1987 1963
f 1962 1988 1989
f 1962 1989 1990
f 1962 1990 1987
f 1963 1987 1969
f 1969 1987 1991
f 1969 1991 1992
f 1969 1992 1993
f 1969 1993 1994
f 1969 1994 1970
f 1970 1994 1995
f 1970 1995 1996
f 1970 1996 1971
f 1971 1996 1997
f 1971 1997 1998
f 1971 1998 1999
f 1971 1999 2000
f 1971 2000 1972
f 1972 2000 1973
f 1973 2000 2001
f 1973 2001 2002
f 1973 2002 1975
f 1973 1975 1974
f 1975 2003 2004
f 1975 2004 1977
f 1975 1977 1976
f 1975 2002 2003
f 1977 2004 2005
f 1977 2005 2006
f 1977 2006 1978
f 1978 2006 1979
f 1979 2006 2005
f 1979 2005 2007
f 1979 2007 2008
f 1979 2008 2009
f 1979 2009 2010
f 1979 2010 1980
f 1980 2011 1982
f 1980 2010 2012
f 1980 2012 2013
f 1980 2013 2014
f 1980 2014 2015
f 1980 2015 2011
f 1981 1985 2016
f 1981 2016 2017
f 1981 2017 1986
f 1982 2011 2018
f 1982 2018 2019
f 1982 2019 2020
f 1982 2020 1983
f 1983 2020 1984
f 1984 2020 2021
f 1984 2021 2022
f 1984 2022 2023
f 1984 2023 1985
f 1985 2023 2024
f 1985 2024 2025
f 1985 2025 2026
f 1985 2026 2016
f 1986 2017 2026
f 1986 2026 2027
f 1986 2027 2028
f 1986 2028 2029
f 1987 1990 1991
f 1988 2030 1989
f 1989 2031 2032
f 1989 2032 2033
f 1989 2033 2034
f 1989 2034 2035
f 1989 2035 1990
f 1989 2030 2036
f 1989 2036 2031
f 1990 2035 1991
f 1991 2035 1992
f 1992 2035 2037
f 1992 2037 1993
f 1993 1997 1995
f 1993 1995 1994
f 1993 2037 2038
f 1993 2038 2039
f 1993 2039 2040
f 1993 2040 2041
f 1993 2041 2042
f 1993 2042 2043
f 1993 2043 1997
f 1995 1997 1996
f 1997 2044 2045
f 1997 2045 2046
f 1997 2046 1998
f 1997 2043 2047
f 1997 2047 2048
f 1997 2048 2049
f 1997 2049 2044
f 1998 2046 2000
f 1998 2000 1999
f 2000 2046 2050
f 2000 2050 2001
f 2001 2051 2002
f 2001 2050 2052
f 2001 2052 2053
f 2001 2053 2051
f 2002 2051 2054
f 2002 2054 2003
f 2003 2055 2004
f 2003 2054 2051
f 2003 2051 2056
f 2003 2056 2055
f 2004 2057 2058
f 2004 2058 2005
f 2004 2055 2057
f 2005 2058 2059
f 2005 2059 2007
f 2007 2059 2008
f 2008 2060 2009
f 2008 2059 2061
f 2008 2061 2062
f 2008 2062 2060
f 2009 2060 2063
f 2009 2063 2012
f 2009 2012 2010
f 2011 2015 2064
f 2011 2064 2018
f 2012 2063 2065
f 2012 2065 2066
f 2012 2066 2067
f 2012 2067 2068
f 2012 2068 2069
f 2012 2069 2013
f 2013 2069 2014
f 2014 2069 2070
f 2014 2070 2071
f 2014 2071 2015
f 2015 2071 2072
f 2015 2072 2073
f 2015 2073 2074
f 2015 2074 2064
f 2016 2026 2017
f 2018 2021 2019
f 2018 2064 2021
f 2019 2021 2020
f 2021 2064 2075
f 2021 2075 2076
f 2021 2076 2022
f 2022 2076 2077
f 2022 2077 2024
f 2022 2024 2023
f 2024 2077 2078
f 2024 2078 2079
f 2024 2079 2025
f 2025 2027 2026
f 2025 2079 2080
f 2025 2080 2028
f 2025 2028 2027
f 2028 2080 2081
f 2028 2081 2082
f 2028 2082 2029
f 2029 2082 2081
f 2031 2083 2032
f 2032 2084 2085
f 2032 2085 2086
f 2032 2086 2033
f 2032 2083 2087
f 2032 2087 2084
f 2033 2088 2089
f 2033 2089 2034
f 2033 2086 2088
f 2034 2089 2090
f 2034 2090 2091
f 2034 2091 2092
f 2034 2092 2035
f 2035 2092 2037
f 2037 2092 2093
f 2037 2093 2038
f 2038 2093 2039
f 2039 2093 2040
f 2040 2093 2041
f 2041 2093 2092
f 2041 2092 2091
f 2041 2091 2094
f 2041 2094 2095
f 2041 2095 2042
f 2042 2095 2043
f 2043 2095 2047
f 2044 2096 2045
f 2044 2049 2096
f 2045 2096 2046
f 2046 2096 2050
f 2047 2095 2097
f 2047 2097 2048
f 2048 2097 2098
f 2048 2098 2099
f 2048 2099 2049
f 2049 2099 2096
f 2050 2096 2100
f 2050 2100 2052
f 2051 2053 2101
f 2051 2101 2056
f 2052 2100 2102
f 2052 2102 2053
f 2053 2103 2101
f 2053 2102 2104
f 2053 2104 2103
f 2055 2105 2106
f 2055 2106 2057
f 2055 2056 2103
f 2055 2103 2107
f 2055 2107 2108
f 2055 2108 2105
f 2056 2101 2103
f 2057 2106 2109
f 2057 2109 2058
f 2058 2109 2110
f 2058 2110 2111
f 2058 2111 2112
f 2058 2112 2059
f 2059 2112 2113
f 2059 2113 2114
f 2059 2114 2115
f 2059 2115 2061
f 2060 2062 2116
f 2060 2116 2063
f 2061 2115 2062
f 2062 2117 2118
f 2062 2118 2119
f 2062 2119 2120
f 2062 2120 2116
f 2062 2115 2121
f 2062 2121 2117
f 2063 2116 2065
f 2064 2074 2075
f 2065 2116 2120
f 2065 2120 2066
f 2066 2120 2122
f 2066 2122 2123
f 2066 2123 2124
f 2066 2124 2067
f 2067 2124 2125
f 2067 2125 2068
f 2068 2070 2069
f 2068 2125 2070
f 2070 2125 2126
f 2070 2126 2071
f 2071 2126 2072
f 2072 2126 2127
f 2072 2127 2128
f 2072 2128 2129
f 2072 2129 2073
f 2073 2130 2074
f 2073 2129 2130
f 2074 2131 2075
f 2074 2130 2131
f 2075 2131 2076
f 2076 2131 2077
f 2077 2131 2078
f 2078 2131 2130
f 2078 2130 2132
f 2078 2132 2133
f 2078 2133 2079
f 2079 2133 2134
f 2079 2134 2135
f 2079 2135 2080
f 2080 2135 2136
f 2080 2136 2081
f 2081 2136 2137
f 2084 2138 2139
f 2084 2139 2140
f 2084 2140 2141
f 2084 2141 2085
f 2084 2087 2142
f 2084 2142 2138
f 2085 2141 2143
f 2085 2143 2144
f 2085 2144 2086
f 2086 2144 2145
f 2086 2145 2088
f 2088 2145 2089
f 2089 2145 2090
f 2090 2145 2091
f 2091 2146 2147
f 2091 2147 2094
f 2091 2145 2148
f 2091 2148 2146
f 2094 2147 2095
f 2095 2147 2149
f 2095 2149 2150
f 2095 2150 2151
f 2095 2151 2098
f 2095 2098 2097
f 2096 2099 2152
f 2096 2152 2153
f 2096 2153 2100
f 2098 2151 2154
f 2098 2154 2155
f 2098 2155 2099
f 2099 2155 2156
f 2099 2156 2152
f 2100 2153 2157
f 2100 2157 2102
f 2102 2158 2104
f 2102 2157 2158
f 2103 2104 2159
f 2103 2159 2107
f 2104 2158 2160
f 2104 2160 2159
f 2105 2161 2106
f 2105 2108 2161
f 2106 2161 2162
f 2106 2162 2163
f 2106 2163 2109
f 2107 2159 2164
f 2107 2164 2108
f 2108 2164 2165
f 2108 2165 2166
f 2108 2166 2167
f 2108 2167 2168
f 2108 2168 2169
f 2108 2169 2161
f 2109 2163 2110
f 2110 2163 2111
f 2111 2170 2114
f 2111 2114 2112
f 2111 2163 2170
f 2112 2114 2113
f 2114 2171 2172
f 2114 2172 2173
f 2114 2173 2174
f 2114 2174 2175
f 2114 2175 2121
f 2114 2121 2115
f 2114 2170 2171
f 2117 2121 2175
f 2117 2175 2174
f 2117 2174 2118
f 2118 2176 2177
f 2118 2177 2178
f 2118 2178 2179
f 2118 2179 2120
f 2118 2120 2119
f 2118 2174 2176
f 2120 2180 2122
f 2120 2179 2181
f 2120 2181 2182
f 2120 2182 2183
f 2120 2183 2180
f 2122 2180 2123
f 2123 2180 2183
f 2123 2183 2184
f 2123 2184 2185
f 2123 2185 2124
f 2124 2186 2126
f 2124 2126 2125
f 2124 2185 2184
f 2124 2184 2186
f 2126 2186 2127
f 2127 2186 2187
f 2127 2187 2188
f 2127 2188 2128
f 2128 2189 2129
f 2128 2188 2189
f 2129 2190 2130
f 2129 2189 2190
f 2130 2191 2132
f 2130 2190 2191
f 2132 2191 2133
f 2133 2191 2192
f 2133 2192 2134
f 2134 2192 2193
f 2134 2193 2135
f 2135 2193 2194
f 2135 2194 2136
f 2136 2194 2137
f 2137 2194 2195
f 2137 2195 2196
f 2137 2196 2197
f 2138 2198 2199
f 2138 2199 2139
f 2138 2142 2200
f 2138 2200 2198
f 2139 2201 2202
f 2139 2202 2203
f 2139 2203 2141
f 2139 2141 2140
f 2139 2199 2201
f 2141 2203 2204
f 2141 2204 2205
f 2141 2205 2206
f 2141 2206 2143
f 2143 2206 2144
f 2144 2206 2207
f 2144 2207 2148
f 2144 2148 2145
f 2146 2148 2149
f 2146 2149 2147
f 2148 2207 2208
f 2148 2208 2150
f 2148 2150 2149
f 2150 2208 2154
f 2150 2154 2151
f 2152 2156 2209
f 2152 2209 2210
f 2152 2210 2211
f 2152 2211 2212
f 2152 2212 2213
f 2152 2213 2214
f 2152 2214 2153
f 2153 2214 2157
f 2154 2215 2216
f 2154 2216 2217
f 2154 2217 2156
f 2154 2156 2155
f 2154 2208 2215
f 2156 2217 2216
f 2156 2216 2209
f 2157 2214 2218
f 2157 2218 2219
f 2157 2219 2158
f 2158 2219 2220
f 2158 2220 2160
f 2159 2160 2221
f 2159 2221 2222
f 2159 2222 2164
f 2160 2220 2223
f 2160 2223 2221
f 2161 2169 2224
f 2161 2224 2162
f 2162 2224 2225
f 2162 2225 2163
f 2163 2225 2170
f 2164 2226 2165
f 2164 2222 2223
f 2164 2223 2227
f 2164 2227 2226
f 2165 2228 2229
f 2165 2229 2166
f 2165 2226 2230
f 2165 2230 2228
f 2166 2229 2168
f 2166 2168 2167
f 2168 2229 2231
f 2168 2231 2232
f 2168 2232 2233
f 2168 2233 2234
f 2168 2234 2235
f 2168 2235 2236
f 2168 2236 2169
f 2169 2236 2237
f 2169 2237 2238
f 2169 2238 2225
f 2169 2225 2224
f 2170 2239 2240
f 2170 2240 2241
f 2170 2241 2171
f 2170 2225 2242
f 2170 2242 2239
f 2171 2241 2243
f 2171 2243 2244
f 2171 2244 2245
f 2171 2245 2172
f 2172 2245 2246
f 2172 2246 2173
f 2173 2247 2176
f 2173 2176 2174
f 2173 2246 2248
f 2173 2248 2249
f 2173 2249 2247
f 2176 2247 2250
f 2176 2250 2177
f 2177 2250 2251
f 2177 2251 2252
f 2177 2252 2253
f 2177 2253 2178
f 2178 2253 2179
f 2179 2253 2181
f 2181 2253 2254
f 2181 2254 2182
f 2182 2254 2255
f 2182 2255 2256
f 2182 2256 2257
f 2182 2257 2183
f 2183 2257 2258
f 2183 2258 2259
f 2183 2259 2184
f 2184 2259 2260
f 2184 2260 2261
f 2184 2261 2262
f 2184 2262 2263
f 2184 2263 2186
f 2186 2263 2187
f 2187 2263 2262
f 2187 2262 2264
f 2187 2264 2265
f 2187 2265 2266
f 2187 2266 2267
f 2187 2267 2268
f 2187 2268 2269
f 2187 2269 2270
f 2187 2270 2188
f 2188 2270 2271
f 2188 2271 2272
f 2188 2272 2273
f 2188 2273 2274
f 2188 2274 2189
f 2189 2274 2275
f 2189 2275 2276
f 2189 2276 2277
f 2189 2277 2190
f 2190 2278 2191
f 2190 2277 2279
f 2190 2279 2278
f 2191 2278 2192
f 2192 2278 2195
f 2192 2195 2193
f 2193 2195 2194
f 2195 2278 2196
f 2196 2280 2281
f 2196 2281 2282
f 2196 2282 2283
f 2196 2283 2197
f 2196 2278 2279
f 2196 2279 2280
f 2198 2200 2199
f 2201 2284 2202
f 2202 2284 2285
f 2202 2285 2286
f 2202 2286 2203
f 2203 2286 2287
f 2203 2287 2204
f 2204 2287 2288
f 2204 2288 2205
f 2205 2288 2289
f 2205 2289 2206
f 2206 2289 2290
f 2206 2290 2291
f 2206 2291 2207
f 2207 2216 2292
f 2207 2292 2208
f 2207 2291 2293
f 2207 2293 2294
f 2207 2294 2216
f 2208 2292 2216
f 2208 2216 2215
f 2209 2295 2296
f 2209 2296 2297
f 2209 2297 2210
f 2209 2216 2298
f 2209 2298 2295
f 2210 2297 2299
f 2210 2299 2211
f 2211 2299 2300
f 2211 2300 2212
f 2212 2300 2213
f 2213 2300 2218
f 2213 2218 2214
f 2216 2294 2301
f 2216 2301 2302
f 2216 2302 2303
f 2216 2303 2298
f 2218 2300 2304
f 2218 2304 2305
f 2218 2305 2219
f 2219 2305 2220
f 2220 2305 2223
f 2221 2223 2222
f 2223 2305 2304
f 2223 2304 2299
f 2223 2299 2306
f 2223 2306 2307
f 2223 2307 2308
f 2223 2308 2227
f 2225 2238 2237
f 2225 2237 2242
f 2226 2227 2230
f 2227 2308 2309
f 2227 2309 2310
f 2227 2310 2230
f 2228 2311 2229
f 2228 2230 2310
f 2228 2310 2311
f 2229 2311 2312
f 2229 2312 2231
f 2231 2312 2313
f 2231 2313 2314
f 2231 2314 2315
f 2231 2315 2316
f 2231 2316 2232
f 2232 2316 2233
f 2233 2316 2317
f 2233 2317 2318
f 2233 2318 2319
f 2233 2319 2320
f 2233 2320 2234
f 2234 2320 2235
f 2235 2320 2237
f 2235 2237 2236
f 2237 2320 2321
f 2237 2321 2242
f 2239 2322 2323
f 2239 2323 2240
f 2239 2242 2322
f 2240 2323 2324
f 2240 2324 2325
f 2240 2325 2243
f 2240 2243 2241
f 2242 2321 2322
f 2243 2325 2326
f 2243 2326 2244
f 2244 2326 2327
f 2244 2327 2328
f 2244 2328 2329
f 2244 2329 2245
f 2245 2329 2248
f 2245 2248 2246
f 2247 2249 2250
f 2248 2329 2330
f 2248 2330 2331
f 2248 2331 2332
f 2248 2332 2249
f 2249 2332 2333
f 2249 2333 2334
f 2249 2334 2335
f 2249 2335 2336
f 2249 2336 2337
f 2249 2337 2338
f 2249 2338 2339
f 2249 2339 2250
f 2250 2339 2251
f 2251 2339 2338
f 2251 2338 2340
f 2251 2340 2252
f 2252 2340 2341
f 2252 2341 2253
f 2253 2341 2255
f 2253 2255 2254
f 2255 2342 2343
f 2255 2343 2344
f 2255 2344 2256
f 2255 2341 2342
f 2256 2345 2257
f 2256 2344 2346
f 2256 2346 2347
f 2256 2347 2348
f 2256 2348 2345
f 2257 2345 2349
f 2257 2349 2258
f 2258 2350 2259
f 2258 2349 2351
f 2258 2351 2350
f 2259 2350 2260
f 2260 2350 2352
f 2260 2352 2261
f 2261 2352 2262
f 2262 2352 2353
f 2262 2353 2264
f 2264 2353 2265
f 2265 2353 2267
f 2265 2267 2266
f 2267 2354 2268
f 2267 2353 2355
f 2267 2355 2356
f 2267 2356 2354
f 2268 2354 2269
f 2269 2354 2357
f 2269 2357 2270
f 2270 2358 2271
f 2270 2357 2358
f 2271 2358 2359
f 2271 2359 2272
f 2272 2359 2360
f 2272 2360 2361
f 2272 2361 2273
f 2273 2361 2274
f 2274 2362 2276
f 2274 2276 2275
f 2274 2361 2362
f 2276 2362 2279
f 2276 2279 2277
f 2279 2362 2281
f 2279 2281 2280
f 2281 2362 2361
f 2281 2361 2363
f 2281 2363 2364
f 2281 2364 2282
f 2282 2364 2283
f 2285 2365 2286
f 2286 2365 2287
f 2287 2366 2367
f 2287 2367 2288
f 2287 2365 2366
f 2288 2368 2369
f 2288 2369 2289
f 2288 2367 2366
f 2288 2366 2370
f 2288 2370 2368
f 2289 2369 2371
f 2289 2371 2290
f 2290 2371 2372
f 2290 2372 2373
f 2290 2373 2291
f 2291 2373 2293
f 2293 2373 2374
f 2293 2374 2301
f 2293 2301 2294
f 2295 2375 2307
f 2295 2307 2376
f 2295 2376 2296
f 2295 2298 2375
f 2296 2376 2297
f 2297 2306 2299
f 2297 2376 2307
f 2297 2307 2306
f 2298 2303 2377
f 2298 2377 2378
f 2298 2378 2383
f 2298 2383 2379
f 2298 2379 2307
f 2298 2307 2375
f 2299 2304 2300
f 2301 2374 2380
f 2301 2380 2381
f 2301 2381 2377
f 2301 2377 2303
f 2301 2303 2302
f 2307 2382 2308
f 2307 2379 2383
f 2307 2383 2382
f 2308 2382 2384
f 2308 2384 2385
f 2308 2385 2309
f 2309 2385 2386
f 2309 2386 2311
f 2309 2311 2310
f 2311 2387 2312
f 2311 2386 2387
f 2312 2387 2388
f 2312 2388 2389
f 2312 2389 2313
f 2313 2389 2314
f 2314 2390 2315
f 2314 2389 2391
f 2314 2391 2392
f 2314 2392 2393
f 2314 2393 2390
f 2315 2390 2394
f 2315 2394 2395
f 2315 2395 2317
f 2315 2317 2316
f 2317 2396 2318
f 2317 2395 2396
f 2318 2396 2397
f 2318 2397 2398
f 2318 2398 2399
f 2318 2399 2319
f 2319 2399 2321
f 2319 2321 2320
f 2321 2399 2400
f 2321 2400 2322
f 2322 2400 2323
f 2323 2400 2324
f 2324 2401 2402
f 2324 2402 2325
f 2324 2400 2399
f 2324 2399 2401
f 2325 2402 2403
f 2325 2403 2326
f 2326 2403 2404
f 2326 2404 2327
f 2327 2404 2328
f 2328 2404 2405
f 2328 2405 2406
f 2328 2406 2407
f 2328 2407 2408
f 2328 2408 2330
f 2328 2330 2329
f 2330 2408 2409
f 2330 2409 2331
f 2331 2409 2332
f 2332 2409 2410
f 2332 2410 2333
f 2333 2410 2411
f 2333 2411 2334
f 2334 2411 2412
f 2334 2412 2335
f 2335 2412 2336
f 2336 2412 2413
f 2336 2413 2337
f 2337 2413 2414
f 2337 2414 2415
f 2337 2415 2340
f 2337 2340 2338
f 2340 2415 2416
f 2340 2416 2417
f 2340 2417 2418
f 2340 2418 2419
f 2340 2419 2420
f 2340 2420 2421
f 2340 2421 2422
f 2340 2422 2343
f 2340 2343 2342
f 2340 2342 2341
f 2343 2422 2346
f 2343 2346 2344
f 2345 2348 2349
f 2346 2422 2423
f 2346 2423 2347
f 2347 2423 2424
f 2347 2424 2425
f 2347 2425 2426
f 2347 2426 2427
f 2347 2427 2348
f 2348 2427 2428
f 2348 2428 2429
f 2348 2429 2349
f 2349 2429 2351
f 2350 2353 2352
f 2350 2351 2429
f 2350 2429 2430
f 2350 2430 2431
f 2350 2431 2353
f 2353 2432 2355
f 2353 2431 2432
f 2354 2433 2357
f 2354 2356 2434
f 2354 2434 2435
f 2354 2435 2433
f 2355 2432 2431
f 2355 2431 2436
f 2355 2436 2437
f 2355 2437 2356
f 2356 2437 2438
f 2356 2438 2434
f 2357 2433 2439
f 2357 2439 2440
f 2357 2440 2441
f 2357 2441 2358
f 2358 2441 2440
f 2358 2440 2442
f 2358 2442 2359
f 2359 2443 2446
f 2359 2446 2444
f 2359 2444 2360
f 2359 2442 2445
f 2359 2445 2443
f 2360 2444 2446
f 2360 2446 2361
f 2361 2446 2363
f 2363 2446 2447
f 2363 2447 2364
f 2368 2448 2369
f 2368 2370 2449
f 2368 2449 2448
f 2369 2450 2451
f 2369 2451 2372
f 2369 2372 2371
f 2369 2448 2452
f 2369 2452 2450
f 2372 2451 2380
f 2372 2380 2373
f 2373 2380 2374
f 2377 2453 2454
f 2377 2454 2378
f 2377 2381 2453
f 2378 2454 2383
f 2380 2451 2381
f 2381 2451 2455
f 2381 2455 2456
f 2381 2456 2453
f 2382 2383 2384
f 2383 2454 2457
f 2383 2457 2458
f 2383 2458 2459
f 2383 2459 2384
f 2384 2459 2460
f 2384 2460 2386
f 2384 2386 2385
f 2386 2460 2461
f 2386 2461 2462
f 2386 2462 2463
f 2386 2463 2464
f 2386 2464 2465
f 2386 2465 2388
f 2386 2388 2387
f 2388 2465 2389
f 2389 2465 2393
f 2389 2393 2392
f 2389 2392 2391
f 2390 2393 2394
f 2393 2465 2466
f 2393 2466 2467
f 2393 2467 2468
f 2393 2468 2469
f 2393 2469 2470
f 2393 2470 2471
f 2393 2471 2394
f 2394 2471 2472
f 2394 2472 2473
f 2394 2473 2474
f 2394 2474 2395
f 2395 2474 2396
f 2396 2474 2475
f 2396 2475 2476
f 2396 2476 2477
f 2396 2477 2478
f 2396 2478 2397
f 2397 2478 2398
f 2398 2478 2479
f 2398 2479 2399
f 2399 2479 2480
f 2399 2480 2481
f 2399 2481 2482
f 2399 2482 2401
f 2401 2482 2481
f 2401 2481 2483
f 2401 2483 2402
f 2402 2483 2484
f 2402 2484 2485
f 2402 2485 2403
f 2403 2485 2486
f 2403 2486 2404
f 2404 2486 2405
f 2405 2486 2484
f 2405 2484 2487
f 2405 2487 2488
f 2405 2488 2406
f 2406 2488 2489
f 2406 2489 2490
f 2406 2490 2407
f 2407 2490 2491
f 2407 2491 2492
f 2407 2492 2408
f 2408 2492 2493
f 2408 2493 2409
f 2409 2493 2410
f 2410 2493 2494
f 2410 2494 2413
f 2410 2413 2412
f 2410 2412 2411
f 2413 2494 2495
f 2413 2495 2496
f 2413 2496 2497
f 2413 2497 2414
f 2414 2416 2415
f 2414 2497 2498
f 2414 2498 2416
f 2416 2498 2417
f 2417 2498 2418
f 2418 2498 2499
f 2418 2499 2500
f 2418 2500 2419
f 2419 2500 2420
f 2420 2501 2421
f 2420 2500 2502
f 2420 2502 2501
f 2421 2423 2422
f 2421 2501 2503
f 2421 2503 2424
f 2421 2424 2423
f 2424 2503 2501
f 2424 2501 2504
f 2424 2504 2425
f 2425 2504 2505
f 2425 2505 2506
f 2425 2506 2507
f 2425 2507 2426
f 2426 2507 2428
f 2426 2428 2427
f 2428 2507 2508
f 2428 2508 2509
f 2428 2509 2510
f 2428 2510 2429
f 2429 2510 2511
f 2429 2511 2430
f 2430 2511 2512
f 2430 2512 2431
f 2431 2512 2513
f 2431 2513 2436
f 2433 2435 2514
f 2433 2514 2439
f 2434 2438 2435
f 2435 2438 2514
f 2436 2513 2437
f 2437 2513 2515
f 2437 2515 2438
f 2438 2515 2516
f 2438 2516 2517
f 2438 2517 2518
f 2438 2518 2519
f 2438 2519 2514
f 2439 2520 2440
f 2439 2514 2520
f 2440 2520 2521
f 2440 2521 2442
f 2442 2521 2522
f 2442 2522 2445
f 2443 2447 2446
f 2443 2445 2523
f 2443 2523 2524
f 2443 2524 2447
f 2448 2525 2526
f 2448 2526 2452
f 2448 2449 2527
f 2448 2527 2528
f 2448 2528 2529
f 2448 2529 2530
f 2448 2530 2531
f 2448 2531 2525
f 2450 2455 2451
f 2450 2452 2532
f 2450 2532 2455
f 2452 2526 2533
f 2452 2533 2534
f 2452 2534 2532
f 2453 2456 2454
f 2454 2456 2457
f 2455 2532 2535
f 2455 2535 2456
f 2456 2535 2457
f 2457 2535 2536
f 2457 2536 2458
f 2458 2536 2460
f 2458 2460 2459
f 2460 2537 2461
f 2460 2536 2538
f 2460 2538 2537
f 2461 2537 2539
f 2461 2539 2540
f 2461 2540 2541
f 2461 2541 2463
f 2461 2463 2462
f 2463 2541 2542
f 2463 2542 2543
f 2463 2543 2465
f 2463 2465 2544
f 2463 2544 2464
f 2464 2544 2465
f 2465 2545 2466
f 2465 2543 2546
f 2465 2546 2547
f 2465 2547 2545
f 2466 2545 2548
f 2466 2548 2549
f 2466 2549 2550
f 2466 2550 2551
f 2466 2551 2552
f 2466 2552 2553
f 2466 2553 2467
f 2467 2553 2554
f 2467 2554 2555
f 2467 2555 2556
f 2467 2556 2557
f 2467 2557 2558
f 2467 2558 2559
f 2467 2559 2560
f 2467 2560 2469
f 2467 2469 2468
f 2469 2472 2471
f 2469 2471 2470
f 2469 2560 2472
f 2472 2559 2561
f 2472 2561 2473
f 2472 2560 2559
f 2473 2561 2474
f 2474 2561 2562
f 2474 2562 2563
f 2474 2563 2564
f 2474 2564 2476
f 2474 2476 2475
f 2476 2564 2477
f 2477 2564 2565
f 2477 2565 2480
f 2477 2480 2479
f 2477 2479 2478
f 2480 2565 2566
f 2480 2566 2567
f 2480 2567 2481
f 2481 2567 2568
f 2481 2568 2569
f 2481 2569 2483
f 2483 2569 2570
f 2483 2570 2571
f 2483 2571 2572
f 2483 2572 2484
f 2484 2486 2485
f 2484 2572 2571
f 2484 2571 2487
f 2487 2571 2573
f 2487 2573 2574
f 2487 2574 2488
f 2488 2574 2575
f 2488 2575 2489
f 2489 2575 2576
f 2489 2576 2490
f 2490 2576 2577
f 2490 2577 2578
f 2490 2578 2491
f 2491 2578 2577
f 2491 2577 2579
f 2491 2579 2492
f 2492 2579 2495
f 2492 2495 2493
f 2493 2495 2494
f 2495 2579 2580
f 2495 2580 2496
f 2496 2580 2581
f 2496 2581 2582
f 2496 2582 2497
f 2497 2582 2499
f 2497 2499 2498
f 2499 2583 2584
f 2499 2584 2585
f 2499 2585 2502
f 2499 2502 2500
f 2499 2582 2583
f 2501 2502 2585
f 2501 2585 2586
f 2501 2586 2504
f 2504 2586 2505
f 2505 2586 2587
f 2505 2587 2506
f 2506 2587 2507
f 2507 2587 2588
f 2507 2588 2589
f 2507 2589 2508
f 2508 2589 2590
f 2508 2590 2509
f 2509 2591 2592
f 2509 2592 2510
f 2509 2590 2593
f 2509 2593 2594
f 2509 2594 2595
f 2509 2595 2591
f 2510 2592 2511
f 2511 2592 2596
f 2511 2596 2512
f 2512 2516 2515
f 2512 2515 2513
f 2512 2596 2597
f 2512 2597 2598
f 2512 2598 2599
f 2512 2599 2600
f 2512 2600 2516
f 2514 2519 2601
f 2514 2601 2520
f 2516 2600 2517
f 2517 2600 2602
f 2517 2603 2518
f 2518 2603 2604
f 2518 2604 2605
f 2518 2605 2606
f 2518 2606 2519
f 2519 2606 2601
f 2520 2601 2521
f 2521 2601 2606
f 2525 2607 2608
f 2525 2608 2526
f 2525 2531 2609
f 2525 2609 2607
f 2526 2608 2610
f 2526 2610 2611
f 2526 2611 2533
f 2532 2612 2535
f 2532 2534 2612
f 2533 2612 2534
f 2533 2611 2612
f 2535 2612 2613
f 2535 2613 2614
f 2535 2614 2538
f 2535 2538 2536
f 2537 2615 2539
f 2537 2538 2614
f 2537 2614 2616
f 2537 2616 2617
f 2537 2617 2615
f 2539 2615 2618
f 2539 2618 2619
f 2539 2619 2620
f 2539 2620 2540
f 2540 2620 2541
f 2541 2620 2542
f 2542 2620 2621
f 2542 2621 2622
f 2542 2622 2546
f 2542 2546 2543
f 2545 2623 2548
f 2545 2547 2623
f 2546 2622 2547
f 2547 2622 2623
f 2548 2623 2624
f 2548 2624 2549
f 2549 2625 2552
f 2549 2552 2551
f 2549 2551 2550
f 2549 2624 2626
f 2549 2626 2627
f 2549 2627 2628
f 2549 2628 2629
f 2549 2629 2625
f 2552 2630 2631
f 2552 2631 2553
f 2552 2625 2630
f 2553 2631 2632
f 2553 2632 2633
f 2553 2633 2634
f 2553 2634 2635
f 2553 2635 2636
f 2553 2636 2637
f 2553 2637 2554
f 2554 2638 2639
f 2554 2639 2555
f 2555 2639 2556
f 2556 2639 2557
f 2557 2639 2640
f 2557 2640 2641
f 2557 2641 2642
f 2557 2642 2643
f 2557 2643 2558
f 2558 2643 2644
f 2558 2644 2645
f 2558 2645 2559
f 2559 2645 2562
f 2559 2562 2561
f 2562 2646 2564
f 2562 2564 2563
f 2562 2645 2647
f 2562 2647 2648
f 2562 2648 2649
f 2562 2649 2650
f 2562 2650 2646
f 2564 2651 2652
f 2564 2652 2653
f 2564 2653 2654
f 2564 2654 2655
f 2564 2655 2656
f 2564 2656 2566
f 2564 2566 2565
f 2564 2646 2651
f 2566 2656 2657
f 2566 2657 2567
f 2567 2657 2568
f 2568 2657 2658
f 2568 2658 2659
f 2568 2659 2569
f 2569 2659 2570
f 2570 2659 2571
f 2571 2659 2660
f 2571 2660 2661
f 2571 2661 2573
f 2573 2661 2574
f 2574 2662 2663
f 2574 2663 2575
f 2574 2661 2664
f 2574 2664 2662
f 2575 2663 2665
f 2575 2665 2576
f 2576 2665 2666
f 2576 2666 2577
f 2577 2666 2667
f 2577 2667 2668
f 2577 2668 2669
f 2577 2669 2579
f 2579 2669 2580
f 2580 2669 2581
f 2581 2669 2670
f 2581 2670 2671
f 2581 2671 2672
f 2581 2672 2582
f 2582 2672 2583
f 2583 2672 2673
f 2583 2673 2584
f 2584 2673 2674
f 2584 2674 2675
f 2584 2675 2585
f 2585 2675 2676
f 2585 2676 2586
f 2586 2676 2587
f 2587 2676 2588
f 2588 2676 2677
f 2588 2677 2589
f 2589 2677 2678
f 2589 2678 2590
f 2590 2678 2679
f 2590 2679 2680
f 2590 2680 2681
f 2590 2681 2682
f 2590 2682 2593
f 2591 2596 2592
f 2591 2595 2682
f 2591 2682 2596
f 2593 2682 2594
f 2594 2682 2595
f 2596 2682 2597
f 2598 2602 2600
f 2598 2600 2599
f 2607 2609 2608
f 2608 2683 2684
f 2608 2684 2611
f 2608 2611 2610
f 2608 2609 2685
f 2608 2685 2686
f 2608 2686 2687
f 2608 2687 2688
f 2608 2688 2689
f 2608 2689 2683
f 2611 2613 2612
f 2611 2684 2616
f 2611 2616 2613
f 2613 2616 2614
f 2615 2690 2691
f 2615 2691 2692
f 2615 2692 2618
f 2615 2617 2690
f 2616 2684 2693
f 2616 2693 2617
f 2617 2693 2690
f 2618 2692 2694
f 2618 2694 2619
f 2619 2621 2620
f 2619 2694 2691
f 2619 2691 2695
f 2619 2695 2696
f 2619 2696 2621
f 2621 2696 2697
f 2621 2697 2698
f 2621 2698 2699
f 2621 2699 2622
f 2622 2699 2700
f 2622 2700 2623
f 2623 2700 2624
f 2624 2700 2699
f 2624 2699 2698
f 2624 2698 2701
f 2624 2701 2702
f 2624 2702 2703
f 2624 2703 2626
f 2626 2703 2704
f 2626 2704 2627
f 2631 2705 2632
f 2632 2705 2633
f 2638 2706 2707
f 2638 2707 2640
f 2638 2640 2639
f 2640 2707 2708
f 2640 2708 2641
f 2641 2708 2709
f 2641 2709 2710
f 2641 2710 2642
f 2642 2710 2711
f 2642 2711 2712
f 2642 2712 2713
f 2642 2713 2643
f 2643 2713 2714
f 2643 2714 2715
f 2643 2715 2716
f 2643 2716 2644
f 2644 2716 2715
f 2644 2715 2717
f 2644 2717 2648
f 2644 2648 2718
f 2644 2718 2645
f 2645 2718 2719
f 2645 2719 2647
f 2646 2650 2720
f 2646 2720 2721
f 2646 2721 2722
f 2646 2722 2652
f 2646 2652 2651
f 2647 2719 2648
f 2648 2715 2723
f 2648 2723 2724
f 2648 2724 2725
f 2648 2725 2726
f 2648 2726 2727
f 2648 2727 2649
f 2648 2719 2718
f 2648 2717 2715
f 2649 2727 2720
f 2649 2720 2650
f 2652 2722 2653
f 2653 2722 2654
f 2654 2722 2655
f 2655 2728 2729
f 2655 2729 2656
f 2655 2722 2730
f 2655 2730 2728
f 2656 2729 2657
f 2657 2729 2731
f 2657 2731 2658
f 2658 2731 2732
f 2658 2732 2660
f 2658 2660 2659
f 2660 2732 2733
f 2660 2733 2661
f 2661 2733 2664
f 2662 2664 2734
f 2662 2734 2663
f 2663 2735 2736
f 2663 2736 2737
f 2663 2737 2665
f 2663 2734 2735
f 2664 2733 2738
f 2664 2738 2734
f 2665 2737 2666
f 2666 2737 2739
f 2666 2739 2667
f 2667 2739 2740
f 2667 2740 2741
f 2667 2741 2742
f 2667 2742 2668
f 2668 2742 2743
f 2668 2743 2670
f 2668 2670 2669
f 2670 2743 2744
f 2670 2744 2745
f 2670 2745 2671
f 2671 2745 2672
f 2672 2745 2673
f 2673 2745 2746
f 2673 2746 2674
f 2674 2746 2747
f 2674 2747 2748
f 2674 2748 2675
f 2675 2748 2749
f 2675 2749 2676
f 2676 2749 2750
f 2676 2750 2677
f 2677 2750 2751
f 2677 2751 2752
f 2677 2752 2678
f 2678 2753 2679
f 2678 2752 2753
f 2679 2753 2754
f 2679 2754 2681
f 2679 2681 2680
f 2683 2755 2693
f 2683 2693 2684
f 2683 2689 2755
f 2687 2756 2689
f 2687 2689 2688
f 2689 2756 2757
f 2689 2757 2758
f 2689 2758 2759
f 2689 2759 2755
f 2690 2760 2691
f 2690 2693 2760
f 2691 2694 2692
f 2691 2760 2761
f 2691 2761 2762
f 2691 2762 2763
f 2691 2763 2695
f 2693 2755 2760
f 2695 2763 2764
f 2695 2764 2765
f 2695 2765 2766
f 2695 2766 2696
f 2696 2766 2697
f 2697 2767 2768
f 2697 2768 2698
f 2698 2768 2701
f 2701 2768 2702
f 2702 2768 2769
f 2702 2769 2770
f 2702 2770 2703
f 2706 2771 2708
f 2706 2708 2707
f 2706 2772 2771
f 2708 2771 2709
f 2709 2773 2774
f 2709 2774 2775
f 2709 2775 2776
f 2709 2776 2710
f 2709 2771 2773
f 2710 2776 2711
f 2711 2776 2777
f 2711 2777 2778
f 2711 2778 2779
f 2711 2779 2712
f 2712 2779 2780
f 2712 2780 2781
f 2712 2781 2713
f 2713 2781 2714
f 2714 2782 2715
f 2714 2781 2782
f 2715 2782 2783
f 2715 2783 2784
f 2715 2784 2723
f 2720 2727 2726
f 2720 2726 2785
f 2720 2785 2786
f 2720 2786 2787
f 2720 2787 2788
f 2720 2788 2730
f 2720 2730 2722
f 2720 2722 2721
f 2723 2784 2789
f 2723 2789 2724
f 2724 2789 2790
f 2724 2790 2725
f 2725 2790 2791
f 2725 2791 2785
f 2725 2785 2726
f 2728 2792 2793
f 2728 2793 2738
f 2728 2738 2731
f 2728 2731 2729
f 2728 2730 2788
f 2728 2788 2787
f 2728 2787 2792
f 2731 2738 2733
f 2731 2733 2732
f 2734 2794 2735
f 2734 2738 2794
f 2735 2794 2795
f 2735 2795 2736
f 2736 2740 2739
f 2736 2739 2737
f 2736 2795 2796
f 2736 2796 2797
f 2736 2797 2798
f 2736 2798 2799
f 2736 2799 2741
f 2736 2741 2740
f 2738 2793 2800
f 2738 2800 2801
f 2738 2801 2802
f 2738 2802 2794
f 2741 2799 2803
f 2741 2803 2804
f 2741 2804 2805
f 2741 2805 2742
f 2742 2805 2806
f 2742 2806 2807
f 2742 2807 2808
f 2742 2808 2743
f 2743 2808 2744
f 2744 2808 2745
f 2745 2808 2746
f 2746 2808 2807
f 2746 2807 2865
f 2746 2865 2809
f 2746 2809 2747
f 2747 2809 2810
f 2747 2810 2811
f 2747 2811 2748
f 2748 2811 2812
f 2748 2812 2749
f 2749 2812 2813
f 2749 2813 2751
f 2749 2751 2750
f 2751 2813 2752
f 2752 2813 2753
f 2753 2814 2815
f 2753 2815 2754
f 2753 2813 2816
f 2753 2816 2814
f 2755 2759 2760
f 2756 2817 2757
f 2757 2817 2818
f 2757 2818 2819
f 2757 2819 2820
f 2757 2820 2758
f 2758 2820 2761
f 2758 2761 2760
f 2758 2760 2759
f 2761 2820 2762
f 2762 2820 2821
f 2767 2822 2768
f 2768 2822 2769
f 2771 2772 2823
f 2771 2823 2773
f 2773 2823 2824
f 2773 2824 2774
f 2774 2825 2775
f 2775 2825 2826
f 2775 2826 2776
f 2776 2826 2827
f 2776 2827 2828
f 2776 2828 2777
f 2777 2828 2829
f 2777 2829 2830
f 2777 2830 2831
f 2777 2831 2778
f 2778 2831 2779
f 2779 2831 2780
f 2780 2831 2830
f 2780 2830 2829
f 2780 2829 2832
f 2780 2832 2833
f 2780 2833 2781
f 2781 2833 2834
f 2781 2834 2835
f 2781 2835 2836
f 2781 2836 2783
f 2781 2783 2782
f 2783 2836 2784
f 2784 2836 2837
f 2784 2837 2790
f 2784 2790 2789
f 2785 2791 2838
f 2785 2838 2786
f 2786 2838 2839
f 2786 2839 2787
f 2787 2839 2838
f 2787 2838 2840
f 2787 2840 2841
f 2787 2841 2842
f 2787 2842 2843
f 2787 2843 2844
f 2787 2844 2845
f 2787 2845 2792
f 2790 2837 2846
f 2790 2846 2847
f 2790 2847 2848
f 2790 2848 2849
f 2790 2849 2791
f 2791 2849 2838
f 2792 2845 2850
f 2792 2850 2801
f 2792 2801 2800
f 2792 2800 2793
f 2794 2802 2795
f 2795 2802 2851
f 2795 2851 2852
f 2795 2852 2853
f 2795 2853 2797
f 2795 2797 2796
f 2797 2854 2855
f 2797 2855 2856
f 2797 2856 2857
f 2797 2857 2858
f 2797 2858 2798
f 2797 2853 2859
f 2797 2859 2854
f 2798 2858 2799
f 2799 2858 2803
f 2801 2850 2860
f 2801 2860 2802
f 2802 2860 2861
f 2802 2861 2851
f 2803 2858 2857
f 2803 2857 2804
f 2804 2857 2862
f 2804 2862 2863
f 2804 2863 2805
f 2805 2863 2864
f 2805 2864 2807
f 2805 2807 2806
f 2807 2864 2865
f 2809 2865 2810
f 2810 2865 2866
f 2810 2866 2867
f 2810 2867 2868
f 2810 2868 2811
f 2811 2868 2812
f 2812 2868 2813
f 2813 2868 2816
f 2814 2816 2869
f 2814 2869 2815
f 2815 2869 2870
f 2816 2868 2869
f 2818 2821 2819
f 2819 2821 2820
f 2828 2832 2829
f 2832 2871 2833
f 2833 2871 2872
f 2833 2872 2834
f 2834 2872 2835
f 2835 2872 2873
f 2835 2873 2874
f 2835 2874 2836
f 2836 2874 2875
f 2836 2875 2876
f 2836 2876 2877
f 2836 2877 2878
f 2836 2878 2879
f 2836 2879 2837
f 2837 2879 2846
f 2838 2849 2880
f 2838 2880 2881
f 2838 2881 2840
f 2840 2882 2883
f 2840 2883 2842
f 2840 2842 2841
f 2840 2881 2882
f 2842 2883 2884
f 2842 2884 2885
f 2842 2885 2844
f 2842 2844 2843
f 2844 2885 2886
f 2844 2886 2887
f 2844 2887 2850
f 2844 2850 2845
f 2846 2879 2888
f 2846 2888 2848
f 2846 2848 2847
f 2848 2889 2849
f 2848 2888 2890
f 2848 2890 2891
f 2848 2891 2892
f 2848 2892 2880
f 2848 2880 2889
f 2849 2889 2880
f 2850 2887 2893
f 2850 2893 2861
f 2850 2861 2860
f 2851 2861 2852
f 2852 2894 2895
f 2852 2895 2859
f 2852 2859 2853
f 2852 2861 2896
f 2852 2896 2893
f 2852 2893 2897
f 2852 2897 2894
f 2854 2859 2898
f 2854 2898 2899
f 2854 2899 2900
f 2854 2900 2855
f 2855 2901 2863
f 2855 2863 2902
f 2855 2902 2856
f 2856 2902 2862
f 2856 2862 2857
f 2859 2895 2903
f 2859 2903 2898
f 2861 2893 2896
f 2862 2902 2904
f 2862 2904 2863
f 2863 2904 2902
f 2863 2901 2905
f 2863 2905 2906
f 2863 2906 2866
f 2863 2866 2907
f 2863 2907 2864
f 2864 2907 2865
f 2865 2907 2866
f 2866 2906 2908
f 2866 2908 2867
f 2867 2908 2901
f 2867 2901 2870
f 2867 2870 2909
f 2867 2909 2869
f 2867 2869 2868
f 2869 2909 2870
f 2873 2875 2874
f 2875 2910 2877
f 2875 2877 2876
f 2877 2910 2911
f 2877 2911 2912
f 2877 2912 2913
f 2877 2913 2878
f 2878 2913 2879
f 2879 2913 2888
f 2880 2892 2914
f 2880 2914 2915
f 2880 2915 2881
f 2881 2915 2882
f 2882 2915 2916
f 2882 2916 2917
f 2882 2917 2883
f 2883 2917 2884
f 2884 2917 2918
f 2884 2918 2886
f 2884 2886 2885
f 2886 2918 2919
f 2886 2919 2897
f 2886 2897 2893
f 2886 2893 2887
f 2888 2913 2920
f 2888 2920 2890
f 2890 2920 2921
f 2890 2921 2891
f 2891 2921 2892
f 2892 2921 2922
f 2892 2922 2914
f 2894 2923 2924
f 2894 2924 2898
f 2894 2898 2903
f 2894 2903 2895
f 2894 2897 2919
f 2894 2919 2923
f 2898 2925 2926
f 2898 2926 2927
f 2898 2927 2899
f 2898 2924 2925
f 2901 2908 2905
f 2905 2908 2906
f 2911 2928 2929
f 2911 2929 2912
f 2912 2929 2930
f 2912 2930 2913
f 2913 2930 2920
f 2914 2922 2915
f 2915 2922 2916
f 2916 2922 2931
f 2916 2931 2921
f 2916 2921 2932
f 2916 2932 2917
f 2917 2933 2934
f 2917 2934 2935
f 2917 2935 2936
f 2917 2936 2937
f 2917 2937 2938
f 2917 2938 2939
f 2917 2939 2940
f 2917 2940 2941
f 2917 2941 2942
f 2917 2942 2918
f 2917 2932 2943
f 2917 2943 2933
f 2918 2942 2944
f 2918 2944 2919
f 2919 2944 2923
f 2920 2930 2945
f 2920 2945 2921
f 2921 2945 2932
f 2921 2931 2922
f 2923 2946 2926
f 2923 2926 2924
f 2923 2944 2946
f 2924 2926 2925
f 2926 2946 2944
f 2926 2944 2941
f 2926 2941 2947
f 2928 2930 2929
f 2930 2948 2945
f 2932 2945 2949
f 2932 2949 2943
f 2940 2947 2941
f 2941 2944 2942
f 2943 2949 2950
f 2945 2948 2951
f 2945 2951 2949
f 2949 2952 2950
f 2949 2951 2952
f 2953 2954 2955
f 2953 2955 2956
f 2953 2956 2964
f 2953 2964 2975
f 2953 2975 2988
f 2953 2988 2987
f 2953 2987 3002
f 2953 3002 3000
f 2953 3000 3018
f 2953 3018 3017
f 2953 3017 3016
f 2953 3016 3036
f 2953 3036 3053
f 2953 3053 3052
f 2953 3052 3051
f 2953 3051 3065
f 2953 3065 3076
f 2953 3076 3077
f 2953 3077 3090
f 2953 3090 3113
f 2953 3113 3112
f 2953 3112 3111
f 2953 3111 3110
f 2953 3110 3136
f 2953 3136 3160
f 2953 3160 3177
f 2953 3177 3176
f 2953 3176 3199
f 2953 3199 3198
f 2953 3198 3227
f 2953 3227 3226
f 2953 3226 3225
f 2953 3225 3224
f 2953 3224 3220
f 2953 3220 3246
f 2953 3246 3257
f 2953 3257 3268
f 2953 3268 3278
f 2953 3278 3289
f 2953 3289 3296
f 2953 3296 3282
f 2953 3282 3295
f 2953 3295 3294
f 2953 3294 3310
f 2953 3310 3324
f 2953 3324 3325
f 2953 3325 3323
f 2953 3323 3327
f 2953 3327 3326
f 2953 3326 3318
f 2953 3318 3313
f 2953 3313 3302
f 2953 3302 3299
f 2953 3299 3298
f 2953 3298 3286
f 2953 3286 3275
f 2953 3275 3267
f 2953 3267 3253
f 2953 3253 3236
f 2953 3236 3235
f 2953 3235 3233
f 2953 3233 3232
f 2953 3232 3231
f 2953 3231 3206
f 2953 3206 3180
f 2953 3180 3164
f 2953 3164 3144
f 2953 3144 3143
f 2953 3143 3142
f 2953 3142 3141
f 2953 3141 3140
f 2953 3140 3121
f 2953 3121 3095
f 2953 3095 3080
f 2953 3080 3068
f 2953 3068 3056
f 2953 3056 3042
f 2953 3042 3041
f 2953 3041 3040
f 2953 3040 3039
f 2953 3039 3055
f 2953 3055 3067
f 2953 3067 3079
f 2953 3079 3093
f 2953 3093 3092
f 2953 3092 3118
f 2953 3118 3137
f 2953 3137 3161
f 2953 3161 3163
f 2953 3163 3179
f 2953 3179 3205
f 2953 3205 3204
f 2953 3204 3203
f 2953 3203 3202
f 2953 3202 3201
f 2953 3201 3230
f 2953 3230 3229
f 2953 3229 3228
f 2953 3228 3213
f 2953 3213 3184
f 2953 3184 3167
f 2953 3167 3149
f 2953 3149 3129
f 2953 3129 3127
f 2953 3127 3103
f 2953 3103 3102
f 2953 3102 3101
f 2953 3101 3100
f 2953 3100 3085
f 2953 3085 3070
f 2953 3070 3058
f 2953 3058 3044
f 2953 3044 3030
f 2953 3030 3029
f 2953 3029 3028
f 2953 3028 3027
f 2953 3027 3026
f 2953 3026 3025
f 2953 3025 3024
f 2953 3024 3023
f 2953 3023 3019
f 2953 3019 3003
f 2953 3003 2990
f 2953 2990 2977
f 2953 2977 2965
f 2953 2965 2957
f 2953 2957 2958
f 2953 2958 2959
f 2953 2959 2954
f 2954 2960 2961
f 2954 2961 2962
f 2954 2962 2955
f 2954 2959 2960
f 2955 2962 2956
f 2956 2963 2964
f 2956 2962 2963
f 2957 2965 2966
f 2957 2966 2967
f 2957 2967 2958
f 2958 2967 2968
f 2958 2968 2959
f 2959 2968 2969
f 2959 2969 2970
f 2959 2970 2960
f 2960 2971 2972
f 2960 2972 2961
f 2960 2970 2973
f 2960 2973 2971
f 2961 2972 2963
f 2961 2963 2962
f 2963 2974 2975
f 2963 2975 2964
f 2963 2972 2976
f 2963 2976 2974
f 2965 2977 2966
f 2966 2978 2967
f 2966 2977 2979
f 2966 2979 2978
f 2967 2978 2980
f 2967 2980 2968
f 2968 2980 2969
f 2969 2980 2981
f 2969 2981 2996
f 2969 2996 2995
f 2969 2995 2994
f 2969 2994 3006
f 2969 3006 3031
f 2969 3031 3009
f 2969 3009 3020
f 2969 3020 3005
f 2969 3005 3022
f 2969 3022 3043
f 2969 3043 3057
f 2969 3057 3069
f 2969 3069 3084
f 2969 3084 3099
f 2969 3099 3125
f 2969 3125 3146
f 2969 3146 3147
f 2969 3147 3145
f 2969 3145 3165
f 2969 3165 3181
f 2969 3181 3208
f 2969 3208 3211
f 2969 3211 3237
f 2969 3237 3254
f 2969 3254 3266
f 2969 3266 3274
f 2969 3274 3285
f 2969 3285 3297
f 2969 3297 3301
f 2969 3301 3300
f 2969 3300 3303
f 2969 3303 3317
f 2969 3317 3319
f 2969 3319 3307
f 2969 3307 3306
f 2969 3306 3305
f 2969 3305 3304
f 2969 3304 3290
f 2969 3290 3279
f 2969 3279 3270
f 2969 3270 3261
f 2969 3261 3256
f 2969 3256 3255
f 2969 3255 3242
f 2969 3242 3241
f 2969 3241 3240
f 2969 3240 3239
f 2969 3239 3238
f 2969 3238 3244
f 2969 3244 3216
f 2969 3216 3192
f 2969 3192 3191
f 2969 3191 3186
f 2969 3186 3185
f 2969 3185 3168
f 2969 3168 3151
f 2969 3151 3150
f 2969 3150 3131
f 2969 3131 3130
f 2969 3130 3107
f 2969 3107 3106
f 2969 3106 3116
f 2969 3116 3115
f 2969 3115 3114
f 2969 3114 3105
f 2969 3105 3088
f 2969 3088 3075
f 2969 3075 3072
f 2969 3072 3060
f 2969 3060 3047
f 2969 3047 3032
f 2969 3032 3011
f 2969 3011 2998
f 2969 2998 2984
f 2969 2984 2983
f 2969 2983 2982
f 2969 2982 2971
f 2969 2971 2973
f 2969 2973 2970
f 2971 2982 2972
f 2972 2982 2983
f 2972 2983 2984
f 2972 2984 2985
f 2972 2985 2986
f 2972 2986 2976
f 2974 2976 2987
f 2974 2987 2988
f 2974 2988 2975
f 2976 2986 2989
f 2976 2989 2987
f 2977 2990 2991
f 2977 2991 2992
f 2977 2992 2979
f 2978 2981 2980
f 2978 2979 2993
f 2978 2993 2994
f 2978 2994 2995
f 2978 2995 2996
f 2978 2996 2981
f 2979 2992 2997
f 2979 2997 2993
f 2984 2998 2985
f 2985 2998 2999
f 2985 2999 3000
f 2985 3000 3001
f 2985 3001 2986
f 2986 3001 2989
f 2987 2989 3002
f 2989 3001 3002
f 2990 3003 2991
f 2991 3004 2992
f 2991 3003 3005
f 2991 3005 3004
f 2992 3004 2997
f 2993 2997 2994
f 2994 2997 3006
f 2997 3004 3007
f 2997 3007 3008
f 2997 3008 3009
f 2997 3009 3010
f 2997 3010 3006
f 2998 3011 3012
f 2998 3012 3013
f 2998 3013 3014
f 2998 3014 2999
f 2999 3014 3015
f 2999 3015 3016
f 2999 3016 3017
f 2999 3017 3018
f 2999 3018 3000
f 3000 3002 3001
f 3003 3019 3005
f 3004 3020 3008
f 3004 3008 3007
f 3004 3005 3020
f 3005 3021 3037
f 3005 3037 3046
f 3005 3046 3045
f 3005 3045 3059
f 3005 3059 3071
f 3005 3071 3086
f 3005 3086 3104
f 3005 3104 3128
f 3005 3128 3148
f 3005 3148 3166
f 3005 3166 3183
f 3005 3183 3212
f 3005 3212 3214
f 3005 3214 3200
f 3005 3200 3178
f 3005 3178 3162
f 3005 3162 3139
f 3005 3139 3138
f 3005 3138 3120
f 3005 3120 3119
f 3005 3119 3117
f 3005 3117 3091
f 3005 3091 3078
f 3005 3078 3066
f 3005 3066 3054
f 3005 3054 3038
f 3005 3038 3022
f 3005 3019 3023
f 3005 3023 3024
f 3005 3024 3025
f 3005 3025 3026
f 3005 3026 3027
f 3005 3027 3028
f 3005 3028 3029
f 3005 3029 3030
f 3005 3030 3021
f 3006 3010 3031
f 3008 3020 3009
f 3009 3031 3010
f 3011 3032 3033
f 3011 3033 3012
f 3012 3033 3013
f 3013 3033 3034
f 3013 3034 3035
f 3013 3035 3015
f 3013 3015 3014
f 3015 3035 3016
f 3016 3035 3036
f 3021 3030 3037
f 3022 3038 3039
f 3022 3039 3040
f 3022 3040 3041
f 3022 3041 3042
f 3022 3042 3043
f 3030 3044 3045
f 3030 3045 3046
f 3030 3046 3037
f 3032 3047 3048
f 3032 3048 3049
f 3032 3049 3050
f 3032 3050 3033
f 3033 3050 3049
f 3033 3049 3051
f 3033 3051 3034
f 3034 3051 3052
f 3034 3052 3035
f 3035 3052 3053
f 3035 3053 3036
f 3038 3054 3039
f 3039 3054 3055
f 3042 3056 3043
f 3043 3056 3057
f 3044 3058 3059
f 3044 3059 3045
f 3047 3060 3048
f 3048 3060 3061
f 3048 3061 3062
f 3048 3062 3049
f 3049 3063 3051
f 3049 3062 3064
f 3049 3064 3063
f 3051 3063 3065
f 3054 3066 3055
f 3055 3066 3067
f 3056 3068 3057
f 3057 3068 3069
f 3058 3070 3059
f 3059 3070 3071
f 3060 3072 3073
f 3060 3073 3061
f 3061 3073 3062
f 3062 3074 3064
f 3062 3073 3075
f 3062 3075 3074
f 3063 3064 3065
f 3064 3076 3065
f 3064 3074 3077
f 3064 3077 3076
f 3066 3078 3079
f 3066 3079 3067
f 3068 3080 3081
f 3068 3081 3069
f 3069 3081 3082
f 3069 3082 3083
f 3069 3083 3084
f 3070 3085 3086
f 3070 3086 3071
f 3072 3075 3073
f 3074 3087 3077
f 3074 3075 3087
f 3075 3088 3087
f 3077 3089 3090
f 3077 3087 3089
f 3078 3091 3092
f 3078 3092 3093
f 3078 3093 3079
f 3080 3094 3081
f 3080 3095 3096
f 3080 3096 3094
f 3081 3094 3082
f 3082 3094 3096
f 3082 3096 3097
f 3082 3097 3083
f 3083 3097 3084
f 3084 3097 3098
f 3084 3098 3099
f 3085 3100 3086
f 3086 3100 3101
f 3086 3101 3102
f 3086 3102 3103
f 3086 3103 3104
f 3087 3088 3089
f 3088 3105 3089
f 3089 3106 3107
f 3089 3107 3108
f 3089 3108 3109
f 3089 3109 3110
f 3089 3110 3111
f 3089 3111 3112
f 3089 3112 3113
f 3089 3113 3090
f 3089 3105 3114
f 3089 3114 3115
f 3089 3115 3116
f 3089 3116 3106
f 3091 3117 3092
f 3092 3117 3119
f 3092 3119 3120
f 3092 3120 3118
f 3095 3121 3096
f 3096 3121 3122
f 3096 3122 3123
f 3096 3123 3097
f 3097 3123 3098
f 3098 3124 3125
f 3098 3125 3099
f 3098 3123 3126
f 3098 3126 3124
f 3103 3127 3104
f 3104 3127 3129
f 3104 3129 3128
f 3107 3130 3108
f 3108 3130 3131
f 3108 3131 3132
f 3108 3132 3133
f 3108 3133 3134
f 3108 3134 3135
f 3108 3135 3109
f 3109 3135 3136
f 3109 3136 3110
f 3118 3120 3138
f 3118 3138 3139
f 3118 3139 3137
f 3121 3140 3122
f 3122 3140 3141
f 3122 3141 3142
f 3122 3142 3123
f 3123 3142 3143
f 3123 3143 3144
f 3123 3144 3145
f 3123 3145 3126
f 3124 3146 3125
f 3124 3126 3147
f 3124 3147 3146
f 3126 3145 3147
f 3128 3129 3148
f 3129 3149 3148
f 3131 3150 3132
f 3132 3150 3151
f 3132 3151 3133
f 3133 3152 3153
f 3133 3153 3154
f 3133 3154 3155
f 3133 3155 3134
f 3133 3151 3152
f 3134 3155 3156
f 3134 3156 3157
f 3134 3157 3158
f 3134 3158 3159
f 3134 3159 3135
f 3135 3159 3158
f 3135 3158 3136
f 3136 3158 3157
f 3136 3157 3160
f 3137 3139 3161
f 3139 3162 3163
f 3139 3163 3161
f 3144 3164 3145
f 3145 3164 3165
f 3148 3149 3167
f 3148 3167 3166
f 3151 3168 3152
f 3152 3169 3153
f 3152 3168 3169
f 3153 3170 3156
f 3153 3156 3155
f 3153 3155 3154
f 3153 3169 3171
f 3153 3171 3170
f 3156 3170 3172
f 3156 3172 3173
f 3156 3173 3157
f 3157 3173 3174
f 3157 3174 3175
f 3157 3175 3176
f 3157 3176 3177
f 3157 3177 3160
f 3162 3178 3179
f 3162 3179 3163
f 3164 3180 3165
f 3165 3180 3182
f 3165 3182 3181
f 3166 3167 3184
f 3166 3184 3183
f 3168 3185 3169
f 3169 3185 3186
f 3169 3186 3171
f 3170 3187 3172
f 3170 3171 3188
f 3170 3188 3189
f 3170 3189 3190
f 3170 3190 3187
f 3171 3186 3191
f 3171 3191 3192
f 3171 3192 3188
f 3172 3193 3173
f 3172 3187 3194
f 3172 3194 3195
f 3172 3195 3193
f 3173 3196 3197
f 3173 3197 3174
f 3173 3193 3196
f 3174 3197 3198
f 3174 3198 3175
f 3175 3198 3199
f 3175 3199 3176
f 3178 3200 3201
f 3178 3201 3202
f 3178 3202 3203
f 3178 3203 3204
f 3178 3204 3205
f 3178 3205 3179
f 3180 3206 3207
f 3180 3207 3182
f 3181 3182 3208
f 3182 3207 3209
f 3182 3209 3210
f 3182 3210 3211
f 3182 3211 3208
f 3183 3184 3212
f 3184 3213 3214
f 3184 3214 3212
f 3187 3190 3194
f 3188 3215 3189
f 3188 3192 3216
f 3188 3216 3217
f 3188 3217 3215
f 3189 3215 3218
f 3189 3218 3190
f 3190 3218 3194
f 3193 3195 3196
f 3194 3218 3195
f 3195 3219 3220
f 3195 3220 3196
f 3195 3218 3215
f 3195 3215 3221
f 3195 3221 3222
f 3195 3222 3223
f 3195 3223 3219
f 3196 3220 3224
f 3196 3224 3225
f 3196 3225 3226
f 3196 3226 3197
f 3197 3226 3227
f 3197 3227 3198
f 3200 3214 3228
f 3200 3228 3229
f 3200 3229 3230
f 3200 3230 3201
f 3206 3231 3209
f 3206 3209 3207
f 3209 3231 3232
f 3209 3232 3233
f 3209 3233 3234
f 3209 3234 3210
f 3210 3234 3211
f 3211 3234 3235
f 3211 3235 3236
f 3211 3236 3237
f 3213 3228 3214
f 3215 3217 3238
f 3215 3238 3239
f 3215 3239 3240
f 3215 3240 3241
f 3215 3241 3242
f 3215 3242 3243
f 3215 3243 3221
f 3216 3244 3217
f 3217 3244 3238
f 3219 3245 3246
f 3219 3246 3220
f 3219 3223 3245
f 3221 3243 3222
f 3222 3247 3223
f 3222 3243 3248
f 3222 3248 3249
f 3222 3249 3250
f 3222 3250 3247
f 3223 3247 3251
f 3223 3251 3245
f 3233 3235 3234
f 3236 3252 3237
f 3236 3253 3252
f 3237 3252 3254
f 3242 3255 3243
f 3243 3255 3256
f 3243 3256 3248
f 3245 3251 3246
f 3246 3251 3258
f 3246 3258 3259
f 3246 3259 3260
f 3246 3260 3257
f 3247 3258 3251
f 3247 3250 3258
f 3248 3256 3261
f 3248 3261 3270
f 3248 3270 3262
f 3248 3262 3263
f 3248 3263 3264
f 3248 3264 3265
f 3248 3265 3249
f 3249 3265 3250
f 3250 3265 3258
f 3252 3266 3254
f 3252 3253 3267
f 3252 3267 3266
f 3257 3260 3269
f 3257 3269 3268
f 3258 3265 3259
f 3259 3265 3260
f 3260 3265 3269
f 3262 3270 3271
f 3262 3271 3272
f 3262 3272 3264
f 3262 3264 3263
f 3264 3272 3265
f 3265 3272 3273
f 3265 3273 3269
f 3266 3267 3274
f 3267 3275 3276
f 3267 3276 3277
f 3267 3277 3274
f 3268 3269 3273
f 3268 3273 3278
f 3270 3279 3271
f 3271 3279 3280
f 3271 3280 3281
f 3271 3281 3282
f 3271 3282 3283
f 3271 3283 3272
f 3272 3283 3273
f 3273 3283 3278
f 3274 3277 3284
f 3274 3284 3276
f 3274 3276 3285
f 3275 3286 3287
f 3275 3287 3276
f 3276 3284 3277
f 3276 3287 3288
f 3276 3288 3285
f 3278 3283 3289
f 3279 3290 3291
f 3279 3291 3280
f 3280 3291 3292
f 3280 3292 3293
f 3280 3293 3294
f 3280 3294 3281
f 3281 3294 3295
f 3281 3295 3282
f 3282 3296 3283
f 3283 3296 3289
f 3285 3288 3297
f 3286 3298 3287
f 3287 3298 3299
f 3287 3299 3288
f 3288 3300 3301
f 3288 3301 3297
f 3288 3299 3302
f 3288 3302 3303
f 3288 3303 3300
f 3290 3304 3291
f 3291 3304 3305
f 3291 3305 3306
f 3291 3306 3307
f 3291 3307 3308
f 3291 3308 3309
f 3291 3309 3292
f 3292 3309 3293
f 3293 3310 3294
f 3293 3309 3311
f 3293 3311 3310
f 3302 3312 3303
f 3302 3313 3312
f 3303 3314 3315
f 3303 3315 3316
f 3303 3316 3317
f 3303 3312 3318
f 3303 3318 3314
f 3307 3319 3320
f 3307 3320 3308
f 3308 3320 3315
f 3308 3315 3321
f 3308 3321 3322
f 3308 3322 3323
f 3308 3323 3309
f 3309 3323 3311
f 3310 3311 3324
f 3311 3323 3325
f 3311 3325 3324
f 3312 3313 3318
f 3314 3318 3315
f 3315 3318 3326
f 3315 3326 3327
f 3315 3327 3321
f 3315 3320 3316
f 3316 3320 3317
f 3317 3320 3319
f 3321 3327 3322
f 3322 3327 3323

