#VRML V2.0 utf8

# Vertices: 3327
# Triangles: 6634

Group {
    children [
        Shape {
            appearance Appearance {
                material Material {
                    diffuseColor 0.750000 0.750000 0.750000
                    ambientIntensity 0.400000
                    specularColor 0.500000 0.500000 0.500000
                    emissiveColor 0.000000 0.000000 0.000000
                    shininess 0.400000
                    transparency 0.000000
                }
            }
            geometry IndexedFaceSet {
                ccw TRUE
                solid FALSE
                coord Coordinate {
                    point [
                        0.01919531 0.00616479 0.01652141,
                        0.01916622 0.00616479 0.01807029,
                        0.01859895 -0.02431221 0.01497253,
                        0.01871532 -0.01857242 0.01497253,
                        0.01911531 0.00154968 0.01497253,
                        0.01908622 0.00154968 0.01342365,
                        0.01914804 0.00616479 0.01497253,
                        0.01905350 0.00616479 0.01961917,
                        0.01866441 -0.01652590 0.01736511,
                        0.01864986 -0.01755811 0.01719511,
                        0.01868623 -0.01857242 0.01613104,
                        0.01859895 -0.02431221 0.01451920,
                        0.01854805 -0.02431221 0.01606808,
                        0.01870441 -0.01857242 0.01342365,
                        0.01906440 0.00000137 0.01342365,
                        0.01871895 0.00616479 0.01068477,
                        0.01885350 0.00616479 0.01190625,
                        0.01901713 0.00616479 0.01345513,
                        0.01849350 -0.02431221 0.01032588,
                        0.01837714 -0.02431221 0.00878330,
                        0.01825350 -0.02431221 0.00723442,
                        0.01798442 -0.02431221 0.00414295,
                        0.01870441 0.00616479 0.02363619,
                        0.01852623 -0.02431221 0.01652141,
                        0.01858805 -0.02431221 0.01342365,
                        0.01856623 -0.02431221 0.01187477,
                        0.01861350 0.00616479 0.00989144,
                        0.01776624 -0.02431221 0.00259407,
                        0.01863896 0.00616479 0.02425952,
                        0.01835532 -0.02431221 0.01807029,
                        0.01746442 -0.01237917 0.00104519,
                        0.01724624 -0.01083085 -0.00030221,
                        0.01820987 0.00616479 0.00726590,
                        0.01765715 -0.02431221 0.00214074,
                        0.01725715 -0.01237917 -0.00027703,
                        0.01859168 0.00616479 0.02456803,
                        0.01815169 -0.02431221 0.01961287,
                        0.01821350 -0.02431221 0.01915954,
                        0.01705715 -0.01083085 -0.00107665,
                        0.01702806 -0.00928254 -0.00092554,
                        0.01725351 0.00616479 0.00281444,
                        0.01757351 0.00616479 0.00414295,
                        0.01758078 0.00616479 0.00417443,
                        0.01792623 0.00616479 0.00569183,
                        0.01739170 -0.02431221 0.00104519,
                        0.01700625 -0.01857242 -0.00083110,
                        0.01704261 -0.01237917 -0.00105147,
                        0.01783169 -0.02431221 0.02116176,
                        0.01792623 -0.02431221 0.02070842,
                        0.01831169 0.00616479 0.02573914,
                        0.01656625 -0.02012073 -0.00205257,
                        0.01670443 -0.01083085 -0.00205257,
                        0.01668625 -0.00928254 -0.00205257,
                        0.01594807 -0.00309525 -0.00360145,
                        0.01630807 -0.00154694 -0.00205257,
                        0.01706443 0.00616479 0.00203370,
                        0.01708988 -0.02431221 -0.00008184,
                        0.01693352 -0.02431221 -0.00062962,
                        0.01680261 -0.02431221 -0.00105147,
                        0.01647898 -0.02431221 -0.00205257,
                        0.01653716 -0.02166904 -0.00205257,
                        0.01787169 0.00616479 0.02735728,
                        0.01740260 -0.02431221 0.02271064,
                        0.01584626 -0.02431221 -0.00370219,
                        0.01590444 -0.02321736 -0.00360145,
                        0.01609716 -0.01083085 -0.00360145,
                        0.01611534 -0.00928254 -0.00360145,
                        0.01608989 -0.00774019 -0.00360145,
                        0.01565353 -0.00619188 -0.00452071,
                        0.01559171 -0.00309525 -0.00441997,
                        0.01557353 -0.00224204 -0.00438849,
                        0.01582807 -0.00165434 -0.00368330,
                        0.01706079 0.00616479 0.00202111,
                        0.01740260 0.00616479 0.02886209,
                        0.01691170 -0.02431221 0.02437915,
                        0.01698079 -0.02431221 0.02415248,
                        0.01714442 -0.02431221 0.02360471,
                        0.01573353 -0.02431221 -0.00398552,
                        0.01557717 -0.02321736 -0.00441997,
                        0.01567899 -0.01083085 -0.00458997,
                        0.01568262 -0.00928254 -0.00458997,
                        0.01567535 -0.00774019 -0.00456478,
                        0.00659544 -0.01083085 -0.02012285,
                        0.01403900 0.00402281 -0.00595626,
                        0.01570444 0.00154968 -0.00311664,
                        0.01580262 0.00000137 -0.00331182,
                        0.01669352 0.00616479 0.00104519,
                        0.01739533 0.00616479 0.02888098,
                        0.01709352 0.00616479 0.02961134,
                        0.01644625 -0.02431221 0.02539284,
                        0.01556990 -0.02431221 -0.00439478,
                        0.01552626 -0.02431221 -0.00449552,
                        0.01523899 -0.02321736 -0.00519441,
                        0.01446445 -0.02321736 -0.00666773,
                        0.01523535 -0.01083085 -0.00536441,
                        0.00650454 -0.01192273 -0.02007878,
                        0.00474819 -0.01319061 -0.02142618,
                        0.00475546 -0.01237917 -0.02142618,
                        0.00474092 -0.01158562 -0.02141358,
                        0.00369366 0.00000137 -0.02021729,
                        0.00646817 -0.00959578 -0.01999063,
                        0.00751543 0.00616479 -0.01481510,
                        0.00810088 0.00616479 -0.01404066,
                        0.01268993 0.00616479 -0.00772551,
                        0.01445354 -0.02431221 -0.00664884,
                        0.01398446 -0.02431221 -0.00742329,
                        0.01331537 0.00616479 -0.00667403,
                        0.01386446 0.00616479 -0.00555959,
                        0.01562080 0.00260576 -0.00295923,
                        0.01666443 0.00616479 0.03041726,
                        0.01624262 -0.02431221 0.02580840,
                        0.01527172 -0.02431221 -0.00506848,
                        0.01380991 -0.02431221 -0.00766254,
                        0.01338083 -0.02431221 -0.00824180,
                        0.01263538 -0.02431221 -0.00918624,
                        0.00381002 -0.01379622 -0.02164025,
                        0.00394820 -0.01237917 -0.02186062,
                        0.01160630 -0.02431221 -0.01018105,
                        0.01105722 -0.02431221 -0.01070364,
                        0.01076631 -0.02431221 -0.01093660,
                        0.01010086 -0.02431221 -0.01144030,
                        0.00923905 -0.02431221 -0.01204474,
                        0.00240276 -0.00154694 -0.02095396,
                        0.00349002 0.00154968 -0.02007248,
                        0.00446819 0.00000137 -0.01960026,
                        0.00607909 0.00616479 -0.01655287,
                        0.00673726 0.00616479 -0.01579102,
                        0.01547172 0.00616479 0.03261466,
                        0.01583535 -0.02431221 0.02645062,
                        0.01496627 0.00616479 0.03344577,
                        0.01490081 0.00616479 0.03355280,
                        0.00252640 -0.01396029 -0.02175358,
                        0.00240276 -0.01237917 -0.02209358,
                        0.00319912 -0.01471804 -0.02141988,
                        0.00851542 -0.02431221 -0.01240363,
                        0.00240276 0.00000137 -0.02070840,
                        0.00085369 -0.00309525 -0.02131284,
                        0.00085369 -0.00154694 -0.02114284,
                        0.00331911 0.00262962 -0.01995285,
                        0.00426456 0.00154968 -0.01941137,
                        0.00475546 0.00395419 -0.01834101,
                        0.00529364 0.00616479 -0.01722657,
                        0.01566444 -0.02431221 0.02670876,
                        0.01421718 0.00616479 0.03462946,
                        0.00312275 -0.01471804 -0.02141988,
                        0.00209004 -0.01449728 -0.02127507,
                        -0.00168083 -0.01482842 -0.01993396,
                        -0.00221537 -0.01398714 -0.02028026,
                        0.00134459 -0.01346507 -0.02162136,
                        -0.00109902 -0.01083085 -0.02134433,
                        -0.00094993 -0.00928254 -0.02133803,
                        -0.00053903 -0.00473903 -0.02130655,
                        -0.00069175 -0.00309525 -0.02121210,
                        -0.00223719 -0.01237917 -0.02094766,
                        0.00704635 -0.02431221 -0.01283178,
                        0.00659181 -0.02431221 -0.01290103,
                        0.00504273 -0.02431221 -0.01308363,
                        0.00394820 -0.02431221 -0.01317177,
                        0.00349729 -0.02431221 -0.01319066,
                        0.00085369 0.00000137 -0.02084692,
                        -0.00063721 0.00616479 -0.01973878,
                        0.00240276 0.00154968 -0.02036841,
                        -0.00069175 -0.00154694 -0.02106099,
                        -0.00211356 0.00616479 -0.01973878,
                        -0.00196810 0.00616479 -0.01974507,
                        -0.00078266 0.00616479 -0.01974507,
                        0.00087914 0.00616479 -0.01953100,
                        0.00239912 0.00616479 -0.01913434,
                        0.00356275 0.00616479 -0.01858656,
                        0.00433365 0.00616479 -0.01800101,
                        0.01521354 -0.02431221 0.02725654,
                        0.01367901 0.00616479 0.03542279,
                        0.01290447 0.00616479 0.03637982,
                        0.00240276 -0.02431221 -0.01314659,
                        0.00194822 -0.02431221 -0.01310881,
                        -0.00008812 -0.01788627 -0.01837878,
                        -0.00271355 -0.01454203 -0.01973248,
                        -0.00335718 -0.01350982 -0.02011655,
                        -0.00223719 -0.01083085 -0.02099803,
                        -0.00223719 -0.00309525 -0.02086581,
                        -0.00223719 -0.00154694 -0.02079655,
                        -0.00355354 -0.01237917 -0.02032433,
                        -0.00375718 0.00616479 -0.01951211,
                        0.01502445 -0.02431221 0.02748320,
                        0.01215902 0.00616479 0.03715426,
                        0.01351174 -0.02431221 0.02918319,
                        0.01424991 -0.02431221 0.02840875,
                        0.00085369 -0.02431221 -0.01290103,
                        -0.00184083 -0.01657065 -0.01855508,
                        0.00040278 -0.02431221 -0.01280029,
                        -0.00071721 -0.02431221 -0.01249178,
                        -0.00153538 -0.02431221 -0.01216437,
                        -0.00655351 -0.02431221 -0.00929328,
                        -0.00471353 -0.01351877 -0.01861804,
                        -0.00432808 -0.01237917 -0.01959396,
                        -0.00732805 -0.02431221 -0.00874550,
                        -0.00816077 -0.02431221 -0.00797106,
                        -0.00893530 -0.02431221 -0.00717773,
                        -0.00988802 -0.02431221 -0.00616403,
                        -0.01065528 -0.02431221 -0.00534552,
                        -0.00473898 -0.00619188 -0.01992137,
                        -0.00378627 -0.00154694 -0.02026766,
                        -0.00450989 0.00057117 -0.01983952,
                        -0.00378627 0.00616479 -0.01950582,
                        -0.00551352 -0.00619188 -0.01939248,
                        0.01138085 0.00616479 0.03781538,
                        0.01273720 -0.02431221 0.02990726,
                        -0.00486625 -0.01237917 -0.01881952,
                        -0.01209163 -0.02431221 -0.00368960,
                        -0.01256072 -0.02431221 -0.00314183,
                        -0.00617897 -0.00728972 -0.01847323,
                        -0.00625897 -0.00619188 -0.01861804,
                        -0.00536079 -0.00154694 -0.01937989,
                        -0.00459353 -0.00046103 -0.01987100,
                        -0.00520080 0.00003419 -0.01943656,
                        -0.00544443 0.00616479 -0.01875027,
                        -0.00630988 -0.00464357 -0.01866841,
                        -0.00633533 -0.00154694 -0.01860545,
                        -0.00633169 0.00000137 -0.01856767,
                        0.01119176 0.00464631 0.03763908,
                        0.01032995 0.00616479 0.03857093,
                        0.00631545 0.00067559 0.04054166,
                        0.00799907 0.00000137 0.03911241,
                        0.01180630 -0.02431221 0.03068171,
                        -0.01274254 -0.02431221 -0.00282072,
                        -0.01316799 -0.02431221 -0.00205257,
                        -0.01473161 -0.01547579 -0.00050369,
                        -0.01427343 -0.01237917 -0.00187628,
                        -0.01416070 -0.00154694 -0.00334960,
                        -0.00629169 0.00154968 -0.01849841,
                        -0.00624079 0.00309800 -0.01843545,
                        -0.00616442 0.00464631 -0.01835990,
                        -0.00610988 0.00543687 -0.01830953,
                        -0.00561170 0.00616479 -0.01858656,
                        -0.01420070 0.00154968 -0.00341256,
                        -0.01419343 0.00000137 -0.00339368,
                        -0.00781168 0.00616479 -0.01548250,
                        -0.00739714 0.00616479 -0.01627583,
                        -0.00671351 0.00464631 -0.01753508,
                        0.01103176 -0.02431221 0.03131763,
                        0.01031177 0.00616479 0.03858352,
                        0.00786816 -0.00092941 0.03900537,
                        0.00955905 0.00616479 0.03908722,
                        0.00856270 0.00616479 0.03959722,
                        0.00722089 0.00616479 0.04023943,
                        0.00644999 0.00616479 0.04059832,
                        0.00549727 0.00154968 0.04091943,
                        0.00394820 0.00154968 0.04153017,
                        0.00394820 0.00000137 0.04137276,
                        0.00549364 0.00009684 0.04074943,
                        0.00816634 -0.02431221 0.03294836,
                        0.00839543 -0.02431221 0.03283503,
                        0.00894087 -0.02431221 0.03255170,
                        0.01014086 -0.02431221 0.03187170,
                        -0.01331344 -0.02431221 -0.00171887,
                        -0.01368071 -0.02431221 -0.00084999,
                        -0.01377525 -0.02431221 -0.00062332,
                        -0.01398616 -0.02431221 -0.00007554,
                        -0.01411707 -0.02431221 0.00027075,
                        -0.01479342 -0.02012073 0.00104519,
                        -0.01552796 -0.01392748 0.00154260,
                        -0.01480797 -0.01392748 -0.00050369,
                        -0.01484070 0.00000137 -0.00205257,
                        -0.00656078 0.00616479 -0.01762953,
                        -0.01487342 0.00154968 -0.00205257,
                        -0.01416434 0.00309800 -0.00336849,
                        -0.01405161 0.00464631 -0.00321108,
                        -0.01202618 0.00616479 -0.00688181,
                        0.00643545 0.00616479 0.04060462,
                        0.00245003 0.00154968 0.04193943,
                        0.00227549 0.00013562 0.04185128,
                        0.00546818 0.00616479 0.04096980,
                        0.00549727 -0.02431221 0.03381724,
                        0.00704635 -0.02431221 0.03339540,
                        -0.01435343 -0.02431221 0.00104519,
                        -0.01445888 -0.02431221 0.00149852,
                        -0.01482251 -0.02321736 0.00259407,
                        -0.01573887 -0.01392748 0.00259407,
                        -0.01552796 0.00154968 -0.00016999,
                        -0.01529524 0.00154968 -0.00094443,
                        -0.01480070 0.00309800 -0.00205257,
                        -0.01453524 0.00464631 -0.00205257,
                        -0.01392798 0.00572625 -0.00300331,
                        -0.01284435 0.00616479 -0.00515033,
                        0.00164277 0.00234622 0.04206535,
                        0.00167550 0.00154968 0.04207165,
                        0.00167550 0.00073824 0.04207165,
                        0.00394820 0.00616479 0.04136017,
                        0.00391911 0.00616479 0.04136647,
                        0.00085369 -0.00031485 0.04197091,
                        0.00392274 -0.02431221 0.03412576,
                        -0.01467342 -0.02431221 0.00259407,
                        -0.01507706 -0.02431221 0.00572331,
                        -0.01525160 -0.02310399 0.00581146,
                        -0.01540433 -0.02251032 0.00640961,
                        -0.01545523 -0.02166904 0.00607591,
                        -0.01538978 -0.02080390 0.00497406,
                        -0.01616068 0.00616479 0.00411147,
                        -0.01570614 0.00154968 0.00104519,
                        -0.01552432 -0.02022216 0.00556591,
                        -0.01566251 -0.01857242 0.00569183,
                        -0.01584068 -0.01392748 0.00414295,
                        -0.01795339 0.00616479 0.01961287,
                        -0.01548796 0.00309800 -0.00003777,
                        -0.01525887 0.00309800 -0.00081221,
                        -0.01415343 0.00616479 -0.00212813,
                        -0.01411343 0.00616479 -0.00223516,
                        -0.01542978 0.00396314 0.00015112,
                        -0.01549887 0.00616479 0.00156148,
                        -0.01360434 0.00616479 -0.00348812,
                        0.00085369 0.00257294 0.04209683,
                        -0.00069175 0.00154968 0.04222905,
                        0.00085369 0.00154968 0.04214091,
                        0.00240276 0.00616479 0.04156795,
                        0.00085369 0.00616479 0.04168128,
                        0.00085369 0.00045781 0.04210313,
                        -0.00069175 -0.00056843 0.04203387,
                        0.00243549 -0.02431221 0.03402503,
                        -0.01521524 -0.02431221 0.00723442,
                        -0.01526615 -0.02431221 0.00878330,
                        -0.01551705 -0.02166904 0.00723442,
                        -0.01565523 -0.02012073 0.00723442,
                        -0.01584432 0.00616479 0.00256259,
                        -0.01575341 -0.01702410 0.00569183,
                        -0.01759339 0.00309800 0.02271064,
                        -0.01789157 0.00616479 0.02116176,
                        -0.01551705 -0.02166904 0.00878330,
                        -0.01541887 -0.02267142 0.00960811,
                        -0.00069175 0.00292795 0.04214720,
                        -0.00223719 0.00277282 0.04212202,
                        -0.00223719 0.00154968 0.04216609,
                        -0.00223719 0.00049361 0.04210313,
                        -0.00069175 0.00020722 0.04214091,
                        -0.00069175 0.00616479 0.04174425,
                        -0.00223719 -0.00028204 0.04193313,
                        0.00136641 -0.02431221 0.03360317,
                        -0.00363354 0.00015352 0.04166239,
                        -0.00543352 -0.00010603 0.04093203,
                        -0.00601170 -0.00069075 0.04047869,
                        -0.01518615 -0.02431221 0.00919885,
                        -0.01740794 0.00616479 0.02887468,
                        -0.01746976 0.00309800 0.02425952,
                        -0.01758612 0.00616479 0.02732580,
                        -0.00223719 0.00464631 0.04192684,
                        -0.00223719 0.00616479 0.04176313,
                        -0.00381899 0.00616479 0.04166869,
                        -0.00533534 0.00616479 0.04155535,
                        -0.00303718 0.00242975 0.04207165,
                        -0.00303355 0.00154968 0.04207165,
                        -0.00301536 0.00077105 0.04206535,
                        0.00085369 -0.02431221 0.03339540,
                        -0.00646260 0.00033848 0.04069907,
                        -0.00773532 -0.00243595 0.03901166,
                        -0.01493160 -0.02431221 0.01028811,
                        -0.01708794 0.00616479 0.03041097,
                        -0.01711704 0.00616479 0.03028504,
                        -0.00688442 0.00616479 0.04126573,
                        -0.00688442 0.00464631 0.04122795,
                        -0.00688442 0.00309800 0.04107684,
                        -0.00533534 0.00154968 0.04137276,
                        -0.00693896 0.00158250 0.04080610,
                        0.00015915 -0.02431221 0.03306169,
                        -0.00749532 0.00109026 0.04042202,
                        -0.00801895 -0.00154694 0.03918166,
                        -0.00909894 -0.00053860 0.03889203,
                        -0.00879349 -0.00154694 0.03864018,
                        -0.00840804 -0.00303559 0.03818685,
                        -0.00628442 -0.02431221 0.02873616,
                        -0.00555716 -0.02431221 0.02928394,
                        -0.00533170 -0.02431221 0.02944764,
                        -0.00375718 -0.02431221 0.03056837,
                        -0.00292082 -0.02431221 0.03116022,
                        -0.00218265 -0.02431221 0.03166392,
                        -0.00092811 -0.02431221 0.03245725,
                        -0.00015358 -0.02431221 0.03290429,
                        -0.01284072 -0.02431221 0.01807029,
                        -0.01251345 -0.02431221 0.01926028,
                        -0.01684431 0.00572625 0.03080763,
                        -0.01659340 0.00616479 0.03180244,
                        -0.00690987 0.00616479 0.04125943,
                        -0.00817531 0.00464631 0.04075573,
                        -0.00794622 0.00309800 0.04066758,
                        -0.00774259 0.00212247 0.04057314,
                        -0.00931348 0.00049361 0.03904315,
                        -0.01058619 0.00309800 0.03882278,
                        -0.01029165 0.00154968 0.03853944,
                        -0.00998256 -0.00001056 0.03821833,
                        -0.01064801 -0.00051473 0.03729279,
                        -0.00962257 -0.00154694 0.03787204,
                        -0.00934984 -0.00260302 0.03758241,
                        -0.00908439 -0.00363522 0.03729279,
                        -0.00654987 -0.02431221 0.02850950,
                        -0.01239345 -0.02431221 0.01948695,
                        -0.01387707 0.00225672 0.03437132,
                        -0.01536069 0.00397508 0.03270910,
                        -0.01653522 0.00616479 0.03194096,
                        -0.00826622 0.00616479 0.04076202,
                        -0.00902257 0.00616479 0.04042202,
                        -0.00894985 0.00464631 0.04036536,
                        -0.00872076 0.00309800 0.04018907,
                        -0.00981166 0.00309800 0.03941462,
                        -0.01073892 0.00402878 0.03895500,
                        -0.01134982 0.00309800 0.03804834,
                        -0.01105892 0.00154968 0.03776500,
                        -0.01085528 0.00051748 0.03754464,
                        -0.01105528 -0.00154694 0.03624131,
                        -0.01083710 -0.00251948 0.03597057,
                        -0.01039711 -0.00154694 0.03701575,
                        -0.01247708 0.00154968 0.03608390,
                        -0.01231345 0.00074420 0.03588872,
                        -0.00997893 -0.00307736 0.03663167,
                        -0.00709532 -0.02431221 0.02796172,
                        -0.01209891 -0.02431221 0.02003472,
                        -0.01326253 0.00166305 0.03496946,
                        -0.01352798 0.00309800 0.03537872,
                        -0.01401889 0.00309800 0.03460428,
                        -0.01525887 0.00580382 0.03406910,
                        -0.01561523 0.00616479 0.03367243,
                        -0.01570614 0.00616479 0.03350873,
                        -0.00958621 -0.02431221 0.02429100,
                        -0.00998256 0.00616479 0.03971684,
                        -0.01012438 0.00458366 0.03947759,
                        -0.01085165 0.00616479 0.03903685,
                        -0.01162618 0.00616479 0.03840723,
                        -0.01164800 0.00616479 0.03838833,
                        -0.01252072 0.00616479 0.03762019,
                        -0.01238981 0.00502518 0.03751945,
                        -0.01227345 0.00399298 0.03738723,
                        -0.01212436 0.00309800 0.03720464,
                        -0.01183345 0.00154968 0.03685834,
                        -0.00773895 -0.02431221 0.02714950,
                        -0.00732077 -0.02431221 0.02769728,
                        -0.01275708 0.00309800 0.03643020,
                        -0.00846258 -0.02431221 0.02606655,
                        -0.01371707 0.00429727 0.03568094,
                        -0.01475706 0.00616479 0.03499465,
                        -0.01490251 0.00616479 0.03477428,
                        -0.01327708 0.00616479 0.03678279,
                        -0.01397525 0.00616479 0.03600835,
                        -0.01387707 0.00532948 0.03590131,
                        0.00392245 -0.02431222 0.03412680,
                        0.00440455 -0.02431222 0.03403415,
                        0.00243512 -0.02431222 0.03402952,
                        0.00549867 -0.03251214 0.03412680,
                        0.00549867 -0.03096216 0.03412217,
                        0.00704755 -0.03251214 0.03394614,
                        0.00549867 -0.02431222 0.03382106,
                        0.00394980 -0.03096216 0.03403415,
                        0.00085889 -0.02431222 0.03339950,
                        -0.00078572 -0.07584928 0.03267221,
                        -0.00000616 -0.07669927 0.03278339,
                        0.00704755 -0.03560587 0.03392298,
                        0.00704755 -0.03405588 0.03396004,
                        0.00085889 -0.07584928 0.03286677,
                        0.00190515 -0.07703051 0.03283435,
                        0.00859301 -0.03560587 0.03365892,
                        0.00859301 -0.03405588 0.03362186,
                        0.00704755 -0.03096216 0.03385812,
                        0.00704755 -0.02431222 0.03339950,
                        0.00015796 -0.02431222 0.03306597,
                        -0.00223886 -0.07584928 0.03208852,
                        -0.00223886 -0.07739927 0.03203293,
                        -0.00059083 -0.07729301 0.03262588,
                        -0.00068999 -0.07894925 0.03240353,
                        0.00085889 -0.07776176 0.03271853,
                        0.00085889 -0.07698677 0.03282508,
                        0.00859301 -0.03715586 0.03363576,
                        0.00332752 -0.07399929 0.03284361,
                        0.00085889 -0.07894925 0.03249618,
                        0.00335145 -0.08293047 0.03125931,
                        0.00438403 -0.08245547 0.03116203,
                        0.00241118 -0.07748676 0.03263515,
                        0.00294457 -0.07584928 0.03272780,
                        0.01029232 -0.03721836 0.03307060,
                        0.01011795 -0.03560587 0.03313546,
                        0.01000511 -0.03405588 0.03308913,
                        0.00859301 -0.03251214 0.03350605,
                        0.00816561 -0.02431222 0.03295016,
                        -0.00015318 -0.02431222 0.03290846,
                        -0.00338769 -0.05263697 0.03145387,
                        -0.00331247 -0.07584928 0.03141681,
                        -0.00327828 -0.07739927 0.03139828,
                        -0.00317571 -0.07894925 0.03132879,
                        -0.00223886 -0.07894925 0.03186616,
                        -0.00234827 -0.08048674 0.03158821,
                        -0.00068999 -0.08049299 0.03209315,
                        0.00859301 -0.03869959 0.03355238,
                        0.01023762 -0.03855584 0.03304744,
                        0.00651074 -0.07862425 0.03130563,
                        0.00672957 -0.07739927 0.03137975,
                        0.00750230 -0.07739927 0.03112497,
                        0.00859301 -0.07739927 0.03076363,
                        0.00085889 -0.08049299 0.03204683,
                        0.00273258 -0.08293047 0.03125931,
                        0.00229151 -0.08350546 0.03101842,
                        0.00390193 -0.08350546 0.03094893,
                        0.00540978 -0.08198047 0.03098136,
                        0.00516702 -0.08049299 0.03136122,
                        0.00549867 -0.08359296 0.03051348,
                        0.00394980 -0.07894925 0.03196344,
                        0.00563202 -0.07906175 0.03149556,
                        0.00394980 -0.07739927 0.03222286,
                        0.01091803 -0.03794335 0.03277412,
                        0.01091803 -0.03777460 0.03277412,
                        0.01091119 -0.03674336 0.03276949,
                        0.01089067 -0.03560587 0.03276486,
                        0.01078126 -0.03405588 0.03270927,
                        0.00839469 -0.02431222 0.03283898,
                        -0.00092591 -0.02431222 0.03245912,
                        -0.00218073 -0.02431222 0.03166696,
                        -0.00291927 -0.02431222 0.03116203,
                        -0.00375696 -0.02431222 0.03056907,
                        -0.00416042 -0.05418071 0.03093967,
                        -0.00408520 -0.07584928 0.03092577,
                        -0.00405443 -0.07739927 0.03090261,
                        -0.00394843 -0.07894925 0.03084702,
                        -0.00307997 -0.07996799 0.03126857,
                        -0.00293637 -0.08099923 0.03118056,
                        -0.00263890 -0.08204297 0.03108791,
                        -0.00186275 -0.08204297 0.03142144,
                        -0.00155503 -0.08288672 0.03125468,
                        0.01014188 -0.07739927 0.03021237,
                        0.01114027 -0.07739927 0.02980008,
                        0.00859301 -0.07894925 0.03056444,
                        0.00623721 -0.07965550 0.03121762,
                        0.00703387 -0.07906175 0.03106011,
                        -0.00057032 -0.08347421 0.03101842,
                        0.00394980 -0.08479920 0.03015215,
                        0.00085889 -0.08359296 0.03096746,
                        -0.00068999 -0.08484295 0.03019847,
                        0.00549867 -0.08468045 0.02996685,
                        0.00704755 -0.08204297 0.03040230,
                        0.00948540 -0.08142423 0.02973059,
                        0.00704755 -0.08049299 0.03080069,
                        0.00594316 -0.08049299 0.03114349,
                        0.00641501 -0.08448670 0.02977692,
                        0.01095222 -0.08439921 0.02814629,
                        0.01153689 -0.03855584 0.03237573,
                        0.01153689 -0.03721836 0.03244985,
                        0.01191300 -0.07739927 0.02936000,
                        0.01400210 -0.07801801 0.02812313,
                        0.01169075 -0.03560587 0.03232941,
                        0.01169075 -0.03405588 0.03219043,
                        0.00894176 -0.02431222 0.03255640,
                        -0.00532977 -0.02431222 0.02945265,
                        -0.00555885 -0.02431222 0.02928588,
                        -0.00628371 -0.02431222 0.02873925,
                        -0.00508017 -0.05573070 0.03018458,
                        -0.00515198 -0.07584928 0.03015215,
                        -0.00513488 -0.07739927 0.03012899,
                        -0.00509385 -0.07894925 0.03007340,
                        -0.00497418 -0.08049299 0.02996685,
                        -0.00367148 -0.08048674 0.03080996,
                        -0.00378773 -0.08204297 0.03043473,
                        -0.00388005 -0.08348671 0.03008729,
                        -0.00342872 -0.08466170 0.02997148,
                        -0.00213970 -0.08347421 0.03090724,
                        0.01104112 -0.07846176 0.02974912,
                        0.00859301 -0.08049299 0.03026333,
                        0.01022052 -0.07896800 0.02997148,
                        -0.00223886 -0.08484920 0.03015215,
                        0.00394980 -0.08556794 0.02916543,
                        0.01169075 -0.08627419 0.02690016,
                        -0.00068999 -0.08561794 0.02910521,
                        0.01264812 -0.08613044 0.02673339,
                        0.01005640 -0.08198047 0.02929978,
                        0.01052141 -0.08049299 0.02949434,
                        0.01078810 -0.07949299 0.02962405,
                        0.00974868 -0.08049299 0.02983714,
                        0.01118472 -0.08359296 0.02828990,
                        0.01282933 -0.03869959 0.03154189,
                        0.01413203 -0.07584928 0.02819262,
                        0.01286694 -0.03715586 0.03160211,
                        0.01304816 -0.07894925 0.02847056,
                        0.01382430 -0.07894925 0.02800732,
                        0.01440898 -0.08049299 0.02699744,
                        0.01462439 -0.07894925 0.02723370,
                        0.01564671 -0.07695552 0.02669633,
                        0.01573219 -0.07584928 0.02682141,
                        0.01490475 -0.07584928 0.02759966,
                        0.01279514 -0.03560587 0.03156505,
                        0.01270624 -0.03405588 0.03148167,
                        0.01103086 -0.02431222 0.03131490,
                        0.01014188 -0.02431222 0.03187079,
                        -0.00654699 -0.02431222 0.02851226,
                        -0.00816767 -0.02786844 0.02705766,
                        -0.00592812 -0.07584928 0.02949434,
                        -0.00591103 -0.07739927 0.02948044,
                        -0.00586658 -0.07894925 0.02945265,
                        -0.00575033 -0.08049299 0.02935536,
                        -0.00473484 -0.08204297 0.02979545,
                        -0.00446131 -0.08393046 0.02954066,
                        -0.00597257 -0.08414921 0.02796562,
                        -0.00493999 -0.08456170 0.02850762,
                        -0.00540841 -0.08483045 0.02741436,
                        -0.00388005 -0.08489295 0.02897550,
                        -0.00217732 -0.08560544 0.02882263,
                        0.01169075 -0.08049299 0.02885969,
                        0.01161211 -0.07896800 0.02929514,
                        0.00394980 -0.08605544 0.02839181,
                        0.01169075 -0.08678669 0.02580690,
                        -0.00161999 -0.08596169 0.02825284,
                        -0.00068999 -0.08601169 0.02833159,
                        0.00085889 -0.08604294 0.02835939,
                        0.00240093 -0.08606169 0.02838718,
                        0.01293874 -0.08631794 0.02580690,
                        0.01394397 -0.08580544 0.02472290,
                        0.01424486 -0.08477420 0.02536218,
                        0.01385166 -0.08391796 0.02639522,
                        0.01286694 -0.08513670 0.02690016,
                        0.01196087 -0.08359296 0.02786371,
                        0.01173178 -0.08193672 0.02845667,
                        0.01545524 -0.05573070 0.02802121,
                        0.01363967 -0.03715586 0.03061540,
                        0.01269940 -0.08049299 0.02826673,
                        0.01403287 -0.08288672 0.02660368,
                        0.01416622 -0.08204297 0.02674266,
                        0.01227201 -0.08238047 0.02801658,
                        0.01539711 -0.07894925 0.02633036,
                        0.01600572 -0.07744301 0.02591808,
                        0.01634422 -0.07584928 0.02580690,
                        0.01570484 -0.08049299 0.02526490,
                        0.01632028 -0.08049299 0.02425965,
                        0.01679896 -0.05881817 0.02595513,
                        0.01605017 -0.05727443 0.02721053,
                        0.01530821 -0.02941217 0.02780349,
                        0.01522957 -0.02786844 0.02772010,
                        0.01424828 -0.02431222 0.02841034,
                        0.01350974 -0.02431222 0.02918396,
                        0.01273701 -0.02431222 0.02990663,
                        0.01180359 -0.02431222 0.03068025,
                        0.01125652 -0.02431222 0.03112960,
                        -0.00709405 -0.02431222 0.02796099,
                        -0.00732314 -0.02431222 0.02769694,
                        -0.00894381 -0.02786844 0.02613580,
                        -0.00895749 -0.02941217 0.02620066,
                        -0.00664614 -0.07584928 0.02872072,
                        -0.00661537 -0.07739927 0.02870682,
                        -0.00658118 -0.07894925 0.02867439,
                        -0.00649228 -0.08049299 0.02858174,
                        -0.00634184 -0.08204297 0.02840571,
                        -0.00551099 -0.08204297 0.02917933,
                        -0.00621191 -0.08311172 0.02824821,
                        -0.00736075 -0.08386796 0.02608484,
                        -0.00766505 -0.08437420 0.02505181,
                        -0.00632816 -0.08452420 0.02693259,
                        -0.00766505 -0.08283672 0.02659441,
                        -0.00527165 -0.08556794 0.02576057,
                        -0.00425958 -0.08582419 0.02624698,
                        0.00240093 -0.08641793 0.02735877,
                        0.00394980 -0.08640544 0.02735877,
                        0.01014188 -0.08678669 0.02580690,
                        0.00549867 -0.08807417 0.00723535,
                        0.00704755 -0.08804917 0.00723535,
                        0.00859301 -0.08784293 0.00723535,
                        0.01003589 -0.08758043 0.00878259,
                        0.01323963 -0.08697418 0.01033446,
                        0.01478508 -0.08668668 0.01033446,
                        0.01700753 -0.08588669 0.01806605,
                        -0.00322699 -0.08596794 0.02675192,
                        -0.00217732 -0.08608044 0.02730318,
                        -0.00068999 -0.08629294 0.02735877,
                        0.00085889 -0.08636794 0.02735877,
                        0.01744176 -0.08485545 0.01926586,
                        0.01439872 -0.08347421 0.02584859,
                        0.01579373 -0.08316796 0.02382883,
                        0.01543472 -0.08241797 0.02485724,
                        0.01600914 -0.05263697 0.02720127,
                        0.01587237 -0.02941217 0.02702987,
                        0.01518171 -0.08049299 0.02603852,
                        0.01559542 -0.08138048 0.02508423,
                        0.01670665 -0.07891175 0.02414384,
                        0.01714088 -0.07836801 0.02355089,
                        0.01682632 -0.07739927 0.02443569,
                        0.01694599 -0.07584928 0.02456076,
                        0.01594076 -0.08195547 0.02431061,
                        0.01694941 -0.08049299 0.02306448,
                        0.01705198 -0.07939924 0.02332853,
                        0.01716823 -0.05881817 0.02518152,
                        0.01682290 -0.05727443 0.02598756,
                        0.01583818 -0.02786844 0.02694648,
                        0.01566381 -0.02431222 0.02671023,
                        0.01521248 -0.02431222 0.02725686,
                        0.01502442 -0.02431222 0.02748385,
                        0.01447736 -0.02431222 0.02813703,
                        -0.00773685 -0.02431222 0.02715031,
                        -0.00939514 -0.02941217 0.02542704,
                        -0.00846513 -0.02431222 0.02606632,
                        -0.00958661 -0.02431222 0.02429208,
                        -0.00929940 -0.02631845 0.02520468,
                        -0.01209969 -0.02431222 0.02003484,
                        -0.01403834 -0.07275555 0.01763986,
                        -0.01355282 -0.07275555 0.01841348,
                        -0.00923102 -0.07991174 0.02508423,
                        -0.00799671 -0.07894925 0.02700207,
                        -0.00741887 -0.07584928 0.02778959,
                        -0.00739152 -0.07739927 0.02780349,
                        -0.00735733 -0.07894925 0.02777569,
                        -0.00726501 -0.08049299 0.02766451,
                        -0.00711799 -0.08204297 0.02746995,
                        -0.00791123 -0.08049299 0.02688626,
                        -0.00788388 -0.08344921 0.02566329,
                        -0.01079357 -0.08439921 0.01892769,
                        -0.00688206 -0.08518045 0.02425965,
                        -0.00686155 -0.08469920 0.02566329,
                        -0.00930282 -0.08297422 0.02367133,
                        -0.00775053 -0.08204297 0.02669633,
                        -0.00837281 -0.08204297 0.02580690,
                        -0.00904981 -0.08204297 0.02473680,
                        -0.00950113 -0.08204297 0.02396317,
                        -0.00577084 -0.08580544 0.02425965,
                        -0.00471432 -0.08595544 0.02521394,
                        -0.00376038 -0.08608044 0.02576057,
                        0.00240093 -0.08668043 0.02580690,
                        0.00394980 -0.08806167 0.00568810,
                        0.00549867 -0.08815542 0.00568810,
                        0.00085889 -0.08661794 0.02580690,
                        -0.00068999 -0.08665544 0.02425965,
                        -0.00223886 -0.08657418 0.02425965,
                        0.00704755 -0.08808042 0.00568810,
                        0.00859301 -0.08783667 0.00568810,
                        0.01008717 -0.08758668 0.00723535,
                        0.01080861 -0.08744292 0.00878259,
                        0.01169075 -0.08728043 0.00878259,
                        0.01323963 -0.08699293 0.00878259,
                        0.01478508 -0.08666793 0.00878259,
                        0.01633396 -0.08628044 0.01033446,
                        0.01633396 -0.08627419 0.01187707,
                        0.01731525 -0.08599919 0.01187707,
                        0.01803670 -0.08566795 0.01342432,
                        0.01895303 -0.08486170 0.01497156,
                        0.01876497 -0.08458045 0.01651880,
                        0.01792728 -0.08496170 0.01791318,
                        -0.00223886 -0.08638669 0.02580690,
                        -0.00068999 -0.08654294 0.02580690,
                        0.01865898 -0.08436795 0.01729706,
                        0.01678187 -0.08198047 0.02262439,
                        0.01653569 -0.02941217 0.02580690,
                        0.01646731 -0.02786844 0.02580690,
                        0.01721268 -0.04953700 0.02520004,
                        0.01747937 -0.07739927 0.02271241,
                        0.01717507 -0.07739927 0.02366207,
                        0.01720584 -0.07584928 0.02378714,
                        0.01723320 -0.07429929 0.02384736,
                        0.01743834 -0.06036816 0.02425965,
                        0.01747595 -0.05881817 0.02425965,
                        0.01718191 -0.05727443 0.02521394,
                        0.01624164 -0.02431222 0.02580690,
                        0.01583476 -0.02431222 0.02645544,
                        -0.01239373 -0.02431222 0.01948821,
                        -0.01251340 -0.02431222 0.01926122,
                        -0.01477346 -0.06346813 0.01342432,
                        -0.01402809 -0.07429929 0.01762596,
                        -0.01284164 -0.02431222 0.01806605,
                        -0.01493074 -0.02431222 0.01029740,
                        -0.01518718 -0.02431222 0.00919488,
                        -0.01526924 -0.02431222 0.00878259,
                        -0.01353915 -0.07429929 0.01839958,
                        -0.01400757 -0.07584928 0.01758890,
                        -0.00956952 -0.08045549 0.02437547,
                        -0.00915580 -0.08094299 0.02496842,
                        -0.00876260 -0.08045549 0.02568182,
                        -0.01090982 -0.08449295 0.01806605,
                        -0.00718979 -0.08578044 0.02116517,
                        -0.00681368 -0.08563669 0.02274484,
                        -0.01079699 -0.08291797 0.02050273,
                        -0.01095427 -0.08349921 0.01951138,
                        -0.01224671 -0.08258047 0.01714419,
                        -0.01242109 -0.08299922 0.01611115,
                        -0.01014051 -0.08204297 0.02271241,
                        -0.01394261 -0.07689927 0.01746846,
                        -0.00602044 -0.08589294 0.02328683,
                        -0.00499811 -0.08602419 0.02425965,
                        -0.00378773 -0.08632418 0.02425965,
                        -0.00188669 -0.08755542 0.00378416,
                        -0.00068999 -0.08769293 0.00259362,
                        0.00394980 -0.08802417 0.00414086,
                        0.00549867 -0.08801793 0.00414086,
                        -0.00378773 -0.08641169 0.02271241,
                        0.00704755 -0.08790543 0.00414086,
                        0.00868190 -0.08764917 0.00405747,
                        0.00961191 -0.08753043 0.00451609,
                        0.00989570 -0.08757417 0.00568810,
                        0.01085990 -0.08744918 0.00723535,
                        0.01169075 -0.08728043 0.00723535,
                        0.01478508 -0.08655544 0.00723535,
                        0.01639550 -0.08616169 0.00887524,
                        0.01323963 -0.08694918 0.00723535,
                        0.01723661 -0.08597419 0.01033446,
                        0.01808798 -0.08559919 0.01187707,
                        0.01902483 -0.08489295 0.01342432,
                        0.01937016 -0.08359296 0.01342432,
                        0.01917869 -0.08359296 0.01497156,
                        0.01863847 -0.07739927 0.01872849,
                        0.01840596 -0.07739927 0.01961792,
                        0.01795806 -0.07739927 0.02116517,
                        0.01700069 -0.02941217 0.02476459,
                        0.01761272 -0.04799327 0.02425965,
                        0.01691180 -0.02431222 0.02438010,
                        0.01644679 -0.02431222 0.02539461,
                        0.01760246 -0.07429929 0.02271241,
                        0.01764349 -0.07275555 0.02271241,
                        0.01812217 -0.07275555 0.02116517,
                        0.01816320 -0.04799327 0.02271241,
                        -0.01483843 -0.06346813 0.01187707,
                        -0.01413066 -0.07584928 0.01651880,
                        -0.01521453 -0.02431222 0.00723535,
                        -0.01456489 -0.07429929 0.00568810,
                        -0.01247237 -0.08447420 0.00832861,
                        -0.00918657 -0.08591169 0.01259974,
                        -0.00997981 -0.08513045 0.01651880,
                        -0.00625294 -0.08594294 0.02225380,
                        -0.01061920 -0.08204297 0.02160988,
                        -0.01376139 -0.07793051 0.01693573,
                        -0.01388448 -0.07830551 0.01590269,
                        -0.01339212 -0.08049299 0.01497156,
                        -0.01361437 -0.08049299 0.01342432,
                        -0.01355624 -0.08204297 0.00878259,
                        -0.01283480 -0.08368671 0.00881965,
                        -0.01397338 -0.07740551 0.01645858,
                        -0.00857454 -0.08607419 0.01200215,
                        -0.00641706 -0.08597419 0.02116517,
                        -0.00194823 -0.08756168 0.00259362,
                        -0.00688206 -0.08638669 0.01187707,
                        -0.00688206 -0.08644294 0.01033446,
                        -0.00843094 -0.08616169 0.01033446,
                        0.00394980 -0.08778042 0.00259362,
                        -0.00168496 -0.08749917 0.00169492,
                        -0.00068999 -0.08753043 0.00159300,
                        0.00549867 -0.08773668 0.00259362,
                        0.00646629 -0.08749917 0.00171345,
                        0.00700994 -0.08759918 0.00257509,
                        0.00822032 -0.08753667 0.00308002,
                        0.00925290 -0.08743668 0.00348305,
                        0.01323963 -0.08648044 0.00259362,
                        0.01323963 -0.08683668 0.00568810,
                        0.01323963 -0.08667419 0.00414086,
                        0.01444659 -0.08613044 0.00259362,
                        0.01714772 -0.08593669 0.00945430,
                        0.01800934 -0.08547419 0.01033446,
                        0.01898722 -0.08482420 0.01187707,
                        0.01938726 -0.08359296 0.01187707,
                        0.01961634 -0.08049299 0.00878259,
                        0.01957531 -0.08049299 0.01033446,
                        0.01961976 -0.07894925 0.01033446,
                        0.01954454 -0.07739927 0.01187707,
                        0.01941803 -0.07739927 0.01342432,
                        0.01927785 -0.07584928 0.01497156,
                        0.01911031 -0.07429929 0.01651880,
                        0.01908979 -0.07584928 0.01651880,
                        0.01887097 -0.07429929 0.01806605,
                        0.01865214 -0.07647427 0.01881651,
                        0.01849486 -0.07591803 0.01948821,
                        0.01848802 -0.07429929 0.01973374,
                        0.01808114 -0.07429929 0.02116517,
                        0.01787258 -0.03096216 0.02271241,
                        0.01731525 -0.02941217 0.02399097,
                        0.01816662 -0.04644328 0.02271241,
                        0.01698018 -0.02431222 0.02415311,
                        0.01779052 -0.02941217 0.02271241,
                        0.01844699 -0.03104341 0.02102619,
                        0.01850512 -0.04799327 0.02127635,
                        0.01851880 -0.04644328 0.02130877,
                        0.01868633 -0.07429929 0.01896011,
                        -0.01456489 -0.07429929 0.00723535,
                        -0.01441103 -0.07584928 0.00723535,
                        -0.01507777 -0.02431222 0.00572053,
                        -0.01418537 -0.07429929 0.00443734,
                        -0.01413750 -0.07584928 0.00446976,
                        -0.01442813 -0.07584928 0.00568810,
                        -0.01467431 -0.02431222 0.00259362,
                        -0.01445890 -0.02431222 0.00149572,
                        -0.01435291 -0.02431222 0.00104174,
                        -0.01247237 -0.08447420 0.00750403,
                        -0.00929598 -0.08595544 0.01033446,
                        -0.00927205 -0.08594919 0.01156670,
                        -0.01385713 -0.07978049 0.01133508,
                        -0.01376823 -0.08070548 0.01033446,
                        -0.01379217 -0.08069924 0.00878259,
                        -0.01417853 -0.07739927 0.00568810,
                        -0.01390158 -0.07834300 0.00482646,
                        -0.01338529 -0.08204297 0.00723535,
                        -0.01277668 -0.08374296 0.00708711,
                        -0.01387081 -0.07993049 0.01033446,
                        -0.00272096 -0.08740542 0.00259362,
                        0.00394980 -0.08754293 0.00154668,
                        0.00549867 -0.08752418 0.00161153,
                        -0.00221835 -0.08719293 0.00112512,
                        -0.00068999 -0.08728043 0.00081475,
                        0.00085889 -0.08729918 0.00081475,
                        0.00240093 -0.08731168 0.00080548,
                        0.00394980 -0.08731168 0.00077306,
                        0.00549867 -0.08726168 0.00083791,
                        0.01234723 -0.08590544 -0.00124670,
                        0.01169075 -0.08651168 0.00104174,
                        0.01329434 -0.08616794 0.00099078,
                        0.01423802 -0.08602419 0.00147256,
                        0.01521932 -0.08571794 0.00259362,
                        0.01610830 -0.08480545 0.00104174,
                        0.01719558 -0.08444920 0.00302443,
                        0.01878207 -0.08453670 0.00911149,
                        0.01890516 -0.08469920 0.01033446,
                        0.01926075 -0.08359296 0.01033446,
                        0.01950009 -0.08049299 0.00723535,
                        0.01966079 -0.07894925 0.00878259,
                        0.01962660 -0.07739927 0.01033446,
                        0.01942145 -0.07584928 0.01342432,
                        0.01924365 -0.03560587 0.01651880,
                        0.01909663 -0.03560587 0.01806605,
                        0.01882994 -0.04644328 0.01961792,
                        0.01868975 -0.04644328 0.02053515,
                        0.01866924 -0.07544303 0.01888599,
                        0.01868291 -0.04799327 0.02050273,
                        0.01866582 -0.03161840 0.02041934,
                        0.01714430 -0.02431222 0.02360184,
                        0.01827604 -0.02941217 0.02116517,
                        -0.01411699 -0.02431222 0.00026812,
                        -0.01398706 -0.02431222 -0.00007468,
                        -0.01377507 -0.02431222 -0.00062132,
                        -0.01368275 -0.02431222 -0.00084831,
                        -0.01331348 -0.02431222 -0.00171921,
                        -0.01315279 -0.02476846 -0.00205275,
                        -0.01247921 -0.02941217 -0.00316917,
                        -0.01358360 -0.07584928 0.00369614,
                        -0.01401783 -0.07739927 0.00463653,
                        -0.01244844 -0.03096216 -0.00309505,
                        -0.01207575 -0.02941217 -0.00394279,
                        -0.01140218 -0.02941217 -0.00514723,
                        -0.01085512 -0.02941217 -0.00606446,
                        -0.01183299 -0.04953700 -0.00213150,
                        -0.01229800 -0.08435545 0.00647099,
                        -0.01167913 -0.08478045 0.00708711,
                        -0.00997981 -0.08550544 0.00723535,
                        -0.00925837 -0.08593669 0.00938481,
                        -0.01346393 -0.07739927 0.00386291,
                        -0.01090982 -0.08018674 0.00161617,
                        -0.01073887 -0.08122423 0.00183852,
                        -0.01214414 -0.08077424 0.00358033,
                        -0.01250657 -0.08175548 0.00461337,
                        -0.01228774 -0.08278672 0.00494228,
                        -0.00378773 -0.08666168 0.00104174,
                        -0.00805483 -0.08603669 0.00568810,
                        -0.00786336 -0.08598669 0.00440491,
                        -0.00765137 -0.08591169 0.00337650,
                        -0.00378773 -0.08613669 -0.00015344,
                        -0.00231750 -0.08633669 -0.00063521,
                        -0.00068999 -0.08665544 -0.00050550,
                        0.00085889 -0.08672418 -0.00050550,
                        0.00240093 -0.08671793 -0.00050550,
                        0.00394980 -0.08669918 -0.00050550,
                        0.01131807 -0.08593669 -0.00132082,
                        0.01329434 -0.08574919 -0.00063985,
                        0.01281224 -0.08602419 -0.00021366,
                        0.01177623 -0.08536169 -0.00192304,
                        0.01392346 -0.08435545 -0.00281710,
                        0.01478508 -0.08464920 -0.00178870,
                        0.01563645 -0.08444295 -0.00145053,
                        0.01478508 -0.08517420 -0.00050550,
                        0.01476799 -0.08561170 0.00099078,
                        0.01582109 -0.08459920 -0.00050550,
                        0.01705198 -0.08427420 0.00199139,
                        0.01750673 -0.08369296 0.00254266,
                        0.01863163 -0.08429920 0.00807845,
                        0.01870685 -0.08293047 0.00630422,
                        0.01888123 -0.08204297 0.00574832,
                        0.01919579 -0.08204297 0.00723535,
                        0.01875814 -0.08153048 0.00455315,
                        0.01917527 -0.08049299 0.00568810,
                        0.01954112 -0.07894925 0.00723535,
                        0.01929836 -0.03405588 0.01497156,
                        0.01930520 -0.03560587 0.01497156,
                        0.01923340 -0.03405588 0.01651880,
                        0.01909663 -0.03405588 0.01806605,
                        0.01884362 -0.03405588 0.01956697,
                        0.01879917 -0.03261215 0.01976616,
                        0.01876497 -0.03104341 0.01967815,
                        0.01862821 -0.03058716 0.02023867,
                        0.01740073 -0.02431222 0.02271241,
                        0.01783155 -0.02431222 0.02116517,
                        -0.01316646 -0.02431222 -0.00205275,
                        -0.01073887 -0.07648052 0.00028665,
                        -0.01106027 -0.04953700 -0.00320160,
                        -0.01274249 -0.02431222 -0.00282174,
                        -0.01256127 -0.02431222 -0.00314138,
                        -0.01084828 -0.02786844 -0.00605520,
                        -0.01014393 -0.02941217 -0.00683808,
                        -0.00954900 -0.05108699 -0.00477200,
                        -0.01040379 -0.04953700 -0.00397522,
                        -0.00905322 -0.08421171 0.00203309,
                        -0.00802064 -0.08468045 0.00140770,
                        -0.00849590 -0.08498045 0.00256582,
                        -0.00732655 -0.08576170 0.00259362,
                        -0.00948746 -0.08317421 0.00138917,
                        -0.00882756 -0.08578044 0.00568810,
                        -0.01269120 -0.07739927 0.00290862,
                        -0.01046533 -0.07894925 0.00062019,
                        -0.01108078 -0.07894925 0.00139381,
                        -0.00948404 -0.08049299 -0.00007005,
                        -0.00931650 -0.08159923 0.00012914,
                        -0.00911477 -0.08263047 0.00036077,
                        -0.00618798 -0.08594294 0.00173661,
                        -0.00467671 -0.08596169 0.00018473,
                        -0.00288508 -0.08588669 -0.00124206,
                        -0.00185592 -0.08597419 -0.00136251,
                        -0.00068999 -0.08606169 -0.00147832,
                        0.00085889 -0.08611169 -0.00153854,
                        0.00240093 -0.08609919 -0.00150612,
                        0.00394980 -0.08608044 -0.00148295,
                        0.00394980 -0.08542420 -0.00225658,
                        0.00549867 -0.08541169 -0.00220099,
                        0.00859301 -0.08458045 -0.00301630,
                        0.01014188 -0.08454295 -0.00296534,
                        0.01446710 -0.08332421 -0.00306726,
                        0.01490475 -0.08374296 -0.00257622,
                        0.01014188 -0.08359296 -0.00354440,
                        0.01014188 -0.08239297 -0.00417905,
                        0.01169075 -0.08218672 -0.00410030,
                        0.01250793 -0.08129298 -0.00438288,
                        0.01310970 -0.08189922 -0.00402618,
                        0.01729816 -0.08324296 0.00135675,
                        0.01691521 -0.08369296 0.00092130,
                        0.01549969 -0.08259297 -0.00275688,
                        0.01579031 -0.08359296 -0.00174237,
                        0.01708617 -0.08270547 0.00032371,
                        0.01810166 -0.08204297 0.00259362,
                        0.01849144 -0.08204297 0.00408064,
                        0.01793412 -0.08359296 0.00414086,
                        0.01859402 -0.08049299 0.00358033,
                        0.01881284 -0.08049299 0.00435395,
                        0.01921630 -0.07894925 0.00568810,
                        0.01921972 -0.07739927 0.00568810,
                        0.01919921 -0.07584928 0.00568810,
                        0.01846409 -0.04799327 0.00414086,
                        0.01862821 -0.04644328 0.00517853,
                        0.01847777 -0.03405588 0.00568810,
                        0.01855299 -0.03096216 0.00723535,
                        0.01849828 -0.02941217 0.00723535,
                        0.01837861 -0.02431222 0.00878259,
                        0.01915476 -0.03096216 0.01497156,
                        0.01911715 -0.03096216 0.01651880,
                        0.01918895 -0.03251214 0.01651880,
                        0.01906244 -0.03251214 0.01806605,
                        0.01898038 -0.03096216 0.01806605,
                        0.01872052 -0.02978717 0.01920563,
                        0.01815295 -0.02431222 0.01961792,
                        0.01792728 -0.02431222 0.02071118,
                        -0.01024993 -0.07591803 -0.00037579,
                        -0.00935753 -0.07584928 -0.00144126,
                        -0.00927205 -0.07695552 -0.00134861,
                        -0.00978150 -0.07744301 -0.00063058,
                        -0.01064997 -0.07739927 0.00039783,
                        -0.01209285 -0.02431222 -0.00368801,
                        -0.01077648 -0.02698094 -0.00595328,
                        -0.00927889 -0.02683094 -0.00753759,
                        -0.01012342 -0.02786844 -0.00682882,
                        -0.00937121 -0.02941217 -0.00760244,
                        -0.00930624 -0.03054966 -0.00756075,
                        -0.00557937 -0.04334955 -0.01001132,
                        -0.00621533 -0.04489329 -0.00914505,
                        -0.00883782 -0.05108699 -0.00554563,
                        -0.00856771 -0.08371796 0.00088424,
                        -0.00755222 -0.08425545 0.00037466,
                        -0.00651963 -0.08468670 -0.00015807,
                        -0.00687181 -0.08519920 0.00105564,
                        -0.00570930 -0.08571794 0.00070357,
                        -0.00969261 -0.07894925 -0.00032020,
                        -0.00903613 -0.07894925 -0.00109383,
                        -0.00881388 -0.08049299 -0.00084367,
                        -0.00783601 -0.08154298 -0.00141810,
                        -0.00746674 -0.08257422 -0.00111236,
                        -0.00596915 -0.08425545 -0.00119111,
                        -0.00532293 -0.08514295 -0.00050087,
                        -0.00378773 -0.08565544 -0.00092706,
                        -0.00068999 -0.08540545 -0.00225194,
                        -0.00493999 -0.08456170 -0.00148295,
                        -0.00378773 -0.08488045 -0.00177017,
                        -0.00280986 -0.08422421 -0.00276151,
                        -0.00178069 -0.08447420 -0.00290512,
                        -0.00068999 -0.08463045 -0.00302556,
                        0.00085889 -0.08548669 -0.00231216,
                        0.00704755 -0.08461170 -0.00303946,
                        0.00859301 -0.08359296 -0.00362315,
                        0.01490475 -0.08206172 -0.00326182,
                        0.00859301 -0.08248672 -0.00421148,
                        0.00859301 -0.08171173 -0.00459134,
                        0.01014188 -0.08161798 -0.00453575,
                        0.01169075 -0.08141173 -0.00443847,
                        0.01341401 -0.08049299 -0.00420684,
                        0.01014188 -0.08049299 -0.00488782,
                        0.00704755 -0.05727443 -0.00962219,
                        0.00820322 -0.05727443 -0.00927476,
                        0.01560568 -0.08156173 -0.00289122,
                        0.01593392 -0.08206172 -0.00216856,
                        0.01681948 -0.08213047 -0.00044528,
                        0.01718191 -0.08166798 0.00010598,
                        0.01743151 -0.08213047 0.00092130,
                        0.01766401 -0.08049299 0.00104174,
                        0.01824868 -0.08049299 0.00259362,
                        0.01827945 -0.07894925 0.00259362,
                        0.01860769 -0.07894925 0.00353864,
                        0.01886071 -0.07584928 0.00421961,
                        0.01882994 -0.07894925 0.00431226,
                        0.01885045 -0.07429929 0.00419182,
                        0.01848802 -0.04953700 0.00414086,
                        0.01778026 -0.02476846 0.00259362,
                        0.01798541 -0.02431222 0.00414086,
                        0.01843332 -0.03251214 0.00568810,
                        0.01838203 -0.03096216 0.00568810,
                        0.01808114 -0.02431222 0.00523412,
                        0.01821449 -0.02431222 0.00678136,
                        0.01825210 -0.02431222 0.00723535,
                        0.01849486 -0.02431222 0.01033446,
                        0.01856666 -0.02431222 0.01187707,
                        0.01904193 -0.02941217 0.01497156,
                        0.01860086 -0.02431222 0.01497156,
                        0.01854957 -0.02431222 0.01606482,
                        0.01852563 -0.02431222 0.01651880,
                        0.01835468 -0.02431222 0.01806605,
                        -0.00480664 -0.04334955 -0.01074325,
                        -0.00469723 -0.04454954 -0.01065987,
                        -0.00856087 -0.07744301 -0.00180723,
                        -0.00826340 -0.07894925 -0.00175164,
                        -0.00916264 -0.07798676 -0.00123280,
                        -0.01065339 -0.02431222 -0.00534643,
                        -0.00996614 -0.02638720 -0.00667131,
                        -0.00935069 -0.02786844 -0.00758391,
                        -0.00988750 -0.02431222 -0.00616638,
                        -0.00966183 -0.02431222 -0.00640726,
                        -0.00893355 -0.02431222 -0.00718089,
                        -0.00816083 -0.02431222 -0.00797304,
                        -0.00732655 -0.02431222 -0.00874666,
                        -0.00736417 -0.02476846 -0.00878835,
                        -0.00843094 -0.02786844 -0.00825099,
                        -0.00843094 -0.02941217 -0.00827415,
                        -0.00804116 -0.08049299 -0.00158024,
                        -0.00588025 -0.08083049 -0.00271056,
                        -0.00535029 -0.08214297 -0.00255769,
                        -0.00692309 -0.08204922 -0.00173311,
                        -0.00643758 -0.08322421 -0.00149222,
                        -0.00675214 -0.08038674 -0.00238165,
                        -0.00540841 -0.08368046 -0.00182112,
                        -0.00388689 -0.08366171 -0.00258085,
                        0.00085889 -0.08471170 -0.00309968,
                        -0.00446815 -0.08271797 -0.00279394,
                        -0.00343556 -0.08319296 -0.00296071,
                        -0.00227305 -0.08366171 -0.00310432,
                        -0.00068999 -0.08359296 -0.00348418,
                        0.00085889 -0.08359296 -0.00367874,
                        0.00704755 -0.08359296 -0.00364168,
                        0.00940676 -0.02878718 -0.01214689,
                        0.01478508 -0.08049299 -0.00349808,
                        0.00240093 -0.08359296 -0.00367874,
                        0.00704755 -0.08168673 -0.00458207,
                        0.00704755 -0.08049299 -0.00503605,
                        0.00859301 -0.08049299 -0.00504995,
                        0.00867848 -0.02934967 -0.01244337,
                        0.00859301 -0.07894925 -0.00539275,
                        0.00085889 -0.03869959 -0.01272131,
                        0.00240093 -0.03869959 -0.01267962,
                        0.00394980 -0.03869959 -0.01253601,
                        0.00491058 -0.03988083 -0.01219784,
                        0.00704755 -0.02941217 -0.01296683,
                        0.00704755 -0.07564928 -0.00605983,
                        0.00549867 -0.05727443 -0.00958977,
                        0.01613907 -0.08049299 -0.00205275,
                        0.01686393 -0.08049299 -0.00078345,
                        0.01105821 -0.02941217 -0.01070619,
                        0.01111634 -0.02786844 -0.01076178,
                        0.01188906 -0.02786844 -0.00993720,
                        0.01258999 -0.02786844 -0.00916358,
                        0.01337639 -0.02476846 -0.00824635,
                        0.01398158 -0.02476846 -0.00741714,
                        0.01723661 -0.08049299 -0.00000983,
                        0.01727081 -0.07894925 -0.00007468,
                        0.01771871 -0.07894925 0.00104174,
                        0.01774949 -0.07739927 0.00104174,
                        0.01830681 -0.07739927 0.00259362,
                        0.01863163 -0.07584928 0.00344599,
                        0.01864189 -0.07429929 0.00341819,
                        0.01863505 -0.07275555 0.00344599,
                        0.01740415 -0.02476846 0.00104174,
                        0.01765717 -0.02431222 0.00213963,
                        0.01776658 -0.02431222 0.00259362,
                        0.01858376 -0.02431222 0.01297034,
                        0.01860086 -0.02431222 0.01451758,
                        -0.00748384 -0.02941217 -0.00891806,
                        -0.00747700 -0.02786844 -0.00891343,
                        -0.00479296 -0.04179957 -0.01073862,
                        -0.00180463 -0.03560587 -0.01232292,
                        -0.00175676 -0.03715586 -0.01228586,
                        -0.00068999 -0.03715586 -0.01271205,
                        -0.00378773 -0.04334955 -0.01106289,
                        -0.00389031 -0.04499329 -0.01079421,
                        -0.00447498 -0.04558078 -0.01054405,
                        -0.00533661 -0.07894925 -0.00341932,
                        -0.00632474 -0.07894925 -0.00294681,
                        -0.00709747 -0.07894925 -0.00252526,
                        -0.00736417 -0.07739927 -0.00265960,
                        -0.00743939 -0.02631845 -0.00888100,
                        -0.00655383 -0.02431222 -0.00929329,
                        -0.00484767 -0.08168673 -0.00296534,
                        -0.00614695 -0.07979924 -0.00284490,
                        -0.00535029 -0.08038674 -0.00308579,
                        -0.00388689 -0.08214297 -0.00316917,
                        -0.00223886 -0.08204297 -0.00366484,
                        -0.00008138 -0.08136798 -0.00441067,
                        0.00085889 -0.08226797 -0.00417905,
                        0.00240093 -0.08159298 -0.00450332,
                        0.00859301 -0.02786844 -0.01257307,
                        0.00940676 -0.02786844 -0.01214226,
                        0.01017949 -0.02786844 -0.01153540,
                        0.00394980 -0.08049299 -0.00490171,
                        0.00704755 -0.07894925 -0.00540665,
                        0.00085889 -0.04024958 -0.01243410,
                        -0.00009847 -0.04128707 -0.01217468,
                        -0.00043355 -0.04024958 -0.01228586,
                        0.00085889 -0.03715586 -0.01294830,
                        0.00240093 -0.03715586 -0.01289272,
                        0.00549867 -0.02941217 -0.01304095,
                        0.00704755 -0.02786844 -0.01302242,
                        0.00394980 -0.07894925 -0.00525378,
                        0.00240093 -0.07894925 -0.00513797,
                        0.00085889 -0.08049299 -0.00470715,
                        -0.00068999 -0.04644328 -0.01113238,
                        0.01688102 -0.07894925 -0.00084831,
                        0.01398500 -0.02431222 -0.00742641,
                        0.01445343 -0.02431222 -0.00665278,
                        0.01105821 -0.02431222 -0.01070156,
                        0.01160528 -0.02431222 -0.01017809,
                        0.01240194 -0.02431222 -0.00941373,
                        0.01263786 -0.02431222 -0.00918674,
                        0.01263444 -0.02476846 -0.00918674,
                        0.01338323 -0.02431222 -0.00824635,
                        0.01729132 -0.07739927 -0.00009321,
                        0.01775974 -0.07584928 0.00104174,
                        0.01834100 -0.07429929 0.00259362,
                        0.01832732 -0.07584928 0.00259362,
                        0.01647756 -0.02431222 -0.00205275,
                        0.01680238 -0.02431222 -0.00105677,
                        0.01693573 -0.02431222 -0.00062595,
                        0.01708959 -0.02431222 -0.00007932,
                        0.01732551 -0.02431222 0.00079159,
                        0.01739048 -0.02431222 0.00104174,
                        -0.00153452 -0.02431222 -0.01216542,
                        -0.00071734 -0.02431222 -0.01248969,
                        -0.00068999 -0.03560587 -0.01274911,
                        -0.00223886 -0.04489329 -0.01115091,
                        -0.00235511 -0.04655578 -0.01080347,
                        -0.00164735 -0.07993674 -0.00442920,
                        -0.00378773 -0.07894925 -0.00400301,
                        -0.00378773 -0.08049299 -0.00366948,
                        -0.00658802 -0.02476846 -0.00929792,
                        -0.00219441 -0.08046799 -0.00413736,
                        -0.00111396 -0.08096798 -0.00429949,
                        -0.00063528 -0.08046799 -0.00451722,
                        0.00085889 -0.08149923 -0.00445700,
                        0.00937941 -0.02701844 -0.01212373,
                        0.00704755 -0.02431222 -0.01283249,
                        0.00851436 -0.02431222 -0.01240167,
                        0.00923922 -0.02431222 -0.01204497,
                        0.01076758 -0.02431222 -0.01093781,
                        0.00240093 -0.08049299 -0.00481833,
                        0.00085889 -0.03560587 -0.01297610,
                        0.00349505 -0.02431222 -0.01318919,
                        0.00549867 -0.02786844 -0.01307801,
                        0.00240093 -0.03560587 -0.01294830,
                        0.00394980 -0.02431222 -0.01317530,
                        0.00504393 -0.02431222 -0.01308265,
                        0.00659280 -0.02431222 -0.01290198,
                        -0.00068999 -0.07894925 -0.00480906,
                        0.01527060 -0.02431222 -0.00506848,
                        0.01552362 -0.02431222 -0.00449869,
                        0.01556807 -0.02431222 -0.00439677,
                        0.01775632 -0.07429929 0.00104174,
                        0.01584844 -0.02431222 -0.00370190,
                        0.00040414 -0.02431222 -0.01280470,
                        0.00085889 -0.02431222 -0.01290198,
                        0.00194960 -0.02431222 -0.01311044,
                        0.01010085 -0.02431222 -0.01144275,
                        0.00240093 -0.02431222 -0.01314750,
                        -0.00223683 0.00616479 0.04176451,
                        -0.00378635 0.00619655 0.04167085,
                        -0.00378635 0.00616479 0.04167085,
                        -0.00069174 0.00616479 0.04174221,
                        -0.00069174 0.00619655 0.04174221,
                        -0.00069174 0.00774761 0.04156382,
                        -0.00223683 0.00774761 0.04155936,
                        -0.00533587 0.00774761 0.04141665,
                        -0.00533587 0.00619655 0.04155490,
                        -0.00533587 0.00616479 0.04155490,
                        0.00085335 0.00616479 0.04168423,
                        0.00085335 0.00774761 0.04153260,
                        0.00549747 0.01239020 0.04086811,
                        -0.00223683 0.00929338 0.04128732,
                        -0.00533587 0.00929338 0.04117137,
                        -0.00688096 0.00774761 0.04126948,
                        -0.00688096 0.00616479 0.04126948,
                        0.00237187 0.00616479 0.04157274,
                        0.00240286 0.00774761 0.04146125,
                        0.00394795 0.01239020 0.04083689,
                        0.00549747 0.01084444 0.04101082,
                        0.00670610 0.01239020 0.04067188,
                        0.00644489 0.01325837 0.04057822,
                        0.01270052 0.04435368 0.03283172,
                        -0.01307460 0.04769401 0.03295659,
                        -0.01462412 0.04774695 0.03291645,
                        -0.00223683 0.01084444 0.04097068,
                        -0.00378635 0.01084444 0.04091271,
                        -0.01238396 0.01789038 0.03899057,
                        -0.01252563 0.01703279 0.03904855,
                        -0.01260089 0.01548703 0.03908868,
                        -0.00827110 0.00774761 0.04081013,
                        -0.00690752 0.00616479 0.04126056,
                        0.00391696 0.00616479 0.04136759,
                        0.00394795 0.00619655 0.04136314,
                        0.00394795 0.00774761 0.04133192,
                        0.00685662 0.01084444 0.04072540,
                        0.00549747 0.00929338 0.04103758,
                        0.00859208 0.01239020 0.03998955,
                        0.01711000 0.04722287 0.03123068,
                        0.01633524 0.04644469 0.03163652,
                        0.01633524 0.04746638 0.03137339,
                        0.01478572 0.04644469 0.03190856,
                        0.01169112 0.04513715 0.03263549,
                        0.01478572 0.04769401 0.03145367,
                        0.01478572 0.04846690 0.03107459,
                        -0.01462412 0.04852512 0.03262657,
                        -0.01549185 0.04743991 0.03283618,
                        -0.01558040 0.02140011 0.03753225,
                        -0.01462412 0.02012962 0.03800052,
                        -0.01462412 0.01858385 0.03820566,
                        -0.01616921 0.03405739 0.03515523,
                        -0.01771873 0.03405739 0.03474939,
                        -0.01330039 0.01703279 0.03878543,
                        -0.01462412 0.01703279 0.03826364,
                        -0.01337565 0.01548703 0.03878097,
                        -0.00824896 0.00616479 0.04077000,
                        0.00394795 0.00616479 0.04136314,
                        0.00549747 0.00774761 0.04103311,
                        0.00676808 0.00929338 0.04071202,
                        0.00763138 0.01084444 0.04044444,
                        0.00859208 0.01084444 0.04006536,
                        0.01006191 0.01239020 0.03934735,
                        0.01798216 0.04644469 0.03088729,
                        0.01892072 0.04771519 0.02994183,
                        0.01787591 0.04798516 0.03045915,
                        0.01712328 0.05032499 0.02968762,
                        0.01065958 0.01393597 0.03886124,
                        0.01169112 0.01548703 0.03816552,
                        0.01633524 0.05036734 0.02972330,
                        0.01478572 0.04954152 0.03036996,
                        -0.01462412 0.04920802 0.03185058,
                        -0.01555826 0.04893803 0.03155624,
                        0.00394795 0.05324183 0.02799740,
                        0.00240286 0.05327889 0.02801970,
                        -0.00223683 0.05331594 0.02804646,
                        -0.00223683 0.05409412 0.02727047,
                        -0.00223683 0.05486700 0.02649002,
                        -0.00223683 0.05556047 0.02571849,
                        -0.01578847 0.04796928 0.03204235,
                        -0.01883881 0.03549729 0.03356311,
                        -0.01852005 0.03490968 0.03434356,
                        -0.01570436 0.02012962 0.03762590,
                        -0.01573977 0.01858385 0.03767496,
                        -0.01569108 0.01703279 0.03767050,
                        -0.01462412 0.01548703 0.03813877,
                        -0.00902372 0.00616479 0.04042213,
                        0.00550190 0.00616479 0.04096176,
                        0.00660870 0.00774761 0.04066296,
                        0.00754284 0.00929338 0.04040430,
                        0.00859208 0.00929338 0.03993603,
                        0.01002206 0.01084444 0.03936073,
                        0.01083667 0.01239020 0.03892368,
                        0.01909781 0.04644469 0.03011130,
                        0.01263854 0.01656165 0.03751887,
                        0.01275364 0.01548703 0.03758131,
                        0.01352840 0.01548703 0.03712195,
                        0.01864181 0.04874746 0.02965195,
                        0.01993898 0.04658762 0.02885812,
                        0.02020018 0.04719640 0.02812227,
                        0.01749517 0.04954152 0.02988385,
                        0.01707901 0.05185487 0.02807767,
                        0.01604747 0.05201898 0.02828282,
                        0.00549747 0.05410471 0.02716789,
                        -0.00378635 0.05545460 0.02563821,
                        -0.00998000 0.05375003 0.02562929,
                        -0.01110008 0.05355416 0.02532157,
                        -0.01317200 0.05318360 0.02432260,
                        -0.01708121 0.04910214 0.02830958,
                        -0.01375639 0.05337417 0.02331917,
                        -0.01540331 0.05186546 0.02504507,
                        0.00549747 0.05487759 0.02647664,
                        0.00394795 0.05488288 0.02647218,
                        0.00704699 0.05526932 0.02562483,
                        -0.00223683 0.05630160 0.02426017,
                        -0.01702366 0.04732345 0.02989277,
                        -0.01684215 0.04644469 0.03096310,
                        -0.01956930 0.03560845 0.03200221,
                        -0.01910887 0.03405739 0.03354973,
                        -0.01854219 0.03405739 0.03436140,
                        -0.01730257 0.02012962 0.03623893,
                        -0.01647469 0.02012962 0.03701046,
                        -0.01651011 0.01858385 0.03697033,
                        -0.01646583 0.01703279 0.03684099,
                        -0.01553612 0.01548703 0.03755009,
                        -0.01000213 0.00616479 0.03969966,
                        0.00643604 0.00616479 0.04060498,
                        0.00721965 0.00616479 0.04023929,
                        0.00859208 0.00774761 0.03976656,
                        0.00987597 0.00929338 0.03927599,
                        0.01079682 0.01084444 0.03889246,
                        0.01169112 0.01239020 0.03835283,
                        0.01355054 0.01393597 0.03713087,
                        0.01990356 0.04489363 0.02921490,
                        0.01463963 0.01548703 0.03634597,
                        0.01541439 0.01548703 0.03574390,
                        0.01997439 0.02632327 0.03106568,
                        0.02087311 0.02632327 0.03029415,
                        0.02079785 0.02786904 0.03022279,
                        0.02157261 0.02786904 0.02949140,
                        0.02228982 0.02786904 0.02871987,
                        0.01465734 0.01393597 0.03635935,
                        0.02042154 0.04756167 0.02708762,
                        0.01855769 0.05011324 0.02768522,
                        0.02037727 0.04489363 0.02844337,
                        0.02029315 0.04616413 0.02831404,
                        0.02057649 0.04658762 0.02750683,
                        0.01867280 0.05034087 0.02665503,
                        0.01875692 0.05045204 0.02580768,
                        0.01719854 0.05192370 0.02704302,
                        0.01558705 0.05342711 0.02201247,
                        0.01247473 0.05496228 0.02041144,
                        0.01647249 0.05219367 0.02748007,
                        0.00953065 0.05504170 0.02517886,
                        0.00859208 0.05517403 0.02541969,
                        0.00704699 0.05479818 0.02640082,
                        -0.00378635 0.05609514 0.02426017,
                        -0.00998000 0.05431645 0.02426017,
                        -0.01158264 0.05376061 0.02432260,
                        -0.01272486 0.05355416 0.02384987,
                        -0.01590358 0.05231543 0.02271265,
                        -0.01700595 0.05502582 0.01285224,
                        -0.01720960 0.04931389 0.02735520,
                        -0.01885209 0.04931918 0.02116513,
                        -0.01867943 0.04904391 0.02232911,
                        -0.01941877 0.04799046 0.02116513,
                        -0.01952502 0.04644469 0.02271265,
                        -0.02006072 0.04107687 0.02663273,
                        -0.02018468 0.04025104 0.02698058,
                        -0.01991019 0.04025104 0.02775657,
                        -0.01458428 0.05313066 0.02276616,
                        0.00704699 0.05562400 0.02426017,
                        -0.00077586 0.05644982 0.02258778,
                        0.00248698 0.06007073 -0.00379584,
                        0.00085335 0.06017660 -0.00379584,
                        -0.00069174 0.06024542 -0.00379584,
                        -0.00196678 0.06011308 -0.00379584,
                        -0.00225454 0.06008132 -0.00379584,
                        -0.01716976 0.04644469 0.03019157,
                        -0.02002973 0.03941993 0.02809551,
                        -0.02037062 0.03882703 0.02749345,
                        -0.02003415 0.03462911 0.03119501,
                        -0.01987035 0.03408916 0.03187734,
                        -0.01982165 0.03251692 0.03212263,
                        -0.01987477 0.02168068 0.03233223,
                        -0.01924611 0.02168068 0.03354973,
                        -0.01863516 0.02168068 0.03455317,
                        -0.01855990 0.03251692 0.03438370,
                        -0.01805077 0.02168068 0.03532470,
                        -0.01807733 0.02012962 0.03527563,
                        -0.01721403 0.01858385 0.03619434,
                        -0.01709450 0.01703279 0.03606500,
                        -0.01699710 0.01598993 0.03594013,
                        -0.01640385 0.01547644 0.03653327,
                        -0.01541659 0.01465062 0.03743860,
                        -0.01162691 0.00616479 0.03841081,
                        -0.01085215 0.00616479 0.03903517,
                        0.00856109 0.00616479 0.03959709,
                        0.00859651 0.00616479 0.03957925,
                        0.00956164 0.00619655 0.03908868,
                        0.01064630 0.00929338 0.03879434,
                        0.01169112 0.01084444 0.03829040,
                        0.01276692 0.01239020 0.03762590,
                        0.01543209 0.01393597 0.03575283,
                        0.02164787 0.02632327 0.02956276,
                        0.02225883 0.02632327 0.02879123,
                        0.02296718 0.02786904 0.02735520,
                        0.02243149 0.03251692 0.02735520,
                        0.01354168 0.01239020 0.03707290,
                        0.01268723 0.01084444 0.03759022,
                        0.02110776 0.04644469 0.02580768,
                        0.02058092 0.04782106 0.02580768,
                        0.02008065 0.04859924 0.02580768,
                        0.02090853 0.04489363 0.02735520,
                        0.02139109 0.04489363 0.02580768,
                        0.01940771 0.04954152 0.02580768,
                        0.02012049 0.05014500 0.01807455,
                        0.01887202 0.05060556 0.02426017,
                        0.01871707 0.05190252 0.01759290,
                        0.01581283 0.05356474 0.01961761,
                        0.01568002 0.05348534 0.02116513,
                        0.01478572 0.05388766 0.02116513,
                        0.01148746 0.05778913 -0.00379584,
                        0.01079682 0.05802206 -0.00379584,
                        0.01024342 0.05818616 -0.00379584,
                        0.00878688 0.05858848 -0.00379584,
                        0.00859208 0.05864142 -0.00379584,
                        0.00705584 0.05904375 -0.00379584,
                        0.00537351 0.05948313 -0.00379584,
                        0.00394795 0.05982721 -0.00379584,
                        0.00859208 0.05543343 0.02426017,
                        0.00979185 0.05511051 0.02426017,
                        0.01478572 0.05405177 0.01961761,
                        -0.00797891 0.05505758 0.02369824,
                        -0.01832083 0.05009206 0.02116513,
                        -0.00928050 0.05826027 -0.00379584,
                        -0.00976749 0.05810676 -0.00379584,
                        -0.01026776 0.05789501 -0.00379584,
                        -0.01700595 0.05502582 0.01225018,
                        -0.01901590 0.05106082 0.00568995,
                        -0.01853776 0.05193958 0.01006046,
                        -0.01940549 0.04954152 0.01652257,
                        -0.01927267 0.04954152 0.01807455,
                        -0.01892735 0.04965798 0.01963991,
                        -0.01962242 0.04799046 0.01961761,
                        -0.02001644 0.04557653 0.02166462,
                        -0.02015369 0.04454425 0.02234249,
                        -0.02054771 0.04025104 0.02580768,
                        0.00389040 0.05983780 -0.00379584,
                        -0.02090188 0.03870528 0.02580768,
                        -0.02072479 0.03715422 0.02735520,
                        -0.02092402 0.03560845 0.02735520,
                        -0.02069380 0.03405739 0.02890272,
                        -0.02078235 0.03251692 0.02890272,
                        -0.02087089 0.03096586 0.02890272,
                        -0.02095058 0.02942010 0.02890272,
                        -0.02043260 0.03096586 0.03045470,
                        -0.02048573 0.02942010 0.03045470,
                        -0.02011827 0.03096586 0.03142245,
                        -0.02013155 0.02942010 0.03145367,
                        -0.02018025 0.02322644 0.03155624,
                        -0.02015812 0.02168068 0.03155624,
                        -0.01986149 0.02009786 0.03196207,
                        -0.01917528 0.02012962 0.03354973,
                        -0.01860417 0.02012962 0.03449965,
                        -0.01772316 0.01703279 0.03509725,
                        -0.01805962 0.01861562 0.03497683,
                        -0.01736898 0.01547644 0.03520874,
                        -0.01689527 0.01495766 0.03580188,
                        -0.01587259 0.01405772 0.03670274,
                        -0.01573977 0.01239020 0.03626569,
                        -0.01397332 0.00616479 0.03600703,
                        -0.01327825 0.00616479 0.03678302,
                        -0.01252121 0.00616479 0.03761698,
                        -0.01250350 0.00616479 0.03763482,
                        0.00954393 0.00616479 0.03909314,
                        0.01033639 0.00619655 0.03857582,
                        0.01049135 0.00774761 0.03869177,
                        0.01452009 0.01239020 0.03629691,
                        0.01529485 0.01239020 0.03561457,
                        0.01615815 0.01393597 0.03497683,
                        0.01853998 0.01858385 0.03264441,
                        0.01850014 0.01703279 0.03257305,
                        0.02209502 0.02477750 0.02866189,
                        0.02286978 0.02632327 0.02735520,
                        0.01842488 0.01548703 0.03247048,
                        0.01900041 0.01548703 0.03169895,
                        0.01890744 0.01393597 0.03158300,
                        0.02295390 0.03251692 0.02580768,
                        0.02285207 0.03405739 0.02580768,
                        0.02269712 0.03560845 0.02580768,
                        0.02314869 0.02786904 0.02580768,
                        0.02334349 0.03096586 0.02377852,
                        0.02329922 0.03328980 0.02348864,
                        0.02174970 0.04099746 0.02657475,
                        0.01140778 0.00619655 0.03779983,
                        0.01256327 0.00968511 0.03750103,
                        0.02165230 0.04647646 0.01817713,
                        0.02115203 0.04799046 0.01807455,
                        0.02184710 0.04295084 0.02536171,
                        0.02224997 0.04179681 0.02426017,
                        0.02246691 0.04179681 0.02271265,
                        0.02212601 0.04334787 0.02271265,
                        0.02049680 0.04936683 0.01807455,
                        0.02170543 0.04179681 0.02643204,
                        0.02162574 0.04341669 0.02584782,
                        0.02013377 0.05013971 0.01652257,
                        0.01945641 0.05108728 0.01652257,
                        0.01924391 0.05122492 0.01809685,
                        0.01669384 0.05315184 0.01807455,
                        0.01875692 0.05193428 0.01652257,
                        0.01401539 0.05651334 -0.00379584,
                        0.01359038 0.05676215 -0.00379584,
                        0.01333360 0.05691038 -0.00379584,
                        0.01163799 0.05772032 -0.00379584,
                        -0.01133914 0.05733917 -0.00379584,
                        -0.01166233 0.05716447 -0.00379584,
                        -0.01266730 0.05652922 -0.00379584,
                        -0.01418140 0.05545460 -0.00379584,
                        -0.01428766 0.05535932 -0.00379584,
                        -0.01505799 0.05462878 -0.00379584,
                        -0.01575306 0.05395119 -0.00379584,
                        -0.01817916 0.05156902 -0.00379584,
                        -0.01890964 0.05079613 -0.00379584,
                        -0.01900262 0.05066379 -0.00379584,
                        -0.01967998 0.04965798 -0.00379584,
                        -0.02010499 0.04888510 -0.00379584,
                        -0.01976409 0.04954152 0.00259046,
                        -0.01975081 0.04954152 0.00413797,
                        -0.01994561 0.04794282 0.01664299,
                        -0.01981279 0.04799046 0.01807455,
                        -0.02021567 0.04499422 0.02115621,
                        -0.02060526 0.04334787 0.02116513,
                        -0.02085318 0.04025104 0.02426017,
                        -0.02117637 0.03870528 0.02426017,
                        -0.02109668 0.03715422 0.02580768,
                        -0.02124278 0.03560845 0.02580768,
                        -0.02105241 0.03405739 0.02735520,
                        -0.02114538 0.03251692 0.02735520,
                        -0.02123392 0.03096586 0.02735520,
                        -0.02131361 0.02942010 0.02735520,
                        -0.02101699 0.02786904 0.02890272,
                        -0.02104355 0.02632327 0.02890272,
                        -0.02051229 0.02786904 0.03045470,
                        -0.02053443 0.02632327 0.03045470,
                        -0.02055213 0.02477750 0.03045470,
                        -0.02052557 0.02322644 0.03045470,
                        -0.02040161 0.02168068 0.03045470,
                        -0.02009171 0.02059017 0.03142245,
                        -0.01939221 0.01393597 0.03045470,
                        -0.01910444 0.01548703 0.03200221,
                        -0.01885652 0.01861562 0.03364784,
                        -0.01844036 0.01812330 0.03423206,
                        -0.01852448 0.01915558 0.03437924,
                        -0.01854219 0.01443358 0.03287186,
                        -0.01834739 0.01703279 0.03405814,
                        -0.01821458 0.01548703 0.03381285,
                        -0.01812160 0.01392538 0.03345162,
                        -0.01728487 0.01393597 0.03483859,
                        -0.01709892 0.01239020 0.03454425,
                        -0.01698382 0.01146910 0.03437478,
                        -0.01674917 0.01393597 0.03561457,
                        -0.01651453 0.01239020 0.03532023,
                        -0.01683772 0.01043682 0.03413841,
                        -0.01560696 0.00774761 0.03457992,
                        -0.01475694 0.00616479 0.03499468,
                        0.01030983 0.00616479 0.03858474,
                        0.01140335 0.00616479 0.03779537,
                        0.01583054 0.01084444 0.03463344,
                        0.01602091 0.01239020 0.03483859,
                        0.01217811 0.00619655 0.03714425,
                        0.01401982 0.00848873 0.03587770,
                        0.01693291 0.01393597 0.03411611,
                        0.01879233 0.01265489 0.03142245,
                        0.01945641 0.01393597 0.03045470,
                        0.02302031 0.02632327 0.02580768,
                        0.02331250 0.02704851 0.02367148,
                        0.02019575 0.01324249 0.02806875,
                        0.02026216 0.01292487 0.02703410,
                        0.01755715 0.01393597 0.03334013,
                        0.01833191 0.01393597 0.03235453,
                        0.02315755 0.03390388 0.02410854,
                        0.02300259 0.03560845 0.02426017,
                        0.02283436 0.03715422 0.02426017,
                        0.02264842 0.03870528 0.02426017,
                        0.02246248 0.04025104 0.02426017,
                        0.02194449 0.04179681 0.02566051,
                        0.02333021 0.02786904 0.02376514,
                        0.02335234 0.02942010 0.02383649,
                        0.02341875 0.03096586 0.02271265,
                        0.02339219 0.03251692 0.02271265,
                        0.02334792 0.03390388 0.02272603,
                        0.02327265 0.03432208 0.02324781,
                        0.01216040 0.00616479 0.03715318,
                        0.02181168 0.04597885 0.01772670,
                        0.02181168 0.04597885 0.01699976,
                        0.02111661 0.04799046 0.01652257,
                        0.02270597 0.04025104 0.02271265,
                        0.02283879 0.04025104 0.02116513,
                        0.02258201 0.04179681 0.02116513,
                        0.01866395 0.05032499 -0.00379584,
                        0.01818138 0.05129374 -0.00379584,
                        0.01734907 0.05292421 -0.00379584,
                        0.01710115 0.05339534 -0.00379584,
                        0.01632639 0.05418940 -0.00379584,
                        0.01626883 0.05424764 -0.00379584,
                        0.01457765 0.05595751 -0.00379584,
                        -0.02014040 0.04875805 -0.00379584,
                        -0.02009171 0.04886393 -0.00205210,
                        -0.02007842 0.04883746 -0.00081230,
                        -0.02034406 0.04799046 -0.00379584,
                        -0.02007842 0.04739227 0.01620148,
                        -0.02124720 0.04025104 0.02116513,
                        -0.02092845 0.04179681 0.02116513,
                        -0.02106569 0.04025104 0.02271265,
                        -0.02134460 0.03870528 0.02271265,
                        -0.02132689 0.03715422 0.02426017,
                        -0.02157925 0.03314688 0.02487114,
                        -0.02161466 0.03211460 0.02515211,
                        -0.02135788 0.03405739 0.02580768,
                        -0.02149070 0.03096586 0.02609310,
                        -0.02164565 0.03096586 0.02531712,
                        -0.02153054 0.02942010 0.02621351,
                        -0.02135346 0.02786904 0.02735520,
                        -0.02133575 0.02632327 0.02735520,
                        -0.02098600 0.02477750 0.02890272,
                        -0.02083990 0.02322644 0.02890272,
                        -0.01967555 0.01393597 0.02890272,
                        -0.01961357 0.01548703 0.03045470,
                        -0.01903803 0.01239020 0.03045470,
                        -0.01855547 0.01142675 0.03135556,
                        -0.01867058 0.01239020 0.03163652,
                        -0.01879454 0.01392538 0.03209587,
                        -0.01844922 0.01340130 0.03267563,
                        -0.01770102 0.01239020 0.03354973,
                        -0.01710778 0.00956336 0.03310822,
                        -0.01670933 0.00914515 0.03359433,
                        -0.01544758 0.00683709 0.03439262,
                        -0.01726273 0.01090796 0.03359433,
                        -0.01490304 0.00616479 0.03477615,
                        0.01679567 0.01239020 0.03391988,
                        0.01389586 0.00745646 0.03571715,
                        0.01568002 0.00970629 0.03445951,
                        0.01217368 0.00616479 0.03713980,
                        0.01290417 0.00616479 0.03638164,
                        0.01865509 0.01162261 0.03122177,
                        0.01905797 0.01224198 0.03060633,
                        0.01972204 0.01239020 0.02890272,
                        0.02331250 0.02704851 0.02338606,
                        0.02029315 0.01276606 0.02580768,
                        0.01916422 0.00616479 0.01810131,
                        0.01919521 0.00616479 0.01652257,
                        0.01934573 0.01084444 0.02890272,
                        0.01972204 0.01084444 0.02735520,
                        0.02008065 0.01240079 0.02747561,
                        0.01983715 0.01084444 0.02580768,
                        0.02011607 0.01199317 0.02580768,
                        0.02322838 0.03568257 0.02272603,
                        0.02308671 0.03715422 0.02271265,
                        0.02291405 0.03870528 0.02271265,
                        0.02344974 0.03251692 0.02116513,
                        0.02337005 0.02927717 0.02257440,
                        0.02341875 0.03405739 0.02116513,
                        0.02333463 0.03521142 0.02221762,
                        0.02287863 0.04025104 0.01961761,
                        0.02161688 0.04647646 0.01650028,
                        0.02311770 0.03870528 0.01807455,
                        0.01934573 0.04663527 -0.00379584,
                        0.01912437 0.04799046 -0.00379584,
                        0.01879233 0.04972151 -0.00379584,
                        0.02306015 0.03870528 0.02116513,
                        0.02312656 0.03870528 0.01961761,
                        -0.02061412 0.04489363 0.01342754,
                        -0.02029093 0.04644469 0.01497506,
                        -0.02054771 0.04644469 -0.00379584,
                        -0.02145086 0.03870528 0.02116513,
                        -0.02145971 0.03715422 0.02271265,
                        -0.02144643 0.03560845 0.02426017,
                        -0.02164565 0.03258574 0.02431814,
                        -0.02173420 0.03096586 0.02426017,
                        -0.02165450 0.02942010 0.02544199,
                        -0.02153940 0.02786904 0.02612432,
                        -0.02160581 0.02687911 0.02517440,
                        -0.02151284 0.02634444 0.02573633,
                        -0.02120293 0.02477750 0.02735520,
                        -0.01998988 0.01546056 0.02735520,
                        -0.02002530 0.01490472 0.02580768,
                        -0.01978180 0.01393597 0.02735520,
                        -0.01928153 0.01239020 0.02890272,
                        -0.02134017 0.02477750 0.02580768,
                        -0.01867058 0.01109854 0.03045470,
                        -0.01831640 0.01239020 0.03240805,
                        -0.01709007 0.00616479 0.03041010,
                        -0.01701481 0.00676298 0.03138231,
                        -0.01681116 0.00774761 0.03249724,
                        -0.01693954 0.00853108 0.03276482,
                        -0.01624890 0.00774761 0.03354973,
                        -0.01572207 0.00627066 0.03355419,
                        -0.01561581 0.00616479 0.03367014,
                        0.01550736 0.00867401 0.03424544,
                        0.01367893 0.00616479 0.03542281,
                        0.01708786 0.01015096 0.03274698,
                        0.01853556 0.01084444 0.03096756,
                        0.01872593 0.00988627 0.02985263,
                        0.01885874 0.01084444 0.03019157,
                        0.02294504 0.02632327 0.02116513,
                        0.02314427 0.02786904 0.02116513,
                        0.02326823 0.02786904 0.02227114,
                        0.02328594 0.03187109 0.01896203,
                        0.02334792 0.03134701 0.01998777,
                        0.02339219 0.03088646 0.02108485,
                        0.01915094 0.00616479 0.01497506,
                        0.01901812 0.00616479 0.01345876,
                        0.01885431 0.00616479 0.01191124,
                        0.01871707 0.00616479 0.01068928,
                        0.01905354 0.00616479 0.01961761,
                        0.01887645 0.00934102 0.02881798,
                        0.01923063 0.00929338 0.02735520,
                        0.01863738 0.00616479 0.02426017,
                        0.01870379 0.00616479 0.02364026,
                        0.01941657 0.00929338 0.02580768,
                        0.02329036 0.03624370 0.02167354,
                        0.02337891 0.03243751 0.01952842,
                        0.02340990 0.03405739 0.01961761,
                        0.02337005 0.03560845 0.01961761,
                        0.02334792 0.03568257 0.02116067,
                        0.02326823 0.03747713 0.01961761,
                        0.02331693 0.03668308 0.01869445,
                        0.02324609 0.03718069 0.01813699,
                        0.01981059 0.04199268 -0.00379584,
                        0.01967777 0.04353844 -0.00379584,
                        0.01953168 0.04508950 -0.00379584,
                        0.01937672 0.04644469 -0.00379584,
                        0.02323724 0.03707481 0.02116067,
                        -0.02084875 0.04160623 -0.00379584,
                        -0.02153497 0.03715422 0.01961761,
                        -0.02153054 0.03715422 0.02116513,
                        -0.02171649 0.03251692 0.02271265,
                        -0.02176961 0.03096586 0.02271265,
                        -0.02173862 0.02942010 0.02426017,
                        -0.02162351 0.02786904 0.02534833,
                        -0.02168992 0.02786904 0.02426017,
                        -0.02162794 0.02664089 0.02426017,
                        -0.02156596 0.02586801 0.02426017,
                        -0.02013155 0.01535998 0.02422449,
                        -0.02003415 0.01475650 0.02471505,
                        -0.01994118 0.01407890 0.02422449,
                        -0.01986149 0.01393597 0.02580768,
                        -0.02143314 0.02477750 0.02426017,
                        -0.01947633 0.01239020 0.02580768,
                        -0.01938778 0.01239020 0.02735520,
                        -0.01758591 0.00616479 0.02732398,
                        -0.01740440 0.00616479 0.02887596,
                        -0.01848906 0.01008214 0.02961627,
                        -0.01739997 0.00616479 0.02890272,
                        -0.01711220 0.00616479 0.03031644,
                        -0.01658980 0.00616479 0.03180599,
                        -0.01653224 0.00616479 0.03194424,
                        -0.01655881 0.00622832 0.03193978,
                        -0.01573092 0.00616479 0.03346500,
                        0.01745975 0.00929338 0.03171233,
                        0.01422347 0.00619655 0.03463790,
                        0.01420576 0.00616479 0.03464236,
                        0.01823894 0.00934102 0.03040118,
                        0.01852228 0.00885400 0.02927287,
                        0.02273254 0.02632327 0.01961761,
                        0.02293619 0.02786904 0.01961761,
                        0.01861525 0.00616479 0.00990883,
                        0.01946084 0.02961067 -0.00379584,
                        0.02333906 0.03290336 0.01862310,
                        0.01869494 0.00844638 0.02824268,
                        0.01859311 0.00616479 0.02456788,
                        0.02331250 0.03650838 0.02063888,
                        0.02335234 0.03405739 0.01851606,
                        0.02333463 0.03560845 0.01856958,
                        0.02332135 0.03670425 0.01961761,
                        0.01985929 0.04044162 -0.00379584,
                        0.01981944 0.04179681 -0.00379584,
                        0.02323724 0.03560845 0.01779359,
                        -0.02097714 0.03870528 -0.00379584,
                        -0.02157925 0.03596313 0.01961761,
                        -0.02173862 0.03251692 0.02116513,
                        -0.02177847 0.03096586 0.02116513,
                        -0.02176076 0.02942010 0.02271265,
                        -0.02170321 0.02786904 0.02271265,
                        -0.02162794 0.02668854 0.02271265,
                        -0.02155268 0.02591565 0.02271265,
                        -0.02004743 0.01468768 0.02368040,
                        -0.02004743 0.01468768 0.02343958,
                        -0.01954274 0.01239020 0.02271265,
                        -0.01955159 0.01239020 0.02426017,
                        -0.02140658 0.02477750 0.02271265,
                        -0.01789139 0.00616479 0.02116513,
                        0.01490083 0.00616479 0.03355419,
                        0.01496724 0.00616479 0.03344716,
                        0.01511776 0.00616479 0.03320187,
                        0.01722068 0.00834580 0.03138677,
                        0.01421462 0.00616479 0.03462898,
                        0.01747303 0.00779526 0.03041456,
                        0.01709229 0.00616479 0.02961181,
                        0.01738006 0.00616479 0.02892056,
                        0.01740220 0.00616479 0.02886258,
                        0.01844701 0.00616479 0.00880729,
                        0.01820352 0.00616479 0.00723747,
                        0.01943871 0.02942010 -0.00379584,
                        0.01959366 0.03096586 -0.00379584,
                        0.01974861 0.03270749 -0.00379584,
                        0.01983272 0.03405739 -0.00379584,
                        0.01990356 0.03560845 -0.00379584,
                        0.01973533 0.03251692 -0.00379584,
                        0.01786262 0.00616479 0.02738642,
                        0.01787148 0.00616479 0.02735520,
                        0.01830977 0.00616479 0.02573633,
                        0.01990356 0.03715422 -0.00379584,
                        0.01986371 0.04025104 -0.00379584,
                        -0.02100813 0.03715422 -0.00379584,
                        -0.02174305 0.02942010 0.02116513,
                        -0.02164565 0.02776316 0.02108931,
                        -0.02160581 0.02694264 0.02155312,
                        -0.02153054 0.02638680 0.02108931,
                        -0.02133132 0.02477750 0.02116513,
                        -0.01989691 0.01407890 0.02283752,
                        -0.02123392 0.02477750 0.01961761,
                        -0.02029978 0.02925070 -0.00379584,
                        -0.02012713 0.02815490 -0.00379584,
                        -0.01852005 0.00840933 0.02021521,
                        -0.01795337 0.00616479 0.01961761,
                        0.01547194 0.00616479 0.03261319,
                        0.01574200 0.00616479 0.03211816,
                        0.01664957 0.00616479 0.03045024,
                        0.01792460 0.00616479 0.00568995,
                        0.01792903 0.00619655 0.00568995,
                        0.01925719 0.02806490 -0.00379584,
                        -0.02095501 0.03560845 -0.00379584,
                        -0.02087532 0.03405739 -0.00379584,
                        -0.02158367 0.02717556 0.02051847,
                        -0.02074250 0.03251692 -0.00379584,
                        -0.01940549 0.01239020 0.02116513,
                        -0.02000759 0.02747730 -0.00379584,
                        -0.01996775 0.02726026 -0.00379584,
                        -0.01979066 0.02632327 -0.00379584,
                        -0.02054328 0.03096586 -0.00379584,
                        -0.02051672 0.03077529 -0.00379584,
                        -0.01948518 0.02477750 -0.00379584,
                        -0.01616479 0.00616479 0.00413797,
                        0.01757928 0.00616479 0.00416919,
                        0.01922620 0.02786904 -0.00379584,
                        -0.01904689 0.02322644 -0.00379584,
                        -0.01585045 0.00616479 0.00259046,
                        -0.01616036 0.00616479 0.00411122,
                        0.01724724 0.00616479 0.00279560,
                        0.01896500 0.02651384 -0.00379584,
                        0.01706130 0.00616479 0.00203299,
                        0.01705687 0.00616479 0.00201961,
                        -0.01345977 0.00616479 -0.00379584,
                        -0.01360587 0.00616479 -0.00348812,
                        -0.01415484 0.00616479 -0.00212791,
                        -0.01550071 0.00616479 0.00156026,
                        -0.01584160 0.00616479 0.00256370,
                        0.01668942 0.00616479 0.00104294,
                        0.01457322 0.00617008 -0.00379584,
                        0.01127053 0.00616479 -0.00379584,
                        0.01464848 0.00616479 -0.00359961,
                        -0.02318460 0.04454835 -0.04788061,
                        -0.02283302 0.04499714 -0.04843725,
                        -0.02292401 0.04334601 -0.04867667,
                        -0.02318046 0.04334601 -0.04790157,
                        -0.02318460 0.04454835 -0.04735690,
                        -0.02282888 0.05108638 -0.04539969,
                        -0.02237389 0.05263779 -0.04694691,
                        -0.02184032 0.05263779 -0.04806616,
                        -0.02215054 0.04334601 -0.04974804,
                        -0.02293229 0.04189988 -0.04838937,
                        -0.02171623 0.03716257 -0.05098402,
                        -0.02167487 0.03561118 -0.05094511,
                        -0.02318046 0.04334601 -0.04732996,
                        -0.02315151 0.04248166 -0.04780281,
                        -0.02184446 0.03870844 -0.02350830,
                        -0.02183205 0.04024875 -0.02350830,
                        -0.02182791 0.04047592 -0.02350830,
                        -0.02180310 0.04180015 -0.02350830,
                        -0.02111648 0.05108638 -0.02350830,
                        -0.02263448 0.05263779 -0.04539969,
                        -0.02174105 0.04334601 -0.02350830,
                        -0.02173278 0.04350115 -0.02350830,
                        -0.02164178 0.04489741 -0.02350830,
                        -0.02153424 0.04642665 -0.02350830,
                        -0.02138947 0.04821630 -0.02350830,
                        -0.02226222 0.05418364 -0.04539969,
                        -0.02191891 0.05418364 -0.04694391,
                        -0.02172451 0.05367390 -0.04788959,
                        -0.02121989 0.05263779 -0.04884126,
                        -0.02044641 0.05263779 -0.04961936,
                        -0.02056223 0.05108638 -0.04979892,
                        -0.02017756 0.03716257 -0.05249831,
                        -0.02095517 0.03716257 -0.05175912,
                        -0.02027683 0.03561118 -0.05257612,
                        -0.02105030 0.03561118 -0.05172022,
                        -0.02007829 0.03317881 -0.05239357,
                        -0.02159629 0.03482440 -0.05082840,
                        -0.02315151 0.04248166 -0.04756639,
                        -0.02184446 0.03561118 -0.05004432,
                        -0.02249385 0.03870844 -0.04849711,
                        -0.02262620 0.03870844 -0.04694691,
                        -0.02267998 0.03870844 -0.04539969,
                        -0.02173692 0.03716257 -0.02350830,
                        -0.02218363 0.05418364 -0.04385248,
                        -0.02057050 0.05264886 -0.02350830,
                        -0.02008656 0.05968003 -0.03527548,
                        -0.02038023 0.05882676 -0.03611343,
                        -0.02177828 0.05577937 -0.04393627,
                        -0.02160869 0.05653291 -0.04450788,
                        -0.02160869 0.05653291 -0.04466649,
                        -0.02177828 0.05567410 -0.04527101,
                        -0.02169969 0.05512556 -0.04642318,
                        -0.02144324 0.05470447 -0.04745566,
                        -0.02013206 0.05664372 -0.04783872,
                        -0.02038851 0.05572950 -0.04811105,
                        -0.02083108 0.05421689 -0.04852404,
                        -0.02021892 0.05372376 -0.04940089,
                        -0.01916418 0.05254359 -0.05039147,
                        -0.01952817 0.05108638 -0.05057103,
                        -0.01926759 0.03716257 -0.05298312,
                        -0.01926759 0.03561118 -0.05314473,
                        -0.01926759 0.03406532 -0.05298911,
                        -0.02016929 0.03406532 -0.05246838,
                        -0.01929241 0.03260257 -0.05265093,
                        -0.01879192 0.03130605 -0.05250729,
                        -0.01982184 0.03214823 -0.05219007,
                        -0.02039264 0.03260257 -0.05163941,
                        -0.02172451 0.03434790 -0.04849711,
                        -0.02023960 0.03141132 -0.05115759,
                        -0.02100480 0.03251392 -0.05004432,
                        -0.02086417 0.03096806 -0.04849711,
                        -0.02114544 0.03096806 -0.04694691,
                        -0.02236976 0.03716257 -0.04075507,
                        -0.02174519 0.03716257 -0.02372976,
                        -0.02177828 0.03394343 -0.04702770,
                        -0.02198923 0.03561118 -0.04849711,
                        -0.02224567 0.03716257 -0.04849711,
                        -0.02212159 0.03561118 -0.04694691,
                        -0.02218777 0.03561118 -0.04539969,
                        -0.02244008 0.03716257 -0.04539969,
                        -0.02203059 0.03406532 -0.04230228,
                        -0.02201818 0.03406532 -0.04075507,
                        -0.02220017 0.03561118 -0.04075507,
                        -0.02196027 0.03406532 -0.03920786,
                        -0.02155079 0.03207620 -0.03456622,
                        -0.02097171 0.03096806 -0.02350830,
                        -0.02045055 0.05284279 -0.02350830,
                        -0.01276130 0.06165806 -0.02350830,
                        -0.01222773 0.06417908 -0.02775191,
                        -0.01870506 0.06139210 -0.03642467,
                        -0.01879192 0.06153617 -0.03766364,
                        -0.02013206 0.05975760 -0.03611343,
                        -0.02007829 0.05344119 -0.02350830,
                        -0.02015688 0.05977422 -0.03766364,
                        -0.02012792 0.05972989 -0.03920786,
                        -0.02009070 0.05968557 -0.04075507,
                        -0.02006588 0.05964678 -0.04164389,
                        -0.01881260 0.06155833 -0.04230228,
                        -0.01862234 0.06130346 -0.04385248,
                        -0.01850239 0.06116494 -0.04464554,
                        -0.01923863 0.05720887 -0.04818287,
                        -0.01932136 0.05583478 -0.04894002,
                        -0.01987148 0.05475987 -0.04915849,
                        -0.01861820 0.05976868 -0.04639625,
                        -0.01822526 0.05935313 -0.04742872,
                        -0.01870093 0.05832255 -0.04789558,
                        -0.01932136 0.05421689 -0.04967323,
                        -0.01858098 0.05197290 -0.05085533,
                        -0.01769582 0.05420026 -0.05047227,
                        -0.01716225 0.05369606 -0.05092117,
                        -0.01875470 0.05108638 -0.05092716,
                        -0.01772064 0.03716257 -0.05342305,
                        -0.01772064 0.05108638 -0.05132219,
                        -0.01772064 0.03561118 -0.05357567,
                        -0.01772064 0.03406532 -0.05355173,
                        -0.01772064 0.03251392 -0.05330334,
                        -0.01843621 0.03027547 -0.05233072,
                        -0.01784059 0.03086279 -0.05278860,
                        -0.01703403 0.02853569 -0.05240853,
                        -0.01935445 0.03084616 -0.05174416,
                        -0.02163765 0.03307353 -0.04656684,
                        -0.01882088 0.02942220 -0.05123840,
                        -0.01853548 0.02858002 -0.05090022,
                        -0.01991698 0.03038075 -0.05052015,
                        -0.02013620 0.03005384 -0.04949067,
                        -0.02040505 0.03092374 -0.05002038,
                        -0.02032233 0.02972694 -0.04849711,
                        -0.02048778 0.02928369 -0.04706960,
                        -0.02078972 0.02942220 -0.04539969,
                        -0.02126125 0.03096806 -0.04539969,
                        -0.02151356 0.03209283 -0.04539969,
                        -0.02168315 0.03286853 -0.04539969,
                        -0.02191891 0.03406532 -0.04539969,
                        -0.02198095 0.03406532 -0.04385248,
                        -0.02176173 0.03254716 -0.04230228,
                        -0.02175760 0.03253054 -0.04075507,
                        -0.02156733 0.03190444 -0.03611343,
                        -0.02076490 0.02942220 -0.02350830,
                        -0.02116198 0.03096806 -0.02837438,
                        -0.01197128 0.06232295 -0.02350830,
                        -0.01119367 0.06451153 -0.02716535,
                        -0.01163625 0.06462788 -0.02831154,
                        -0.01241800 0.06435085 -0.02878438,
                        -0.01179756 0.06242822 -0.02350830,
                        -0.01714570 0.06281607 -0.03674189,
                        -0.01804740 0.06231187 -0.03766364,
                        -0.01809290 0.06238944 -0.03920786,
                        -0.01814667 0.06245038 -0.04075507,
                        -0.01886224 0.06167468 -0.04075507,
                        -0.01963571 0.06045573 -0.04075507,
                        -0.01807222 0.06233403 -0.04230228,
                        -0.01706712 0.06281053 -0.04482510,
                        -0.01843207 0.05642209 -0.04923331,
                        -0.01674449 0.06241714 -0.04585757,
                        -0.01571043 0.06298783 -0.04659975,
                        -0.01530922 0.06256120 -0.04763222,
                        -0.01783645 0.05583478 -0.04977498,
                        -0.01769582 0.05254359 -0.05104985,
                        -0.01671967 0.05473217 -0.05073563,
                        -0.01616955 0.05263779 -0.05151372,
                        -0.01619024 0.05420026 -0.05109774,
                        -0.01616955 0.03716257 -0.05354874,
                        -0.01616955 0.03561118 -0.05370735,
                        -0.01462261 0.05263779 -0.05175313,
                        -0.01307566 0.05263779 -0.05189678,
                        -0.01616955 0.03406532 -0.05377019,
                        -0.01514377 0.03251392 -0.05388391,
                        -0.01415108 0.03096806 -0.05397070,
                        -0.01616955 0.03251392 -0.05371034,
                        -0.01492869 0.03096806 -0.05378815,
                        -0.01389463 0.03015358 -0.05392881,
                        -0.01616955 0.03096806 -0.05343501,
                        -0.01813013 0.02942220 -0.05201350,
                        -0.01607029 0.02795946 -0.05253123,
                        -0.01549121 0.02705078 -0.05239955,
                        -0.01652113 0.02750512 -0.05212422,
                        -0.01714984 0.02682361 -0.05109176,
                        -0.01616955 0.02942220 -0.05298013,
                        -0.01819217 0.02753836 -0.05004432,
                        -0.01865543 0.02691780 -0.04805120,
                        -0.01973498 0.02785418 -0.04706960,
                        -0.02002452 0.02867421 -0.04766515,
                        -0.02016929 0.02835839 -0.04663267,
                        -0.02026442 0.02819217 -0.04539969,
                        -0.02033474 0.02809243 -0.04385248,
                        -0.02090140 0.02942220 -0.04385248,
                        -0.02134811 0.03096806 -0.04385248,
                        -0.02172865 0.03266906 -0.04385248,
                        -0.02158388 0.03177700 -0.04230228,
                        -0.02158388 0.03176039 -0.04075507,
                        -0.02158388 0.03177700 -0.03920786,
                        -0.02157560 0.03183241 -0.03766364,
                        -0.02076904 0.02942220 -0.02372976,
                        -0.02037196 0.02787080 -0.02350830,
                        -0.00955986 0.06451153 -0.02527697,
                        -0.00843067 0.06509885 -0.02527697,
                        -0.01008930 0.06486613 -0.02671944,
                        -0.00841413 0.06561967 -0.02676433,
                        -0.01159075 0.06254458 -0.02350830,
                        -0.00997762 0.06528168 -0.02837438,
                        -0.01248831 0.06591333 -0.04075507,
                        -0.01727393 0.06287702 -0.03766364,
                        -0.01729874 0.06293242 -0.04230228,
                        -0.01715811 0.06288810 -0.04385248,
                        -0.01253795 0.06594657 -0.04230228,
                        -0.01616955 0.06354744 -0.04385248,
                        -0.01498659 0.06402949 -0.04539969,
                        -0.01620678 0.06320946 -0.04536378,
                        -0.01427516 0.06304878 -0.04795843,
                        -0.01739801 0.05693184 -0.04951162,
                        -0.01399804 0.06432314 -0.04637829,
                        -0.01465156 0.06353636 -0.04700376,
                        -0.01347687 0.06407935 -0.04741077,
                        -0.01619024 0.05574612 -0.05055607,
                        -0.01568975 0.05524192 -0.05091818,
                        -0.01462261 0.05418364 -0.05148379,
                        -0.01460606 0.05574612 -0.05104387,
                        -0.01462261 0.03561118 -0.05376121,
                        -0.01418417 0.03352233 -0.05394377,
                        -0.01437030 0.03251392 -0.05398267,
                        -0.01307566 0.05418364 -0.05169029,
                        0.01014098 0.05263779 -0.05198357,
                        0.01169207 0.05108638 -0.05218707,
                        0.01014098 0.04024875 -0.05351582,
                        0.01014098 0.03870844 -0.05370436,
                        0.00754343 0.03648661 -0.05392881,
                        -0.01307566 0.03096806 -0.05405749,
                        -0.01307566 0.03000952 -0.05396771,
                        -0.01307566 0.02923382 -0.05372531,
                        -0.01307566 0.02787080 -0.05324947,
                        -0.01462261 0.02787080 -0.05294422,
                        -0.01449438 0.02954964 -0.05354575,
                        -0.01462261 0.02684023 -0.05252524,
                        -0.01307566 0.02575979 -0.05218109,
                        -0.01477565 0.02596480 -0.05162145,
                        -0.01607029 0.02659644 -0.05160350,
                        -0.01741456 0.02650779 -0.05004432,
                        -0.01539194 0.02555479 -0.05081344,
                        -0.01515204 0.02411420 -0.04905075,
                        -0.01694303 0.02554924 -0.04926323,
                        -0.01863475 0.02536640 -0.04495379,
                        -0.01889946 0.02665739 -0.04694691,
                        -0.01986321 0.02741646 -0.04539969,
                        -0.01857270 0.02390366 -0.04039894,
                        -0.01913109 0.02477355 -0.03920786,
                        -0.02039264 0.02797054 -0.04230228,
                        -0.02097999 0.02942220 -0.04230228,
                        -0.02139361 0.03096806 -0.04230228,
                        -0.02139361 0.03096806 -0.04075507,
                        -0.02138534 0.03096806 -0.03920786,
                        -0.02086417 0.02942220 -0.02992159,
                        -0.02099653 0.02942220 -0.03920786,
                        -0.02012379 0.02687348 -0.03146881,
                        -0.02007415 0.02700645 -0.02350830,
                        -0.00923724 0.06427328 -0.02445997,
                        -0.00809564 0.06439517 -0.02350830,
                        -0.01019684 0.06329811 -0.02350830,
                        -0.00710708 0.06483289 -0.02350830,
                        -0.00688373 0.06503790 -0.02372976,
                        -0.00690854 0.06562521 -0.02526201,
                        -0.00744212 0.06576373 -0.02621068,
                        -0.00788883 0.06585792 -0.02724315,
                        -0.01152871 0.06627348 -0.04075507,
                        -0.01152871 0.06633442 -0.04230228,
                        -0.01237663 0.06584130 -0.04325694,
                        -0.01244282 0.06430098 -0.04776690,
                        -0.01300534 0.06352528 -0.04809609,
                        -0.01307566 0.06189077 -0.04893404,
                        -0.01420485 0.05991828 -0.04943680,
                        -0.01468051 0.05889879 -0.04972710,
                        -0.01626469 0.05738063 -0.04980191,
                        -0.01175206 0.06556980 -0.04539969,
                        -0.01075524 0.06579698 -0.04617479,
                        -0.01300534 0.06451153 -0.04691698,
                        -0.01460606 0.05722549 -0.05050519,
                        -0.01510654 0.05627249 -0.05073563,
                        -0.01407662 0.05667142 -0.05088227,
                        -0.01295157 0.05722549 -0.05096307,
                        -0.01307566 0.05572950 -0.05134314,
                        -0.01235595 0.05808984 -0.05083439,
                        -0.01307566 0.03365531 -0.05396771,
                        -0.01307566 0.03251392 -0.05405749,
                        0.00859403 0.05418364 -0.05172022,
                        0.00394905 0.06192401 -0.05026577,
                        0.01169207 0.05263779 -0.05195364,
                        0.01323902 0.05108638 -0.05216313,
                        0.01014098 0.05418364 -0.05170226,
                        0.01407454 0.04893659 -0.05238459,
                        0.01169207 0.04024875 -0.05346793,
                        0.01169207 0.03870844 -0.05360560,
                        0.01002103 0.03704622 -0.05383903,
                        0.00942542 0.03645891 -0.05391983,
                        0.00859403 0.03651431 -0.05392881,
                        0.00859403 0.03561118 -0.05400063,
                        0.00703468 0.03570537 -0.05398567,
                        0.00549600 0.03138916 -0.05394377,
                        0.00394905 0.02942220 -0.05380910,
                        -0.01197542 0.02998736 -0.05397370,
                        0.00704708 0.03406532 -0.05407844,
                        0.00240210 0.02787080 -0.05358764,
                        0.00085515 0.02632494 -0.05315370,
                        -0.00069593 0.02632494 -0.05313275,
                        -0.01152871 0.02787080 -0.05331531,
                        -0.01307566 0.02653549 -0.05266291,
                        -0.00997762 0.02541627 -0.05245342,
                        -0.01109027 0.02547722 -0.05242050,
                        -0.01212019 0.02561020 -0.05232473,
                        -0.01197542 0.02408096 -0.05071767,
                        -0.01307566 0.02504504 -0.05140598,
                        -0.01435789 0.02531099 -0.05112767,
                        -0.01475497 0.02471260 -0.05011614,
                        -0.01411799 0.02389257 -0.04941586,
                        -0.01372091 0.02250740 -0.04759631,
                        -0.01555326 0.02387041 -0.04801828,
                        -0.01649632 0.02281768 -0.04385248,
                        -0.01733183 0.02359337 -0.04385248,
                        -0.01810944 0.02439678 -0.04385248,
                        -0.01835762 0.02417515 -0.04230228,
                        -0.01846930 0.02403109 -0.04143141,
                        -0.01875470 0.02517248 -0.04385248,
                        -0.01793159 0.02332188 -0.04085083,
                        -0.01703403 0.02235779 -0.04075507,
                        -0.01717466 0.02219157 -0.03920786,
                        -0.01657904 0.02126073 -0.03766364,
                        -0.01729874 0.02203089 -0.03766364,
                        -0.01740215 0.02191454 -0.03611343,
                        -0.01863061 0.02381500 -0.03920786,
                        -0.01865543 0.02375406 -0.03766364,
                        -0.01865956 0.02369865 -0.03611343,
                        -0.01915591 0.02477355 -0.03766364,
                        -0.01976807 0.02616981 -0.03920786,
                        -0.02007829 0.02701199 -0.04033609,
                        -0.02010724 0.02694551 -0.03920786,
                        -0.02036783 0.02773783 -0.04081193,
                        -0.02100480 0.02942220 -0.04075507,
                        -0.02048778 0.02787080 -0.03920786,
                        -0.02012792 0.02689010 -0.03301901,
                        -0.01982598 0.02609778 -0.03146881,
                        -0.01983425 0.02613656 -0.02992159,
                        -0.01979289 0.02623075 -0.02350830,
                        -0.00688373 0.06492708 -0.02350830,
                        -0.00535746 0.06545899 -0.02350830,
                        -0.00533678 0.06557534 -0.02376268,
                        -0.00585381 0.06575819 -0.02473530,
                        -0.00334312 0.06744811 -0.03183990,
                        -0.00383119 0.06753122 -0.03307288,
                        -0.00533678 0.06775285 -0.03920786,
                        -0.00771097 0.06735391 -0.04147630,
                        -0.01154939 0.06601860 -0.04380460,
                        -0.00771097 0.06735391 -0.04157207,
                        -0.00997762 0.06673336 -0.04230228,
                        -0.01152871 0.06438409 -0.04782076,
                        -0.01152871 0.06346987 -0.04838338,
                        -0.01152871 0.06230078 -0.04905973,
                        -0.00307013 0.06735945 -0.04619275,
                        -0.01255863 0.06134779 -0.04937097,
                        -0.01307566 0.06041140 -0.04961936,
                        -0.00378569 0.06788582 -0.04385248,
                        -0.00477011 0.06743148 -0.04484006,
                        -0.00366574 0.06754230 -0.04537276,
                        -0.01295157 0.05869378 -0.05040643,
                        -0.01338587 0.05770754 -0.05068475,
                        -0.01152871 0.06152508 -0.04944578,
                        0.00275782 0.06437301 -0.04938294,
                        0.00394905 0.06346987 -0.04984381,
                        0.01169207 0.06037816 -0.04990067,
                        0.01014098 0.05572950 -0.05132518,
                        0.01323902 0.05263779 -0.05182196,
                        0.01478596 0.05108638 -0.05177109,
                        0.01536917 0.04683112 -0.05229780,
                        0.01558012 0.04579501 -0.05238159,
                        0.01478596 0.04334601 -0.05280955,
                        0.01323902 0.04180015 -0.05316268,
                        0.01323902 0.04024875 -0.05325845,
                        0.01169207 0.03716257 -0.05357268,
                        0.00950400 0.03406532 -0.05394976,
                        0.00953296 0.03561118 -0.05394976,
                        0.00859403 0.03406532 -0.05403056,
                        0.00696436 0.03248622 -0.05398866,
                        0.00549600 0.03061346 -0.05386297,
                        0.00549600 0.02942220 -0.05370735,
                        0.00394905 0.02787080 -0.05351582,
                        0.00240210 0.02632494 -0.05312378,
                        0.00240210 0.02500072 -0.05258809,
                        0.00240210 0.02422502 -0.05226488,
                        -0.00069593 0.02506166 -0.05259108,
                        0.00085515 0.02424718 -0.05224991,
                        -0.00069593 0.02428596 -0.05221700,
                        -0.00223874 0.02336066 -0.05140299,
                        -0.00378569 0.02346040 -0.05134613,
                        -0.00533678 0.02355459 -0.05127431,
                        -0.00688373 0.02365986 -0.05118153,
                        -0.00843067 0.02375960 -0.05108278,
                        -0.00997762 0.02387041 -0.05096606,
                        -0.01094550 0.02395352 -0.05087029,
                        -0.01153285 0.02477909 -0.05159751,
                        -0.01076351 0.02244645 -0.04927520,
                        -0.01307566 0.02426934 -0.05046628,
                        -0.01307566 0.02367649 -0.04969118,
                        -0.01179756 0.02264591 -0.04899688,
                        -0.01315425 0.02284538 -0.04848513,
                        -0.01406835 0.02228577 -0.04656384,
                        -0.01269099 0.02229685 -0.04796441,
                        -0.01212019 0.02096708 -0.04600421,
                        -0.01239318 0.01929378 -0.04166484,
                        -0.01547467 0.02240212 -0.04473233,
                        -0.01678585 0.02256834 -0.04260155,
                        -0.01572284 0.02225806 -0.04385248,
                        -0.01746006 0.02314458 -0.04217359,
                        -0.01695544 0.02244645 -0.04157207,
                        -0.01671967 0.02113884 -0.03611343,
                        -0.01580557 0.02057923 -0.03766364,
                        -0.01594620 0.02043517 -0.03611343,
                        -0.01747247 0.02184251 -0.03456622,
                        -0.01824594 0.02288416 -0.03456622,
                        -0.01827903 0.02286200 -0.03301901,
                        -0.01865956 0.02365986 -0.03456622,
                        -0.01923450 0.02477355 -0.03146881,
                        -0.02012379 0.02692334 -0.03766364,
                        -0.01924277 0.02477355 -0.02992159,
                        -0.01922209 0.02477355 -0.02350830,
                        -0.00470393 0.06565846 -0.02350830,
                        -0.00390564 0.06579143 -0.02350830,
                        -0.00482389 0.06582468 -0.02430435,
                        -0.00223874 0.06748135 -0.03165734,
                        -0.00223874 0.06768082 -0.03301901,
                        -0.00350029 0.06584130 -0.02350830,
                        -0.00378569 0.06767527 -0.03456622,
                        -0.00378569 0.06801880 -0.04075507,
                        -0.00533678 0.06781933 -0.04075507,
                        -0.00533678 0.06775285 -0.04230228,
                        -0.00997762 0.06447828 -0.04791054,
                        -0.00997762 0.06346987 -0.04855397,
                        -0.00208984 0.06759216 -0.04555531,
                        -0.00250760 0.06735945 -0.04619275,
                        0.00138873 0.06586346 -0.04781179,
                        -0.00378569 0.06801326 -0.04230228,
                        -0.00223874 0.06797447 -0.04385248,
                        0.00394905 0.06433977 -0.04935601,
                        0.00188094 0.06586346 -0.04781179,
                        0.00472253 0.06424557 -0.04926922,
                        0.01169207 0.06151401 -0.04950564,
                        0.01270131 0.06133670 -0.04941286,
                        0.01493487 0.05278184 -0.05126832,
                        0.01555117 0.05339686 -0.05081643,
                        0.01574970 0.05236629 -0.05097205,
                        0.01563803 0.04489741 -0.05243546,
                        0.01589861 0.05108638 -0.05110672,
                        0.01667209 0.05108638 -0.05046329,
                        0.01752828 0.05108638 -0.04968819,
                        0.01573730 0.04334601 -0.05252225,
                        0.01478596 0.04180015 -0.05286042,
                        0.01323902 0.03870844 -0.05318662,
                        0.01169207 0.03561118 -0.05340509,
                        0.01027748 0.03406532 -0.05371333,
                        0.00938405 0.03325638 -0.05391983,
                        0.00859403 0.03303475 -0.05396172,
                        0.00704708 0.02942220 -0.05351881,
                        0.00549600 0.02787080 -0.05334823,
                        0.00394905 0.02632494 -0.05299809,
                        0.00394905 0.02511707 -0.05253721,
                        0.00394905 0.02434137 -0.05220503,
                        0.00394905 0.02333850 -0.05143292,
                        0.00234006 0.02308363 -0.05136109,
                        0.00091720 0.02308363 -0.05134912,
                        -0.00069593 0.02328309 -0.05144190,
                        -0.00069593 0.02250740 -0.05076555,
                        -0.00223874 0.02258497 -0.05068475,
                        -0.00223874 0.02180373 -0.04991264,
                        -0.00223874 0.02102803 -0.04913156,
                        -0.00378569 0.02113330 -0.04900586,
                        -0.00688373 0.02213617 -0.04959542,
                        -0.00533678 0.02124411 -0.04886521,
                        -0.00688373 0.02136601 -0.04870660,
                        -0.00688373 0.02075099 -0.04793149,
                        -0.00800051 0.02084518 -0.04780580,
                        -0.00903043 0.02093383 -0.04767113,
                        -0.00997762 0.02105573 -0.04744967,
                        -0.01137980 0.02215279 -0.04848513,
                        -0.01157421 0.02126073 -0.04691399,
                        -0.01109027 0.02079532 -0.04637530,
                        -0.01032093 0.01948771 -0.04433430,
                        -0.01095377 0.01925500 -0.04330183,
                        -0.01149148 0.01906107 -0.04223045,
                        -0.01152871 0.01850146 -0.04075507,
                        -0.01262894 0.01911648 -0.04075507,
                        -0.01312529 0.01892810 -0.03915399,
                        -0.01392358 0.01929378 -0.03860334,
                        -0.01557807 0.02076761 -0.03920786,
                        -0.01678999 0.02107235 -0.03456622,
                        -0.01539608 0.01936027 -0.03067874,
                        -0.01545399 0.01930486 -0.02964627,
                        -0.01483355 0.01980353 -0.03766364,
                        -0.01499073 0.01965947 -0.03611343,
                        -0.01405181 0.01762603 -0.02527697,
                        -0.01684790 0.02101140 -0.03301901,
                        -0.01705884 0.02076761 -0.02682717,
                        -0.01750556 0.02178156 -0.03301901,
                        -0.01709193 0.02071221 -0.02527697,
                        -0.01829144 0.02285092 -0.03146881,
                        -0.01866370 0.02363216 -0.03301901,
                        -0.01710848 0.02066788 -0.02350830,
                        -0.01867611 0.02362108 -0.03146881,
                        -0.01869679 0.02361554 -0.02350830,
                        -0.00111783 0.06742594 -0.03186683,
                        -0.00256964 0.06583022 -0.02350830,
                        -0.00069593 0.06780825 -0.04230228,
                        -0.00223874 0.06802988 -0.04230228,
                        -0.00094410 0.06746472 -0.03301901,
                        -0.00069593 0.06757000 -0.04526203,
                        -0.00148181 0.06734283 -0.04617180,
                        -0.00069593 0.06781933 -0.04385248,
                        0.00085515 0.06747027 -0.04497773,
                        0.00085515 0.06716553 -0.04574983,
                        0.00239797 0.06619037 -0.04702172,
                        0.00291499 0.06572495 -0.04759033,
                        0.01142321 0.06308756 -0.04808412,
                        0.01245313 0.06268864 -0.04768011,
                        0.01322661 0.06160265 -0.04840733,
                        0.01406626 0.06120372 -0.04783273,
                        0.01368987 0.06037816 -0.04887419,
                        0.01734215 0.05231088 -0.04952359,
                        0.01800395 0.05108638 -0.04849711,
                        0.01817767 0.04954052 -0.04849711,
                        0.01756551 0.04954052 -0.04971812,
                        0.01716429 0.04334601 -0.05089125,
                        0.01713948 0.04428793 -0.05086132,
                        0.01651077 0.04334601 -0.05166635,
                        0.01716843 0.04180015 -0.05089723,
                        0.01646527 0.04180015 -0.05167233,
                        0.01569180 0.04180015 -0.05248335,
                        0.01483560 0.04035957 -0.05268086,
                        0.01266822 0.03251392 -0.05249233,
                        0.01169207 0.03251392 -0.05295319,
                        0.01169207 0.03406532 -0.05318363,
                        0.00999621 0.03265244 -0.05361457,
                        0.01014098 0.03096806 -0.05326144,
                        0.00859403 0.02942220 -0.05327341,
                        0.00859403 0.03096806 -0.05359961,
                        0.00704708 0.02787080 -0.05311779,
                        0.00640597 0.02548830 -0.05239057,
                        0.00549600 0.02632494 -0.05281254,
                        0.00549600 0.02533870 -0.05244744,
                        0.00549600 0.02456300 -0.05208233,
                        0.00549600 0.02351026 -0.05131022,
                        0.00394905 0.02256280 -0.05069672,
                        0.00281159 0.02246861 -0.05079847,
                        0.00178167 0.02244645 -0.05082541,
                        0.00147559 0.02244645 -0.05082541,
                        0.00044567 0.02246861 -0.05080146,
                        -0.00069593 0.02174278 -0.04999045,
                        -0.00069593 0.02096708 -0.04919440,
                        -0.00223874 0.02045179 -0.04835645,
                        -0.00378569 0.02052382 -0.04823375,
                        -0.00533678 0.02062910 -0.04809310,
                        -0.00601098 0.01936581 -0.04615684,
                        -0.00688373 0.02005840 -0.04694691,
                        -0.00843067 0.01961514 -0.04569896,
                        -0.00688373 0.01943784 -0.04603414,
                        -0.00997762 0.02061801 -0.04667457,
                        -0.00987422 0.01982569 -0.04527400,
                        -0.00929101 0.01933257 -0.04467547,
                        -0.00987422 0.01912756 -0.04383153,
                        -0.00997762 0.01849592 -0.04230228,
                        -0.01007689 0.01796401 -0.04081193,
                        -0.01065597 0.01783103 -0.03987223,
                        -0.01151630 0.01805266 -0.03929764,
                        -0.01209124 0.01789752 -0.03766364,
                        -0.01229805 0.01780887 -0.03687357,
                        -0.01406008 0.01919405 -0.03766364,
                        -0.01550362 0.01925500 -0.02837438,
                        -0.01421726 0.01908878 -0.03611343,
                        -0.01307566 0.01691128 -0.02527697,
                        -0.01248004 0.01628518 -0.02350830,
                        -0.01409730 0.01757616 -0.02372976,
                        -0.01482528 0.01836848 -0.02527697,
                        -0.01638464 0.01994205 -0.02527697,
                        -0.01645909 0.01989218 -0.02350830,
                        -0.01702162 0.02055707 -0.02350830,
                        -0.01767928 0.02168183 -0.02350830,
                        -0.01776200 0.02183697 -0.02350830,
                        -0.00063802 0.06722647 -0.03139998,
                        -0.00017063 0.06728189 -0.03301901,
                        -0.00186648 0.06573602 -0.02350830,
                        -0.00113437 0.06561967 -0.02350830,
                        -0.00077866 0.06555873 -0.02350830,
                        0.00063180 0.06529277 -0.02350830,
                        0.00085515 0.06524844 -0.02350830,
                        0.00085515 0.06758108 -0.04385248,
                        0.00168240 0.06736500 -0.04284994,
                        0.00094615 0.06749797 -0.04232323,
                        0.00174858 0.06738716 -0.04476226,
                        0.00231938 0.06699377 -0.04532787,
                        0.01184097 0.06320946 -0.04707858,
                        0.01012030 0.06399624 -0.04691399,
                        0.01255240 0.06276620 -0.04665063,
                        0.01313561 0.06218997 -0.04707858,
                        0.01416553 0.06129238 -0.04694691,
                        0.01515823 0.06028951 -0.04543860,
                        0.01478596 0.06037816 -0.04694691,
                        0.01431443 0.06037816 -0.04810208,
                        0.01647355 0.05728090 -0.04539969,
                        0.01552635 0.05951935 -0.04598027,
                        0.01586966 0.05893203 -0.04543860,
                        0.01704021 0.05612843 -0.04385248,
                        0.01822730 0.05263779 -0.02682717,
                        0.01844653 0.05108638 -0.02682717,
                        0.01862438 0.05003365 -0.02527697,
                        0.01874847 0.04934660 -0.02372976,
                        0.01822730 0.04954052 -0.04694691,
                        0.01906696 0.04180015 -0.02350830,
                        0.01858716 0.04180015 -0.03766364,
                        0.01857888 0.04024875 -0.03766364,
                        0.01856648 0.03870844 -0.03766364,
                        0.01793363 0.04180015 -0.04849711,
                        0.01755724 0.04180015 -0.05004432,
                        0.01757378 0.04334601 -0.05004432,
                        0.01714775 0.04024875 -0.05086730,
                        0.01712293 0.03943427 -0.05083139,
                        0.01558839 0.04094689 -0.05238758,
                        0.01253172 0.03161632 -0.05240853,
                        0.01169620 0.03104563 -0.05264495,
                        0.01118331 0.02979897 -0.05251926,
                        0.01023612 0.02933909 -0.05277064,
                        0.00978113 0.02822541 -0.05254919,
                        0.00866849 0.02777107 -0.05271977,
                        0.00820109 0.02677374 -0.05248035,
                        0.00744003 0.02574317 -0.05229182,
                        0.00697263 0.02628062 -0.05257612,
                        0.00697263 0.02489544 -0.05189379,
                        0.00704708 0.02378176 -0.05105584,
                        0.00549600 0.02274011 -0.05048424,
                        0.00394905 0.02185913 -0.04992461,
                        0.00240210 0.02096708 -0.04918841,
                        0.00234006 0.02188130 -0.05018797,
                        0.00085515 0.02095600 -0.04920637,
                        -0.00069593 0.02044071 -0.04841930,
                        -0.00223874 0.01968163 -0.04717435,
                        -0.00378569 0.01974812 -0.04710551,
                        -0.00498106 0.01931041 -0.04624662,
                        -0.00543191 0.01895580 -0.04554334,
                        -0.00688373 0.01900012 -0.04525904,
                        -0.00843067 0.01919959 -0.04492386,
                        -0.00843067 0.01871755 -0.04385248,
                        -0.00846790 0.01806928 -0.04227235,
                        -0.00900561 0.01785874 -0.04136856,
                        -0.00790124 0.01616882 -0.03715189,
                        -0.00986595 0.01660100 -0.03602066,
                        -0.01099100 0.01771468 -0.03883976,
                        -0.00842240 0.01606355 -0.03602066,
                        -0.00893529 0.01636275 -0.03647555,
                        -0.00927033 0.01623531 -0.03544308,
                        -0.01030439 0.01642923 -0.03456622,
                        -0.00668105 0.01240668 -0.02350830,
                        -0.00695818 0.01257844 -0.02350830,
                        -0.01078832 0.01623531 -0.03239354,
                        -0.01229391 0.01626301 -0.02446596,
                        -0.01567321 0.01909432 -0.02372976,
                        -0.01226082 0.01613558 -0.02350830,
                        -0.01396908 0.01746535 -0.02350830,
                        -0.01409730 0.01757616 -0.02350830,
                        -0.01420898 0.01767590 -0.02350830,
                        -0.01568148 0.01908878 -0.02350830,
                        0.00085515 0.06646740 -0.02992159,
                        0.00085515 0.06674443 -0.03146881,
                        0.00241451 0.06476640 -0.02350830,
                        0.00085515 0.06689403 -0.03301901,
                        0.00634393 0.06581914 -0.04451386,
                        0.00176099 0.06739270 -0.04385248,
                        0.00634393 0.06581914 -0.04470839,
                        0.00959086 0.06433423 -0.04637530,
                        0.01169207 0.06330919 -0.04539969,
                        0.00970254 0.06442288 -0.04539969,
                        0.01047602 0.06401286 -0.04539969,
                        0.01255654 0.06276620 -0.04539969,
                        0.01437648 0.06142535 -0.04385248,
                        0.01431030 0.06140319 -0.04539969,
                        0.01514995 0.06057763 -0.04385248,
                        0.01561735 0.05971881 -0.04494780,
                        0.01666795 0.05728090 -0.04385248,
                        0.01773096 0.05418364 -0.02682717,
                        0.01873192 0.04946296 -0.02350830,
                        0.01819422 0.05263779 -0.02527697,
                        0.01845066 0.05108638 -0.02350830,
                        0.01847548 0.05095341 -0.02350830,
                        0.01862438 0.05012784 -0.02350830,
                        0.01874847 0.04935214 -0.02350830,
                        0.01877329 0.04915268 -0.02350830,
                        0.01888083 0.04798913 -0.02372976,
                        0.01890151 0.04776750 -0.02350830,
                        0.01895528 0.04644327 -0.02350830,
                        0.01896355 0.04622164 -0.02350830,
                        0.01900905 0.04489741 -0.02350830,
                        0.01904628 0.04334601 -0.02350830,
                        0.01907110 0.04024875 -0.02350830,
                        0.01890978 0.04024875 -0.02837438,
                        0.01895114 0.03870844 -0.02682717,
                        0.01892633 0.03716257 -0.02682717,
                        0.01866988 0.03624282 -0.03259704,
                        0.01850857 0.03716257 -0.03766364,
                        0.01782195 0.04024875 -0.04849711,
                        0.01746210 0.04024875 -0.05004432,
                        0.01557185 0.03481331 -0.05082541,
                        0.01726770 0.03883033 -0.05002337,
                        0.01718911 0.03453628 -0.04797638,
                        0.01702780 0.03561118 -0.04904477,
                        0.01584484 0.03251392 -0.04959542,
                        0.01434753 0.03251392 -0.05113665,
                        0.01414071 0.03140578 -0.05094810,
                        0.01323488 0.03099577 -0.05158255,
                        0.01293294 0.02942220 -0.05118752,
                        0.01264754 0.02831960 -0.05094511,
                        0.01221737 0.03058575 -0.05221401,
                        0.01081519 0.02876840 -0.05231576,
                        0.01023612 0.02777107 -0.05215714,
                        0.00923515 0.02719484 -0.05232174,
                        0.00866849 0.02628062 -0.05211225,
                        0.00846167 0.02480125 -0.05122942,
                        0.00715049 0.02292295 -0.05001738,
                        0.00669964 0.02227468 -0.04948469,
                        0.00786192 0.02397014 -0.05085234,
                        0.00549600 0.02207522 -0.04971213,
                        0.00394905 0.02108897 -0.04902083,
                        0.00394905 0.02057369 -0.04824572,
                        0.00240210 0.02045733 -0.04841631,
                        0.00085515 0.02044625 -0.04843426,
                        -0.00069593 0.01967055 -0.04715938,
                        -0.00223874 0.01922729 -0.04639924,
                        -0.00378569 0.01926054 -0.04633041,
                        -0.00378569 0.01873971 -0.04539969,
                        -0.00378569 0.01805820 -0.04406197,
                        -0.00539468 0.01806375 -0.04375672,
                        -0.00688373 0.01833524 -0.04385248,
                        -0.00797569 0.01772576 -0.04173666,
                        -0.00723117 0.01634612 -0.03818436,
                        -0.00678446 0.01609125 -0.03766663,
                        -0.00688373 0.01567016 -0.03611343,
                        -0.00531196 0.01188585 -0.02350830,
                        -0.00553118 0.01193572 -0.02350830,
                        0.00919792 0.06418463 -0.04075507,
                        0.00859403 0.06481627 -0.04385248,
                        0.00718358 0.06287702 -0.02350830,
                        0.00744830 0.06277175 -0.02350830,
                        0.00772129 0.06266093 -0.02350830,
                        0.00787433 0.06272188 -0.02434026,
                        0.00906970 0.06257228 -0.02682717,
                        0.01147285 0.06301553 -0.04075507,
                        0.01224632 0.06256120 -0.04075507,
                        0.01250277 0.06272188 -0.04440613,
                        0.00955364 0.06436747 -0.04385248,
                        0.01310666 0.06227862 -0.04387343,
                        0.01426894 0.06134224 -0.04230228,
                        0.01551394 0.05800673 -0.02653988,
                        0.01596479 0.05704265 -0.02350830,
                        0.01563389 0.05975206 -0.04261052,
                        0.01565871 0.05980192 -0.04385248,
                        0.01606406 0.05882676 -0.04385248,
                        0.01723461 0.05517543 -0.02682717,
                        0.01764410 0.05418364 -0.02527697,
                        0.01811563 0.05263779 -0.02350830,
                        0.01816940 0.05241061 -0.02350830,
                        0.01888496 0.04798913 -0.02350830,
                        0.01905455 0.03870844 -0.02350830,
                        0.01900078 0.03870844 -0.02527697,
                        0.01898010 0.03716257 -0.02527697,
                        0.01891806 0.03561118 -0.02527697,
                        0.01886015 0.03561118 -0.02682717,
                        0.01872365 0.03397667 -0.02680622,
                        0.01862438 0.03367193 -0.02837438,
                        0.01859543 0.03568321 -0.03307288,
                        0.01836380 0.03561118 -0.03766364,
                        0.01809081 0.03406532 -0.03920786,
                        0.01823144 0.03561118 -0.03920786,
                        0.01746210 0.03561118 -0.04694691,
                        0.01763169 0.03870844 -0.04849711,
                        0.01727184 0.03561118 -0.04827266,
                        0.01566698 0.03149997 -0.04938593,
                        0.01512100 0.03251392 -0.05037052,
                        0.01393804 0.03037521 -0.05074759,
                        0.01725116 0.03422600 -0.04694691,
                        0.01706503 0.03345030 -0.04694691,
                        0.01677135 0.03251392 -0.04694691,
                        0.01641150 0.03251392 -0.04849711,
                        0.01687062 0.03403762 -0.04849411,
                        0.01235386 0.02728903 -0.05065782,
                        0.01177893 0.02783202 -0.05133117,
                        0.01370641 0.02942220 -0.05046329,
                        0.01132394 0.02670172 -0.05107978,
                        0.01020303 0.02624183 -0.05138204,
                        0.00973150 0.02533316 -0.05102591,
                        0.00773370 0.02249632 -0.04922133,
                        0.00704295 0.02167629 -0.04849112,
                        0.00635220 0.02087843 -0.04776390,
                        0.00549600 0.02129952 -0.04871557,
                        0.01076142 0.02567114 -0.05067877,
                        0.00549600 0.02076761 -0.04794346,
                        0.00383324 0.01978137 -0.04681223,
                        0.00323762 0.01934365 -0.04620771,
                        0.00240210 0.01968163 -0.04704566,
                        0.00085515 0.01967055 -0.04711150,
                        -0.00069593 0.01923838 -0.04638727,
                        -0.00223874 0.01866768 -0.04539969,
                        -0.00223874 0.01802496 -0.04413978,
                        -0.00378569 0.01771468 -0.04328986,
                        -0.00491488 0.01776455 -0.04317913,
                        -0.00594894 0.01783103 -0.04302650,
                        -0.00688373 0.01791415 -0.04280804,
                        -0.00688373 0.01761495 -0.04203294,
                        -0.00688373 0.01714953 -0.04075507,
                        -0.00620125 0.01624085 -0.03848961,
                        -0.00378569 0.01165868 -0.02350830,
                        0.01014098 0.06373029 -0.04075507,
                        0.00849476 0.06230078 -0.02350830,
                        0.01014098 0.06176888 -0.02527697,
                        0.01014098 0.06202929 -0.02682717,
                        0.01014098 0.06354190 -0.03920786,
                        0.01133221 0.06293797 -0.03920786,
                        0.01124949 0.06138657 -0.02682717,
                        0.01281712 0.05986287 -0.02350830,
                        0.01292880 0.05978530 -0.02350830,
                        0.01359060 0.05927002 -0.02350830,
                        0.01453779 0.05849432 -0.02350830,
                        0.01531127 0.05781835 -0.02350830,
                        0.01674654 0.05574058 -0.02350830,
                        0.01674654 0.05577383 -0.02372976,
                        0.01752001 0.05420026 -0.02350830,
                        0.01761928 0.05396201 -0.02350830,
                        0.01901732 0.03716257 -0.02372976,
                        0.01901732 0.03716257 -0.02350830,
                        0.01894701 0.03561118 -0.02372976,
                        0.01893460 0.03538955 -0.02350830,
                        0.01883119 0.03406532 -0.02372976,
                        0.01878983 0.03406532 -0.02527697,
                        0.01868643 0.03302367 -0.02527697,
                        0.01866575 0.03320651 -0.02627951,
                        0.01864506 0.03340597 -0.02731199,
                        0.01850857 0.03251392 -0.02837438,
                        0.01843412 0.03251392 -0.02992159,
                        0.01819422 0.03406532 -0.03766364,
                        0.01833485 0.03251392 -0.03146881,
                        0.01781368 0.03251392 -0.03920786,
                        0.01586138 0.03120077 -0.04849711,
                        0.01545190 0.03042507 -0.04849711,
                        0.01407454 0.02854677 -0.04938593,
                        0.01435993 0.02942220 -0.04969118,
                        0.01763169 0.03251392 -0.04075507,
                        0.01711052 0.03019236 -0.03998595,
                        0.01675067 0.02957180 -0.04060244,
                        0.01265581 0.02689564 -0.04962535,
                        0.01175825 0.02628616 -0.05015205,
                        0.00830863 0.02210292 -0.04818886,
                        0.00738212 0.02107235 -0.04730602,
                        0.00693954 0.02071775 -0.04685413,
                        0.00608748 0.01941014 -0.04444802,
                        0.00554150 0.01962069 -0.04539072,
                        0.00427168 0.01947109 -0.04589947,
                        0.01116263 0.02529991 -0.04964629,
                        0.01099718 0.02392582 -0.04782974,
                        0.00934269 0.02247415 -0.04767712,
                        0.00383324 0.01913310 -0.04539072,
                        0.00226147 0.01815240 -0.04370584,
                        0.00240210 0.01887823 -0.04539969,
                        0.00085515 0.01877296 -0.04539969,
                        -0.00069593 0.01804158 -0.04410985,
                        -0.00069593 0.01869539 -0.04539969,
                        -0.00223874 0.01768144 -0.04336468,
                        -0.00223874 0.01721602 -0.04230228,
                        -0.00378569 0.01729913 -0.04230228,
                        -0.00539468 0.01752630 -0.04242797,
                        -0.00533678 0.01689465 -0.04075507,
                        -0.00533678 0.01619098 -0.03865421,
                        -0.00223874 0.01145922 -0.02350830,
                        -0.00533678 0.01644032 -0.03942632,
                        0.00988040 0.06158049 -0.02350830,
                        0.01012857 0.06144751 -0.02350830,
                        0.01094341 0.06116494 -0.02443304,
                        0.01106750 0.06124805 -0.02527697,
                        0.01158039 0.06063303 -0.02350830,
                        0.01707330 0.05509232 -0.02350830,
                        0.01900905 0.03693541 -0.02350830,
                        0.01894701 0.03561118 -0.02350830,
                        0.01883533 0.03406532 -0.02350830,
                        0.01881465 0.03381599 -0.02350830,
                        0.01871124 0.03269676 -0.02350830,
                        0.01863679 0.03193215 -0.02350830,
                        0.01863265 0.03197093 -0.02372976,
                        0.01860370 0.03224797 -0.02527697,
                        0.01858302 0.03261919 -0.02680622,
                        0.01862438 0.03183795 -0.02350830,
                        0.01847961 0.03096806 -0.02372976,
                        0.01832244 0.03096806 -0.02682717,
                        0.01824385 0.03096806 -0.02837438,
                        0.01815285 0.03096806 -0.02992159,
                        0.01774750 0.02942220 -0.02992159,
                        0.01596065 0.02804257 -0.04075507,
                        0.01484801 0.02942220 -0.04849711,
                        0.01372296 0.02448543 -0.04075507,
                        0.01357819 0.02487328 -0.04227534,
                        0.01275094 0.02359892 -0.04230228,
                        0.01282539 0.02501180 -0.04539969,
                        0.01230423 0.02423610 -0.04539969,
                        0.01208087 0.02477355 -0.04705165,
                        0.01744556 0.02787080 -0.02837438,
                        0.01729252 0.02779324 -0.02984379,
                        0.01712293 0.02706740 -0.02927817,
                        0.01688717 0.02932801 -0.03920786,
                        0.01123708 0.02367649 -0.04694691,
                        0.00860644 0.02166521 -0.04697683,
                        0.00787433 0.02086735 -0.04627355,
                        0.00704708 0.02016922 -0.04539969,
                        0.00652178 0.01925500 -0.04341555,
                        0.00003204 0.01157557 -0.02350830,
                        0.00328726 0.01777009 -0.04166783,
                        0.00394905 0.01860674 -0.04385248,
                        0.00505756 0.01925500 -0.04486699,
                        0.00703881 0.01963177 -0.04390036,
                        0.01015753 0.02282876 -0.04707559,
                        0.01067869 0.02261267 -0.04578275,
                        0.00268337 0.01791969 -0.04270030,
                        0.00165345 0.01780333 -0.04309234,
                        0.00085515 0.01808591 -0.04396620,
                        -0.00069593 0.01769806 -0.04333475,
                        -0.00069593 0.01728250 -0.04230228,
                        -0.00223874 0.01663424 -0.04075507,
                        -0.00378569 0.01670627 -0.04075507,
                        -0.00378569 0.01634612 -0.03969267,
                        -0.00091929 0.01143151 -0.02350830,
                        0.01849202 0.03098468 -0.02350830,
                        0.01844653 0.03074643 -0.02350830,
                        0.01816940 0.02942220 -0.02350830,
                        0.01815699 0.02942220 -0.02372976,
                        0.01811563 0.02919503 -0.02350830,
                        0.01806186 0.02942220 -0.02527697,
                        0.01777646 0.02787080 -0.02372976,
                        0.01767305 0.02787080 -0.02527697,
                        0.01756551 0.02787080 -0.02682717,
                        0.01605992 0.02772675 -0.03932457,
                        0.01565871 0.02693997 -0.03888764,
                        0.01386772 0.02422502 -0.03920786,
                        0.01287089 0.02315566 -0.04067426,
                        0.01235800 0.02259051 -0.04113813,
                        0.01219255 0.02282322 -0.04230228,
                        0.01115436 0.02221928 -0.04385248,
                        0.01144389 0.02317228 -0.04531889,
                        0.01716843 0.02696767 -0.02837438,
                        0.01706089 0.02722808 -0.03031064,
                        0.01686235 0.02603683 -0.02682717,
                        0.01677135 0.02619751 -0.02837438,
                        0.01672999 0.02646346 -0.02984379,
                        0.01097650 0.02240212 -0.04475028,
                        0.00949987 0.02082302 -0.04329884,
                        0.00811837 0.02070112 -0.04539969,
                        0.01015753 0.02206414 -0.04531889,
                        0.01006653 0.02140479 -0.04382854,
                        0.00758479 0.01946554 -0.04230228,
                        0.00088411 0.01186923 -0.02350830,
                        0.00069384 0.01179166 -0.02350830,
                        -0.00069593 0.01143151 -0.02350830,
                        0.00240210 0.01726588 -0.04075507,
                        0.00864780 0.02047949 -0.04382854,
                        0.00226147 0.01768144 -0.04223345,
                        0.00085515 0.01696669 -0.04075507,
                        0.00085515 0.01744873 -0.04230228,
                        0.00085515 0.01775901 -0.04319409,
                        -0.00069593 0.01675614 -0.04075507,
                        -0.00223874 0.01632396 -0.03972259,
                        0.01778887 0.02787080 -0.02350830,
                        0.01771855 0.02764363 -0.02350830,
                        0.01729252 0.02666293 -0.02527697,
                        0.01723875 0.02681253 -0.02682717,
                        0.01641564 0.02632494 -0.03146881,
                        0.01577452 0.02522788 -0.03146881,
                        0.01557598 0.02398122 -0.02769206,
                        0.01249449 0.02241874 -0.04010566,
                        0.01141908 0.02197549 -0.04230228,
                        0.01045947 0.02120533 -0.04230228,
                        0.01694508 0.02589277 -0.02527697,
                        0.01616747 0.02477355 -0.02682717,
                        0.01589447 0.02503950 -0.02992159,
                        0.00968600 0.02071221 -0.04230228,
                        0.00859403 0.02004178 -0.04230228,
                        0.00777506 0.01938243 -0.04139849,
                        0.00332034 0.01307710 -0.02350830,
                        0.00244346 0.01258952 -0.02350830,
                        0.01734629 0.02648008 -0.02350830,
                        0.01734629 0.02651887 -0.02372976,
                        0.01702780 0.02572101 -0.02350830,
                        0.01591929 0.02469044 -0.02827263,
                        0.01563803 0.02390920 -0.02682717,
                        0.01440957 0.02205306 -0.02350830,
                        0.01360714 0.02128290 -0.02350830,
                        0.01201883 0.01978137 -0.02350830,
                        0.01190715 0.01967609 -0.02350830,
                        0.01124536 0.01906107 -0.02350830,
                        0.01048843 0.01839619 -0.02350830,
                        0.01025266 0.01819118 -0.02350830,
                        0.00958673 0.01762603 -0.02350830,
                        0.01084828 0.02095046 -0.03959391,
                        0.01177893 0.02193116 -0.04067426,
                        0.01507136 0.02277335 -0.02350830,
                        0.01069524 0.02105019 -0.04075507,
                        0.01632878 0.02477355 -0.02527697,
                        0.00992176 0.02056261 -0.04075507,
                        0.00418895 0.01369212 -0.02350830,
                        0.01647355 0.02479571 -0.02350830,
                        0.01571662 0.02379284 -0.02527697,
                        0.01518304 0.02291187 -0.02350830,
                        0.01635359 0.02460178 -0.02350830,
                        0.01577039 0.02368203 -0.02350830,
                        -0.02184762 0.03870262 -0.02350338,
                        -0.02155744 0.03715459 -0.01598693,
                        -0.02179857 0.03870262 -0.02217990,
                        -0.02183127 0.04025065 -0.02350338,
                        -0.02173727 0.03715459 -0.02350338,
                        -0.02147570 0.03561241 -0.01598693,
                        -0.02143483 0.03561241 -0.01443772,
                        -0.02110379 0.03715459 -0.00515212,
                        -0.02115692 0.03870262 -0.00669940,
                        -0.02147979 0.03870262 -0.01443772,
                        -0.02145527 0.04025065 -0.01443772,
                        -0.02182718 0.04047263 -0.02350338,
                        -0.02097300 0.03096832 -0.02350338,
                        -0.02096892 0.03096832 -0.01753421,
                        -0.02115692 0.03251634 -0.01598693,
                        -0.02128770 0.03406437 -0.01443772,
                        -0.02074005 0.03251634 -0.00379777,
                        -0.02087492 0.03406437 -0.00379777,
                        -0.02100979 0.03715459 -0.00379777,
                        -0.02109153 0.03870262 -0.00515212,
                        -0.02095666 0.03561241 -0.00379777,
                        -0.02174544 0.04179868 -0.02217990,
                        -0.02180266 0.04179868 -0.02350338,
                        -0.02159831 0.04270413 -0.01973358,
                        -0.02076457 0.02942028 -0.02350338,
                        -0.02096075 0.03096832 -0.01598693,
                        -0.02074413 0.02942028 -0.01753421,
                        -0.02111196 0.03251634 -0.01443772,
                        -0.02054387 0.03096832 -0.00379777,
                        -0.02098118 0.03850985 -0.00379777,
                        -0.02097709 0.03870262 -0.00379777,
                        -0.02085040 0.04160591 -0.00379777,
                        -0.02144301 0.04489474 -0.01908341,
                        -0.02156970 0.04373226 -0.02029693,
                        -0.02174136 0.04334671 -0.02350338,
                        -0.02179449 0.04202066 -0.02350338,
                        -0.02168005 0.04334671 -0.02217990,
                        -0.02037222 0.02787225 -0.02350338,
                        -0.02017605 0.02672730 -0.01753421,
                        -0.02046622 0.02787225 -0.01753421,
                        -0.02071553 0.02942028 -0.01598693,
                        -0.02012700 0.02815265 -0.00379777,
                        -0.02029866 0.02925088 -0.00379777,
                        -0.02032318 0.02942028 -0.00379777,
                        -0.02045396 0.02787225 -0.01598693,
                        -0.02054796 0.04644277 -0.00379777,
                        -0.02133675 0.04644277 -0.01908341,
                        -0.02164327 0.04489474 -0.02350338,
                        -0.02159423 0.04417038 -0.02132909,
                        -0.02173318 0.04350443 -0.02350338,
                        -0.02011883 0.02713621 -0.02350338,
                        -0.02018013 0.02670977 -0.01598693,
                        -0.01346116 0.00617063 -0.00379777,
                        -0.01999213 0.02738156 -0.00379777,
                        -0.02015970 0.02672145 -0.01443772,
                        -0.01951804 0.02477620 -0.00515212,
                        -0.01948535 0.02477620 -0.00379777,
                        -0.01983274 0.02632423 -0.00515212,
                        -0.02034361 0.04799080 -0.00379777,
                        -0.02044170 0.04799080 -0.00515212,
                        -0.02100570 0.04953883 -0.01753421,
                        -0.02113649 0.04799080 -0.01753421,
                        -0.02121005 0.04799080 -0.01908341,
                        -0.02140622 0.04799080 -0.02350338,
                        -0.02153292 0.04642525 -0.02350338,
                        -0.02155744 0.04610396 -0.02350338,
                        -0.02007387 0.02700769 -0.02350338,
                        -0.01904396 0.02322816 -0.00379777,
                        -0.01284402 0.00617063 -0.00515212,
                        0.01457136 0.00617063 -0.00379777,
                        -0.01979187 0.02623076 -0.02350338,
                        -0.01921970 0.02477620 -0.02350338,
                        -0.01869656 0.02361371 -0.02350338,
                        -0.01776474 0.02183786 -0.02350338,
                        -0.01767891 0.02168013 -0.02350338,
                        -0.01710673 0.02066953 -0.02350338,
                        -0.01702499 0.02055854 -0.02350338,
                        -0.01645690 0.01989260 -0.02350338,
                        -0.01975100 0.02613145 -0.00379777,
                        -0.02010657 0.04888457 -0.00379777,
                        -0.02096892 0.05108686 -0.02063069,
                        -0.02106292 0.05108686 -0.02217990,
                        -0.02114466 0.04953883 -0.02063069,
                        -0.02138579 0.04821278 -0.02350338,
                        -0.01202663 0.00617063 -0.00688654,
                        0.01419536 0.00617063 -0.00476241,
                        0.01702763 0.02572254 -0.02350338,
                        0.01734642 0.02647611 -0.02350338,
                        0.01779190 0.02787225 -0.02350338,
                        0.01817198 0.02942028 -0.02350338,
                        0.01896486 0.02651700 -0.00379777,
                        -0.01568447 0.01908646 -0.02350338,
                        -0.00739609 0.00617063 -0.01627825,
                        -0.00781297 0.00617063 -0.01548532,
                        -0.02005344 0.04898388 -0.00379777,
                        -0.02034770 0.05225518 -0.01908341,
                        -0.02044988 0.05243043 -0.02063069,
                        -0.02083405 0.05108686 -0.01908341,
                        -0.02056840 0.05265242 -0.02350338,
                        -0.02112013 0.05108686 -0.02350338,
                        -0.02124275 0.04976081 -0.02350338,
                        0.01386432 0.00617063 -0.00556499,
                        0.01647589 0.02479372 -0.02350338,
                        0.01844581 0.03074633 -0.02350338,
                        0.01922642 0.02787225 -0.00379777,
                        -0.01420907 0.01767862 -0.02350338,
                        -0.00655827 0.00617063 -0.01762874,
                        -0.01968152 0.04966150 -0.00379777,
                        -0.02022100 0.05208578 -0.01753421,
                        -0.01875787 0.05377985 -0.01598693,
                        -0.02042535 0.05274004 -0.02229373,
                        -0.02005344 0.05342351 -0.02288408,
                        -0.02045396 0.05284519 -0.02350338,
                        0.01331666 0.00617063 -0.00667432,
                        0.01635328 0.02460095 -0.02350338,
                        0.01849077 0.03098584 -0.02350338,
                        0.01925912 0.02806503 -0.00379777,
                        -0.01409872 0.01757932 -0.02350338,
                        -0.00639887 0.00617063 -0.01779466,
                        -0.01900309 0.05066042 -0.00379777,
                        -0.02011883 0.05196311 -0.01635542,
                        -0.01816934 0.05455094 -0.01598693,
                        -0.01890909 0.05079478 -0.00379777,
                        -0.02007796 0.05344103 -0.02350338,
                        -0.01275820 0.06166020 -0.02350338,
                        0.01269136 0.00617063 -0.00772578,
                        0.01576885 0.02368381 -0.02350338,
                        0.01863790 0.03193218 -0.02350338,
                        0.01919781 0.02942028 -0.00824861,
                        0.01929181 0.02942028 -0.00669940,
                        0.01937355 0.02942028 -0.00515212,
                        0.01943895 0.02942028 -0.00379777,
                        -0.01396794 0.01746833 -0.02350338,
                        -0.00544661 0.00617063 -0.01875544,
                        -0.01739691 0.05540966 -0.01598693,
                        -0.01818161 0.05157171 -0.00379777,
                        -0.01223507 0.05799750 -0.00614956,
                        -0.01196941 0.06232030 -0.02350338,
                        0.00810169 0.00617063 -0.01404222,
                        0.01507406 0.02277252 -0.02350338,
                        0.01518441 0.02291272 -0.02350338,
                        0.01914468 0.03096832 -0.01289237,
                        0.01871146 0.03269159 -0.02350338,
                        0.01934086 0.03251634 -0.01289237,
                        0.01942260 0.03251634 -0.01134509,
                        0.01956972 0.03251634 -0.00824861,
                        0.01945938 0.02961306 -0.00379777,
                        -0.01248028 0.01628248 -0.02350338,
                        -0.01226367 0.01613644 -0.02350338,
                        -0.00695470 0.01257889 -0.02350338,
                        -0.00668088 0.01240364 -0.02350338,
                        -0.00378730 0.00617063 -0.01950592,
                        -0.01575395 0.05394925 -0.00379777,
                        -0.01266828 0.05652541 -0.00379777,
                        -0.01166289 0.05716799 -0.00379777,
                        -0.01120515 0.05826622 -0.00548589,
                        -0.01164246 0.05841226 -0.00667818,
                        -0.00809497 0.06439408 -0.02350338,
                        -0.01019567 0.06329585 -0.02350338,
                        -0.01158933 0.06254228 -0.02350338,
                        -0.01179776 0.06242545 -0.02350338,
                        -0.01505916 0.05462688 -0.00379777,
                        -0.01428672 0.05535709 -0.00379777,
                        -0.01418046 0.05545639 -0.00379777,
                        0.00752543 0.00617063 -0.01480042,
                        0.01441197 0.02205400 -0.02350338,
                        0.00675708 0.00617063 -0.01576892,
                        0.00607864 0.00617063 -0.01655221,
                        0.01881364 0.03381903 -0.02350338,
                        0.01937764 0.03406437 -0.01443772,
                        0.01946755 0.03406437 -0.01289237,
                        0.01963103 0.03251634 -0.00669940,
                        0.01959425 0.03096832 -0.00379777,
                        0.01978634 0.03406437 -0.00515212,
                        -0.00553244 0.01193631 -0.02350338,
                        -0.00375461 0.00617063 -0.01951171,
                        -0.00531174 0.01188374 -0.02350338,
                        -0.01133593 0.05734324 -0.00379777,
                        -0.01026923 0.05789819 -0.00379777,
                        -0.00963167 0.05822532 -0.00392896,
                        -0.00275738 0.06262991 -0.00920167,
                        -0.00328869 0.06281684 -0.01023383,
                        -0.00928427 0.05963315 -0.00739780,
                        -0.00710592 0.06483804 -0.02350338,
                        0.01360684 0.02128290 -0.02350338,
                        0.00606638 0.00617063 -0.01656378,
                        0.00529394 0.00617063 -0.01723131,
                        0.01883407 0.03406437 -0.02350338,
                        0.01893216 0.03539042 -0.02350338,
                        0.01894851 0.03561241 -0.02350338,
                        0.01901799 0.03715459 -0.02350338,
                        0.01905477 0.03870262 -0.02350338,
                        0.01990077 0.03561241 -0.00379777,
                        0.01973321 0.03251634 -0.00379777,
                        0.01983538 0.03406437 -0.00379777,
                        -0.00211164 0.00617063 -0.01974130,
                        -0.00378730 0.01166175 -0.02350338,
                        -0.00976654 0.05810849 -0.00379777,
                        -0.00928019 0.05826037 -0.00379777,
                        -0.00223834 0.06234951 -0.00832192,
                        -0.00172338 0.06275842 -0.00888913,
                        -0.00223834 0.06293367 -0.00974959,
                        -0.00223834 0.06344773 -0.01134509,
                        -0.00223834 0.06390922 -0.01289237,
                        -0.00306391 0.06427724 -0.01502036,
                        -0.00378730 0.06342437 -0.01289237,
                        -0.00379956 0.06298041 -0.01139719,
                        -0.00688114 0.06492566 -0.02350338,
                        0.01213553 0.01989260 -0.02350338,
                        0.00434985 0.00617063 -0.01799144,
                        0.01190666 0.01967646 -0.02350338,
                        0.01906703 0.04002867 -0.02350338,
                        0.01990486 0.03715459 -0.00379777,
                        -0.00196860 0.00617063 -0.01974515,
                        -0.00223834 0.01145730 -0.02350338,
                        -0.00225469 0.06007712 -0.00379777,
                        -0.00169477 0.06121623 -0.00579650,
                        -0.00104494 0.06275842 -0.00888913,
                        -0.00069347 0.06170109 -0.00669940,
                        -0.00069347 0.06344773 -0.01134509,
                        -0.00223834 0.06417793 -0.01405572,
                        -0.00308843 0.06580190 -0.02289759,
                        -0.00411835 0.06573180 -0.02326801,
                        -0.00470278 0.06565586 -0.02350338,
                        -0.00535670 0.06545725 -0.02350338,
                        0.00356107 0.00617063 -0.01858952,
                        0.01124457 0.01906309 -0.02350338,
                        0.01906703 0.04179868 -0.02350338,
                        0.01986399 0.04025065 -0.00379777,
                        0.01917329 0.04334671 -0.02063069,
                        -0.00078747 0.00617063 -0.01974708,
                        -0.00069347 0.01142809 -0.02350338,
                        -0.00196860 0.06011217 -0.00379777,
                        -0.00069347 0.06024068 -0.00379777,
                        -0.00059947 0.06294535 -0.00966856,
                        0.00163611 0.06115197 -0.00592191,
                        0.00085550 0.06222099 -0.00824861,
                        -0.00001912 0.06268248 -0.00906855,
                        0.00085550 0.06017642 -0.00379777,
                        0.00249028 0.06007128 -0.00379777,
                        -0.00069347 0.06379823 -0.01289237,
                        0.00085550 0.06285189 -0.01006020,
                        0.00182819 0.06275842 -0.01035924,
                        -0.00127382 0.06429477 -0.01489303,
                        -0.00295356 0.06580190 -0.02289759,
                        -0.00350121 0.06584280 -0.02350338,
                        -0.00390582 0.06579022 -0.02350338,
                        0.00240037 0.00617063 -0.01913550,
                        0.00331994 0.01307543 -0.02350338,
                        0.00419046 0.01368880 -0.02350338,
                        0.00958935 0.01762605 -0.02350338,
                        0.01036179 0.01828615 -0.02350338,
                        0.01048848 0.01839714 -0.02350338,
                        0.01904660 0.04334671 -0.02350338,
                        0.01910790 0.04334671 -0.02217990,
                        0.01985990 0.04044342 -0.00379777,
                        0.01907112 0.04489474 -0.02217990,
                        0.01912833 0.04489474 -0.02063069,
                        0.01982312 0.04179868 -0.00379777,
                        -0.00064033 0.00617063 -0.01974130,
                        0.00003402 0.01157997 -0.02350338,
                        0.00088002 0.00617063 -0.01953293,
                        0.00240037 0.06193475 -0.00824861,
                        0.00389211 0.05983761 -0.00379777,
                        0.00394933 0.05983177 -0.00381128,
                        0.00085550 0.06261822 -0.00928463,
                        0.00207341 0.06441160 -0.02063069,
                        0.00085550 0.06525279 -0.02350338,
                        0.00236767 0.06245466 -0.00982483,
                        0.00394933 0.06191139 -0.00979589,
                        0.00284994 0.06259486 -0.01134509,
                        -0.00077929 0.06555656 -0.02350338,
                        -0.00113077 0.06562082 -0.02350338,
                        -0.00186234 0.06573765 -0.02350338,
                        -0.00256938 0.06583112 -0.02350338,
                        0.00069610 0.01179027 -0.02350338,
                        0.00088410 0.01186621 -0.02350338,
                        0.00244124 0.01259057 -0.02350338,
                        0.01901390 0.04467276 -0.02350338,
                        0.01896486 0.04622079 -0.02350338,
                        0.01895668 0.04644277 -0.02350338,
                        0.01900981 0.04644277 -0.02217990,
                        0.01889946 0.04776882 -0.02350338,
                        0.01888720 0.04799080 -0.02350338,
                        0.01981086 0.04199146 -0.00379777,
                        0.00537160 0.05948711 -0.00379777,
                        0.00723934 0.05899642 -0.00379777,
                        0.00859213 0.05864008 -0.00379777,
                        0.00878830 0.05858750 -0.00379777,
                        0.01024326 0.05818443 -0.00379777,
                        0.01103614 0.05809681 -0.00424537,
                        0.00394933 0.05982593 -0.00379777,
                        0.00250254 0.06451675 -0.02215675,
                        0.00241672 0.06476794 -0.02350338,
                        0.00394933 0.06218010 -0.01134509,
                        0.01125683 0.05822532 -0.00515212,
                        0.01014109 0.05897889 -0.00669940,
                        0.00920926 0.05955721 -0.00780681,
                        0.00308698 0.06421298 -0.02162620,
                        0.01891990 0.04799080 -0.02217990,
                        0.01877277 0.04915328 -0.02350338,
                        0.01967599 0.04353948 -0.00379777,
                        0.01079500 0.05802087 -0.00379777,
                        0.01148979 0.05778720 -0.00379777,
                        0.00744778 0.06277011 -0.02350338,
                        0.00704725 0.06228525 -0.01908341,
                        0.00700638 0.06251307 -0.02049757,
                        0.00747639 0.06257149 -0.02217990,
                        0.01157970 0.05774631 -0.00379777,
                        0.01202927 0.05785730 -0.00515212,
                        0.01146118 0.05837136 -0.00669940,
                        0.00938909 0.06116366 -0.01823646,
                        0.00859213 0.06166604 -0.01908341,
                        0.01953294 0.04508751 -0.00379777,
                        0.01875233 0.04935190 -0.02350338,
                        0.00772160 0.06265911 -0.02350338,
                        0.00768482 0.06264743 -0.02330467,
                        0.01333301 0.05691096 -0.00379777,
                        0.01323901 0.05717383 -0.00515212,
                        0.00950761 0.06123375 -0.01908341,
                        0.00859213 0.06188802 -0.02063069,
                        0.01937764 0.04644277 -0.00379777,
                        0.01862564 0.05012299 -0.02350338,
                        0.01864198 0.05021646 -0.02063069,
                        0.01876051 0.04938111 -0.02217990,
                        0.00849404 0.06229693 -0.02350338,
                        0.01401554 0.05651373 -0.00379777,
                        0.01405232 0.05654294 -0.00413733,
                        0.01271588 0.05976751 -0.02217990,
                        0.01157970 0.06063207 -0.02350338,
                        0.00969152 0.06133891 -0.02063069,
                        0.01876459 0.04943952 -0.02063069,
                        0.01912425 0.04799080 -0.00379777,
                        0.01847442 0.05095250 -0.02350338,
                        0.01848668 0.05108686 -0.02063069,
                        0.01850303 0.05108686 -0.01908341,
                        0.01012883 0.06144990 -0.02350338,
                        0.01457954 0.05595293 -0.00379777,
                        0.01600589 0.05543303 -0.00824861,
                        0.01529476 0.05633264 -0.00979589,
                        0.01349240 0.05921840 -0.02217990,
                        0.01292840 0.05978503 -0.02350338,
                        0.01281805 0.05986098 -0.02350338,
                        0.01136309 0.06075474 -0.02350338,
                        0.01908338 0.04821278 -0.00379777,
                        0.01844990 0.05108686 -0.02350338,
                        0.01816790 0.05241291 -0.02350338,
                        0.01879320 0.04971992 -0.00379777,
                        0.01882590 0.04955051 -0.00379777,
                        0.01811477 0.05263489 -0.02350338,
                        0.01866242 0.05032745 -0.00379777,
                        0.01480841 0.05572511 -0.00379777,
                        0.01627154 0.05424718 -0.00379777,
                        0.01648407 0.05403104 -0.00379777,
                        0.01710120 0.05339430 -0.00379777,
                        0.01609172 0.05555570 -0.00979589,
                        0.01544598 0.05641442 -0.01134509,
                        0.01359049 0.05926513 -0.02350338,
                        0.01445693 0.05844730 -0.02217990,
                        0.01807390 0.05263489 -0.01908341,
                        0.01762024 0.05396094 -0.02350338,
                        0.01766929 0.05263489 -0.00669940,
                        0.01721972 0.05356955 -0.00669940,
                        0.01759572 0.05263489 -0.00515212,
                        0.01818016 0.05129132 -0.00379777,
                        0.01752216 0.05420044 -0.02350338,
                        0.01739955 0.05282182 -0.00379777,
                        0.01712163 0.05342935 -0.00421064,
                        0.01677833 0.05438153 -0.00824861,
                        0.01593232 0.05696937 -0.02217990,
                        0.01531111 0.05781641 -0.02350338,
                        0.01453458 0.05849404 -0.02350338,
                        0.01464902 0.05839473 -0.02350338,
                        0.01674972 0.05574263 -0.02350338,
                        0.01596502 0.05704531 -0.02350338,
                    ]
                }
                coordIndex [
                    0, 1, 2, -1,
                    0, 2, 3, -1,
                    0, 3, 4, -1,
                    0, 4, 5, -1,
                    0, 5, 6, -1,
                    0, 6, 17, -1,
                    0, 17, 16, -1,
                    0, 16, 15, -1,
                    0, 15, 26, -1,
                    0, 26, 32, -1,
                    0, 32, 43, -1,
                    0, 43, 42, -1,
                    0, 42, 41, -1,
                    0, 41, 40, -1,
                    0, 40, 55, -1,
                    0, 55, 72, -1,
                    0, 72, 86, -1,
                    0, 86, 107, -1,
                    0, 107, 106, -1,
                    0, 106, 103, -1,
                    0, 103, 102, -1,
                    0, 102, 101, -1,
                    0, 101, 126, -1,
                    0, 126, 125, -1,
                    0, 125, 141, -1,
                    0, 141, 169, -1,
                    0, 169, 168, -1,
                    0, 168, 167, -1,
                    0, 167, 166, -1,
                    0, 166, 160, -1,
                    0, 160, 165, -1,
                    0, 165, 164, -1,
                    0, 164, 163, -1,
                    0, 163, 182, -1,
                    0, 182, 203, -1,
                    0, 203, 215, -1,
                    0, 215, 233, -1,
                    0, 233, 263, -1,
                    0, 263, 237, -1,
                    0, 237, 236, -1,
                    0, 236, 267, -1,
                    0, 267, 283, -1,
                    0, 283, 309, -1,
                    0, 309, 306, -1,
                    0, 306, 305, -1,
                    0, 305, 308, -1,
                    0, 308, 322, -1,
                    0, 322, 297, -1,
                    0, 297, 302, -1,
                    0, 302, 325, -1,
                    0, 325, 342, -1,
                    0, 342, 340, -1,
                    0, 340, 355, -1,
                    0, 355, 354, -1,
                    0, 354, 378, -1,
                    0, 378, 395, -1,
                    0, 395, 418, -1,
                    0, 418, 417, -1,
                    0, 417, 436, -1,
                    0, 436, 435, -1,
                    0, 435, 438, -1,
                    0, 438, 437, -1,
                    0, 437, 425, -1,
                    0, 425, 424, -1,
                    0, 424, 423, -1,
                    0, 423, 422, -1,
                    0, 422, 420, -1,
                    0, 420, 397, -1,
                    0, 397, 396, -1,
                    0, 396, 379, -1,
                    0, 379, 356, -1,
                    0, 356, 346, -1,
                    0, 346, 345, -1,
                    0, 345, 344, -1,
                    0, 344, 333, -1,
                    0, 333, 314, -1,
                    0, 314, 313, -1,
                    0, 313, 288, -1,
                    0, 288, 287, -1,
                    0, 287, 271, -1,
                    0, 271, 268, -1,
                    0, 268, 245, -1,
                    0, 245, 244, -1,
                    0, 244, 243, -1,
                    0, 243, 242, -1,
                    0, 242, 240, -1,
                    0, 240, 220, -1,
                    0, 220, 205, -1,
                    0, 205, 184, -1,
                    0, 184, 172, -1,
                    0, 172, 171, -1,
                    0, 171, 143, -1,
                    0, 143, 130, -1,
                    0, 130, 129, -1,
                    0, 129, 127, -1,
                    0, 127, 109, -1,
                    0, 109, 88, -1,
                    0, 88, 87, -1,
                    0, 87, 73, -1,
                    0, 73, 61, -1,
                    0, 61, 49, -1,
                    0, 49, 35, -1,
                    0, 35, 28, -1,
                    0, 28, 22, -1,
                    0, 22, 7, -1,
                    0, 7, 1, -1,
                    1, 7, 8, -1,
                    1, 8, 9, -1,
                    1, 9, 10, -1,
                    1, 10, 2, -1,
                    2, 11, 3, -1,
                    2, 10, 12, -1,
                    2, 12, 23, -1,
                    2, 23, 29, -1,
                    2, 29, 37, -1,
                    2, 37, 36, -1,
                    2, 36, 48, -1,
                    2, 48, 47, -1,
                    2, 47, 62, -1,
                    2, 62, 76, -1,
                    2, 76, 75, -1,
                    2, 75, 74, -1,
                    2, 74, 89, -1,
                    2, 89, 110, -1,
                    2, 110, 128, -1,
                    2, 128, 142, -1,
                    2, 142, 170, -1,
                    2, 170, 183, -1,
                    2, 183, 186, -1,
                    2, 186, 185, -1,
                    2, 185, 206, -1,
                    2, 206, 223, -1,
                    2, 223, 239, -1,
                    2, 239, 253, -1,
                    2, 253, 252, -1,
                    2, 252, 251, -1,
                    2, 251, 250, -1,
                    2, 250, 273, -1,
                    2, 273, 272, -1,
                    2, 272, 290, -1,
                    2, 290, 317, -1,
                    2, 317, 335, -1,
                    2, 335, 350, -1,
                    2, 350, 361, -1,
                    2, 361, 374, -1,
                    2, 374, 373, -1,
                    2, 373, 372, -1,
                    2, 372, 371, -1,
                    2, 371, 370, -1,
                    2, 370, 369, -1,
                    2, 369, 368, -1,
                    2, 368, 367, -1,
                    2, 367, 391, -1,
                    2, 391, 411, -1,
                    2, 411, 431, -1,
                    2, 431, 430, -1,
                    2, 430, 433, -1,
                    2, 433, 419, -1,
                    2, 419, 412, -1,
                    2, 412, 392, -1,
                    2, 392, 376, -1,
                    2, 376, 375, -1,
                    2, 375, 353, -1,
                    2, 353, 339, -1,
                    2, 339, 319, -1,
                    2, 319, 318, -1,
                    2, 318, 292, -1,
                    2, 292, 291, -1,
                    2, 291, 275, -1,
                    2, 275, 274, -1,
                    2, 274, 258, -1,
                    2, 258, 257, -1,
                    2, 257, 256, -1,
                    2, 256, 255, -1,
                    2, 255, 254, -1,
                    2, 254, 225, -1,
                    2, 225, 224, -1,
                    2, 224, 209, -1,
                    2, 209, 208, -1,
                    2, 208, 199, -1,
                    2, 199, 198, -1,
                    2, 198, 197, -1,
                    2, 197, 196, -1,
                    2, 196, 195, -1,
                    2, 195, 192, -1,
                    2, 192, 191, -1,
                    2, 191, 190, -1,
                    2, 190, 189, -1,
                    2, 189, 187, -1,
                    2, 187, 174, -1,
                    2, 174, 173, -1,
                    2, 173, 158, -1,
                    2, 158, 157, -1,
                    2, 157, 156, -1,
                    2, 156, 155, -1,
                    2, 155, 154, -1,
                    2, 154, 134, -1,
                    2, 134, 121, -1,
                    2, 121, 120, -1,
                    2, 120, 119, -1,
                    2, 119, 118, -1,
                    2, 118, 117, -1,
                    2, 117, 114, -1,
                    2, 114, 113, -1,
                    2, 113, 112, -1,
                    2, 112, 105, -1,
                    2, 105, 104, -1,
                    2, 104, 111, -1,
                    2, 111, 91, -1,
                    2, 91, 90, -1,
                    2, 90, 77, -1,
                    2, 77, 63, -1,
                    2, 63, 59, -1,
                    2, 59, 58, -1,
                    2, 58, 57, -1,
                    2, 57, 56, -1,
                    2, 56, 44, -1,
                    2, 44, 33, -1,
                    2, 33, 27, -1,
                    2, 27, 21, -1,
                    2, 21, 20, -1,
                    2, 20, 19, -1,
                    2, 19, 18, -1,
                    2, 18, 25, -1,
                    2, 25, 24, -1,
                    2, 24, 11, -1,
                    3, 11, 4, -1,
                    4, 11, 13, -1,
                    4, 13, 14, -1,
                    4, 14, 5, -1,
                    5, 15, 16, -1,
                    5, 16, 17, -1,
                    5, 17, 6, -1,
                    5, 14, 18, -1,
                    5, 18, 19, -1,
                    5, 19, 20, -1,
                    5, 20, 21, -1,
                    5, 21, 15, -1,
                    7, 22, 8, -1,
                    8, 23, 9, -1,
                    8, 22, 23, -1,
                    9, 23, 10, -1,
                    10, 23, 12, -1,
                    11, 24, 13, -1,
                    13, 24, 25, -1,
                    13, 25, 14, -1,
                    14, 25, 18, -1,
                    15, 21, 26, -1,
                    21, 27, 26, -1,
                    22, 28, 23, -1,
                    23, 28, 29, -1,
                    26, 27, 30, -1,
                    26, 30, 31, -1,
                    26, 31, 32, -1,
                    27, 33, 34, -1,
                    27, 34, 31, -1,
                    27, 31, 30, -1,
                    28, 35, 36, -1,
                    28, 36, 37, -1,
                    28, 37, 29, -1,
                    31, 34, 38, -1,
                    31, 38, 39, -1,
                    31, 39, 40, -1,
                    31, 40, 41, -1,
                    31, 41, 42, -1,
                    31, 42, 43, -1,
                    31, 43, 32, -1,
                    33, 44, 34, -1,
                    34, 45, 46, -1,
                    34, 46, 38, -1,
                    34, 44, 45, -1,
                    35, 47, 48, -1,
                    35, 48, 36, -1,
                    35, 49, 47, -1,
                    38, 50, 51, -1,
                    38, 51, 52, -1,
                    38, 52, 53, -1,
                    38, 53, 39, -1,
                    38, 46, 50, -1,
                    39, 53, 54, -1,
                    39, 54, 55, -1,
                    39, 55, 40, -1,
                    44, 56, 45, -1,
                    45, 57, 58, -1,
                    45, 58, 59, -1,
                    45, 59, 60, -1,
                    45, 60, 50, -1,
                    45, 50, 46, -1,
                    45, 56, 57, -1,
                    47, 49, 61, -1,
                    47, 61, 62, -1,
                    50, 60, 63, -1,
                    50, 63, 64, -1,
                    50, 64, 65, -1,
                    50, 65, 51, -1,
                    51, 65, 66, -1,
                    51, 66, 52, -1,
                    52, 66, 67, -1,
                    52, 67, 53, -1,
                    53, 67, 68, -1,
                    53, 68, 69, -1,
                    53, 69, 70, -1,
                    53, 70, 71, -1,
                    53, 71, 72, -1,
                    53, 72, 55, -1,
                    53, 55, 54, -1,
                    59, 63, 60, -1,
                    61, 73, 74, -1,
                    61, 74, 75, -1,
                    61, 75, 76, -1,
                    61, 76, 62, -1,
                    63, 77, 64, -1,
                    64, 77, 90, -1,
                    64, 90, 78, -1,
                    64, 78, 65, -1,
                    65, 78, 79, -1,
                    65, 79, 66, -1,
                    66, 79, 80, -1,
                    66, 80, 81, -1,
                    66, 81, 67, -1,
                    67, 81, 68, -1,
                    68, 81, 82, -1,
                    68, 82, 69, -1,
                    69, 82, 70, -1,
                    70, 83, 84, -1,
                    70, 84, 85, -1,
                    70, 85, 71, -1,
                    70, 82, 83, -1,
                    71, 85, 72, -1,
                    72, 85, 84, -1,
                    72, 84, 86, -1,
                    73, 87, 74, -1,
                    74, 87, 88, -1,
                    74, 88, 89, -1,
                    78, 90, 91, -1,
                    78, 91, 92, -1,
                    78, 92, 79, -1,
                    79, 92, 93, -1,
                    79, 93, 80, -1,
                    80, 93, 94, -1,
                    80, 94, 82, -1,
                    80, 82, 81, -1,
                    82, 95, 96, -1,
                    82, 96, 97, -1,
                    82, 97, 98, -1,
                    82, 98, 99, -1,
                    82, 99, 100, -1,
                    82, 100, 101, -1,
                    82, 101, 102, -1,
                    82, 102, 103, -1,
                    82, 103, 83, -1,
                    82, 94, 93, -1,
                    82, 93, 104, -1,
                    82, 104, 105, -1,
                    82, 105, 95, -1,
                    83, 103, 106, -1,
                    83, 106, 107, -1,
                    83, 107, 108, -1,
                    83, 108, 84, -1,
                    84, 108, 86, -1,
                    86, 108, 107, -1,
                    88, 109, 110, -1,
                    88, 110, 89, -1,
                    91, 111, 92, -1,
                    92, 111, 104, -1,
                    92, 104, 93, -1,
                    95, 105, 112, -1,
                    95, 112, 113, -1,
                    95, 113, 114, -1,
                    95, 114, 96, -1,
                    96, 115, 116, -1,
                    96, 116, 97, -1,
                    96, 114, 117, -1,
                    96, 117, 118, -1,
                    96, 118, 119, -1,
                    96, 119, 120, -1,
                    96, 120, 121, -1,
                    96, 121, 115, -1,
                    97, 116, 98, -1,
                    98, 116, 99, -1,
                    99, 122, 123, -1,
                    99, 123, 100, -1,
                    99, 116, 122, -1,
                    100, 123, 124, -1,
                    100, 124, 125, -1,
                    100, 125, 126, -1,
                    100, 126, 101, -1,
                    109, 127, 110, -1,
                    110, 127, 129, -1,
                    110, 129, 130, -1,
                    110, 130, 128, -1,
                    115, 131, 132, -1,
                    115, 132, 116, -1,
                    115, 121, 133, -1,
                    115, 133, 131, -1,
                    116, 132, 122, -1,
                    121, 134, 133, -1,
                    122, 135, 123, -1,
                    122, 132, 136, -1,
                    122, 136, 137, -1,
                    122, 137, 135, -1,
                    123, 135, 138, -1,
                    123, 138, 139, -1,
                    123, 139, 124, -1,
                    124, 139, 125, -1,
                    125, 140, 141, -1,
                    125, 139, 140, -1,
                    128, 130, 143, -1,
                    128, 143, 142, -1,
                    131, 133, 144, -1,
                    131, 144, 145, -1,
                    131, 145, 146, -1,
                    131, 146, 147, -1,
                    131, 147, 148, -1,
                    131, 148, 132, -1,
                    132, 149, 150, -1,
                    132, 150, 151, -1,
                    132, 151, 152, -1,
                    132, 152, 136, -1,
                    132, 148, 153, -1,
                    132, 153, 149, -1,
                    133, 134, 154, -1,
                    133, 154, 155, -1,
                    133, 155, 156, -1,
                    133, 156, 157, -1,
                    133, 157, 158, -1,
                    133, 158, 144, -1,
                    135, 137, 159, -1,
                    135, 159, 160, -1,
                    135, 160, 161, -1,
                    135, 161, 138, -1,
                    136, 152, 162, -1,
                    136, 162, 137, -1,
                    137, 162, 163, -1,
                    137, 163, 164, -1,
                    137, 164, 165, -1,
                    137, 165, 160, -1,
                    137, 160, 159, -1,
                    138, 161, 166, -1,
                    138, 166, 167, -1,
                    138, 167, 168, -1,
                    138, 168, 169, -1,
                    138, 169, 141, -1,
                    138, 141, 140, -1,
                    138, 140, 139, -1,
                    142, 143, 171, -1,
                    142, 171, 172, -1,
                    142, 172, 170, -1,
                    144, 158, 173, -1,
                    144, 173, 174, -1,
                    144, 174, 175, -1,
                    144, 175, 145, -1,
                    145, 175, 146, -1,
                    146, 176, 147, -1,
                    146, 175, 176, -1,
                    147, 177, 153, -1,
                    147, 153, 148, -1,
                    147, 176, 177, -1,
                    149, 178, 179, -1,
                    149, 179, 150, -1,
                    149, 153, 178, -1,
                    150, 179, 151, -1,
                    151, 179, 152, -1,
                    152, 179, 180, -1,
                    152, 180, 162, -1,
                    153, 177, 181, -1,
                    153, 181, 178, -1,
                    160, 166, 161, -1,
                    162, 180, 182, -1,
                    162, 182, 163, -1,
                    170, 172, 183, -1,
                    172, 184, 185, -1,
                    172, 185, 186, -1,
                    172, 186, 183, -1,
                    174, 187, 175, -1,
                    175, 188, 176, -1,
                    175, 187, 189, -1,
                    175, 189, 190, -1,
                    175, 190, 191, -1,
                    175, 191, 188, -1,
                    176, 188, 192, -1,
                    176, 192, 177, -1,
                    177, 193, 194, -1,
                    177, 194, 181, -1,
                    177, 192, 195, -1,
                    177, 195, 196, -1,
                    177, 196, 197, -1,
                    177, 197, 198, -1,
                    177, 198, 199, -1,
                    177, 199, 193, -1,
                    178, 200, 201, -1,
                    178, 201, 179, -1,
                    178, 181, 200, -1,
                    179, 201, 180, -1,
                    180, 201, 202, -1,
                    180, 202, 203, -1,
                    180, 203, 182, -1,
                    181, 194, 204, -1,
                    181, 204, 200, -1,
                    184, 205, 206, -1,
                    184, 206, 185, -1,
                    188, 191, 192, -1,
                    193, 207, 194, -1,
                    193, 199, 208, -1,
                    193, 208, 209, -1,
                    193, 209, 207, -1,
                    194, 207, 210, -1,
                    194, 210, 211, -1,
                    194, 211, 204, -1,
                    200, 204, 212, -1,
                    200, 212, 213, -1,
                    200, 213, 201, -1,
                    201, 213, 202, -1,
                    202, 213, 214, -1,
                    202, 214, 215, -1,
                    202, 215, 203, -1,
                    204, 216, 217, -1,
                    204, 217, 218, -1,
                    204, 218, 212, -1,
                    204, 211, 216, -1,
                    205, 219, 206, -1,
                    205, 220, 221, -1,
                    205, 221, 222, -1,
                    205, 222, 219, -1,
                    206, 219, 223, -1,
                    207, 209, 210, -1,
                    209, 224, 211, -1,
                    209, 211, 210, -1,
                    211, 224, 225, -1,
                    211, 225, 226, -1,
                    211, 226, 227, -1,
                    211, 227, 228, -1,
                    211, 228, 216, -1,
                    212, 214, 213, -1,
                    212, 218, 214, -1,
                    214, 218, 229, -1,
                    214, 229, 230, -1,
                    214, 230, 215, -1,
                    215, 230, 231, -1,
                    215, 231, 232, -1,
                    215, 232, 233, -1,
                    216, 234, 217, -1,
                    216, 228, 235, -1,
                    216, 235, 234, -1,
                    217, 234, 218, -1,
                    218, 234, 236, -1,
                    218, 236, 237, -1,
                    218, 237, 238, -1,
                    218, 238, 229, -1,
                    219, 222, 239, -1,
                    219, 239, 223, -1,
                    220, 240, 221, -1,
                    221, 241, 222, -1,
                    221, 240, 242, -1,
                    221, 242, 243, -1,
                    221, 243, 244, -1,
                    221, 244, 245, -1,
                    221, 245, 246, -1,
                    221, 246, 247, -1,
                    221, 247, 248, -1,
                    221, 248, 249, -1,
                    221, 249, 250, -1,
                    221, 250, 251, -1,
                    221, 251, 252, -1,
                    221, 252, 253, -1,
                    221, 253, 239, -1,
                    221, 239, 241, -1,
                    222, 241, 239, -1,
                    225, 254, 226, -1,
                    226, 254, 255, -1,
                    226, 255, 256, -1,
                    226, 256, 257, -1,
                    226, 257, 258, -1,
                    226, 258, 259, -1,
                    226, 259, 260, -1,
                    226, 260, 261, -1,
                    226, 261, 262, -1,
                    226, 262, 227, -1,
                    227, 262, 228, -1,
                    228, 262, 235, -1,
                    229, 238, 230, -1,
                    230, 238, 263, -1,
                    230, 263, 231, -1,
                    231, 263, 232, -1,
                    232, 263, 233, -1,
                    234, 235, 264, -1,
                    234, 264, 265, -1,
                    234, 265, 236, -1,
                    235, 262, 264, -1,
                    236, 265, 266, -1,
                    236, 266, 267, -1,
                    237, 263, 238, -1,
                    245, 268, 246, -1,
                    246, 268, 247, -1,
                    247, 269, 270, -1,
                    247, 270, 248, -1,
                    247, 268, 271, -1,
                    247, 271, 269, -1,
                    248, 270, 272, -1,
                    248, 272, 273, -1,
                    248, 273, 250, -1,
                    248, 250, 249, -1,
                    258, 274, 259, -1,
                    259, 274, 275, -1,
                    259, 275, 276, -1,
                    259, 276, 260, -1,
                    260, 276, 277, -1,
                    260, 277, 278, -1,
                    260, 278, 279, -1,
                    260, 279, 261, -1,
                    261, 279, 262, -1,
                    262, 279, 264, -1,
                    264, 279, 280, -1,
                    264, 280, 265, -1,
                    265, 280, 266, -1,
                    266, 280, 281, -1,
                    266, 281, 282, -1,
                    266, 282, 283, -1,
                    266, 283, 267, -1,
                    269, 284, 285, -1,
                    269, 285, 286, -1,
                    269, 286, 270, -1,
                    269, 271, 287, -1,
                    269, 287, 288, -1,
                    269, 288, 284, -1,
                    270, 286, 289, -1,
                    270, 289, 290, -1,
                    270, 290, 272, -1,
                    275, 291, 276, -1,
                    276, 291, 292, -1,
                    276, 292, 293, -1,
                    276, 293, 294, -1,
                    276, 294, 295, -1,
                    276, 295, 296, -1,
                    276, 296, 277, -1,
                    277, 297, 298, -1,
                    277, 298, 278, -1,
                    277, 296, 295, -1,
                    277, 295, 299, -1,
                    277, 299, 300, -1,
                    277, 300, 301, -1,
                    277, 301, 302, -1,
                    277, 302, 297, -1,
                    278, 298, 297, -1,
                    278, 297, 303, -1,
                    278, 303, 304, -1,
                    278, 304, 279, -1,
                    279, 304, 280, -1,
                    280, 304, 281, -1,
                    281, 305, 306, -1,
                    281, 306, 282, -1,
                    281, 304, 307, -1,
                    281, 307, 308, -1,
                    281, 308, 305, -1,
                    282, 306, 309, -1,
                    282, 309, 283, -1,
                    284, 310, 311, -1,
                    284, 311, 312, -1,
                    284, 312, 285, -1,
                    284, 288, 313, -1,
                    284, 313, 314, -1,
                    284, 314, 310, -1,
                    285, 312, 286, -1,
                    286, 312, 311, -1,
                    286, 311, 315, -1,
                    286, 315, 289, -1,
                    289, 315, 316, -1,
                    289, 316, 290, -1,
                    290, 316, 317, -1,
                    292, 318, 294, -1,
                    292, 294, 293, -1,
                    294, 318, 319, -1,
                    294, 319, 320, -1,
                    294, 320, 321, -1,
                    294, 321, 295, -1,
                    295, 321, 300, -1,
                    295, 300, 299, -1,
                    297, 322, 303, -1,
                    300, 321, 302, -1,
                    300, 302, 323, -1,
                    300, 323, 301, -1,
                    301, 323, 302, -1,
                    302, 324, 325, -1,
                    302, 321, 326, -1,
                    302, 326, 327, -1,
                    302, 327, 324, -1,
                    303, 322, 307, -1,
                    303, 307, 304, -1,
                    307, 322, 308, -1,
                    310, 328, 311, -1,
                    310, 314, 328, -1,
                    311, 328, 329, -1,
                    311, 329, 330, -1,
                    311, 330, 331, -1,
                    311, 331, 332, -1,
                    311, 332, 315, -1,
                    314, 333, 328, -1,
                    315, 332, 316, -1,
                    316, 332, 331, -1,
                    316, 331, 334, -1,
                    316, 334, 317, -1,
                    317, 334, 336, -1,
                    317, 336, 337, -1,
                    317, 337, 338, -1,
                    317, 338, 335, -1,
                    319, 339, 340, -1,
                    319, 340, 327, -1,
                    319, 327, 326, -1,
                    319, 326, 320, -1,
                    320, 326, 321, -1,
                    324, 341, 342, -1,
                    324, 342, 325, -1,
                    324, 327, 341, -1,
                    327, 340, 342, -1,
                    327, 342, 341, -1,
                    328, 343, 329, -1,
                    328, 333, 344, -1,
                    328, 344, 343, -1,
                    329, 343, 345, -1,
                    329, 345, 346, -1,
                    329, 346, 347, -1,
                    329, 347, 330, -1,
                    330, 347, 348, -1,
                    330, 348, 349, -1,
                    330, 349, 331, -1,
                    331, 349, 334, -1,
                    334, 349, 336, -1,
                    335, 338, 350, -1,
                    336, 349, 351, -1,
                    336, 351, 337, -1,
                    337, 351, 338, -1,
                    338, 351, 352, -1,
                    338, 352, 350, -1,
                    339, 353, 354, -1,
                    339, 354, 355, -1,
                    339, 355, 340, -1,
                    343, 344, 345, -1,
                    346, 356, 347, -1,
                    347, 356, 348, -1,
                    348, 356, 349, -1,
                    349, 356, 357, -1,
                    349, 357, 358, -1,
                    349, 358, 359, -1,
                    349, 359, 360, -1,
                    349, 360, 351, -1,
                    350, 352, 361, -1,
                    351, 360, 362, -1,
                    351, 362, 352, -1,
                    352, 362, 363, -1,
                    352, 363, 364, -1,
                    352, 364, 365, -1,
                    352, 365, 366, -1,
                    352, 366, 367, -1,
                    352, 367, 368, -1,
                    352, 368, 369, -1,
                    352, 369, 370, -1,
                    352, 370, 371, -1,
                    352, 371, 372, -1,
                    352, 372, 373, -1,
                    352, 373, 374, -1,
                    352, 374, 361, -1,
                    353, 375, 354, -1,
                    354, 375, 376, -1,
                    354, 376, 377, -1,
                    354, 377, 378, -1,
                    356, 379, 357, -1,
                    357, 379, 380, -1,
                    357, 380, 358, -1,
                    358, 360, 359, -1,
                    358, 380, 381, -1,
                    358, 381, 360, -1,
                    360, 381, 382, -1,
                    360, 382, 362, -1,
                    362, 364, 363, -1,
                    362, 382, 364, -1,
                    364, 383, 384, -1,
                    364, 384, 385, -1,
                    364, 385, 386, -1,
                    364, 386, 387, -1,
                    364, 387, 388, -1,
                    364, 388, 389, -1,
                    364, 389, 390, -1,
                    364, 390, 365, -1,
                    364, 382, 383, -1,
                    365, 390, 366, -1,
                    366, 390, 367, -1,
                    367, 390, 391, -1,
                    376, 392, 393, -1,
                    376, 393, 394, -1,
                    376, 394, 395, -1,
                    376, 395, 378, -1,
                    376, 378, 377, -1,
                    379, 396, 380, -1,
                    380, 396, 397, -1,
                    380, 397, 398, -1,
                    380, 398, 381, -1,
                    381, 398, 399, -1,
                    381, 399, 382, -1,
                    382, 399, 383, -1,
                    383, 399, 400, -1,
                    383, 400, 384, -1,
                    384, 400, 401, -1,
                    384, 401, 402, -1,
                    384, 402, 403, -1,
                    384, 403, 385, -1,
                    385, 403, 386, -1,
                    386, 403, 404, -1,
                    386, 404, 387, -1,
                    387, 405, 406, -1,
                    387, 406, 407, -1,
                    387, 407, 388, -1,
                    387, 404, 408, -1,
                    387, 408, 409, -1,
                    387, 409, 405, -1,
                    388, 407, 410, -1,
                    388, 410, 389, -1,
                    389, 410, 411, -1,
                    389, 411, 390, -1,
                    390, 411, 391, -1,
                    392, 412, 393, -1,
                    393, 413, 414, -1,
                    393, 414, 415, -1,
                    393, 415, 416, -1,
                    393, 416, 417, -1,
                    393, 417, 418, -1,
                    393, 418, 394, -1,
                    393, 412, 419, -1,
                    393, 419, 413, -1,
                    394, 418, 395, -1,
                    397, 420, 398, -1,
                    398, 420, 421, -1,
                    398, 421, 401, -1,
                    398, 401, 400, -1,
                    398, 400, 399, -1,
                    401, 421, 420, -1,
                    401, 420, 422, -1,
                    401, 422, 423, -1,
                    401, 423, 424, -1,
                    401, 424, 425, -1,
                    401, 425, 426, -1,
                    401, 426, 427, -1,
                    401, 427, 402, -1,
                    402, 427, 428, -1,
                    402, 428, 403, -1,
                    403, 428, 429, -1,
                    403, 429, 404, -1,
                    404, 429, 408, -1,
                    405, 409, 406, -1,
                    406, 410, 407, -1,
                    406, 409, 430, -1,
                    406, 430, 431, -1,
                    406, 431, 411, -1,
                    406, 411, 410, -1,
                    408, 429, 428, -1,
                    408, 428, 432, -1,
                    408, 432, 414, -1,
                    408, 414, 409, -1,
                    409, 414, 413, -1,
                    409, 413, 419, -1,
                    409, 419, 433, -1,
                    409, 433, 430, -1,
                    414, 432, 434, -1,
                    414, 434, 416, -1,
                    414, 416, 415, -1,
                    416, 434, 435, -1,
                    416, 435, 436, -1,
                    416, 436, 417, -1,
                    425, 437, 426, -1,
                    426, 437, 438, -1,
                    426, 438, 427, -1,
                    427, 432, 428, -1,
                    427, 438, 439, -1,
                    427, 439, 432, -1,
                    432, 439, 434, -1,
                    434, 439, 435, -1,
                    435, 439, 438, -1,
                    440, 441, 446, -1,
                    440, 446, 458, -1,
                    440, 458, 477, -1,
                    440, 477, 507, -1,
                    440, 507, 543, -1,
                    440, 543, 583, -1,
                    440, 583, 582, -1,
                    440, 582, 631, -1,
                    440, 631, 630, -1,
                    440, 630, 629, -1,
                    440, 629, 628, -1,
                    440, 628, 627, -1,
                    440, 627, 684, -1,
                    440, 684, 683, -1,
                    440, 683, 682, -1,
                    440, 682, 681, -1,
                    440, 681, 748, -1,
                    440, 748, 747, -1,
                    440, 747, 799, -1,
                    440, 799, 798, -1,
                    440, 798, 858, -1,
                    440, 858, 914, -1,
                    440, 914, 977, -1,
                    440, 977, 978, -1,
                    440, 978, 1045, -1,
                    440, 1045, 1044, -1,
                    440, 1044, 1117, -1,
                    440, 1117, 1116, -1,
                    440, 1116, 1115, -1,
                    440, 1115, 1114, -1,
                    440, 1114, 1184, -1,
                    440, 1184, 1183, -1,
                    440, 1183, 1112, -1,
                    440, 1112, 1111, -1,
                    440, 1111, 1037, -1,
                    440, 1037, 1110, -1,
                    440, 1110, 1109, -1,
                    440, 1109, 1108, -1,
                    440, 1108, 1105, -1,
                    440, 1105, 1182, -1,
                    440, 1182, 1181, -1,
                    440, 1181, 1242, -1,
                    440, 1242, 1241, -1,
                    440, 1241, 1240, -1,
                    440, 1240, 1239, -1,
                    440, 1239, 1238, -1,
                    440, 1238, 1237, -1,
                    440, 1237, 1274, -1,
                    440, 1274, 1272, -1,
                    440, 1272, 1271, -1,
                    440, 1271, 1270, -1,
                    440, 1270, 1226, -1,
                    440, 1226, 1225, -1,
                    440, 1225, 1232, -1,
                    440, 1232, 1230, -1,
                    440, 1230, 1229, -1,
                    440, 1229, 1228, -1,
                    440, 1228, 1227, -1,
                    440, 1227, 1260, -1,
                    440, 1260, 1278, -1,
                    440, 1278, 1259, -1,
                    440, 1259, 1258, -1,
                    440, 1258, 1257, -1,
                    440, 1257, 1268, -1,
                    440, 1268, 1267, -1,
                    440, 1267, 1266, -1,
                    440, 1266, 1263, -1,
                    440, 1263, 1279, -1,
                    440, 1279, 1277, -1,
                    440, 1277, 1276, -1,
                    440, 1276, 1275, -1,
                    440, 1275, 1244, -1,
                    440, 1244, 1243, -1,
                    440, 1243, 1199, -1,
                    440, 1199, 1130, -1,
                    440, 1130, 1129, -1,
                    440, 1129, 1128, -1,
                    440, 1128, 1127, -1,
                    440, 1127, 1126, -1,
                    440, 1126, 1123, -1,
                    440, 1123, 1051, -1,
                    440, 1051, 983, -1,
                    440, 983, 982, -1,
                    440, 982, 979, -1,
                    440, 979, 920, -1,
                    440, 920, 919, -1,
                    440, 919, 918, -1,
                    440, 918, 917, -1,
                    440, 917, 916, -1,
                    440, 916, 872, -1,
                    440, 872, 871, -1,
                    440, 871, 870, -1,
                    440, 870, 866, -1,
                    440, 866, 806, -1,
                    440, 806, 756, -1,
                    440, 756, 755, -1,
                    440, 755, 754, -1,
                    440, 754, 753, -1,
                    440, 753, 750, -1,
                    440, 750, 749, -1,
                    440, 749, 690, -1,
                    440, 690, 688, -1,
                    440, 688, 687, -1,
                    440, 687, 685, -1,
                    440, 685, 633, -1,
                    440, 633, 632, -1,
                    440, 632, 584, -1,
                    440, 584, 546, -1,
                    440, 546, 545, -1,
                    440, 545, 544, -1,
                    440, 544, 511, -1,
                    440, 511, 510, -1,
                    440, 510, 509, -1,
                    440, 509, 508, -1,
                    440, 508, 478, -1,
                    440, 478, 459, -1,
                    440, 459, 448, -1,
                    440, 448, 442, -1,
                    440, 442, 443, -1,
                    440, 443, 444, -1,
                    440, 444, 445, -1,
                    440, 445, 441, -1,
                    441, 445, 446, -1,
                    442, 447, 443, -1,
                    442, 448, 449, -1,
                    442, 449, 450, -1,
                    442, 450, 447, -1,
                    443, 451, 452, -1,
                    443, 452, 444, -1,
                    443, 447, 450, -1,
                    443, 450, 453, -1,
                    443, 453, 454, -1,
                    443, 454, 451, -1,
                    444, 452, 445, -1,
                    445, 452, 455, -1,
                    445, 455, 456, -1,
                    445, 456, 457, -1,
                    445, 457, 446, -1,
                    446, 457, 458, -1,
                    448, 459, 460, -1,
                    448, 460, 449, -1,
                    449, 460, 461, -1,
                    449, 461, 462, -1,
                    449, 462, 450, -1,
                    450, 462, 463, -1,
                    450, 463, 464, -1,
                    450, 464, 465, -1,
                    450, 465, 453, -1,
                    451, 466, 452, -1,
                    451, 454, 467, -1,
                    451, 467, 466, -1,
                    452, 466, 455, -1,
                    453, 465, 454, -1,
                    454, 465, 464, -1,
                    454, 464, 468, -1,
                    454, 468, 469, -1,
                    454, 469, 470, -1,
                    454, 470, 471, -1,
                    454, 471, 472, -1,
                    454, 472, 467, -1,
                    455, 466, 473, -1,
                    455, 473, 474, -1,
                    455, 474, 456, -1,
                    456, 475, 476, -1,
                    456, 476, 458, -1,
                    456, 458, 457, -1,
                    456, 474, 475, -1,
                    458, 476, 475, -1,
                    458, 475, 477, -1,
                    459, 478, 479, -1,
                    459, 479, 460, -1,
                    460, 480, 481, -1,
                    460, 481, 461, -1,
                    460, 479, 480, -1,
                    461, 481, 482, -1,
                    461, 482, 483, -1,
                    461, 483, 462, -1,
                    462, 483, 463, -1,
                    463, 483, 484, -1,
                    463, 484, 485, -1,
                    463, 485, 468, -1,
                    463, 468, 464, -1,
                    466, 486, 487, -1,
                    466, 487, 473, -1,
                    466, 467, 486, -1,
                    467, 472, 488, -1,
                    467, 488, 489, -1,
                    467, 489, 490, -1,
                    467, 490, 491, -1,
                    467, 491, 487, -1,
                    467, 487, 486, -1,
                    468, 485, 492, -1,
                    468, 492, 469, -1,
                    469, 492, 485, -1,
                    469, 485, 493, -1,
                    469, 493, 494, -1,
                    469, 494, 495, -1,
                    469, 495, 470, -1,
                    470, 496, 497, -1,
                    470, 497, 471, -1,
                    470, 495, 498, -1,
                    470, 498, 496, -1,
                    471, 499, 500, -1,
                    471, 500, 501, -1,
                    471, 501, 472, -1,
                    471, 497, 499, -1,
                    472, 501, 488, -1,
                    473, 487, 502, -1,
                    473, 502, 503, -1,
                    473, 503, 504, -1,
                    473, 504, 474, -1,
                    474, 504, 505, -1,
                    474, 505, 475, -1,
                    475, 505, 506, -1,
                    475, 506, 507, -1,
                    475, 507, 477, -1,
                    478, 508, 479, -1,
                    479, 508, 509, -1,
                    479, 509, 510, -1,
                    479, 510, 511, -1,
                    479, 511, 512, -1,
                    479, 512, 513, -1,
                    479, 513, 480, -1,
                    480, 513, 481, -1,
                    481, 514, 515, -1,
                    481, 515, 482, -1,
                    481, 513, 514, -1,
                    482, 515, 516, -1,
                    482, 516, 483, -1,
                    483, 516, 484, -1,
                    484, 516, 517, -1,
                    484, 517, 518, -1,
                    484, 518, 519, -1,
                    484, 519, 485, -1,
                    485, 519, 520, -1,
                    485, 520, 493, -1,
                    487, 491, 521, -1,
                    487, 521, 522, -1,
                    487, 522, 502, -1,
                    488, 523, 491, -1,
                    488, 491, 490, -1,
                    488, 490, 489, -1,
                    488, 501, 500, -1,
                    488, 500, 524, -1,
                    488, 524, 525, -1,
                    488, 525, 523, -1,
                    491, 523, 521, -1,
                    493, 520, 526, -1,
                    493, 526, 494, -1,
                    494, 527, 495, -1,
                    494, 526, 528, -1,
                    494, 528, 529, -1,
                    494, 529, 527, -1,
                    495, 527, 530, -1,
                    495, 530, 498, -1,
                    496, 498, 531, -1,
                    496, 531, 532, -1,
                    496, 532, 533, -1,
                    496, 533, 534, -1,
                    496, 534, 497, -1,
                    497, 534, 524, -1,
                    497, 524, 500, -1,
                    497, 500, 499, -1,
                    498, 530, 535, -1,
                    498, 535, 536, -1,
                    498, 536, 532, -1,
                    498, 532, 531, -1,
                    502, 537, 538, -1,
                    502, 538, 503, -1,
                    502, 522, 539, -1,
                    502, 539, 540, -1,
                    502, 540, 537, -1,
                    503, 538, 504, -1,
                    504, 538, 505, -1,
                    505, 538, 541, -1,
                    505, 541, 506, -1,
                    506, 541, 542, -1,
                    506, 542, 543, -1,
                    506, 543, 507, -1,
                    511, 544, 512, -1,
                    512, 544, 545, -1,
                    512, 545, 546, -1,
                    512, 546, 547, -1,
                    512, 547, 548, -1,
                    512, 548, 513, -1,
                    513, 548, 549, -1,
                    513, 549, 514, -1,
                    514, 549, 550, -1,
                    514, 550, 515, -1,
                    515, 550, 551, -1,
                    515, 551, 516, -1,
                    516, 551, 552, -1,
                    516, 552, 517, -1,
                    517, 553, 554, -1,
                    517, 554, 518, -1,
                    517, 552, 553, -1,
                    518, 554, 555, -1,
                    518, 555, 556, -1,
                    518, 556, 519, -1,
                    519, 556, 520, -1,
                    520, 556, 526, -1,
                    521, 523, 557, -1,
                    521, 557, 522, -1,
                    522, 557, 540, -1,
                    522, 540, 539, -1,
                    523, 525, 533, -1,
                    523, 533, 558, -1,
                    523, 558, 559, -1,
                    523, 559, 557, -1,
                    524, 534, 533, -1,
                    524, 533, 525, -1,
                    526, 556, 560, -1,
                    526, 560, 529, -1,
                    526, 529, 528, -1,
                    527, 529, 561, -1,
                    527, 561, 562, -1,
                    527, 562, 530, -1,
                    529, 560, 563, -1,
                    529, 563, 561, -1,
                    530, 562, 564, -1,
                    530, 564, 535, -1,
                    532, 565, 566, -1,
                    532, 566, 567, -1,
                    532, 567, 568, -1,
                    532, 568, 558, -1,
                    532, 558, 533, -1,
                    532, 536, 569, -1,
                    532, 569, 565, -1,
                    535, 564, 536, -1,
                    536, 564, 569, -1,
                    537, 570, 538, -1,
                    537, 540, 571, -1,
                    537, 571, 570, -1,
                    538, 570, 572, -1,
                    538, 572, 541, -1,
                    540, 557, 573, -1,
                    540, 573, 574, -1,
                    540, 574, 575, -1,
                    540, 575, 576, -1,
                    540, 576, 577, -1,
                    540, 577, 578, -1,
                    540, 578, 579, -1,
                    540, 579, 571, -1,
                    541, 572, 580, -1,
                    541, 580, 542, -1,
                    542, 580, 581, -1,
                    542, 581, 582, -1,
                    542, 582, 583, -1,
                    542, 583, 543, -1,
                    546, 584, 547, -1,
                    547, 584, 585, -1,
                    547, 585, 586, -1,
                    547, 586, 548, -1,
                    548, 586, 587, -1,
                    548, 587, 549, -1,
                    549, 587, 588, -1,
                    549, 588, 550, -1,
                    550, 588, 589, -1,
                    550, 589, 551, -1,
                    551, 589, 590, -1,
                    551, 590, 554, -1,
                    551, 554, 553, -1,
                    551, 553, 552, -1,
                    554, 591, 555, -1,
                    554, 590, 591, -1,
                    555, 591, 592, -1,
                    555, 592, 593, -1,
                    555, 593, 594, -1,
                    555, 594, 595, -1,
                    555, 595, 596, -1,
                    555, 596, 560, -1,
                    555, 560, 556, -1,
                    557, 559, 568, -1,
                    557, 568, 567, -1,
                    557, 567, 597, -1,
                    557, 597, 598, -1,
                    557, 598, 573, -1,
                    558, 568, 559, -1,
                    560, 596, 563, -1,
                    561, 563, 599, -1,
                    561, 599, 562, -1,
                    562, 600, 564, -1,
                    562, 599, 600, -1,
                    563, 596, 601, -1,
                    563, 601, 602, -1,
                    563, 602, 603, -1,
                    563, 603, 604, -1,
                    563, 604, 599, -1,
                    564, 600, 605, -1,
                    564, 605, 606, -1,
                    564, 606, 607, -1,
                    564, 607, 608, -1,
                    564, 608, 609, -1,
                    564, 609, 610, -1,
                    564, 610, 569, -1,
                    565, 569, 566, -1,
                    566, 569, 611, -1,
                    566, 611, 567, -1,
                    567, 611, 597, -1,
                    569, 610, 611, -1,
                    570, 571, 579, -1,
                    570, 579, 572, -1,
                    572, 579, 578, -1,
                    572, 578, 612, -1,
                    572, 612, 613, -1,
                    572, 613, 580, -1,
                    573, 598, 597, -1,
                    573, 597, 611, -1,
                    573, 611, 614, -1,
                    573, 614, 574, -1,
                    574, 615, 616, -1,
                    574, 616, 575, -1,
                    574, 614, 617, -1,
                    574, 617, 609, -1,
                    574, 609, 615, -1,
                    575, 616, 618, -1,
                    575, 618, 577, -1,
                    575, 577, 576, -1,
                    577, 619, 620, -1,
                    577, 620, 578, -1,
                    577, 618, 621, -1,
                    577, 621, 622, -1,
                    577, 622, 619, -1,
                    578, 620, 623, -1,
                    578, 623, 624, -1,
                    578, 624, 612, -1,
                    580, 613, 625, -1,
                    580, 625, 626, -1,
                    580, 626, 581, -1,
                    581, 626, 627, -1,
                    581, 627, 628, -1,
                    581, 628, 629, -1,
                    581, 629, 630, -1,
                    581, 630, 631, -1,
                    581, 631, 582, -1,
                    584, 632, 585, -1,
                    585, 632, 633, -1,
                    585, 633, 634, -1,
                    585, 634, 635, -1,
                    585, 635, 636, -1,
                    585, 636, 586, -1,
                    586, 636, 587, -1,
                    587, 637, 638, -1,
                    587, 638, 588, -1,
                    587, 636, 637, -1,
                    588, 638, 639, -1,
                    588, 639, 589, -1,
                    589, 639, 640, -1,
                    589, 640, 641, -1,
                    589, 641, 590, -1,
                    590, 641, 591, -1,
                    591, 641, 642, -1,
                    591, 642, 592, -1,
                    592, 643, 644, -1,
                    592, 644, 645, -1,
                    592, 645, 593, -1,
                    592, 642, 646, -1,
                    592, 646, 643, -1,
                    593, 645, 594, -1,
                    594, 647, 595, -1,
                    594, 645, 647, -1,
                    595, 647, 648, -1,
                    595, 648, 596, -1,
                    596, 648, 601, -1,
                    599, 604, 649, -1,
                    599, 649, 650, -1,
                    599, 650, 600, -1,
                    600, 650, 649, -1,
                    600, 649, 651, -1,
                    600, 651, 652, -1,
                    600, 652, 653, -1,
                    600, 653, 654, -1,
                    600, 654, 655, -1,
                    600, 655, 656, -1,
                    600, 656, 657, -1,
                    600, 657, 658, -1,
                    600, 658, 605, -1,
                    601, 648, 659, -1,
                    601, 659, 660, -1,
                    601, 660, 661, -1,
                    601, 661, 602, -1,
                    602, 661, 662, -1,
                    602, 662, 649, -1,
                    602, 649, 603, -1,
                    603, 649, 604, -1,
                    605, 658, 663, -1,
                    605, 663, 606, -1,
                    606, 663, 607, -1,
                    607, 664, 608, -1,
                    607, 663, 665, -1,
                    607, 665, 666, -1,
                    607, 666, 664, -1,
                    608, 664, 615, -1,
                    608, 615, 609, -1,
                    609, 617, 610, -1,
                    610, 617, 611, -1,
                    611, 617, 614, -1,
                    612, 624, 613, -1,
                    613, 667, 668, -1,
                    613, 668, 625, -1,
                    613, 624, 667, -1,
                    615, 669, 618, -1,
                    615, 618, 616, -1,
                    615, 664, 669, -1,
                    618, 669, 670, -1,
                    618, 670, 621, -1,
                    619, 671, 672, -1,
                    619, 672, 673, -1,
                    619, 673, 620, -1,
                    619, 622, 671, -1,
                    620, 673, 674, -1,
                    620, 674, 623, -1,
                    621, 670, 675, -1,
                    621, 675, 622, -1,
                    622, 675, 676, -1,
                    622, 676, 677, -1,
                    622, 677, 671, -1,
                    623, 678, 679, -1,
                    623, 679, 624, -1,
                    623, 674, 678, -1,
                    624, 679, 667, -1,
                    625, 668, 680, -1,
                    625, 680, 626, -1,
                    626, 680, 681, -1,
                    626, 681, 682, -1,
                    626, 682, 683, -1,
                    626, 683, 684, -1,
                    626, 684, 627, -1,
                    633, 685, 634, -1,
                    634, 686, 635, -1,
                    634, 685, 687, -1,
                    634, 687, 688, -1,
                    634, 688, 689, -1,
                    634, 689, 690, -1,
                    634, 690, 686, -1,
                    635, 686, 691, -1,
                    635, 691, 692, -1,
                    635, 692, 693, -1,
                    635, 693, 694, -1,
                    635, 694, 695, -1,
                    635, 695, 636, -1,
                    636, 695, 696, -1,
                    636, 696, 637, -1,
                    637, 696, 697, -1,
                    637, 697, 638, -1,
                    638, 697, 639, -1,
                    639, 698, 640, -1,
                    639, 697, 698, -1,
                    640, 699, 646, -1,
                    640, 646, 642, -1,
                    640, 642, 641, -1,
                    640, 698, 700, -1,
                    640, 700, 699, -1,
                    643, 701, 644, -1,
                    643, 646, 701, -1,
                    644, 702, 703, -1,
                    644, 703, 704, -1,
                    644, 704, 645, -1,
                    644, 701, 705, -1,
                    644, 705, 702, -1,
                    645, 704, 647, -1,
                    646, 705, 701, -1,
                    646, 699, 706, -1,
                    646, 706, 707, -1,
                    646, 707, 708, -1,
                    646, 708, 709, -1,
                    646, 709, 705, -1,
                    647, 704, 703, -1,
                    647, 703, 710, -1,
                    647, 710, 711, -1,
                    647, 711, 648, -1,
                    648, 711, 712, -1,
                    648, 712, 659, -1,
                    649, 662, 713, -1,
                    649, 713, 651, -1,
                    651, 713, 652, -1,
                    652, 714, 715, -1,
                    652, 715, 653, -1,
                    652, 713, 716, -1,
                    652, 716, 717, -1,
                    652, 717, 718, -1,
                    652, 718, 714, -1,
                    653, 715, 719, -1,
                    653, 719, 654, -1,
                    654, 719, 720, -1,
                    654, 720, 721, -1,
                    654, 721, 655, -1,
                    655, 721, 783, -1,
                    655, 783, 722, -1,
                    655, 722, 656, -1,
                    656, 722, 723, -1,
                    656, 723, 724, -1,
                    656, 724, 657, -1,
                    657, 725, 726, -1,
                    657, 726, 727, -1,
                    657, 727, 658, -1,
                    657, 724, 725, -1,
                    658, 728, 729, -1,
                    658, 729, 730, -1,
                    658, 730, 731, -1,
                    658, 731, 732, -1,
                    658, 732, 663, -1,
                    658, 727, 728, -1,
                    659, 712, 660, -1,
                    660, 712, 733, -1,
                    660, 733, 661, -1,
                    661, 733, 734, -1,
                    661, 734, 716, -1,
                    661, 716, 662, -1,
                    662, 716, 713, -1,
                    663, 732, 735, -1,
                    663, 735, 665, -1,
                    664, 666, 670, -1,
                    664, 670, 669, -1,
                    665, 736, 675, -1,
                    665, 675, 666, -1,
                    665, 735, 736, -1,
                    666, 675, 670, -1,
                    667, 679, 668, -1,
                    668, 737, 738, -1,
                    668, 738, 680, -1,
                    668, 679, 739, -1,
                    668, 739, 737, -1,
                    671, 677, 672, -1,
                    672, 740, 741, -1,
                    672, 741, 674, -1,
                    672, 674, 673, -1,
                    672, 677, 735, -1,
                    672, 735, 740, -1,
                    674, 741, 742, -1,
                    674, 742, 743, -1,
                    674, 743, 678, -1,
                    675, 736, 676, -1,
                    676, 736, 735, -1,
                    676, 735, 677, -1,
                    678, 743, 744, -1,
                    678, 744, 745, -1,
                    678, 745, 746, -1,
                    678, 746, 679, -1,
                    679, 746, 739, -1,
                    680, 738, 747, -1,
                    680, 747, 748, -1,
                    680, 748, 681, -1,
                    686, 690, 749, -1,
                    686, 749, 750, -1,
                    686, 750, 691, -1,
                    688, 690, 689, -1,
                    691, 751, 752, -1,
                    691, 752, 692, -1,
                    691, 750, 753, -1,
                    691, 753, 754, -1,
                    691, 754, 755, -1,
                    691, 755, 756, -1,
                    691, 756, 751, -1,
                    692, 752, 757, -1,
                    692, 757, 693, -1,
                    693, 757, 752, -1,
                    693, 752, 758, -1,
                    693, 758, 759, -1,
                    693, 759, 760, -1,
                    693, 760, 761, -1,
                    693, 761, 694, -1,
                    694, 761, 700, -1,
                    694, 700, 697, -1,
                    694, 697, 696, -1,
                    694, 696, 695, -1,
                    697, 700, 698, -1,
                    699, 700, 706, -1,
                    700, 761, 706, -1,
                    702, 762, 763, -1,
                    702, 763, 764, -1,
                    702, 764, 703, -1,
                    702, 705, 765, -1,
                    702, 765, 766, -1,
                    702, 766, 767, -1,
                    702, 767, 768, -1,
                    702, 768, 762, -1,
                    703, 764, 710, -1,
                    705, 709, 769, -1,
                    705, 769, 765, -1,
                    706, 761, 707, -1,
                    707, 761, 760, -1,
                    707, 760, 708, -1,
                    708, 760, 709, -1,
                    709, 760, 759, -1,
                    709, 759, 770, -1,
                    709, 770, 769, -1,
                    710, 771, 711, -1,
                    710, 764, 771, -1,
                    711, 771, 772, -1,
                    711, 772, 773, -1,
                    711, 773, 712, -1,
                    712, 773, 733, -1,
                    714, 774, 775, -1,
                    714, 775, 776, -1,
                    714, 776, 715, -1,
                    714, 718, 774, -1,
                    715, 776, 777, -1,
                    715, 777, 719, -1,
                    716, 734, 717, -1,
                    717, 734, 718, -1,
                    718, 734, 733, -1,
                    718, 733, 773, -1,
                    718, 773, 778, -1,
                    718, 778, 774, -1,
                    719, 777, 779, -1,
                    719, 779, 780, -1,
                    719, 780, 720, -1,
                    720, 780, 781, -1,
                    720, 781, 782, -1,
                    720, 782, 783, -1,
                    720, 783, 721, -1,
                    722, 783, 723, -1,
                    723, 783, 724, -1,
                    724, 783, 784, -1,
                    724, 784, 725, -1,
                    725, 785, 786, -1,
                    725, 786, 726, -1,
                    725, 784, 787, -1,
                    725, 787, 835, -1,
                    725, 835, 785, -1,
                    726, 786, 788, -1,
                    726, 788, 728, -1,
                    726, 728, 727, -1,
                    728, 788, 789, -1,
                    728, 789, 729, -1,
                    729, 789, 790, -1,
                    729, 790, 730, -1,
                    730, 790, 791, -1,
                    730, 791, 792, -1,
                    730, 792, 731, -1,
                    731, 792, 735, -1,
                    731, 735, 732, -1,
                    735, 792, 793, -1,
                    735, 793, 794, -1,
                    735, 794, 795, -1,
                    735, 795, 740, -1,
                    737, 796, 738, -1,
                    737, 739, 797, -1,
                    737, 797, 796, -1,
                    738, 796, 798, -1,
                    738, 798, 799, -1,
                    738, 799, 747, -1,
                    739, 746, 797, -1,
                    740, 742, 741, -1,
                    740, 795, 854, -1,
                    740, 854, 800, -1,
                    740, 800, 742, -1,
                    742, 800, 743, -1,
                    743, 800, 801, -1,
                    743, 801, 744, -1,
                    744, 801, 745, -1,
                    745, 801, 802, -1,
                    745, 802, 803, -1,
                    745, 803, 746, -1,
                    746, 803, 797, -1,
                    751, 804, 805, -1,
                    751, 805, 758, -1,
                    751, 758, 752, -1,
                    751, 756, 804, -1,
                    756, 806, 807, -1,
                    756, 807, 804, -1,
                    758, 805, 770, -1,
                    758, 770, 759, -1,
                    762, 808, 809, -1,
                    762, 809, 810, -1,
                    762, 810, 763, -1,
                    762, 768, 808, -1,
                    763, 810, 809, -1,
                    763, 809, 811, -1,
                    763, 811, 771, -1,
                    763, 771, 764, -1,
                    765, 769, 812, -1,
                    765, 812, 770, -1,
                    765, 770, 767, -1,
                    765, 767, 766, -1,
                    767, 770, 768, -1,
                    768, 770, 813, -1,
                    768, 813, 814, -1,
                    768, 814, 815, -1,
                    768, 815, 816, -1,
                    768, 816, 817, -1,
                    768, 817, 818, -1,
                    768, 818, 808, -1,
                    769, 770, 812, -1,
                    770, 805, 819, -1,
                    770, 819, 814, -1,
                    770, 814, 813, -1,
                    771, 811, 773, -1,
                    771, 773, 772, -1,
                    773, 820, 778, -1,
                    773, 811, 821, -1,
                    773, 821, 820, -1,
                    774, 822, 775, -1,
                    774, 778, 823, -1,
                    774, 823, 824, -1,
                    774, 824, 825, -1,
                    774, 825, 822, -1,
                    775, 826, 776, -1,
                    775, 822, 827, -1,
                    775, 827, 828, -1,
                    775, 828, 826, -1,
                    776, 826, 777, -1,
                    777, 826, 829, -1,
                    777, 829, 779, -1,
                    778, 820, 823, -1,
                    779, 829, 830, -1,
                    779, 830, 831, -1,
                    779, 831, 832, -1,
                    779, 832, 780, -1,
                    780, 832, 833, -1,
                    780, 833, 834, -1,
                    780, 834, 781, -1,
                    781, 835, 782, -1,
                    781, 834, 836, -1,
                    781, 836, 835, -1,
                    782, 835, 787, -1,
                    782, 787, 784, -1,
                    782, 784, 783, -1,
                    785, 835, 836, -1,
                    785, 836, 837, -1,
                    785, 837, 786, -1,
                    786, 837, 838, -1,
                    786, 838, 788, -1,
                    788, 838, 789, -1,
                    789, 839, 840, -1,
                    789, 840, 790, -1,
                    789, 838, 839, -1,
                    790, 840, 841, -1,
                    790, 841, 791, -1,
                    791, 841, 842, -1,
                    791, 842, 843, -1,
                    791, 843, 844, -1,
                    791, 844, 845, -1,
                    791, 845, 846, -1,
                    791, 846, 847, -1,
                    791, 847, 848, -1,
                    791, 848, 849, -1,
                    791, 849, 792, -1,
                    792, 849, 850, -1,
                    792, 850, 851, -1,
                    792, 851, 793, -1,
                    793, 851, 794, -1,
                    794, 851, 852, -1,
                    794, 852, 853, -1,
                    794, 853, 854, -1,
                    794, 854, 795, -1,
                    796, 855, 856, -1,
                    796, 856, 798, -1,
                    796, 797, 855, -1,
                    797, 803, 857, -1,
                    797, 857, 855, -1,
                    798, 856, 855, -1,
                    798, 855, 859, -1,
                    798, 859, 860, -1,
                    798, 860, 858, -1,
                    800, 854, 802, -1,
                    800, 802, 801, -1,
                    802, 854, 853, -1,
                    802, 853, 803, -1,
                    803, 861, 862, -1,
                    803, 862, 857, -1,
                    803, 853, 863, -1,
                    803, 863, 861, -1,
                    804, 807, 864, -1,
                    804, 864, 805, -1,
                    805, 864, 865, -1,
                    805, 865, 819, -1,
                    806, 866, 807, -1,
                    807, 867, 868, -1,
                    807, 868, 869, -1,
                    807, 869, 864, -1,
                    807, 866, 870, -1,
                    807, 870, 871, -1,
                    807, 871, 872, -1,
                    807, 872, 867, -1,
                    808, 818, 873, -1,
                    808, 873, 874, -1,
                    808, 874, 875, -1,
                    808, 875, 809, -1,
                    809, 875, 820, -1,
                    809, 820, 821, -1,
                    809, 821, 811, -1,
                    814, 819, 876, -1,
                    814, 876, 877, -1,
                    814, 877, 816, -1,
                    814, 816, 815, -1,
                    816, 877, 817, -1,
                    817, 877, 878, -1,
                    817, 878, 879, -1,
                    817, 879, 880, -1,
                    817, 880, 881, -1,
                    817, 881, 882, -1,
                    817, 882, 873, -1,
                    817, 873, 818, -1,
                    819, 865, 883, -1,
                    819, 883, 876, -1,
                    820, 825, 823, -1,
                    820, 875, 825, -1,
                    822, 825, 884, -1,
                    822, 884, 827, -1,
                    823, 825, 824, -1,
                    825, 875, 874, -1,
                    825, 874, 884, -1,
                    826, 885, 886, -1,
                    826, 886, 829, -1,
                    826, 828, 885, -1,
                    827, 884, 887, -1,
                    827, 887, 888, -1,
                    827, 888, 828, -1,
                    828, 888, 889, -1,
                    828, 889, 890, -1,
                    828, 890, 891, -1,
                    828, 891, 885, -1,
                    829, 886, 830, -1,
                    830, 832, 831, -1,
                    830, 886, 892, -1,
                    830, 892, 893, -1,
                    830, 893, 832, -1,
                    832, 894, 833, -1,
                    832, 893, 894, -1,
                    833, 894, 834, -1,
                    834, 894, 895, -1,
                    834, 895, 896, -1,
                    834, 896, 837, -1,
                    834, 837, 836, -1,
                    837, 896, 897, -1,
                    837, 897, 838, -1,
                    838, 897, 898, -1,
                    838, 898, 899, -1,
                    838, 899, 839, -1,
                    839, 899, 900, -1,
                    839, 900, 901, -1,
                    839, 901, 840, -1,
                    840, 901, 841, -1,
                    841, 901, 902, -1,
                    841, 902, 903, -1,
                    841, 903, 842, -1,
                    842, 903, 904, -1,
                    842, 904, 844, -1,
                    842, 844, 843, -1,
                    844, 904, 905, -1,
                    844, 905, 845, -1,
                    845, 906, 846, -1,
                    845, 905, 907, -1,
                    845, 907, 906, -1,
                    846, 906, 907, -1,
                    846, 907, 847, -1,
                    847, 907, 908, -1,
                    847, 908, 848, -1,
                    848, 850, 849, -1,
                    848, 908, 909, -1,
                    848, 909, 910, -1,
                    848, 910, 850, -1,
                    850, 863, 911, -1,
                    850, 911, 851, -1,
                    850, 910, 912, -1,
                    850, 912, 863, -1,
                    851, 911, 853, -1,
                    851, 853, 852, -1,
                    853, 911, 863, -1,
                    855, 913, 860, -1,
                    855, 860, 859, -1,
                    855, 857, 913, -1,
                    857, 862, 913, -1,
                    858, 860, 915, -1,
                    858, 915, 914, -1,
                    860, 913, 915, -1,
                    861, 863, 862, -1,
                    862, 863, 912, -1,
                    862, 912, 910, -1,
                    862, 910, 913, -1,
                    864, 869, 865, -1,
                    865, 869, 883, -1,
                    867, 872, 916, -1,
                    867, 916, 917, -1,
                    867, 917, 918, -1,
                    867, 918, 919, -1,
                    867, 919, 920, -1,
                    867, 920, 921, -1,
                    867, 921, 922, -1,
                    867, 922, 868, -1,
                    868, 923, 934, -1,
                    868, 934, 924, -1,
                    868, 924, 869, -1,
                    868, 922, 925, -1,
                    868, 925, 926, -1,
                    868, 926, 927, -1,
                    868, 927, 928, -1,
                    868, 928, 929, -1,
                    868, 929, 923, -1,
                    869, 924, 880, -1,
                    869, 880, 879, -1,
                    869, 879, 878, -1,
                    869, 878, 883, -1,
                    873, 930, 931, -1,
                    873, 931, 932, -1,
                    873, 932, 933, -1,
                    873, 933, 874, -1,
                    873, 882, 930, -1,
                    874, 933, 884, -1,
                    876, 883, 877, -1,
                    877, 883, 878, -1,
                    880, 924, 934, -1,
                    880, 934, 935, -1,
                    880, 935, 936, -1,
                    880, 936, 937, -1,
                    880, 937, 938, -1,
                    880, 938, 939, -1,
                    880, 939, 882, -1,
                    880, 882, 881, -1,
                    882, 939, 930, -1,
                    884, 940, 887, -1,
                    884, 933, 941, -1,
                    884, 941, 942, -1,
                    884, 942, 943, -1,
                    884, 943, 940, -1,
                    885, 891, 886, -1,
                    886, 891, 892, -1,
                    887, 940, 944, -1,
                    887, 944, 945, -1,
                    887, 945, 946, -1,
                    887, 946, 888, -1,
                    888, 946, 947, -1,
                    888, 947, 889, -1,
                    889, 947, 890, -1,
                    890, 947, 891, -1,
                    891, 947, 948, -1,
                    891, 948, 949, -1,
                    891, 949, 950, -1,
                    891, 950, 892, -1,
                    892, 950, 893, -1,
                    893, 951, 896, -1,
                    893, 896, 952, -1,
                    893, 952, 894, -1,
                    893, 950, 953, -1,
                    893, 953, 954, -1,
                    893, 954, 955, -1,
                    893, 955, 956, -1,
                    893, 956, 951, -1,
                    894, 952, 895, -1,
                    895, 952, 896, -1,
                    896, 951, 957, -1,
                    896, 957, 958, -1,
                    896, 958, 897, -1,
                    897, 958, 898, -1,
                    898, 959, 960, -1,
                    898, 960, 899, -1,
                    898, 958, 959, -1,
                    899, 960, 900, -1,
                    900, 902, 901, -1,
                    900, 960, 961, -1,
                    900, 961, 962, -1,
                    900, 962, 963, -1,
                    900, 963, 964, -1,
                    900, 964, 965, -1,
                    900, 965, 902, -1,
                    902, 965, 903, -1,
                    903, 965, 966, -1,
                    903, 966, 967, -1,
                    903, 967, 1029, -1,
                    903, 1029, 968, -1,
                    903, 968, 904, -1,
                    904, 968, 969, -1,
                    904, 969, 905, -1,
                    905, 969, 970, -1,
                    905, 970, 907, -1,
                    907, 970, 969, -1,
                    907, 969, 971, -1,
                    907, 971, 972, -1,
                    907, 972, 908, -1,
                    908, 972, 910, -1,
                    908, 910, 909, -1,
                    910, 972, 973, -1,
                    910, 973, 913, -1,
                    913, 973, 974, -1,
                    913, 974, 975, -1,
                    913, 975, 976, -1,
                    913, 976, 915, -1,
                    914, 915, 977, -1,
                    915, 978, 977, -1,
                    915, 976, 978, -1,
                    920, 979, 921, -1,
                    921, 979, 922, -1,
                    922, 979, 926, -1,
                    922, 926, 925, -1,
                    923, 980, 934, -1,
                    923, 929, 981, -1,
                    923, 981, 980, -1,
                    926, 979, 982, -1,
                    926, 982, 927, -1,
                    927, 982, 983, -1,
                    927, 983, 928, -1,
                    928, 983, 984, -1,
                    928, 984, 985, -1,
                    928, 985, 1059, -1,
                    928, 1059, 986, -1,
                    928, 986, 987, -1,
                    928, 987, 981, -1,
                    928, 981, 929, -1,
                    930, 988, 989, -1,
                    930, 989, 990, -1,
                    930, 990, 991, -1,
                    930, 991, 943, -1,
                    930, 943, 931, -1,
                    930, 939, 992, -1,
                    930, 992, 988, -1,
                    931, 943, 993, -1,
                    931, 993, 932, -1,
                    932, 993, 933, -1,
                    933, 993, 941, -1,
                    934, 980, 994, -1,
                    934, 994, 995, -1,
                    934, 995, 996, -1,
                    934, 996, 935, -1,
                    935, 996, 997, -1,
                    935, 997, 998, -1,
                    935, 998, 936, -1,
                    936, 998, 999, -1,
                    936, 999, 938, -1,
                    936, 938, 937, -1,
                    938, 999, 939, -1,
                    939, 999, 992, -1,
                    940, 943, 1000, -1,
                    940, 1000, 1001, -1,
                    940, 1001, 944, -1,
                    941, 993, 942, -1,
                    942, 993, 943, -1,
                    943, 991, 1000, -1,
                    944, 1001, 1002, -1,
                    944, 1002, 945, -1,
                    945, 1002, 1003, -1,
                    945, 1003, 946, -1,
                    946, 1003, 1004, -1,
                    946, 1004, 1005, -1,
                    946, 1005, 947, -1,
                    947, 1005, 948, -1,
                    948, 1005, 949, -1,
                    949, 1005, 1006, -1,
                    949, 1006, 1007, -1,
                    949, 1007, 950, -1,
                    950, 1008, 1009, -1,
                    950, 1009, 1010, -1,
                    950, 1010, 1011, -1,
                    950, 1011, 953, -1,
                    950, 1007, 1008, -1,
                    951, 956, 957, -1,
                    953, 1011, 954, -1,
                    954, 1012, 1013, -1,
                    954, 1013, 956, -1,
                    954, 956, 955, -1,
                    954, 1011, 1014, -1,
                    954, 1014, 1015, -1,
                    954, 1015, 1016, -1,
                    954, 1016, 1017, -1,
                    954, 1017, 1018, -1,
                    954, 1018, 1012, -1,
                    956, 1019, 1020, -1,
                    956, 1020, 960, -1,
                    956, 960, 959, -1,
                    956, 959, 958, -1,
                    956, 958, 957, -1,
                    956, 1013, 1021, -1,
                    956, 1021, 1022, -1,
                    956, 1022, 1023, -1,
                    956, 1023, 1019, -1,
                    960, 1020, 1019, -1,
                    960, 1019, 961, -1,
                    961, 1019, 1024, -1,
                    961, 1024, 1025, -1,
                    961, 1025, 1026, -1,
                    961, 1026, 962, -1,
                    962, 1026, 963, -1,
                    963, 1025, 964, -1,
                    963, 1026, 1025, -1,
                    964, 1025, 966, -1,
                    964, 966, 965, -1,
                    966, 1025, 1024, -1,
                    966, 1024, 1027, -1,
                    966, 1027, 1028, -1,
                    966, 1028, 967, -1,
                    967, 1028, 1029, -1,
                    968, 1029, 1030, -1,
                    968, 1030, 1031, -1,
                    968, 1031, 1032, -1,
                    968, 1032, 1033, -1,
                    968, 1033, 1034, -1,
                    968, 1034, 1035, -1,
                    968, 1035, 969, -1,
                    969, 1035, 1036, -1,
                    969, 1036, 1037, -1,
                    969, 1037, 1038, -1,
                    969, 1038, 1039, -1,
                    969, 1039, 1040, -1,
                    969, 1040, 971, -1,
                    971, 1040, 1041, -1,
                    971, 1041, 972, -1,
                    972, 1041, 974, -1,
                    972, 974, 973, -1,
                    974, 1041, 975, -1,
                    975, 1042, 1043, -1,
                    975, 1043, 1044, -1,
                    975, 1044, 976, -1,
                    975, 1041, 1042, -1,
                    976, 1044, 1045, -1,
                    976, 1045, 978, -1,
                    980, 1046, 1047, -1,
                    980, 1047, 1048, -1,
                    980, 1048, 1049, -1,
                    980, 1049, 1050, -1,
                    980, 1050, 994, -1,
                    980, 981, 1046, -1,
                    981, 987, 986, -1,
                    981, 986, 1046, -1,
                    983, 1051, 1052, -1,
                    983, 1052, 984, -1,
                    984, 1052, 1053, -1,
                    984, 1053, 1054, -1,
                    984, 1054, 985, -1,
                    985, 1055, 1056, -1,
                    985, 1056, 1057, -1,
                    985, 1057, 1058, -1,
                    985, 1058, 1059, -1,
                    985, 1054, 1055, -1,
                    986, 1059, 1047, -1,
                    986, 1047, 1046, -1,
                    988, 992, 1060, -1,
                    988, 1060, 989, -1,
                    989, 1060, 1061, -1,
                    989, 1061, 1062, -1,
                    989, 1062, 1063, -1,
                    989, 1063, 991, -1,
                    989, 991, 990, -1,
                    991, 1063, 1064, -1,
                    991, 1064, 1000, -1,
                    992, 999, 1060, -1,
                    994, 1050, 995, -1,
                    995, 1050, 1065, -1,
                    995, 1065, 997, -1,
                    995, 997, 996, -1,
                    997, 1065, 1066, -1,
                    997, 1066, 1067, -1,
                    997, 1067, 998, -1,
                    998, 1068, 999, -1,
                    998, 1067, 1068, -1,
                    999, 1068, 1069, -1,
                    999, 1069, 1070, -1,
                    999, 1070, 1061, -1,
                    999, 1061, 1060, -1,
                    1000, 1064, 1001, -1,
                    1001, 1064, 1071, -1,
                    1001, 1071, 1072, -1,
                    1001, 1072, 1002, -1,
                    1002, 1073, 1003, -1,
                    1002, 1072, 1070, -1,
                    1002, 1070, 1074, -1,
                    1002, 1074, 1075, -1,
                    1002, 1075, 1076, -1,
                    1002, 1076, 1077, -1,
                    1002, 1077, 1078, -1,
                    1002, 1078, 1073, -1,
                    1003, 1073, 1004, -1,
                    1004, 1073, 1079, -1,
                    1004, 1079, 1005, -1,
                    1005, 1079, 1007, -1,
                    1005, 1007, 1006, -1,
                    1007, 1079, 1008, -1,
                    1008, 1079, 1010, -1,
                    1008, 1010, 1009, -1,
                    1010, 1080, 1081, -1,
                    1010, 1081, 1011, -1,
                    1010, 1079, 1080, -1,
                    1011, 1081, 1014, -1,
                    1012, 1018, 1082, -1,
                    1012, 1082, 1021, -1,
                    1012, 1021, 1013, -1,
                    1014, 1081, 1083, -1,
                    1014, 1083, 1015, -1,
                    1015, 1083, 1084, -1,
                    1015, 1084, 1085, -1,
                    1015, 1085, 1016, -1,
                    1016, 1085, 1086, -1,
                    1016, 1086, 1017, -1,
                    1017, 1087, 1018, -1,
                    1017, 1086, 1088, -1,
                    1017, 1088, 1089, -1,
                    1017, 1089, 1090, -1,
                    1017, 1090, 1087, -1,
                    1018, 1087, 1082, -1,
                    1019, 1023, 1024, -1,
                    1021, 1082, 1091, -1,
                    1021, 1091, 1092, -1,
                    1021, 1092, 1023, -1,
                    1021, 1023, 1022, -1,
                    1023, 1092, 1093, -1,
                    1023, 1093, 1094, -1,
                    1023, 1094, 1095, -1,
                    1023, 1095, 1024, -1,
                    1024, 1095, 1094, -1,
                    1024, 1094, 1096, -1,
                    1024, 1096, 1097, -1,
                    1024, 1097, 1027, -1,
                    1027, 1097, 1098, -1,
                    1027, 1098, 1099, -1,
                    1027, 1099, 1100, -1,
                    1027, 1100, 1101, -1,
                    1027, 1101, 1028, -1,
                    1028, 1101, 1029, -1,
                    1029, 1101, 1100, -1,
                    1029, 1100, 1030, -1,
                    1030, 1100, 1102, -1,
                    1030, 1102, 1031, -1,
                    1031, 1102, 1103, -1,
                    1031, 1103, 1032, -1,
                    1032, 1103, 1104, -1,
                    1032, 1104, 1033, -1,
                    1033, 1104, 1034, -1,
                    1034, 1104, 1105, -1,
                    1034, 1105, 1106, -1,
                    1034, 1106, 1035, -1,
                    1035, 1106, 1107, -1,
                    1035, 1107, 1105, -1,
                    1035, 1105, 1036, -1,
                    1036, 1105, 1108, -1,
                    1036, 1108, 1109, -1,
                    1036, 1109, 1110, -1,
                    1036, 1110, 1037, -1,
                    1037, 1111, 1038, -1,
                    1038, 1111, 1112, -1,
                    1038, 1112, 1113, -1,
                    1038, 1113, 1039, -1,
                    1039, 1042, 1041, -1,
                    1039, 1041, 1040, -1,
                    1039, 1113, 1114, -1,
                    1039, 1114, 1115, -1,
                    1039, 1115, 1116, -1,
                    1039, 1116, 1042, -1,
                    1042, 1116, 1117, -1,
                    1042, 1117, 1044, -1,
                    1042, 1044, 1043, -1,
                    1047, 1059, 1058, -1,
                    1047, 1058, 1057, -1,
                    1047, 1057, 1118, -1,
                    1047, 1118, 1119, -1,
                    1047, 1119, 1048, -1,
                    1048, 1120, 1121, -1,
                    1048, 1121, 1122, -1,
                    1048, 1122, 1049, -1,
                    1048, 1119, 1120, -1,
                    1049, 1122, 1050, -1,
                    1050, 1122, 1065, -1,
                    1051, 1123, 1052, -1,
                    1052, 1124, 1053, -1,
                    1052, 1123, 1124, -1,
                    1053, 1125, 1054, -1,
                    1053, 1124, 1123, -1,
                    1053, 1123, 1126, -1,
                    1053, 1126, 1127, -1,
                    1053, 1127, 1128, -1,
                    1053, 1128, 1129, -1,
                    1053, 1129, 1130, -1,
                    1053, 1130, 1131, -1,
                    1053, 1131, 1125, -1,
                    1054, 1125, 1055, -1,
                    1055, 1125, 1132, -1,
                    1055, 1132, 1133, -1,
                    1055, 1133, 1118, -1,
                    1055, 1118, 1057, -1,
                    1055, 1057, 1056, -1,
                    1061, 1070, 1062, -1,
                    1062, 1070, 1071, -1,
                    1062, 1071, 1064, -1,
                    1062, 1064, 1063, -1,
                    1065, 1122, 1066, -1,
                    1066, 1134, 1067, -1,
                    1066, 1122, 1134, -1,
                    1067, 1134, 1068, -1,
                    1068, 1135, 1136, -1,
                    1068, 1136, 1137, -1,
                    1068, 1137, 1138, -1,
                    1068, 1138, 1069, -1,
                    1068, 1134, 1139, -1,
                    1068, 1139, 1135, -1,
                    1069, 1138, 1070, -1,
                    1070, 1140, 1141, -1,
                    1070, 1141, 1076, -1,
                    1070, 1076, 1074, -1,
                    1070, 1072, 1071, -1,
                    1070, 1138, 1140, -1,
                    1073, 1078, 1142, -1,
                    1073, 1142, 1079, -1,
                    1074, 1076, 1075, -1,
                    1076, 1141, 1143, -1,
                    1076, 1143, 1144, -1,
                    1076, 1144, 1145, -1,
                    1076, 1145, 1077, -1,
                    1077, 1145, 1146, -1,
                    1077, 1146, 1078, -1,
                    1078, 1146, 1147, -1,
                    1078, 1147, 1142, -1,
                    1079, 1142, 1080, -1,
                    1080, 1142, 1081, -1,
                    1081, 1142, 1148, -1,
                    1081, 1148, 1083, -1,
                    1082, 1087, 1149, -1,
                    1082, 1149, 1150, -1,
                    1082, 1150, 1091, -1,
                    1083, 1148, 1151, -1,
                    1083, 1151, 1084, -1,
                    1084, 1152, 1153, -1,
                    1084, 1153, 1154, -1,
                    1084, 1154, 1085, -1,
                    1084, 1151, 1147, -1,
                    1084, 1147, 1152, -1,
                    1085, 1154, 1086, -1,
                    1086, 1154, 1088, -1,
                    1087, 1090, 1155, -1,
                    1087, 1155, 1149, -1,
                    1088, 1154, 1156, -1,
                    1088, 1156, 1089, -1,
                    1089, 1157, 1158, -1,
                    1089, 1158, 1159, -1,
                    1089, 1159, 1160, -1,
                    1089, 1160, 1161, -1,
                    1089, 1161, 1090, -1,
                    1089, 1156, 1162, -1,
                    1089, 1162, 1163, -1,
                    1089, 1163, 1157, -1,
                    1090, 1161, 1155, -1,
                    1091, 1164, 1165, -1,
                    1091, 1165, 1092, -1,
                    1091, 1150, 1149, -1,
                    1091, 1149, 1166, -1,
                    1091, 1166, 1167, -1,
                    1091, 1167, 1168, -1,
                    1091, 1168, 1169, -1,
                    1091, 1169, 1170, -1,
                    1091, 1170, 1171, -1,
                    1091, 1171, 1164, -1,
                    1092, 1165, 1094, -1,
                    1092, 1094, 1093, -1,
                    1094, 1165, 1172, -1,
                    1094, 1172, 1096, -1,
                    1096, 1172, 1173, -1,
                    1096, 1173, 1174, -1,
                    1096, 1174, 1097, -1,
                    1097, 1174, 1098, -1,
                    1098, 1174, 1175, -1,
                    1098, 1175, 1176, -1,
                    1098, 1176, 1177, -1,
                    1098, 1177, 1099, -1,
                    1099, 1177, 1100, -1,
                    1100, 1177, 1178, -1,
                    1100, 1178, 1102, -1,
                    1102, 1178, 1179, -1,
                    1102, 1179, 1180, -1,
                    1102, 1180, 1104, -1,
                    1102, 1104, 1103, -1,
                    1104, 1180, 1181, -1,
                    1104, 1181, 1182, -1,
                    1104, 1182, 1105, -1,
                    1105, 1107, 1106, -1,
                    1112, 1183, 1113, -1,
                    1113, 1183, 1184, -1,
                    1113, 1184, 1114, -1,
                    1118, 1133, 1185, -1,
                    1118, 1185, 1186, -1,
                    1118, 1186, 1187, -1,
                    1118, 1187, 1188, -1,
                    1118, 1188, 1189, -1,
                    1118, 1189, 1190, -1,
                    1118, 1190, 1119, -1,
                    1119, 1190, 1191, -1,
                    1119, 1191, 1192, -1,
                    1119, 1192, 1193, -1,
                    1119, 1193, 1194, -1,
                    1119, 1194, 1195, -1,
                    1119, 1195, 1196, -1,
                    1119, 1196, 1197, -1,
                    1119, 1197, 1121, -1,
                    1119, 1121, 1120, -1,
                    1121, 1196, 1134, -1,
                    1121, 1134, 1122, -1,
                    1121, 1197, 1196, -1,
                    1125, 1131, 1198, -1,
                    1125, 1198, 1132, -1,
                    1130, 1199, 1131, -1,
                    1131, 1199, 1198, -1,
                    1132, 1198, 1186, -1,
                    1132, 1186, 1133, -1,
                    1133, 1186, 1185, -1,
                    1134, 1196, 1139, -1,
                    1135, 1200, 1136, -1,
                    1135, 1139, 1201, -1,
                    1135, 1201, 1202, -1,
                    1135, 1202, 1200, -1,
                    1136, 1143, 1138, -1,
                    1136, 1138, 1137, -1,
                    1136, 1200, 1143, -1,
                    1138, 1143, 1140, -1,
                    1139, 1196, 1195, -1,
                    1139, 1195, 1201, -1,
                    1140, 1143, 1141, -1,
                    1142, 1147, 1151, -1,
                    1142, 1151, 1148, -1,
                    1143, 1200, 1203, -1,
                    1143, 1203, 1144, -1,
                    1144, 1203, 1204, -1,
                    1144, 1204, 1145, -1,
                    1145, 1204, 1205, -1,
                    1145, 1205, 1146, -1,
                    1146, 1205, 1147, -1,
                    1147, 1205, 1206, -1,
                    1147, 1206, 1207, -1,
                    1147, 1207, 1152, -1,
                    1149, 1155, 1208, -1,
                    1149, 1208, 1209, -1,
                    1149, 1209, 1210, -1,
                    1149, 1210, 1167, -1,
                    1149, 1167, 1166, -1,
                    1152, 1207, 1153, -1,
                    1153, 1211, 1212, -1,
                    1153, 1212, 1154, -1,
                    1153, 1207, 1211, -1,
                    1154, 1212, 1156, -1,
                    1155, 1161, 1208, -1,
                    1156, 1212, 1162, -1,
                    1157, 1213, 1214, -1,
                    1157, 1214, 1215, -1,
                    1157, 1215, 1190, -1,
                    1157, 1190, 1216, -1,
                    1157, 1216, 1158, -1,
                    1157, 1163, 1213, -1,
                    1158, 1216, 1217, -1,
                    1158, 1217, 1159, -1,
                    1159, 1217, 1161, -1,
                    1159, 1161, 1160, -1,
                    1161, 1217, 1218, -1,
                    1161, 1218, 1219, -1,
                    1161, 1219, 1208, -1,
                    1162, 1212, 1220, -1,
                    1162, 1220, 1163, -1,
                    1163, 1220, 1221, -1,
                    1163, 1221, 1222, -1,
                    1163, 1222, 1223, -1,
                    1163, 1223, 1214, -1,
                    1163, 1214, 1213, -1,
                    1164, 1224, 1165, -1,
                    1164, 1171, 1225, -1,
                    1164, 1225, 1226, -1,
                    1164, 1226, 1224, -1,
                    1165, 1224, 1173, -1,
                    1165, 1173, 1172, -1,
                    1167, 1210, 1227, -1,
                    1167, 1227, 1228, -1,
                    1167, 1228, 1229, -1,
                    1167, 1229, 1230, -1,
                    1167, 1230, 1231, -1,
                    1167, 1231, 1168, -1,
                    1168, 1231, 1169, -1,
                    1169, 1231, 1170, -1,
                    1170, 1231, 1232, -1,
                    1170, 1232, 1225, -1,
                    1170, 1225, 1171, -1,
                    1173, 1224, 1233, -1,
                    1173, 1233, 1175, -1,
                    1173, 1175, 1174, -1,
                    1175, 1233, 1234, -1,
                    1175, 1234, 1235, -1,
                    1175, 1235, 1178, -1,
                    1175, 1178, 1236, -1,
                    1175, 1236, 1176, -1,
                    1176, 1236, 1177, -1,
                    1177, 1236, 1178, -1,
                    1178, 1235, 1237, -1,
                    1178, 1237, 1238, -1,
                    1178, 1238, 1239, -1,
                    1178, 1239, 1179, -1,
                    1179, 1239, 1240, -1,
                    1179, 1240, 1180, -1,
                    1180, 1240, 1241, -1,
                    1180, 1241, 1242, -1,
                    1180, 1242, 1181, -1,
                    1186, 1198, 1243, -1,
                    1186, 1243, 1188, -1,
                    1186, 1188, 1187, -1,
                    1188, 1243, 1244, -1,
                    1188, 1244, 1245, -1,
                    1188, 1245, 1190, -1,
                    1188, 1190, 1189, -1,
                    1190, 1245, 1216, -1,
                    1190, 1215, 1192, -1,
                    1190, 1192, 1191, -1,
                    1192, 1215, 1246, -1,
                    1192, 1246, 1247, -1,
                    1192, 1247, 1248, -1,
                    1192, 1248, 1193, -1,
                    1193, 1248, 1249, -1,
                    1193, 1249, 1194, -1,
                    1194, 1249, 1250, -1,
                    1194, 1250, 1202, -1,
                    1194, 1202, 1201, -1,
                    1194, 1201, 1195, -1,
                    1198, 1199, 1251, -1,
                    1198, 1251, 1243, -1,
                    1199, 1243, 1251, -1,
                    1200, 1202, 1250, -1,
                    1200, 1250, 1203, -1,
                    1203, 1250, 1252, -1,
                    1203, 1252, 1253, -1,
                    1203, 1253, 1204, -1,
                    1204, 1253, 1205, -1,
                    1205, 1253, 1254, -1,
                    1205, 1254, 1222, -1,
                    1205, 1222, 1255, -1,
                    1205, 1255, 1206, -1,
                    1206, 1255, 1207, -1,
                    1207, 1255, 1211, -1,
                    1208, 1256, 1209, -1,
                    1208, 1219, 1257, -1,
                    1208, 1257, 1258, -1,
                    1208, 1258, 1259, -1,
                    1208, 1259, 1256, -1,
                    1209, 1256, 1260, -1,
                    1209, 1260, 1210, -1,
                    1210, 1260, 1227, -1,
                    1211, 1255, 1261, -1,
                    1211, 1261, 1220, -1,
                    1211, 1220, 1212, -1,
                    1214, 1223, 1246, -1,
                    1214, 1246, 1215, -1,
                    1216, 1245, 1262, -1,
                    1216, 1262, 1263, -1,
                    1216, 1263, 1264, -1,
                    1216, 1264, 1218, -1,
                    1216, 1218, 1265, -1,
                    1216, 1265, 1217, -1,
                    1217, 1265, 1218, -1,
                    1218, 1264, 1219, -1,
                    1219, 1264, 1266, -1,
                    1219, 1266, 1267, -1,
                    1219, 1267, 1268, -1,
                    1219, 1268, 1257, -1,
                    1220, 1261, 1222, -1,
                    1220, 1222, 1221, -1,
                    1222, 1261, 1255, -1,
                    1222, 1254, 1269, -1,
                    1222, 1269, 1223, -1,
                    1223, 1269, 1246, -1,
                    1224, 1226, 1233, -1,
                    1226, 1270, 1233, -1,
                    1230, 1232, 1231, -1,
                    1233, 1270, 1271, -1,
                    1233, 1271, 1272, -1,
                    1233, 1272, 1234, -1,
                    1234, 1273, 1235, -1,
                    1234, 1272, 1274, -1,
                    1234, 1274, 1237, -1,
                    1234, 1237, 1273, -1,
                    1235, 1273, 1237, -1,
                    1244, 1275, 1245, -1,
                    1245, 1275, 1276, -1,
                    1245, 1276, 1277, -1,
                    1245, 1277, 1262, -1,
                    1246, 1269, 1248, -1,
                    1246, 1248, 1247, -1,
                    1248, 1269, 1254, -1,
                    1248, 1254, 1253, -1,
                    1248, 1253, 1252, -1,
                    1248, 1252, 1250, -1,
                    1248, 1250, 1249, -1,
                    1256, 1259, 1278, -1,
                    1256, 1278, 1260, -1,
                    1262, 1277, 1279, -1,
                    1262, 1279, 1263, -1,
                    1263, 1266, 1264, -1,
                    1280, 1281, 1282, -1,
                    1280, 1282, 1289, -1,
                    1280, 1289, 1296, -1,
                    1280, 1296, 1312, -1,
                    1280, 1312, 1336, -1,
                    1280, 1336, 1366, -1,
                    1280, 1366, 1405, -1,
                    1280, 1405, 1476, -1,
                    1280, 1476, 1475, -1,
                    1280, 1475, 1554, -1,
                    1280, 1554, 1553, -1,
                    1280, 1553, 1552, -1,
                    1280, 1552, 1551, -1,
                    1280, 1551, 1645, -1,
                    1280, 1645, 1719, -1,
                    1280, 1719, 1778, -1,
                    1280, 1778, 1839, -1,
                    1280, 1839, 1837, -1,
                    1280, 1837, 1836, -1,
                    1280, 1836, 1772, -1,
                    1280, 1772, 1835, -1,
                    1280, 1835, 1834, -1,
                    1280, 1834, 1832, -1,
                    1280, 1832, 1831, -1,
                    1280, 1831, 1872, -1,
                    1280, 1872, 1906, -1,
                    1280, 1906, 1924, -1,
                    1280, 1924, 1929, -1,
                    1280, 1929, 1928, -1,
                    1280, 1928, 1938, -1,
                    1280, 1938, 1937, -1,
                    1280, 1937, 1936, -1,
                    1280, 1936, 1935, -1,
                    1280, 1935, 1934, -1,
                    1280, 1934, 1941, -1,
                    1280, 1941, 1942, -1,
                    1280, 1942, 1939, -1,
                    1280, 1939, 1933, -1,
                    1280, 1933, 1932, -1,
                    1280, 1932, 1930, -1,
                    1280, 1930, 1925, -1,
                    1280, 1925, 1910, -1,
                    1280, 1910, 1883, -1,
                    1280, 1883, 1882, -1,
                    1280, 1882, 1847, -1,
                    1280, 1847, 1794, -1,
                    1280, 1794, 1793, -1,
                    1280, 1793, 1792, -1,
                    1280, 1792, 1791, -1,
                    1280, 1791, 1731, -1,
                    1280, 1731, 1730, -1,
                    1280, 1730, 1795, -1,
                    1280, 1795, 1799, -1,
                    1280, 1799, 1798, -1,
                    1280, 1798, 1851, -1,
                    1280, 1851, 1892, -1,
                    1280, 1892, 1891, -1,
                    1280, 1891, 1890, -1,
                    1280, 1890, 1881, -1,
                    1280, 1881, 1880, -1,
                    1280, 1880, 1879, -1,
                    1280, 1879, 1909, -1,
                    1280, 1909, 1908, -1,
                    1280, 1908, 1907, -1,
                    1280, 1907, 1875, -1,
                    1280, 1875, 1874, -1,
                    1280, 1874, 1873, -1,
                    1280, 1873, 1877, -1,
                    1280, 1877, 1842, -1,
                    1280, 1842, 1780, -1,
                    1280, 1780, 1724, -1,
                    1280, 1724, 1723, -1,
                    1280, 1723, 1673, -1,
                    1280, 1673, 1647, -1,
                    1280, 1647, 1646, -1,
                    1280, 1646, 1555, -1,
                    1280, 1555, 1478, -1,
                    1280, 1478, 1477, -1,
                    1280, 1477, 1407, -1,
                    1280, 1407, 1406, -1,
                    1280, 1406, 1367, -1,
                    1280, 1367, 1337, -1,
                    1280, 1337, 1313, -1,
                    1280, 1313, 1297, -1,
                    1280, 1297, 1290, -1,
                    1280, 1290, 1283, -1,
                    1280, 1283, 1284, -1,
                    1280, 1284, 1285, -1,
                    1280, 1285, 1286, -1,
                    1280, 1286, 1287, -1,
                    1280, 1287, 1281, -1,
                    1281, 1288, 1289, -1,
                    1281, 1289, 1282, -1,
                    1281, 1287, 1288, -1,
                    1283, 1290, 1284, -1,
                    1284, 1290, 1291, -1,
                    1284, 1291, 1285, -1,
                    1285, 1291, 1292, -1,
                    1285, 1292, 1286, -1,
                    1286, 1293, 1294, -1,
                    1286, 1294, 1287, -1,
                    1286, 1292, 1293, -1,
                    1287, 1294, 1295, -1,
                    1287, 1295, 1288, -1,
                    1288, 1295, 1296, -1,
                    1288, 1296, 1289, -1,
                    1290, 1297, 1298, -1,
                    1290, 1298, 1291, -1,
                    1291, 1298, 1292, -1,
                    1292, 1299, 1293, -1,
                    1292, 1298, 1300, -1,
                    1292, 1300, 1301, -1,
                    1292, 1301, 1302, -1,
                    1292, 1302, 1303, -1,
                    1292, 1303, 1304, -1,
                    1292, 1304, 1305, -1,
                    1292, 1305, 1299, -1,
                    1293, 1299, 1306, -1,
                    1293, 1306, 1307, -1,
                    1293, 1307, 1294, -1,
                    1294, 1307, 1305, -1,
                    1294, 1305, 1308, -1,
                    1294, 1308, 1295, -1,
                    1295, 1309, 1310, -1,
                    1295, 1310, 1311, -1,
                    1295, 1311, 1296, -1,
                    1295, 1308, 1309, -1,
                    1296, 1311, 1312, -1,
                    1297, 1313, 1314, -1,
                    1297, 1314, 1315, -1,
                    1297, 1315, 1300, -1,
                    1297, 1300, 1298, -1,
                    1299, 1305, 1306, -1,
                    1300, 1316, 1301, -1,
                    1300, 1315, 1314, -1,
                    1300, 1314, 1317, -1,
                    1300, 1317, 1316, -1,
                    1301, 1316, 1318, -1,
                    1301, 1318, 1319, -1,
                    1301, 1319, 1320, -1,
                    1301, 1320, 1302, -1,
                    1302, 1320, 1303, -1,
                    1303, 1320, 1321, -1,
                    1303, 1321, 1322, -1,
                    1303, 1322, 1323, -1,
                    1303, 1323, 1304, -1,
                    1304, 1323, 1324, -1,
                    1304, 1324, 1325, -1,
                    1304, 1325, 1326, -1,
                    1304, 1326, 1305, -1,
                    1305, 1326, 1327, -1,
                    1305, 1327, 1308, -1,
                    1305, 1307, 1306, -1,
                    1308, 1328, 1329, -1,
                    1308, 1329, 1330, -1,
                    1308, 1330, 1309, -1,
                    1308, 1327, 1331, -1,
                    1308, 1331, 1332, -1,
                    1308, 1332, 1328, -1,
                    1309, 1333, 1310, -1,
                    1309, 1330, 1333, -1,
                    1310, 1333, 1334, -1,
                    1310, 1334, 1335, -1,
                    1310, 1335, 1311, -1,
                    1311, 1336, 1312, -1,
                    1311, 1335, 1336, -1,
                    1313, 1337, 1314, -1,
                    1314, 1337, 1317, -1,
                    1316, 1317, 1338, -1,
                    1316, 1338, 1339, -1,
                    1316, 1339, 1340, -1,
                    1316, 1340, 1318, -1,
                    1317, 1337, 1338, -1,
                    1318, 1340, 1341, -1,
                    1318, 1341, 1342, -1,
                    1318, 1342, 1319, -1,
                    1319, 1343, 1344, -1,
                    1319, 1344, 1345, -1,
                    1319, 1345, 1346, -1,
                    1319, 1346, 1321, -1,
                    1319, 1321, 1320, -1,
                    1319, 1342, 1347, -1,
                    1319, 1347, 1348, -1,
                    1319, 1348, 1343, -1,
                    1321, 1325, 1324, -1,
                    1321, 1324, 1322, -1,
                    1321, 1346, 1325, -1,
                    1322, 1324, 1323, -1,
                    1325, 1346, 1349, -1,
                    1325, 1349, 1350, -1,
                    1325, 1350, 1326, -1,
                    1326, 1351, 1352, -1,
                    1326, 1352, 1327, -1,
                    1326, 1350, 1349, -1,
                    1326, 1349, 1353, -1,
                    1326, 1353, 1354, -1,
                    1326, 1354, 1355, -1,
                    1326, 1355, 1356, -1,
                    1326, 1356, 1357, -1,
                    1326, 1357, 1358, -1,
                    1326, 1358, 1351, -1,
                    1327, 1352, 1359, -1,
                    1327, 1359, 1360, -1,
                    1327, 1360, 1361, -1,
                    1327, 1361, 1332, -1,
                    1327, 1332, 1331, -1,
                    1328, 1362, 1330, -1,
                    1328, 1330, 1329, -1,
                    1328, 1332, 1361, -1,
                    1328, 1361, 1362, -1,
                    1330, 1363, 1334, -1,
                    1330, 1334, 1333, -1,
                    1330, 1362, 1363, -1,
                    1334, 1364, 1365, -1,
                    1334, 1365, 1366, -1,
                    1334, 1366, 1335, -1,
                    1334, 1363, 1364, -1,
                    1335, 1366, 1336, -1,
                    1337, 1367, 1338, -1,
                    1338, 1367, 1339, -1,
                    1339, 1367, 1368, -1,
                    1339, 1368, 1369, -1,
                    1339, 1369, 1341, -1,
                    1339, 1341, 1340, -1,
                    1341, 1369, 1370, -1,
                    1341, 1370, 1371, -1,
                    1341, 1371, 1342, -1,
                    1342, 1371, 1372, -1,
                    1342, 1372, 1348, -1,
                    1342, 1348, 1347, -1,
                    1343, 1373, 1344, -1,
                    1343, 1348, 1374, -1,
                    1343, 1374, 1375, -1,
                    1343, 1375, 1376, -1,
                    1343, 1376, 1373, -1,
                    1344, 1377, 1345, -1,
                    1344, 1373, 1378, -1,
                    1344, 1378, 1379, -1,
                    1344, 1379, 1377, -1,
                    1345, 1377, 1380, -1,
                    1345, 1380, 1346, -1,
                    1346, 1380, 1377, -1,
                    1346, 1377, 1381, -1,
                    1346, 1381, 1382, -1,
                    1346, 1382, 1349, -1,
                    1348, 1372, 1375, -1,
                    1348, 1375, 1374, -1,
                    1349, 1382, 1383, -1,
                    1349, 1383, 1353, -1,
                    1351, 1358, 1384, -1,
                    1351, 1384, 1385, -1,
                    1351, 1385, 1386, -1,
                    1351, 1386, 1387, -1,
                    1351, 1387, 1352, -1,
                    1352, 1388, 1359, -1,
                    1352, 1387, 1389, -1,
                    1352, 1389, 1390, -1,
                    1352, 1390, 1388, -1,
                    1353, 1383, 1391, -1,
                    1353, 1391, 1354, -1,
                    1354, 1391, 1355, -1,
                    1355, 1391, 1356, -1,
                    1356, 1391, 1392, -1,
                    1356, 1392, 1357, -1,
                    1357, 1392, 1358, -1,
                    1358, 1392, 1391, -1,
                    1358, 1391, 1393, -1,
                    1358, 1393, 1394, -1,
                    1358, 1394, 1384, -1,
                    1359, 1388, 1395, -1,
                    1359, 1395, 1396, -1,
                    1359, 1396, 1360, -1,
                    1360, 1397, 1398, -1,
                    1360, 1398, 1361, -1,
                    1360, 1396, 1397, -1,
                    1361, 1398, 1399, -1,
                    1361, 1399, 1400, -1,
                    1361, 1400, 1401, -1,
                    1361, 1401, 1362, -1,
                    1362, 1401, 1363, -1,
                    1363, 1401, 1402, -1,
                    1363, 1402, 1364, -1,
                    1364, 1403, 1404, -1,
                    1364, 1404, 1365, -1,
                    1364, 1402, 1403, -1,
                    1365, 1404, 1366, -1,
                    1366, 1404, 1405, -1,
                    1367, 1406, 1368, -1,
                    1368, 1406, 1369, -1,
                    1369, 1406, 1370, -1,
                    1370, 1406, 1407, -1,
                    1370, 1407, 1408, -1,
                    1370, 1408, 1409, -1,
                    1370, 1409, 1371, -1,
                    1371, 1409, 1410, -1,
                    1371, 1410, 1372, -1,
                    1372, 1410, 1411, -1,
                    1372, 1411, 1412, -1,
                    1372, 1412, 1376, -1,
                    1372, 1376, 1375, -1,
                    1373, 1413, 1378, -1,
                    1373, 1376, 1414, -1,
                    1373, 1414, 1415, -1,
                    1373, 1415, 1416, -1,
                    1373, 1416, 1417, -1,
                    1373, 1417, 1418, -1,
                    1373, 1418, 1419, -1,
                    1373, 1419, 1420, -1,
                    1373, 1420, 1413, -1,
                    1376, 1412, 1421, -1,
                    1376, 1421, 1414, -1,
                    1377, 1379, 1422, -1,
                    1377, 1422, 1423, -1,
                    1377, 1423, 1381, -1,
                    1378, 1424, 1425, -1,
                    1378, 1425, 1379, -1,
                    1378, 1413, 1420, -1,
                    1378, 1420, 1424, -1,
                    1379, 1425, 1426, -1,
                    1379, 1426, 1422, -1,
                    1381, 1423, 1427, -1,
                    1381, 1427, 1428, -1,
                    1381, 1428, 1429, -1,
                    1381, 1429, 1430, -1,
                    1381, 1430, 1431, -1,
                    1381, 1431, 1432, -1,
                    1381, 1432, 1433, -1,
                    1381, 1433, 1434, -1,
                    1381, 1434, 1382, -1,
                    1382, 1435, 1391, -1,
                    1382, 1391, 1383, -1,
                    1382, 1434, 1435, -1,
                    1384, 1394, 1436, -1,
                    1384, 1436, 1385, -1,
                    1385, 1436, 1437, -1,
                    1385, 1437, 1386, -1,
                    1386, 1437, 1438, -1,
                    1386, 1438, 1439, -1,
                    1386, 1439, 1387, -1,
                    1387, 1439, 1389, -1,
                    1388, 1390, 1440, -1,
                    1388, 1440, 1441, -1,
                    1388, 1441, 1442, -1,
                    1388, 1442, 1443, -1,
                    1388, 1443, 1444, -1,
                    1388, 1444, 1445, -1,
                    1388, 1445, 1446, -1,
                    1388, 1446, 1447, -1,
                    1388, 1447, 1448, -1,
                    1388, 1448, 1449, -1,
                    1388, 1449, 1395, -1,
                    1389, 1450, 1390, -1,
                    1389, 1439, 1437, -1,
                    1389, 1437, 1441, -1,
                    1389, 1441, 1450, -1,
                    1390, 1450, 1441, -1,
                    1390, 1441, 1440, -1,
                    1391, 1435, 1393, -1,
                    1393, 1435, 1434, -1,
                    1393, 1434, 1451, -1,
                    1393, 1451, 1394, -1,
                    1394, 1451, 1452, -1,
                    1394, 1452, 1453, -1,
                    1394, 1453, 1454, -1,
                    1394, 1454, 1455, -1,
                    1394, 1455, 1456, -1,
                    1394, 1456, 1457, -1,
                    1394, 1457, 1436, -1,
                    1395, 1458, 1396, -1,
                    1395, 1449, 1459, -1,
                    1395, 1459, 1458, -1,
                    1396, 1458, 1397, -1,
                    1397, 1459, 1460, -1,
                    1397, 1460, 1461, -1,
                    1397, 1461, 1462, -1,
                    1397, 1462, 1398, -1,
                    1397, 1458, 1459, -1,
                    1398, 1462, 1463, -1,
                    1398, 1463, 1464, -1,
                    1398, 1464, 1465, -1,
                    1398, 1465, 1466, -1,
                    1398, 1466, 1467, -1,
                    1398, 1467, 1399, -1,
                    1399, 1467, 1468, -1,
                    1399, 1468, 1400, -1,
                    1400, 1468, 1469, -1,
                    1400, 1469, 1470, -1,
                    1400, 1470, 1402, -1,
                    1400, 1402, 1401, -1,
                    1402, 1470, 1403, -1,
                    1403, 1471, 1472, -1,
                    1403, 1472, 1473, -1,
                    1403, 1473, 1404, -1,
                    1403, 1470, 1471, -1,
                    1404, 1473, 1474, -1,
                    1404, 1474, 1475, -1,
                    1404, 1475, 1476, -1,
                    1404, 1476, 1405, -1,
                    1407, 1477, 1408, -1,
                    1408, 1477, 1478, -1,
                    1408, 1478, 1479, -1,
                    1408, 1479, 1409, -1,
                    1409, 1479, 1480, -1,
                    1409, 1480, 1410, -1,
                    1410, 1480, 1481, -1,
                    1410, 1481, 1411, -1,
                    1411, 1481, 1482, -1,
                    1411, 1482, 1412, -1,
                    1412, 1482, 1421, -1,
                    1414, 1421, 1415, -1,
                    1415, 1421, 1483, -1,
                    1415, 1483, 1484, -1,
                    1415, 1484, 1417, -1,
                    1415, 1417, 1416, -1,
                    1417, 1484, 1419, -1,
                    1417, 1419, 1418, -1,
                    1419, 1484, 1420, -1,
                    1420, 1484, 1485, -1,
                    1420, 1485, 1486, -1,
                    1420, 1486, 1487, -1,
                    1420, 1487, 1425, -1,
                    1420, 1425, 1424, -1,
                    1421, 1482, 1488, -1,
                    1421, 1488, 1489, -1,
                    1421, 1489, 1483, -1,
                    1422, 1426, 1490, -1,
                    1422, 1490, 1491, -1,
                    1422, 1491, 1492, -1,
                    1422, 1492, 1423, -1,
                    1423, 1492, 1427, -1,
                    1425, 1493, 1426, -1,
                    1425, 1487, 1493, -1,
                    1426, 1493, 1494, -1,
                    1426, 1494, 1490, -1,
                    1427, 1492, 1495, -1,
                    1427, 1495, 1428, -1,
                    1428, 1495, 1496, -1,
                    1428, 1496, 1497, -1,
                    1428, 1497, 1429, -1,
                    1429, 1497, 1498, -1,
                    1429, 1498, 1499, -1,
                    1429, 1499, 1500, -1,
                    1429, 1500, 1430, -1,
                    1430, 1500, 1501, -1,
                    1430, 1501, 1431, -1,
                    1431, 1502, 1503, -1,
                    1431, 1503, 1504, -1,
                    1431, 1504, 1505, -1,
                    1431, 1505, 1506, -1,
                    1431, 1506, 1507, -1,
                    1431, 1507, 1508, -1,
                    1431, 1508, 1509, -1,
                    1431, 1509, 1510, -1,
                    1431, 1510, 1511, -1,
                    1431, 1511, 1433, -1,
                    1431, 1433, 1432, -1,
                    1431, 1501, 1512, -1,
                    1431, 1512, 1502, -1,
                    1433, 1511, 1510, -1,
                    1433, 1510, 1434, -1,
                    1434, 1510, 1451, -1,
                    1436, 1457, 1441, -1,
                    1436, 1441, 1513, -1,
                    1436, 1513, 1437, -1,
                    1437, 1439, 1438, -1,
                    1437, 1513, 1441, -1,
                    1441, 1514, 1442, -1,
                    1441, 1457, 1515, -1,
                    1441, 1515, 1516, -1,
                    1441, 1516, 1517, -1,
                    1441, 1517, 1518, -1,
                    1441, 1518, 1519, -1,
                    1441, 1519, 1520, -1,
                    1441, 1520, 1521, -1,
                    1441, 1521, 1522, -1,
                    1441, 1522, 1523, -1,
                    1441, 1523, 1443, -1,
                    1441, 1443, 1514, -1,
                    1442, 1514, 1443, -1,
                    1443, 1445, 1444, -1,
                    1443, 1523, 1522, -1,
                    1443, 1522, 1445, -1,
                    1445, 1522, 1524, -1,
                    1445, 1524, 1525, -1,
                    1445, 1525, 1446, -1,
                    1446, 1525, 1526, -1,
                    1446, 1526, 1527, -1,
                    1446, 1527, 1447, -1,
                    1447, 1527, 1448, -1,
                    1448, 1527, 1460, -1,
                    1448, 1460, 1459, -1,
                    1448, 1459, 1449, -1,
                    1451, 1510, 1453, -1,
                    1451, 1453, 1452, -1,
                    1453, 1528, 1509, -1,
                    1453, 1509, 1508, -1,
                    1453, 1508, 1507, -1,
                    1453, 1507, 1506, -1,
                    1453, 1506, 1505, -1,
                    1453, 1505, 1504, -1,
                    1453, 1504, 1503, -1,
                    1453, 1503, 1502, -1,
                    1453, 1502, 1594, -1,
                    1453, 1594, 1593, -1,
                    1453, 1593, 1592, -1,
                    1453, 1592, 1591, -1,
                    1453, 1591, 1686, -1,
                    1453, 1686, 1685, -1,
                    1453, 1685, 1684, -1,
                    1453, 1684, 1683, -1,
                    1453, 1683, 1682, -1,
                    1453, 1682, 1681, -1,
                    1453, 1681, 1680, -1,
                    1453, 1680, 1749, -1,
                    1453, 1749, 1748, -1,
                    1453, 1748, 1747, -1,
                    1453, 1747, 1812, -1,
                    1453, 1812, 1811, -1,
                    1453, 1811, 1810, -1,
                    1453, 1810, 1809, -1,
                    1453, 1809, 1857, -1,
                    1453, 1857, 1856, -1,
                    1453, 1856, 1894, -1,
                    1453, 1894, 1893, -1,
                    1453, 1893, 1888, -1,
                    1453, 1888, 1887, -1,
                    1453, 1887, 1886, -1,
                    1453, 1886, 1889, -1,
                    1453, 1889, 1885, -1,
                    1453, 1885, 1848, -1,
                    1453, 1848, 1884, -1,
                    1453, 1884, 1912, -1,
                    1453, 1912, 1926, -1,
                    1453, 1926, 1931, -1,
                    1453, 1931, 1940, -1,
                    1453, 1940, 1941, -1,
                    1453, 1941, 1934, -1,
                    1453, 1934, 1927, -1,
                    1453, 1927, 1923, -1,
                    1453, 1923, 1920, -1,
                    1453, 1920, 1919, -1,
                    1453, 1919, 1918, -1,
                    1453, 1918, 1904, -1,
                    1453, 1904, 1903, -1,
                    1453, 1903, 1922, -1,
                    1453, 1922, 1921, -1,
                    1453, 1921, 1916, -1,
                    1453, 1916, 1914, -1,
                    1453, 1914, 1913, -1,
                    1453, 1913, 1895, -1,
                    1453, 1895, 1859, -1,
                    1453, 1859, 1814, -1,
                    1453, 1814, 1754, -1,
                    1453, 1754, 1690, -1,
                    1453, 1690, 1687, -1,
                    1453, 1687, 1606, -1,
                    1453, 1606, 1605, -1,
                    1453, 1605, 1604, -1,
                    1453, 1604, 1603, -1,
                    1453, 1603, 1602, -1,
                    1453, 1602, 1601, -1,
                    1453, 1601, 1600, -1,
                    1453, 1600, 1599, -1,
                    1453, 1599, 1598, -1,
                    1453, 1598, 1597, -1,
                    1453, 1597, 1596, -1,
                    1453, 1596, 1595, -1,
                    1453, 1595, 1517, -1,
                    1453, 1517, 1516, -1,
                    1453, 1516, 1515, -1,
                    1453, 1515, 1457, -1,
                    1453, 1457, 1456, -1,
                    1453, 1456, 1455, -1,
                    1453, 1455, 1454, -1,
                    1453, 1510, 1528, -1,
                    1460, 1527, 1529, -1,
                    1460, 1529, 1530, -1,
                    1460, 1530, 1461, -1,
                    1461, 1530, 1531, -1,
                    1461, 1531, 1532, -1,
                    1461, 1532, 1533, -1,
                    1461, 1533, 1534, -1,
                    1461, 1534, 1462, -1,
                    1462, 1534, 1535, -1,
                    1462, 1535, 1536, -1,
                    1462, 1536, 1537, -1,
                    1462, 1537, 1538, -1,
                    1462, 1538, 1463, -1,
                    1463, 1538, 1539, -1,
                    1463, 1539, 1540, -1,
                    1463, 1540, 1464, -1,
                    1464, 1540, 1541, -1,
                    1464, 1541, 1542, -1,
                    1464, 1542, 1543, -1,
                    1464, 1543, 1465, -1,
                    1465, 1543, 1544, -1,
                    1465, 1544, 1466, -1,
                    1466, 1544, 1469, -1,
                    1466, 1469, 1468, -1,
                    1466, 1468, 1467, -1,
                    1469, 1544, 1471, -1,
                    1469, 1471, 1470, -1,
                    1471, 1545, 1472, -1,
                    1471, 1544, 1546, -1,
                    1471, 1546, 1545, -1,
                    1472, 1545, 1547, -1,
                    1472, 1547, 1548, -1,
                    1472, 1548, 1473, -1,
                    1473, 1548, 1474, -1,
                    1474, 1548, 1549, -1,
                    1474, 1549, 1550, -1,
                    1474, 1550, 1551, -1,
                    1474, 1551, 1552, -1,
                    1474, 1552, 1553, -1,
                    1474, 1553, 1554, -1,
                    1474, 1554, 1475, -1,
                    1478, 1555, 1479, -1,
                    1479, 1555, 1556, -1,
                    1479, 1556, 1557, -1,
                    1479, 1557, 1480, -1,
                    1480, 1557, 1481, -1,
                    1481, 1557, 1489, -1,
                    1481, 1489, 1482, -1,
                    1482, 1489, 1488, -1,
                    1483, 1489, 1558, -1,
                    1483, 1558, 1559, -1,
                    1483, 1559, 1649, -1,
                    1483, 1649, 1560, -1,
                    1483, 1560, 1561, -1,
                    1483, 1561, 1484, -1,
                    1484, 1561, 1562, -1,
                    1484, 1562, 1485, -1,
                    1485, 1563, 1564, -1,
                    1485, 1564, 1486, -1,
                    1485, 1562, 1565, -1,
                    1485, 1565, 1566, -1,
                    1485, 1566, 1567, -1,
                    1485, 1567, 1563, -1,
                    1486, 1568, 1569, -1,
                    1486, 1569, 1570, -1,
                    1486, 1570, 1487, -1,
                    1486, 1564, 1571, -1,
                    1486, 1571, 1572, -1,
                    1486, 1572, 1573, -1,
                    1486, 1573, 1568, -1,
                    1487, 1570, 1574, -1,
                    1487, 1574, 1493, -1,
                    1489, 1557, 1556, -1,
                    1489, 1556, 1575, -1,
                    1489, 1575, 1576, -1,
                    1489, 1576, 1558, -1,
                    1490, 1577, 1578, -1,
                    1490, 1578, 1491, -1,
                    1490, 1494, 1579, -1,
                    1490, 1579, 1580, -1,
                    1490, 1580, 1581, -1,
                    1490, 1581, 1582, -1,
                    1490, 1582, 1577, -1,
                    1491, 1578, 1583, -1,
                    1491, 1583, 1496, -1,
                    1491, 1496, 1492, -1,
                    1492, 1496, 1495, -1,
                    1493, 1574, 1584, -1,
                    1493, 1584, 1585, -1,
                    1493, 1585, 1494, -1,
                    1494, 1585, 1579, -1,
                    1496, 1586, 1587, -1,
                    1496, 1587, 1588, -1,
                    1496, 1588, 1497, -1,
                    1496, 1583, 1586, -1,
                    1497, 1588, 1498, -1,
                    1498, 1589, 1499, -1,
                    1498, 1588, 1587, -1,
                    1498, 1587, 1590, -1,
                    1498, 1590, 1591, -1,
                    1498, 1591, 1589, -1,
                    1499, 1589, 1591, -1,
                    1499, 1591, 1592, -1,
                    1499, 1592, 1593, -1,
                    1499, 1593, 1500, -1,
                    1500, 1593, 1594, -1,
                    1500, 1594, 1512, -1,
                    1500, 1512, 1501, -1,
                    1502, 1512, 1594, -1,
                    1509, 1528, 1510, -1,
                    1517, 1595, 1518, -1,
                    1518, 1595, 1596, -1,
                    1518, 1596, 1597, -1,
                    1518, 1597, 1598, -1,
                    1518, 1598, 1599, -1,
                    1518, 1599, 1600, -1,
                    1518, 1600, 1601, -1,
                    1518, 1601, 1602, -1,
                    1518, 1602, 1603, -1,
                    1518, 1603, 1604, -1,
                    1518, 1604, 1605, -1,
                    1518, 1605, 1606, -1,
                    1518, 1606, 1519, -1,
                    1519, 1607, 1608, -1,
                    1519, 1608, 1520, -1,
                    1519, 1606, 1607, -1,
                    1520, 1608, 1521, -1,
                    1521, 1608, 1609, -1,
                    1521, 1609, 1610, -1,
                    1521, 1610, 1522, -1,
                    1522, 1610, 1524, -1,
                    1524, 1610, 1525, -1,
                    1525, 1610, 1611, -1,
                    1525, 1611, 1612, -1,
                    1525, 1612, 1526, -1,
                    1526, 1612, 1613, -1,
                    1526, 1613, 1527, -1,
                    1527, 1613, 1529, -1,
                    1529, 1614, 1615, -1,
                    1529, 1615, 1531, -1,
                    1529, 1531, 1530, -1,
                    1529, 1613, 1614, -1,
                    1531, 1616, 1617, -1,
                    1531, 1617, 1532, -1,
                    1531, 1615, 1616, -1,
                    1532, 1617, 1618, -1,
                    1532, 1618, 1533, -1,
                    1533, 1618, 1619, -1,
                    1533, 1619, 1534, -1,
                    1534, 1619, 1620, -1,
                    1534, 1620, 1535, -1,
                    1535, 1620, 1621, -1,
                    1535, 1621, 1536, -1,
                    1536, 1621, 1537, -1,
                    1537, 1621, 1622, -1,
                    1537, 1622, 1623, -1,
                    1537, 1623, 1538, -1,
                    1538, 1623, 1539, -1,
                    1539, 1623, 1624, -1,
                    1539, 1624, 1540, -1,
                    1540, 1624, 1625, -1,
                    1540, 1625, 1541, -1,
                    1541, 1625, 1626, -1,
                    1541, 1626, 1627, -1,
                    1541, 1627, 1628, -1,
                    1541, 1628, 1542, -1,
                    1542, 1628, 1629, -1,
                    1542, 1629, 1630, -1,
                    1542, 1630, 1543, -1,
                    1543, 1631, 1632, -1,
                    1543, 1632, 1633, -1,
                    1543, 1633, 1544, -1,
                    1543, 1630, 1634, -1,
                    1543, 1634, 1631, -1,
                    1544, 1633, 1546, -1,
                    1545, 1635, 1636, -1,
                    1545, 1636, 1547, -1,
                    1545, 1546, 1633, -1,
                    1545, 1633, 1632, -1,
                    1545, 1632, 1635, -1,
                    1547, 1636, 1637, -1,
                    1547, 1637, 1638, -1,
                    1547, 1638, 1548, -1,
                    1548, 1638, 1639, -1,
                    1548, 1639, 1640, -1,
                    1548, 1640, 1641, -1,
                    1548, 1641, 1549, -1,
                    1549, 1641, 1550, -1,
                    1550, 1641, 1642, -1,
                    1550, 1642, 1551, -1,
                    1551, 1643, 1644, -1,
                    1551, 1644, 1645, -1,
                    1551, 1642, 1640, -1,
                    1551, 1640, 1643, -1,
                    1555, 1646, 1556, -1,
                    1556, 1646, 1647, -1,
                    1556, 1647, 1575, -1,
                    1558, 1576, 1559, -1,
                    1559, 1648, 1649, -1,
                    1559, 1576, 1650, -1,
                    1559, 1650, 1651, -1,
                    1559, 1651, 1648, -1,
                    1560, 1649, 1652, -1,
                    1560, 1652, 1561, -1,
                    1561, 1652, 1562, -1,
                    1562, 1652, 1565, -1,
                    1563, 1567, 1653, -1,
                    1563, 1653, 1654, -1,
                    1563, 1654, 1564, -1,
                    1564, 1655, 1656, -1,
                    1564, 1656, 1571, -1,
                    1564, 1654, 1657, -1,
                    1564, 1657, 1658, -1,
                    1564, 1658, 1655, -1,
                    1565, 1652, 1659, -1,
                    1565, 1659, 1660, -1,
                    1565, 1660, 1567, -1,
                    1565, 1567, 1566, -1,
                    1567, 1660, 1653, -1,
                    1568, 1573, 1661, -1,
                    1568, 1661, 1569, -1,
                    1569, 1661, 1662, -1,
                    1569, 1662, 1570, -1,
                    1570, 1662, 1663, -1,
                    1570, 1663, 1664, -1,
                    1570, 1664, 1665, -1,
                    1570, 1665, 1666, -1,
                    1570, 1666, 1584, -1,
                    1570, 1584, 1574, -1,
                    1571, 1656, 1667, -1,
                    1571, 1667, 1668, -1,
                    1571, 1668, 1572, -1,
                    1572, 1668, 1669, -1,
                    1572, 1669, 1670, -1,
                    1572, 1670, 1573, -1,
                    1573, 1671, 1672, -1,
                    1573, 1672, 1661, -1,
                    1573, 1670, 1671, -1,
                    1575, 1647, 1673, -1,
                    1575, 1673, 1576, -1,
                    1576, 1673, 1650, -1,
                    1577, 1582, 1674, -1,
                    1577, 1674, 1675, -1,
                    1577, 1675, 1578, -1,
                    1578, 1675, 1676, -1,
                    1578, 1676, 1586, -1,
                    1578, 1586, 1583, -1,
                    1579, 1666, 1580, -1,
                    1579, 1585, 1666, -1,
                    1580, 1666, 1665, -1,
                    1580, 1665, 1677, -1,
                    1580, 1677, 1581, -1,
                    1581, 1677, 1678, -1,
                    1581, 1678, 1679, -1,
                    1581, 1679, 1582, -1,
                    1582, 1679, 1674, -1,
                    1584, 1666, 1585, -1,
                    1586, 1680, 1681, -1,
                    1586, 1681, 1682, -1,
                    1586, 1682, 1683, -1,
                    1586, 1683, 1587, -1,
                    1586, 1676, 1680, -1,
                    1587, 1683, 1590, -1,
                    1590, 1683, 1684, -1,
                    1590, 1684, 1685, -1,
                    1590, 1685, 1686, -1,
                    1590, 1686, 1591, -1,
                    1606, 1687, 1688, -1,
                    1606, 1688, 1608, -1,
                    1606, 1608, 1607, -1,
                    1608, 1688, 1689, -1,
                    1608, 1689, 1609, -1,
                    1609, 1689, 1690, -1,
                    1609, 1690, 1691, -1,
                    1609, 1691, 1692, -1,
                    1609, 1692, 1693, -1,
                    1609, 1693, 1612, -1,
                    1609, 1612, 1610, -1,
                    1610, 1612, 1611, -1,
                    1612, 1693, 1694, -1,
                    1612, 1694, 1613, -1,
                    1613, 1694, 1614, -1,
                    1614, 1694, 1692, -1,
                    1614, 1692, 1695, -1,
                    1614, 1695, 1696, -1,
                    1614, 1696, 1615, -1,
                    1615, 1696, 1616, -1,
                    1616, 1697, 1698, -1,
                    1616, 1698, 1699, -1,
                    1616, 1699, 1617, -1,
                    1616, 1696, 1697, -1,
                    1617, 1699, 1698, -1,
                    1617, 1698, 1618, -1,
                    1618, 1698, 1700, -1,
                    1618, 1700, 1619, -1,
                    1619, 1700, 1620, -1,
                    1620, 1700, 1701, -1,
                    1620, 1701, 1702, -1,
                    1620, 1702, 1703, -1,
                    1620, 1703, 1621, -1,
                    1621, 1703, 1622, -1,
                    1622, 1704, 1705, -1,
                    1622, 1705, 1626, -1,
                    1622, 1626, 1625, -1,
                    1622, 1625, 1624, -1,
                    1622, 1624, 1623, -1,
                    1622, 1703, 1704, -1,
                    1626, 1705, 1627, -1,
                    1627, 1705, 1706, -1,
                    1627, 1706, 1707, -1,
                    1627, 1707, 1708, -1,
                    1627, 1708, 1628, -1,
                    1628, 1708, 1629, -1,
                    1629, 1708, 1707, -1,
                    1629, 1707, 1709, -1,
                    1629, 1709, 1710, -1,
                    1629, 1710, 1711, -1,
                    1629, 1711, 1712, -1,
                    1629, 1712, 1630, -1,
                    1630, 1712, 1634, -1,
                    1631, 1634, 1636, -1,
                    1631, 1636, 1635, -1,
                    1631, 1635, 1632, -1,
                    1634, 1712, 1713, -1,
                    1634, 1713, 1637, -1,
                    1634, 1637, 1636, -1,
                    1637, 1713, 1714, -1,
                    1637, 1714, 1638, -1,
                    1638, 1714, 1639, -1,
                    1639, 1714, 1640, -1,
                    1640, 1642, 1641, -1,
                    1640, 1714, 1643, -1,
                    1643, 1715, 1716, -1,
                    1643, 1716, 1717, -1,
                    1643, 1717, 1644, -1,
                    1643, 1714, 1718, -1,
                    1643, 1718, 1715, -1,
                    1644, 1717, 1645, -1,
                    1645, 1717, 1719, -1,
                    1648, 1720, 1649, -1,
                    1648, 1651, 1721, -1,
                    1648, 1721, 1722, -1,
                    1648, 1722, 1720, -1,
                    1649, 1720, 1652, -1,
                    1650, 1673, 1723, -1,
                    1650, 1723, 1724, -1,
                    1650, 1724, 1721, -1,
                    1650, 1721, 1651, -1,
                    1652, 1720, 1659, -1,
                    1653, 1725, 1726, -1,
                    1653, 1726, 1654, -1,
                    1653, 1660, 1720, -1,
                    1653, 1720, 1722, -1,
                    1653, 1722, 1725, -1,
                    1654, 1726, 1727, -1,
                    1654, 1727, 1657, -1,
                    1655, 1658, 1656, -1,
                    1656, 1728, 1669, -1,
                    1656, 1669, 1667, -1,
                    1656, 1658, 1729, -1,
                    1656, 1729, 1730, -1,
                    1656, 1730, 1731, -1,
                    1656, 1731, 1728, -1,
                    1657, 1727, 1732, -1,
                    1657, 1732, 1733, -1,
                    1657, 1733, 1734, -1,
                    1657, 1734, 1658, -1,
                    1658, 1734, 1733, -1,
                    1658, 1733, 1735, -1,
                    1658, 1735, 1736, -1,
                    1658, 1736, 1729, -1,
                    1659, 1720, 1660, -1,
                    1661, 1672, 1662, -1,
                    1662, 1672, 1737, -1,
                    1662, 1737, 1738, -1,
                    1662, 1738, 1663, -1,
                    1663, 1738, 1739, -1,
                    1663, 1739, 1664, -1,
                    1664, 1739, 1665, -1,
                    1665, 1739, 1677, -1,
                    1667, 1669, 1668, -1,
                    1669, 1740, 1670, -1,
                    1669, 1728, 1741, -1,
                    1669, 1741, 1740, -1,
                    1670, 1740, 1742, -1,
                    1670, 1742, 1743, -1,
                    1670, 1743, 1671, -1,
                    1671, 1743, 1672, -1,
                    1672, 1743, 1737, -1,
                    1674, 1679, 1744, -1,
                    1674, 1744, 1675, -1,
                    1675, 1745, 1676, -1,
                    1675, 1744, 1746, -1,
                    1675, 1746, 1747, -1,
                    1675, 1747, 1748, -1,
                    1675, 1748, 1749, -1,
                    1675, 1749, 1680, -1,
                    1675, 1680, 1745, -1,
                    1676, 1745, 1680, -1,
                    1677, 1739, 1750, -1,
                    1677, 1750, 1678, -1,
                    1678, 1750, 1751, -1,
                    1678, 1751, 1744, -1,
                    1678, 1744, 1679, -1,
                    1687, 1690, 1688, -1,
                    1688, 1690, 1689, -1,
                    1690, 1752, 1753, -1,
                    1690, 1753, 1691, -1,
                    1690, 1754, 1755, -1,
                    1690, 1755, 1692, -1,
                    1690, 1692, 1752, -1,
                    1691, 1753, 1692, -1,
                    1692, 1755, 1695, -1,
                    1692, 1694, 1693, -1,
                    1692, 1753, 1752, -1,
                    1695, 1755, 1756, -1,
                    1695, 1756, 1697, -1,
                    1695, 1697, 1757, -1,
                    1695, 1757, 1696, -1,
                    1696, 1757, 1697, -1,
                    1697, 1756, 1758, -1,
                    1697, 1758, 1698, -1,
                    1698, 1759, 1701, -1,
                    1698, 1701, 1700, -1,
                    1698, 1758, 1759, -1,
                    1701, 1759, 1760, -1,
                    1701, 1760, 1702, -1,
                    1702, 1760, 1703, -1,
                    1703, 1761, 1704, -1,
                    1703, 1760, 1761, -1,
                    1704, 1761, 1762, -1,
                    1704, 1762, 1763, -1,
                    1704, 1763, 1764, -1,
                    1704, 1764, 1705, -1,
                    1705, 1764, 1706, -1,
                    1706, 1764, 1707, -1,
                    1707, 1765, 1766, -1,
                    1707, 1766, 1767, -1,
                    1707, 1767, 1830, -1,
                    1707, 1830, 1768, -1,
                    1707, 1768, 1709, -1,
                    1707, 1764, 1769, -1,
                    1707, 1769, 1765, -1,
                    1709, 1768, 1770, -1,
                    1709, 1770, 1710, -1,
                    1710, 1771, 1711, -1,
                    1710, 1770, 1772, -1,
                    1710, 1772, 1773, -1,
                    1710, 1773, 1774, -1,
                    1710, 1774, 1775, -1,
                    1710, 1775, 1715, -1,
                    1710, 1715, 1771, -1,
                    1711, 1771, 1713, -1,
                    1711, 1713, 1712, -1,
                    1713, 1771, 1714, -1,
                    1714, 1771, 1718, -1,
                    1715, 1775, 1716, -1,
                    1715, 1718, 1771, -1,
                    1716, 1775, 1774, -1,
                    1716, 1774, 1776, -1,
                    1716, 1776, 1717, -1,
                    1717, 1776, 1777, -1,
                    1717, 1777, 1778, -1,
                    1717, 1778, 1719, -1,
                    1721, 1779, 1722, -1,
                    1721, 1724, 1780, -1,
                    1721, 1780, 1779, -1,
                    1722, 1779, 1781, -1,
                    1722, 1781, 1725, -1,
                    1725, 1782, 1783, -1,
                    1725, 1783, 1784, -1,
                    1725, 1784, 1726, -1,
                    1725, 1781, 1782, -1,
                    1726, 1784, 1732, -1,
                    1726, 1732, 1727, -1,
                    1728, 1785, 1786, -1,
                    1728, 1786, 1787, -1,
                    1728, 1787, 1788, -1,
                    1728, 1788, 1789, -1,
                    1728, 1789, 1790, -1,
                    1728, 1790, 1740, -1,
                    1728, 1740, 1741, -1,
                    1728, 1731, 1791, -1,
                    1728, 1791, 1792, -1,
                    1728, 1792, 1793, -1,
                    1728, 1793, 1794, -1,
                    1728, 1794, 1785, -1,
                    1729, 1736, 1730, -1,
                    1730, 1736, 1735, -1,
                    1730, 1735, 1795, -1,
                    1732, 1784, 1783, -1,
                    1732, 1783, 1796, -1,
                    1732, 1796, 1797, -1,
                    1732, 1797, 1733, -1,
                    1733, 1797, 1798, -1,
                    1733, 1798, 1799, -1,
                    1733, 1799, 1800, -1,
                    1733, 1800, 1795, -1,
                    1733, 1795, 1735, -1,
                    1737, 1743, 1738, -1,
                    1738, 1743, 1801, -1,
                    1738, 1801, 1739, -1,
                    1739, 1801, 1750, -1,
                    1740, 1790, 1802, -1,
                    1740, 1802, 1803, -1,
                    1740, 1803, 1742, -1,
                    1742, 1803, 1804, -1,
                    1742, 1804, 1805, -1,
                    1742, 1805, 1743, -1,
                    1743, 1805, 1801, -1,
                    1744, 1751, 1746, -1,
                    1746, 1751, 1806, -1,
                    1746, 1806, 1807, -1,
                    1746, 1807, 1808, -1,
                    1746, 1808, 1809, -1,
                    1746, 1809, 1810, -1,
                    1746, 1810, 1811, -1,
                    1746, 1811, 1812, -1,
                    1746, 1812, 1747, -1,
                    1750, 1806, 1751, -1,
                    1750, 1801, 1813, -1,
                    1750, 1813, 1806, -1,
                    1754, 1814, 1815, -1,
                    1754, 1815, 1755, -1,
                    1755, 1815, 1816, -1,
                    1755, 1816, 1817, -1,
                    1755, 1817, 1758, -1,
                    1755, 1758, 1756, -1,
                    1758, 1817, 1759, -1,
                    1759, 1818, 1819, -1,
                    1759, 1819, 1760, -1,
                    1759, 1817, 1818, -1,
                    1760, 1819, 1820, -1,
                    1760, 1820, 1761, -1,
                    1761, 1820, 1762, -1,
                    1762, 1820, 1819, -1,
                    1762, 1819, 1821, -1,
                    1762, 1821, 1822, -1,
                    1762, 1822, 1823, -1,
                    1762, 1823, 1763, -1,
                    1763, 1823, 1769, -1,
                    1763, 1769, 1764, -1,
                    1765, 1769, 1766, -1,
                    1766, 1824, 1825, -1,
                    1766, 1825, 1826, -1,
                    1766, 1826, 1827, -1,
                    1766, 1827, 1767, -1,
                    1766, 1769, 1828, -1,
                    1766, 1828, 1824, -1,
                    1767, 1827, 1829, -1,
                    1767, 1829, 1830, -1,
                    1768, 1830, 1831, -1,
                    1768, 1831, 1832, -1,
                    1768, 1832, 1833, -1,
                    1768, 1833, 1770, -1,
                    1769, 1823, 1828, -1,
                    1770, 1833, 1832, -1,
                    1770, 1832, 1834, -1,
                    1770, 1834, 1835, -1,
                    1770, 1835, 1772, -1,
                    1772, 1836, 1773, -1,
                    1773, 1836, 1837, -1,
                    1773, 1837, 1838, -1,
                    1773, 1838, 1774, -1,
                    1774, 1838, 1777, -1,
                    1774, 1777, 1776, -1,
                    1777, 1838, 1839, -1,
                    1777, 1839, 1778, -1,
                    1779, 1840, 1781, -1,
                    1779, 1780, 1841, -1,
                    1779, 1841, 1840, -1,
                    1780, 1842, 1841, -1,
                    1781, 1840, 1782, -1,
                    1782, 1840, 1843, -1,
                    1782, 1843, 1783, -1,
                    1783, 1843, 1844, -1,
                    1783, 1844, 1796, -1,
                    1785, 1845, 1846, -1,
                    1785, 1846, 1786, -1,
                    1785, 1794, 1847, -1,
                    1785, 1847, 1845, -1,
                    1786, 1846, 1788, -1,
                    1786, 1788, 1787, -1,
                    1788, 1846, 1848, -1,
                    1788, 1848, 1849, -1,
                    1788, 1849, 1789, -1,
                    1789, 1849, 1802, -1,
                    1789, 1802, 1790, -1,
                    1795, 1800, 1799, -1,
                    1796, 1844, 1850, -1,
                    1796, 1850, 1797, -1,
                    1797, 1850, 1851, -1,
                    1797, 1851, 1798, -1,
                    1801, 1805, 1852, -1,
                    1801, 1852, 1813, -1,
                    1802, 1849, 1853, -1,
                    1802, 1853, 1803, -1,
                    1803, 1853, 1854, -1,
                    1803, 1854, 1807, -1,
                    1803, 1807, 1804, -1,
                    1804, 1807, 1855, -1,
                    1804, 1855, 1805, -1,
                    1805, 1855, 1852, -1,
                    1806, 1813, 1852, -1,
                    1806, 1852, 1855, -1,
                    1806, 1855, 1807, -1,
                    1807, 1854, 1808, -1,
                    1808, 1856, 1857, -1,
                    1808, 1857, 1809, -1,
                    1808, 1854, 1858, -1,
                    1808, 1858, 1856, -1,
                    1814, 1859, 1815, -1,
                    1815, 1859, 1860, -1,
                    1815, 1860, 1861, -1,
                    1815, 1861, 1816, -1,
                    1816, 1861, 1817, -1,
                    1817, 1861, 1818, -1,
                    1818, 1862, 1863, -1,
                    1818, 1863, 1819, -1,
                    1818, 1861, 1862, -1,
                    1819, 1863, 1821, -1,
                    1821, 1864, 1822, -1,
                    1821, 1863, 1864, -1,
                    1822, 1864, 1865, -1,
                    1822, 1865, 1823, -1,
                    1823, 1865, 1866, -1,
                    1823, 1866, 1828, -1,
                    1824, 1867, 1825, -1,
                    1824, 1828, 1867, -1,
                    1825, 1867, 1826, -1,
                    1826, 1867, 1868, -1,
                    1826, 1868, 1869, -1,
                    1826, 1869, 1870, -1,
                    1826, 1870, 1827, -1,
                    1827, 1870, 1829, -1,
                    1828, 1866, 1871, -1,
                    1828, 1871, 1868, -1,
                    1828, 1868, 1867, -1,
                    1829, 1870, 1872, -1,
                    1829, 1872, 1831, -1,
                    1829, 1831, 1830, -1,
                    1837, 1839, 1838, -1,
                    1840, 1841, 1873, -1,
                    1840, 1873, 1874, -1,
                    1840, 1874, 1875, -1,
                    1840, 1875, 1876, -1,
                    1840, 1876, 1843, -1,
                    1841, 1842, 1877, -1,
                    1841, 1877, 1873, -1,
                    1843, 1876, 1878, -1,
                    1843, 1878, 1879, -1,
                    1843, 1879, 1844, -1,
                    1844, 1879, 1880, -1,
                    1844, 1880, 1881, -1,
                    1844, 1881, 1850, -1,
                    1845, 1847, 1846, -1,
                    1846, 1847, 1882, -1,
                    1846, 1882, 1883, -1,
                    1846, 1883, 1884, -1,
                    1846, 1884, 1848, -1,
                    1848, 1885, 1849, -1,
                    1849, 1886, 1887, -1,
                    1849, 1887, 1888, -1,
                    1849, 1888, 1853, -1,
                    1849, 1885, 1889, -1,
                    1849, 1889, 1886, -1,
                    1850, 1881, 1890, -1,
                    1850, 1890, 1891, -1,
                    1850, 1891, 1892, -1,
                    1850, 1892, 1851, -1,
                    1853, 1888, 1893, -1,
                    1853, 1893, 1858, -1,
                    1853, 1858, 1854, -1,
                    1856, 1858, 1894, -1,
                    1858, 1893, 1894, -1,
                    1859, 1895, 1862, -1,
                    1859, 1862, 1861, -1,
                    1859, 1861, 1860, -1,
                    1862, 1896, 1863, -1,
                    1862, 1895, 1896, -1,
                    1863, 1896, 1864, -1,
                    1864, 1897, 1865, -1,
                    1864, 1896, 1897, -1,
                    1865, 1897, 1898, -1,
                    1865, 1898, 1866, -1,
                    1866, 1898, 1899, -1,
                    1866, 1899, 1900, -1,
                    1866, 1900, 1871, -1,
                    1868, 1901, 1869, -1,
                    1868, 1871, 1900, -1,
                    1868, 1900, 1902, -1,
                    1868, 1902, 1903, -1,
                    1868, 1903, 1904, -1,
                    1868, 1904, 1901, -1,
                    1869, 1901, 1905, -1,
                    1869, 1905, 1906, -1,
                    1869, 1906, 1870, -1,
                    1870, 1906, 1872, -1,
                    1875, 1907, 1876, -1,
                    1876, 1907, 1908, -1,
                    1876, 1908, 1909, -1,
                    1876, 1909, 1878, -1,
                    1878, 1909, 1879, -1,
                    1883, 1910, 1911, -1,
                    1883, 1911, 1912, -1,
                    1883, 1912, 1884, -1,
                    1895, 1913, 1896, -1,
                    1896, 1913, 1914, -1,
                    1896, 1914, 1897, -1,
                    1897, 1915, 1898, -1,
                    1897, 1914, 1915, -1,
                    1898, 1915, 1899, -1,
                    1899, 1915, 1916, -1,
                    1899, 1916, 1900, -1,
                    1900, 1916, 1902, -1,
                    1901, 1917, 1905, -1,
                    1901, 1904, 1918, -1,
                    1901, 1918, 1919, -1,
                    1901, 1919, 1920, -1,
                    1901, 1920, 1917, -1,
                    1902, 1916, 1921, -1,
                    1902, 1921, 1922, -1,
                    1902, 1922, 1903, -1,
                    1905, 1917, 1923, -1,
                    1905, 1923, 1906, -1,
                    1906, 1923, 1924, -1,
                    1910, 1925, 1926, -1,
                    1910, 1926, 1912, -1,
                    1910, 1912, 1911, -1,
                    1914, 1916, 1915, -1,
                    1917, 1920, 1923, -1,
                    1923, 1927, 1928, -1,
                    1923, 1928, 1929, -1,
                    1923, 1929, 1924, -1,
                    1925, 1930, 1926, -1,
                    1926, 1930, 1932, -1,
                    1926, 1932, 1933, -1,
                    1926, 1933, 1931, -1,
                    1927, 1934, 1935, -1,
                    1927, 1935, 1936, -1,
                    1927, 1936, 1937, -1,
                    1927, 1937, 1938, -1,
                    1927, 1938, 1928, -1,
                    1931, 1933, 1939, -1,
                    1931, 1939, 1940, -1,
                    1939, 1942, 1940, -1,
                    1940, 1942, 1941, -1,
                    1943, 1944, 1945, -1,
                    1943, 1945, 1946, -1,
                    1943, 1946, 1955, -1,
                    1943, 1955, 1947, -1,
                    1943, 1947, 1948, -1,
                    1943, 1948, 1949, -1,
                    1943, 1949, 1950, -1,
                    1943, 1950, 1944, -1,
                    1944, 1951, 1945, -1,
                    1944, 1950, 1951, -1,
                    1945, 1952, 1946, -1,
                    1945, 1951, 1953, -1,
                    1945, 1953, 1954, -1,
                    1945, 1954, 1952, -1,
                    1946, 1952, 1956, -1,
                    1946, 1956, 1980, -1,
                    1946, 1980, 1955, -1,
                    1947, 1955, 1957, -1,
                    1947, 1957, 1958, -1,
                    1947, 1958, 1959, -1,
                    1947, 1959, 1960, -1,
                    1947, 1960, 1948, -1,
                    1948, 1961, 1962, -1,
                    1948, 1962, 1949, -1,
                    1948, 1960, 1963, -1,
                    1948, 1963, 1964, -1,
                    1948, 1964, 1965, -1,
                    1948, 1965, 1966, -1,
                    1948, 1966, 1967, -1,
                    1948, 1967, 1961, -1,
                    1949, 1962, 1968, -1,
                    1949, 1968, 1969, -1,
                    1949, 1969, 1970, -1,
                    1949, 1970, 1950, -1,
                    1950, 1970, 1971, -1,
                    1950, 1971, 1951, -1,
                    1951, 1971, 1972, -1,
                    1951, 1972, 1973, -1,
                    1951, 1973, 1974, -1,
                    1951, 1974, 1975, -1,
                    1951, 1975, 1953, -1,
                    1952, 1954, 1956, -1,
                    1953, 1975, 1976, -1,
                    1953, 1976, 1977, -1,
                    1953, 1977, 1954, -1,
                    1954, 1977, 1978, -1,
                    1954, 1978, 1979, -1,
                    1954, 1979, 1956, -1,
                    1955, 1980, 1957, -1,
                    1956, 1979, 1981, -1,
                    1956, 1981, 1982, -1,
                    1956, 1982, 1983, -1,
                    1956, 1983, 1984, -1,
                    1956, 1984, 1980, -1,
                    1957, 1985, 2028, -1,
                    1957, 2028, 2080, -1,
                    1957, 2080, 2136, -1,
                    1957, 2136, 2196, -1,
                    1957, 2196, 2282, -1,
                    1957, 2282, 2363, -1,
                    1957, 2363, 2446, -1,
                    1957, 2446, 2523, -1,
                    1957, 2523, 2522, -1,
                    1957, 2522, 2444, -1,
                    1957, 2444, 2521, -1,
                    1957, 2521, 2520, -1,
                    1957, 2520, 2605, -1,
                    1957, 2605, 2604, -1,
                    1957, 2604, 2603, -1,
                    1957, 2603, 2602, -1,
                    1957, 2602, 2516, -1,
                    1957, 2516, 2601, -1,
                    1957, 2601, 2597, -1,
                    1957, 2597, 2596, -1,
                    1957, 2596, 2681, -1,
                    1957, 2681, 2680, -1,
                    1957, 2680, 2753, -1,
                    1957, 2753, 2814, -1,
                    1957, 2814, 2869, -1,
                    1957, 2869, 2900, -1,
                    1957, 2900, 2854, -1,
                    1957, 2854, 2899, -1,
                    1957, 2899, 2898, -1,
                    1957, 2898, 2926, -1,
                    1957, 2926, 2925, -1,
                    1957, 2925, 2946, -1,
                    1957, 2946, 2939, -1,
                    1957, 2939, 2938, -1,
                    1957, 2938, 2937, -1,
                    1957, 2937, 2936, -1,
                    1957, 2936, 2935, -1,
                    1957, 2935, 2934, -1,
                    1957, 2934, 2933, -1,
                    1957, 2933, 2932, -1,
                    1957, 2932, 2942, -1,
                    1957, 2942, 2949, -1,
                    1957, 2949, 2951, -1,
                    1957, 2951, 2950, -1,
                    1957, 2950, 2947, -1,
                    1957, 2947, 2929, -1,
                    1957, 2929, 2927, -1,
                    1957, 2927, 2910, -1,
                    1957, 2910, 2909, -1,
                    1957, 2909, 2874, -1,
                    1957, 2874, 2872, -1,
                    1957, 2872, 2871, -1,
                    1957, 2871, 2870, -1,
                    1957, 2870, 2831, -1,
                    1957, 2831, 2827, -1,
                    1957, 2827, 2826, -1,
                    1957, 2826, 2825, -1,
                    1957, 2825, 2824, -1,
                    1957, 2824, 2773, -1,
                    1957, 2773, 2823, -1,
                    1957, 2823, 2822, -1,
                    1957, 2822, 2771, -1,
                    1957, 2771, 2705, -1,
                    1957, 2705, 2637, -1,
                    1957, 2637, 2553, -1,
                    1957, 2553, 2636, -1,
                    1957, 2636, 2635, -1,
                    1957, 2635, 2634, -1,
                    1957, 2634, 2633, -1,
                    1957, 2633, 2632, -1,
                    1957, 2632, 2704, -1,
                    1957, 2704, 2630, -1,
                    1957, 2630, 2629, -1,
                    1957, 2629, 2624, -1,
                    1957, 2624, 2628, -1,
                    1957, 2628, 2627, -1,
                    1957, 2627, 2626, -1,
                    1957, 2626, 2703, -1,
                    1957, 2703, 2702, -1,
                    1957, 2702, 2769, -1,
                    1957, 2769, 2768, -1,
                    1957, 2768, 2821, -1,
                    1957, 2821, 2766, -1,
                    1957, 2766, 2696, -1,
                    1957, 2696, 2765, -1,
                    1957, 2765, 2764, -1,
                    1957, 2764, 2763, -1,
                    1957, 2763, 2762, -1,
                    1957, 2762, 2761, -1,
                    1957, 2761, 2820, -1,
                    1957, 2820, 2817, -1,
                    1957, 2817, 2816, -1,
                    1957, 2816, 2755, -1,
                    1957, 2755, 2686, -1,
                    1957, 2686, 2685, -1,
                    1957, 2685, 2684, -1,
                    1957, 2684, 2608, -1,
                    1957, 2608, 2530, -1,
                    1957, 2530, 2529, -1,
                    1957, 2529, 2528, -1,
                    1957, 2528, 2527, -1,
                    1957, 2527, 2526, -1,
                    1957, 2526, 2448, -1,
                    1957, 2448, 2369, -1,
                    1957, 2369, 2365, -1,
                    1957, 2365, 2364, -1,
                    1957, 2364, 2284, -1,
                    1957, 2284, 2283, -1,
                    1957, 2283, 2200, -1,
                    1957, 2200, 2198, -1,
                    1957, 2198, 2199, -1,
                    1957, 2199, 2141, -1,
                    1957, 2141, 2086, -1,
                    1957, 2086, 2082, -1,
                    1957, 2082, 2030, -1,
                    1957, 2030, 2035, -1,
                    1957, 2035, 2029, -1,
                    1957, 2029, 1987, -1,
                    1957, 1987, 1961, -1,
                    1957, 1961, 1967, -1,
                    1957, 1967, 1966, -1,
                    1957, 1966, 1965, -1,
                    1957, 1965, 1964, -1,
                    1957, 1964, 1963, -1,
                    1957, 1963, 1960, -1,
                    1957, 1960, 1959, -1,
                    1957, 1959, 1958, -1,
                    1957, 1980, 1985, -1,
                    1961, 1986, 1962, -1,
                    1961, 1987, 1988, -1,
                    1961, 1988, 1989, -1,
                    1961, 1989, 1986, -1,
                    1962, 1986, 1968, -1,
                    1968, 1986, 1990, -1,
                    1968, 1990, 1991, -1,
                    1968, 1991, 1992, -1,
                    1968, 1992, 1993, -1,
                    1968, 1993, 1969, -1,
                    1969, 1993, 1994, -1,
                    1969, 1994, 1995, -1,
                    1969, 1995, 1970, -1,
                    1970, 1995, 1996, -1,
                    1970, 1996, 1997, -1,
                    1970, 1997, 1998, -1,
                    1970, 1998, 1999, -1,
                    1970, 1999, 1971, -1,
                    1971, 1999, 1972, -1,
                    1972, 1999, 2000, -1,
                    1972, 2000, 2001, -1,
                    1972, 2001, 1974, -1,
                    1972, 1974, 1973, -1,
                    1974, 2002, 2003, -1,
                    1974, 2003, 1976, -1,
                    1974, 1976, 1975, -1,
                    1974, 2001, 2002, -1,
                    1976, 2003, 2004, -1,
                    1976, 2004, 2005, -1,
                    1976, 2005, 1977, -1,
                    1977, 2005, 1978, -1,
                    1978, 2005, 2004, -1,
                    1978, 2004, 2006, -1,
                    1978, 2006, 2007, -1,
                    1978, 2007, 2008, -1,
                    1978, 2008, 2009, -1,
                    1978, 2009, 1979, -1,
                    1979, 2010, 1981, -1,
                    1979, 2009, 2011, -1,
                    1979, 2011, 2012, -1,
                    1979, 2012, 2013, -1,
                    1979, 2013, 2014, -1,
                    1979, 2014, 2010, -1,
                    1980, 1984, 2015, -1,
                    1980, 2015, 2016, -1,
                    1980, 2016, 1985, -1,
                    1981, 2010, 2017, -1,
                    1981, 2017, 2018, -1,
                    1981, 2018, 2019, -1,
                    1981, 2019, 1982, -1,
                    1982, 2019, 1983, -1,
                    1983, 2019, 2020, -1,
                    1983, 2020, 2021, -1,
                    1983, 2021, 2022, -1,
                    1983, 2022, 1984, -1,
                    1984, 2022, 2023, -1,
                    1984, 2023, 2024, -1,
                    1984, 2024, 2025, -1,
                    1984, 2025, 2015, -1,
                    1985, 2016, 2025, -1,
                    1985, 2025, 2026, -1,
                    1985, 2026, 2027, -1,
                    1985, 2027, 2028, -1,
                    1986, 1989, 1990, -1,
                    1987, 2029, 1988, -1,
                    1988, 2030, 2031, -1,
                    1988, 2031, 2032, -1,
                    1988, 2032, 2033, -1,
                    1988, 2033, 2034, -1,
                    1988, 2034, 1989, -1,
                    1988, 2029, 2035, -1,
                    1988, 2035, 2030, -1,
                    1989, 2034, 1990, -1,
                    1990, 2034, 1991, -1,
                    1991, 2034, 2036, -1,
                    1991, 2036, 1992, -1,
                    1992, 1996, 1994, -1,
                    1992, 1994, 1993, -1,
                    1992, 2036, 2037, -1,
                    1992, 2037, 2038, -1,
                    1992, 2038, 2039, -1,
                    1992, 2039, 2040, -1,
                    1992, 2040, 2041, -1,
                    1992, 2041, 2042, -1,
                    1992, 2042, 1996, -1,
                    1994, 1996, 1995, -1,
                    1996, 2043, 2044, -1,
                    1996, 2044, 2045, -1,
                    1996, 2045, 1997, -1,
                    1996, 2042, 2046, -1,
                    1996, 2046, 2047, -1,
                    1996, 2047, 2048, -1,
                    1996, 2048, 2043, -1,
                    1997, 2045, 1999, -1,
                    1997, 1999, 1998, -1,
                    1999, 2045, 2049, -1,
                    1999, 2049, 2000, -1,
                    2000, 2050, 2001, -1,
                    2000, 2049, 2051, -1,
                    2000, 2051, 2052, -1,
                    2000, 2052, 2050, -1,
                    2001, 2050, 2053, -1,
                    2001, 2053, 2002, -1,
                    2002, 2054, 2003, -1,
                    2002, 2053, 2050, -1,
                    2002, 2050, 2055, -1,
                    2002, 2055, 2054, -1,
                    2003, 2056, 2057, -1,
                    2003, 2057, 2004, -1,
                    2003, 2054, 2056, -1,
                    2004, 2057, 2058, -1,
                    2004, 2058, 2006, -1,
                    2006, 2058, 2007, -1,
                    2007, 2059, 2008, -1,
                    2007, 2058, 2060, -1,
                    2007, 2060, 2061, -1,
                    2007, 2061, 2059, -1,
                    2008, 2059, 2062, -1,
                    2008, 2062, 2011, -1,
                    2008, 2011, 2009, -1,
                    2010, 2014, 2063, -1,
                    2010, 2063, 2017, -1,
                    2011, 2062, 2064, -1,
                    2011, 2064, 2065, -1,
                    2011, 2065, 2066, -1,
                    2011, 2066, 2067, -1,
                    2011, 2067, 2068, -1,
                    2011, 2068, 2012, -1,
                    2012, 2068, 2013, -1,
                    2013, 2068, 2069, -1,
                    2013, 2069, 2070, -1,
                    2013, 2070, 2014, -1,
                    2014, 2070, 2071, -1,
                    2014, 2071, 2072, -1,
                    2014, 2072, 2073, -1,
                    2014, 2073, 2063, -1,
                    2015, 2025, 2016, -1,
                    2017, 2020, 2018, -1,
                    2017, 2063, 2020, -1,
                    2018, 2020, 2019, -1,
                    2020, 2063, 2074, -1,
                    2020, 2074, 2075, -1,
                    2020, 2075, 2021, -1,
                    2021, 2075, 2076, -1,
                    2021, 2076, 2023, -1,
                    2021, 2023, 2022, -1,
                    2023, 2076, 2077, -1,
                    2023, 2077, 2078, -1,
                    2023, 2078, 2024, -1,
                    2024, 2026, 2025, -1,
                    2024, 2078, 2079, -1,
                    2024, 2079, 2027, -1,
                    2024, 2027, 2026, -1,
                    2027, 2079, 2080, -1,
                    2027, 2080, 2081, -1,
                    2027, 2081, 2028, -1,
                    2028, 2081, 2080, -1,
                    2030, 2082, 2031, -1,
                    2031, 2083, 2084, -1,
                    2031, 2084, 2085, -1,
                    2031, 2085, 2032, -1,
                    2031, 2082, 2086, -1,
                    2031, 2086, 2083, -1,
                    2032, 2087, 2088, -1,
                    2032, 2088, 2033, -1,
                    2032, 2085, 2087, -1,
                    2033, 2088, 2089, -1,
                    2033, 2089, 2090, -1,
                    2033, 2090, 2091, -1,
                    2033, 2091, 2034, -1,
                    2034, 2091, 2036, -1,
                    2036, 2091, 2092, -1,
                    2036, 2092, 2037, -1,
                    2037, 2092, 2038, -1,
                    2038, 2092, 2039, -1,
                    2039, 2092, 2040, -1,
                    2040, 2092, 2091, -1,
                    2040, 2091, 2090, -1,
                    2040, 2090, 2093, -1,
                    2040, 2093, 2094, -1,
                    2040, 2094, 2041, -1,
                    2041, 2094, 2042, -1,
                    2042, 2094, 2046, -1,
                    2043, 2095, 2044, -1,
                    2043, 2048, 2095, -1,
                    2044, 2095, 2045, -1,
                    2045, 2095, 2049, -1,
                    2046, 2094, 2096, -1,
                    2046, 2096, 2047, -1,
                    2047, 2096, 2097, -1,
                    2047, 2097, 2098, -1,
                    2047, 2098, 2048, -1,
                    2048, 2098, 2095, -1,
                    2049, 2095, 2099, -1,
                    2049, 2099, 2051, -1,
                    2050, 2052, 2100, -1,
                    2050, 2100, 2055, -1,
                    2051, 2099, 2101, -1,
                    2051, 2101, 2052, -1,
                    2052, 2102, 2100, -1,
                    2052, 2101, 2103, -1,
                    2052, 2103, 2102, -1,
                    2054, 2104, 2105, -1,
                    2054, 2105, 2056, -1,
                    2054, 2055, 2102, -1,
                    2054, 2102, 2106, -1,
                    2054, 2106, 2107, -1,
                    2054, 2107, 2104, -1,
                    2055, 2100, 2102, -1,
                    2056, 2105, 2108, -1,
                    2056, 2108, 2057, -1,
                    2057, 2108, 2109, -1,
                    2057, 2109, 2110, -1,
                    2057, 2110, 2111, -1,
                    2057, 2111, 2058, -1,
                    2058, 2111, 2112, -1,
                    2058, 2112, 2113, -1,
                    2058, 2113, 2114, -1,
                    2058, 2114, 2060, -1,
                    2059, 2061, 2115, -1,
                    2059, 2115, 2062, -1,
                    2060, 2114, 2061, -1,
                    2061, 2116, 2117, -1,
                    2061, 2117, 2118, -1,
                    2061, 2118, 2119, -1,
                    2061, 2119, 2115, -1,
                    2061, 2114, 2120, -1,
                    2061, 2120, 2116, -1,
                    2062, 2115, 2064, -1,
                    2063, 2073, 2074, -1,
                    2064, 2115, 2119, -1,
                    2064, 2119, 2065, -1,
                    2065, 2119, 2121, -1,
                    2065, 2121, 2122, -1,
                    2065, 2122, 2123, -1,
                    2065, 2123, 2066, -1,
                    2066, 2123, 2124, -1,
                    2066, 2124, 2067, -1,
                    2067, 2069, 2068, -1,
                    2067, 2124, 2069, -1,
                    2069, 2124, 2125, -1,
                    2069, 2125, 2070, -1,
                    2070, 2125, 2071, -1,
                    2071, 2125, 2126, -1,
                    2071, 2126, 2127, -1,
                    2071, 2127, 2128, -1,
                    2071, 2128, 2072, -1,
                    2072, 2129, 2073, -1,
                    2072, 2128, 2129, -1,
                    2073, 2130, 2074, -1,
                    2073, 2129, 2130, -1,
                    2074, 2130, 2075, -1,
                    2075, 2130, 2076, -1,
                    2076, 2130, 2077, -1,
                    2077, 2130, 2129, -1,
                    2077, 2129, 2131, -1,
                    2077, 2131, 2132, -1,
                    2077, 2132, 2078, -1,
                    2078, 2132, 2133, -1,
                    2078, 2133, 2134, -1,
                    2078, 2134, 2079, -1,
                    2079, 2134, 2135, -1,
                    2079, 2135, 2080, -1,
                    2080, 2135, 2136, -1,
                    2083, 2137, 2138, -1,
                    2083, 2138, 2139, -1,
                    2083, 2139, 2140, -1,
                    2083, 2140, 2084, -1,
                    2083, 2086, 2141, -1,
                    2083, 2141, 2137, -1,
                    2084, 2140, 2142, -1,
                    2084, 2142, 2143, -1,
                    2084, 2143, 2085, -1,
                    2085, 2143, 2144, -1,
                    2085, 2144, 2087, -1,
                    2087, 2144, 2088, -1,
                    2088, 2144, 2089, -1,
                    2089, 2144, 2090, -1,
                    2090, 2145, 2146, -1,
                    2090, 2146, 2093, -1,
                    2090, 2144, 2147, -1,
                    2090, 2147, 2145, -1,
                    2093, 2146, 2094, -1,
                    2094, 2146, 2148, -1,
                    2094, 2148, 2149, -1,
                    2094, 2149, 2150, -1,
                    2094, 2150, 2097, -1,
                    2094, 2097, 2096, -1,
                    2095, 2098, 2151, -1,
                    2095, 2151, 2152, -1,
                    2095, 2152, 2099, -1,
                    2097, 2150, 2153, -1,
                    2097, 2153, 2154, -1,
                    2097, 2154, 2098, -1,
                    2098, 2154, 2155, -1,
                    2098, 2155, 2151, -1,
                    2099, 2152, 2156, -1,
                    2099, 2156, 2101, -1,
                    2101, 2157, 2103, -1,
                    2101, 2156, 2157, -1,
                    2102, 2103, 2158, -1,
                    2102, 2158, 2106, -1,
                    2103, 2157, 2159, -1,
                    2103, 2159, 2158, -1,
                    2104, 2160, 2105, -1,
                    2104, 2107, 2160, -1,
                    2105, 2160, 2161, -1,
                    2105, 2161, 2162, -1,
                    2105, 2162, 2108, -1,
                    2106, 2158, 2163, -1,
                    2106, 2163, 2107, -1,
                    2107, 2163, 2164, -1,
                    2107, 2164, 2165, -1,
                    2107, 2165, 2166, -1,
                    2107, 2166, 2167, -1,
                    2107, 2167, 2168, -1,
                    2107, 2168, 2160, -1,
                    2108, 2162, 2109, -1,
                    2109, 2162, 2110, -1,
                    2110, 2169, 2113, -1,
                    2110, 2113, 2111, -1,
                    2110, 2162, 2169, -1,
                    2111, 2113, 2112, -1,
                    2113, 2170, 2171, -1,
                    2113, 2171, 2172, -1,
                    2113, 2172, 2173, -1,
                    2113, 2173, 2174, -1,
                    2113, 2174, 2120, -1,
                    2113, 2120, 2114, -1,
                    2113, 2169, 2170, -1,
                    2116, 2120, 2174, -1,
                    2116, 2174, 2173, -1,
                    2116, 2173, 2117, -1,
                    2117, 2175, 2176, -1,
                    2117, 2176, 2177, -1,
                    2117, 2177, 2178, -1,
                    2117, 2178, 2119, -1,
                    2117, 2119, 2118, -1,
                    2117, 2173, 2175, -1,
                    2119, 2179, 2121, -1,
                    2119, 2178, 2180, -1,
                    2119, 2180, 2181, -1,
                    2119, 2181, 2182, -1,
                    2119, 2182, 2179, -1,
                    2121, 2179, 2122, -1,
                    2122, 2179, 2182, -1,
                    2122, 2182, 2183, -1,
                    2122, 2183, 2184, -1,
                    2122, 2184, 2123, -1,
                    2123, 2185, 2125, -1,
                    2123, 2125, 2124, -1,
                    2123, 2184, 2183, -1,
                    2123, 2183, 2185, -1,
                    2125, 2185, 2126, -1,
                    2126, 2185, 2186, -1,
                    2126, 2186, 2187, -1,
                    2126, 2187, 2127, -1,
                    2127, 2188, 2128, -1,
                    2127, 2187, 2188, -1,
                    2128, 2189, 2129, -1,
                    2128, 2188, 2189, -1,
                    2129, 2190, 2131, -1,
                    2129, 2189, 2190, -1,
                    2131, 2190, 2132, -1,
                    2132, 2190, 2191, -1,
                    2132, 2191, 2133, -1,
                    2133, 2191, 2192, -1,
                    2133, 2192, 2134, -1,
                    2134, 2192, 2193, -1,
                    2134, 2193, 2135, -1,
                    2135, 2193, 2136, -1,
                    2136, 2193, 2194, -1,
                    2136, 2194, 2195, -1,
                    2136, 2195, 2196, -1,
                    2137, 2197, 2198, -1,
                    2137, 2198, 2138, -1,
                    2137, 2141, 2199, -1,
                    2137, 2199, 2197, -1,
                    2138, 2200, 2201, -1,
                    2138, 2201, 2202, -1,
                    2138, 2202, 2140, -1,
                    2138, 2140, 2139, -1,
                    2138, 2198, 2200, -1,
                    2140, 2202, 2203, -1,
                    2140, 2203, 2204, -1,
                    2140, 2204, 2205, -1,
                    2140, 2205, 2142, -1,
                    2142, 2205, 2143, -1,
                    2143, 2205, 2206, -1,
                    2143, 2206, 2147, -1,
                    2143, 2147, 2144, -1,
                    2145, 2147, 2148, -1,
                    2145, 2148, 2146, -1,
                    2147, 2206, 2207, -1,
                    2147, 2207, 2149, -1,
                    2147, 2149, 2148, -1,
                    2149, 2207, 2153, -1,
                    2149, 2153, 2150, -1,
                    2151, 2155, 2208, -1,
                    2151, 2208, 2209, -1,
                    2151, 2209, 2210, -1,
                    2151, 2210, 2211, -1,
                    2151, 2211, 2212, -1,
                    2151, 2212, 2213, -1,
                    2151, 2213, 2152, -1,
                    2152, 2213, 2156, -1,
                    2153, 2214, 2215, -1,
                    2153, 2215, 2216, -1,
                    2153, 2216, 2155, -1,
                    2153, 2155, 2154, -1,
                    2153, 2207, 2214, -1,
                    2155, 2216, 2215, -1,
                    2155, 2215, 2208, -1,
                    2156, 2213, 2217, -1,
                    2156, 2217, 2218, -1,
                    2156, 2218, 2157, -1,
                    2157, 2218, 2219, -1,
                    2157, 2219, 2159, -1,
                    2158, 2159, 2220, -1,
                    2158, 2220, 2221, -1,
                    2158, 2221, 2163, -1,
                    2159, 2219, 2222, -1,
                    2159, 2222, 2220, -1,
                    2160, 2168, 2223, -1,
                    2160, 2223, 2161, -1,
                    2161, 2223, 2224, -1,
                    2161, 2224, 2162, -1,
                    2162, 2224, 2169, -1,
                    2163, 2225, 2164, -1,
                    2163, 2221, 2222, -1,
                    2163, 2222, 2226, -1,
                    2163, 2226, 2225, -1,
                    2164, 2227, 2228, -1,
                    2164, 2228, 2165, -1,
                    2164, 2225, 2229, -1,
                    2164, 2229, 2227, -1,
                    2165, 2228, 2167, -1,
                    2165, 2167, 2166, -1,
                    2167, 2228, 2230, -1,
                    2167, 2230, 2231, -1,
                    2167, 2231, 2232, -1,
                    2167, 2232, 2233, -1,
                    2167, 2233, 2234, -1,
                    2167, 2234, 2235, -1,
                    2167, 2235, 2168, -1,
                    2168, 2235, 2236, -1,
                    2168, 2236, 2237, -1,
                    2168, 2237, 2224, -1,
                    2168, 2224, 2223, -1,
                    2169, 2238, 2239, -1,
                    2169, 2239, 2240, -1,
                    2169, 2240, 2170, -1,
                    2169, 2224, 2241, -1,
                    2169, 2241, 2238, -1,
                    2170, 2240, 2242, -1,
                    2170, 2242, 2243, -1,
                    2170, 2243, 2244, -1,
                    2170, 2244, 2171, -1,
                    2171, 2244, 2245, -1,
                    2171, 2245, 2172, -1,
                    2172, 2246, 2175, -1,
                    2172, 2175, 2173, -1,
                    2172, 2245, 2247, -1,
                    2172, 2247, 2248, -1,
                    2172, 2248, 2246, -1,
                    2175, 2246, 2249, -1,
                    2175, 2249, 2176, -1,
                    2176, 2249, 2250, -1,
                    2176, 2250, 2251, -1,
                    2176, 2251, 2252, -1,
                    2176, 2252, 2177, -1,
                    2177, 2252, 2178, -1,
                    2178, 2252, 2180, -1,
                    2180, 2252, 2253, -1,
                    2180, 2253, 2181, -1,
                    2181, 2253, 2254, -1,
                    2181, 2254, 2255, -1,
                    2181, 2255, 2256, -1,
                    2181, 2256, 2182, -1,
                    2182, 2256, 2257, -1,
                    2182, 2257, 2258, -1,
                    2182, 2258, 2183, -1,
                    2183, 2258, 2259, -1,
                    2183, 2259, 2260, -1,
                    2183, 2260, 2261, -1,
                    2183, 2261, 2262, -1,
                    2183, 2262, 2185, -1,
                    2185, 2262, 2186, -1,
                    2186, 2262, 2261, -1,
                    2186, 2261, 2263, -1,
                    2186, 2263, 2264, -1,
                    2186, 2264, 2265, -1,
                    2186, 2265, 2266, -1,
                    2186, 2266, 2267, -1,
                    2186, 2267, 2268, -1,
                    2186, 2268, 2269, -1,
                    2186, 2269, 2187, -1,
                    2187, 2269, 2270, -1,
                    2187, 2270, 2271, -1,
                    2187, 2271, 2272, -1,
                    2187, 2272, 2273, -1,
                    2187, 2273, 2188, -1,
                    2188, 2273, 2274, -1,
                    2188, 2274, 2275, -1,
                    2188, 2275, 2276, -1,
                    2188, 2276, 2189, -1,
                    2189, 2277, 2190, -1,
                    2189, 2276, 2278, -1,
                    2189, 2278, 2277, -1,
                    2190, 2277, 2191, -1,
                    2191, 2277, 2194, -1,
                    2191, 2194, 2192, -1,
                    2192, 2194, 2193, -1,
                    2194, 2277, 2195, -1,
                    2195, 2279, 2280, -1,
                    2195, 2280, 2281, -1,
                    2195, 2281, 2282, -1,
                    2195, 2282, 2196, -1,
                    2195, 2277, 2278, -1,
                    2195, 2278, 2279, -1,
                    2197, 2199, 2198, -1,
                    2200, 2283, 2201, -1,
                    2201, 2283, 2284, -1,
                    2201, 2284, 2285, -1,
                    2201, 2285, 2202, -1,
                    2202, 2285, 2286, -1,
                    2202, 2286, 2203, -1,
                    2203, 2286, 2287, -1,
                    2203, 2287, 2204, -1,
                    2204, 2287, 2288, -1,
                    2204, 2288, 2205, -1,
                    2205, 2288, 2289, -1,
                    2205, 2289, 2290, -1,
                    2205, 2290, 2206, -1,
                    2206, 2215, 2291, -1,
                    2206, 2291, 2207, -1,
                    2206, 2290, 2292, -1,
                    2206, 2292, 2293, -1,
                    2206, 2293, 2215, -1,
                    2207, 2291, 2215, -1,
                    2207, 2215, 2214, -1,
                    2208, 2294, 2295, -1,
                    2208, 2295, 2296, -1,
                    2208, 2296, 2209, -1,
                    2208, 2215, 2297, -1,
                    2208, 2297, 2294, -1,
                    2209, 2296, 2298, -1,
                    2209, 2298, 2210, -1,
                    2210, 2298, 2299, -1,
                    2210, 2299, 2211, -1,
                    2211, 2299, 2212, -1,
                    2212, 2299, 2217, -1,
                    2212, 2217, 2213, -1,
                    2215, 2293, 2300, -1,
                    2215, 2300, 2301, -1,
                    2215, 2301, 2302, -1,
                    2215, 2302, 2297, -1,
                    2217, 2299, 2303, -1,
                    2217, 2303, 2304, -1,
                    2217, 2304, 2218, -1,
                    2218, 2304, 2219, -1,
                    2219, 2304, 2222, -1,
                    2220, 2222, 2221, -1,
                    2222, 2304, 2303, -1,
                    2222, 2303, 2298, -1,
                    2222, 2298, 2305, -1,
                    2222, 2305, 2306, -1,
                    2222, 2306, 2307, -1,
                    2222, 2307, 2226, -1,
                    2224, 2237, 2236, -1,
                    2224, 2236, 2241, -1,
                    2225, 2226, 2229, -1,
                    2226, 2307, 2308, -1,
                    2226, 2308, 2309, -1,
                    2226, 2309, 2229, -1,
                    2227, 2310, 2228, -1,
                    2227, 2229, 2309, -1,
                    2227, 2309, 2310, -1,
                    2228, 2310, 2311, -1,
                    2228, 2311, 2230, -1,
                    2230, 2311, 2312, -1,
                    2230, 2312, 2313, -1,
                    2230, 2313, 2314, -1,
                    2230, 2314, 2315, -1,
                    2230, 2315, 2231, -1,
                    2231, 2315, 2232, -1,
                    2232, 2315, 2316, -1,
                    2232, 2316, 2317, -1,
                    2232, 2317, 2318, -1,
                    2232, 2318, 2319, -1,
                    2232, 2319, 2233, -1,
                    2233, 2319, 2234, -1,
                    2234, 2319, 2236, -1,
                    2234, 2236, 2235, -1,
                    2236, 2319, 2320, -1,
                    2236, 2320, 2241, -1,
                    2238, 2321, 2322, -1,
                    2238, 2322, 2239, -1,
                    2238, 2241, 2321, -1,
                    2239, 2322, 2323, -1,
                    2239, 2323, 2324, -1,
                    2239, 2324, 2242, -1,
                    2239, 2242, 2240, -1,
                    2241, 2320, 2321, -1,
                    2242, 2324, 2325, -1,
                    2242, 2325, 2243, -1,
                    2243, 2325, 2326, -1,
                    2243, 2326, 2327, -1,
                    2243, 2327, 2328, -1,
                    2243, 2328, 2244, -1,
                    2244, 2328, 2247, -1,
                    2244, 2247, 2245, -1,
                    2246, 2248, 2249, -1,
                    2247, 2328, 2329, -1,
                    2247, 2329, 2330, -1,
                    2247, 2330, 2331, -1,
                    2247, 2331, 2248, -1,
                    2248, 2331, 2332, -1,
                    2248, 2332, 2333, -1,
                    2248, 2333, 2334, -1,
                    2248, 2334, 2335, -1,
                    2248, 2335, 2336, -1,
                    2248, 2336, 2337, -1,
                    2248, 2337, 2338, -1,
                    2248, 2338, 2249, -1,
                    2249, 2338, 2250, -1,
                    2250, 2338, 2337, -1,
                    2250, 2337, 2339, -1,
                    2250, 2339, 2251, -1,
                    2251, 2339, 2340, -1,
                    2251, 2340, 2252, -1,
                    2252, 2340, 2254, -1,
                    2252, 2254, 2253, -1,
                    2254, 2341, 2342, -1,
                    2254, 2342, 2343, -1,
                    2254, 2343, 2255, -1,
                    2254, 2340, 2341, -1,
                    2255, 2344, 2256, -1,
                    2255, 2343, 2345, -1,
                    2255, 2345, 2346, -1,
                    2255, 2346, 2347, -1,
                    2255, 2347, 2344, -1,
                    2256, 2344, 2348, -1,
                    2256, 2348, 2257, -1,
                    2257, 2349, 2258, -1,
                    2257, 2348, 2350, -1,
                    2257, 2350, 2349, -1,
                    2258, 2349, 2259, -1,
                    2259, 2349, 2351, -1,
                    2259, 2351, 2260, -1,
                    2260, 2351, 2261, -1,
                    2261, 2351, 2352, -1,
                    2261, 2352, 2263, -1,
                    2263, 2352, 2264, -1,
                    2264, 2352, 2266, -1,
                    2264, 2266, 2265, -1,
                    2266, 2353, 2267, -1,
                    2266, 2352, 2354, -1,
                    2266, 2354, 2355, -1,
                    2266, 2355, 2353, -1,
                    2267, 2353, 2268, -1,
                    2268, 2353, 2356, -1,
                    2268, 2356, 2269, -1,
                    2269, 2357, 2270, -1,
                    2269, 2356, 2357, -1,
                    2270, 2357, 2358, -1,
                    2270, 2358, 2271, -1,
                    2271, 2358, 2359, -1,
                    2271, 2359, 2360, -1,
                    2271, 2360, 2272, -1,
                    2272, 2360, 2273, -1,
                    2273, 2361, 2275, -1,
                    2273, 2275, 2274, -1,
                    2273, 2360, 2361, -1,
                    2275, 2361, 2278, -1,
                    2275, 2278, 2276, -1,
                    2278, 2361, 2280, -1,
                    2278, 2280, 2279, -1,
                    2280, 2361, 2360, -1,
                    2280, 2360, 2362, -1,
                    2280, 2362, 2363, -1,
                    2280, 2363, 2281, -1,
                    2281, 2363, 2282, -1,
                    2284, 2364, 2285, -1,
                    2285, 2364, 2286, -1,
                    2286, 2365, 2366, -1,
                    2286, 2366, 2287, -1,
                    2286, 2364, 2365, -1,
                    2287, 2367, 2368, -1,
                    2287, 2368, 2288, -1,
                    2287, 2366, 2365, -1,
                    2287, 2365, 2369, -1,
                    2287, 2369, 2367, -1,
                    2288, 2368, 2370, -1,
                    2288, 2370, 2289, -1,
                    2289, 2370, 2371, -1,
                    2289, 2371, 2372, -1,
                    2289, 2372, 2290, -1,
                    2290, 2372, 2292, -1,
                    2292, 2372, 2373, -1,
                    2292, 2373, 2300, -1,
                    2292, 2300, 2293, -1,
                    2294, 2374, 2306, -1,
                    2294, 2306, 2375, -1,
                    2294, 2375, 2295, -1,
                    2294, 2297, 2374, -1,
                    2295, 2375, 2296, -1,
                    2296, 2305, 2298, -1,
                    2296, 2375, 2306, -1,
                    2296, 2306, 2305, -1,
                    2297, 2302, 2376, -1,
                    2297, 2376, 2377, -1,
                    2297, 2377, 2382, -1,
                    2297, 2382, 2378, -1,
                    2297, 2378, 2306, -1,
                    2297, 2306, 2374, -1,
                    2298, 2303, 2299, -1,
                    2300, 2373, 2379, -1,
                    2300, 2379, 2380, -1,
                    2300, 2380, 2376, -1,
                    2300, 2376, 2302, -1,
                    2300, 2302, 2301, -1,
                    2306, 2381, 2307, -1,
                    2306, 2378, 2382, -1,
                    2306, 2382, 2381, -1,
                    2307, 2381, 2383, -1,
                    2307, 2383, 2384, -1,
                    2307, 2384, 2308, -1,
                    2308, 2384, 2385, -1,
                    2308, 2385, 2310, -1,
                    2308, 2310, 2309, -1,
                    2310, 2386, 2311, -1,
                    2310, 2385, 2386, -1,
                    2311, 2386, 2387, -1,
                    2311, 2387, 2388, -1,
                    2311, 2388, 2312, -1,
                    2312, 2388, 2313, -1,
                    2313, 2389, 2314, -1,
                    2313, 2388, 2390, -1,
                    2313, 2390, 2391, -1,
                    2313, 2391, 2392, -1,
                    2313, 2392, 2389, -1,
                    2314, 2389, 2393, -1,
                    2314, 2393, 2394, -1,
                    2314, 2394, 2316, -1,
                    2314, 2316, 2315, -1,
                    2316, 2395, 2317, -1,
                    2316, 2394, 2395, -1,
                    2317, 2395, 2396, -1,
                    2317, 2396, 2397, -1,
                    2317, 2397, 2398, -1,
                    2317, 2398, 2318, -1,
                    2318, 2398, 2320, -1,
                    2318, 2320, 2319, -1,
                    2320, 2398, 2399, -1,
                    2320, 2399, 2321, -1,
                    2321, 2399, 2322, -1,
                    2322, 2399, 2323, -1,
                    2323, 2400, 2401, -1,
                    2323, 2401, 2324, -1,
                    2323, 2399, 2398, -1,
                    2323, 2398, 2400, -1,
                    2324, 2401, 2402, -1,
                    2324, 2402, 2325, -1,
                    2325, 2402, 2403, -1,
                    2325, 2403, 2326, -1,
                    2326, 2403, 2327, -1,
                    2327, 2403, 2404, -1,
                    2327, 2404, 2405, -1,
                    2327, 2405, 2406, -1,
                    2327, 2406, 2407, -1,
                    2327, 2407, 2329, -1,
                    2327, 2329, 2328, -1,
                    2329, 2407, 2408, -1,
                    2329, 2408, 2330, -1,
                    2330, 2408, 2331, -1,
                    2331, 2408, 2409, -1,
                    2331, 2409, 2332, -1,
                    2332, 2409, 2410, -1,
                    2332, 2410, 2333, -1,
                    2333, 2410, 2411, -1,
                    2333, 2411, 2334, -1,
                    2334, 2411, 2335, -1,
                    2335, 2411, 2412, -1,
                    2335, 2412, 2336, -1,
                    2336, 2412, 2413, -1,
                    2336, 2413, 2414, -1,
                    2336, 2414, 2339, -1,
                    2336, 2339, 2337, -1,
                    2339, 2414, 2415, -1,
                    2339, 2415, 2416, -1,
                    2339, 2416, 2417, -1,
                    2339, 2417, 2418, -1,
                    2339, 2418, 2419, -1,
                    2339, 2419, 2420, -1,
                    2339, 2420, 2421, -1,
                    2339, 2421, 2342, -1,
                    2339, 2342, 2341, -1,
                    2339, 2341, 2340, -1,
                    2342, 2421, 2345, -1,
                    2342, 2345, 2343, -1,
                    2344, 2347, 2348, -1,
                    2345, 2421, 2422, -1,
                    2345, 2422, 2346, -1,
                    2346, 2422, 2423, -1,
                    2346, 2423, 2424, -1,
                    2346, 2424, 2425, -1,
                    2346, 2425, 2426, -1,
                    2346, 2426, 2347, -1,
                    2347, 2426, 2427, -1,
                    2347, 2427, 2428, -1,
                    2347, 2428, 2348, -1,
                    2348, 2428, 2350, -1,
                    2349, 2352, 2351, -1,
                    2349, 2350, 2428, -1,
                    2349, 2428, 2429, -1,
                    2349, 2429, 2430, -1,
                    2349, 2430, 2352, -1,
                    2352, 2431, 2354, -1,
                    2352, 2430, 2431, -1,
                    2353, 2432, 2356, -1,
                    2353, 2355, 2433, -1,
                    2353, 2433, 2434, -1,
                    2353, 2434, 2432, -1,
                    2354, 2431, 2430, -1,
                    2354, 2430, 2435, -1,
                    2354, 2435, 2436, -1,
                    2354, 2436, 2355, -1,
                    2355, 2436, 2437, -1,
                    2355, 2437, 2433, -1,
                    2356, 2432, 2438, -1,
                    2356, 2438, 2439, -1,
                    2356, 2439, 2440, -1,
                    2356, 2440, 2357, -1,
                    2357, 2440, 2439, -1,
                    2357, 2439, 2441, -1,
                    2357, 2441, 2358, -1,
                    2358, 2442, 2445, -1,
                    2358, 2445, 2443, -1,
                    2358, 2443, 2359, -1,
                    2358, 2441, 2444, -1,
                    2358, 2444, 2442, -1,
                    2359, 2443, 2445, -1,
                    2359, 2445, 2360, -1,
                    2360, 2445, 2362, -1,
                    2362, 2445, 2446, -1,
                    2362, 2446, 2363, -1,
                    2367, 2447, 2368, -1,
                    2367, 2369, 2448, -1,
                    2367, 2448, 2447, -1,
                    2368, 2449, 2450, -1,
                    2368, 2450, 2371, -1,
                    2368, 2371, 2370, -1,
                    2368, 2447, 2451, -1,
                    2368, 2451, 2449, -1,
                    2371, 2450, 2379, -1,
                    2371, 2379, 2372, -1,
                    2372, 2379, 2373, -1,
                    2376, 2452, 2453, -1,
                    2376, 2453, 2377, -1,
                    2376, 2380, 2452, -1,
                    2377, 2453, 2382, -1,
                    2379, 2450, 2380, -1,
                    2380, 2450, 2454, -1,
                    2380, 2454, 2455, -1,
                    2380, 2455, 2452, -1,
                    2381, 2382, 2383, -1,
                    2382, 2453, 2456, -1,
                    2382, 2456, 2457, -1,
                    2382, 2457, 2458, -1,
                    2382, 2458, 2383, -1,
                    2383, 2458, 2459, -1,
                    2383, 2459, 2385, -1,
                    2383, 2385, 2384, -1,
                    2385, 2459, 2460, -1,
                    2385, 2460, 2461, -1,
                    2385, 2461, 2462, -1,
                    2385, 2462, 2463, -1,
                    2385, 2463, 2464, -1,
                    2385, 2464, 2387, -1,
                    2385, 2387, 2386, -1,
                    2387, 2464, 2388, -1,
                    2388, 2464, 2392, -1,
                    2388, 2392, 2391, -1,
                    2388, 2391, 2390, -1,
                    2389, 2392, 2393, -1,
                    2392, 2464, 2465, -1,
                    2392, 2465, 2466, -1,
                    2392, 2466, 2467, -1,
                    2392, 2467, 2468, -1,
                    2392, 2468, 2469, -1,
                    2392, 2469, 2470, -1,
                    2392, 2470, 2393, -1,
                    2393, 2470, 2471, -1,
                    2393, 2471, 2472, -1,
                    2393, 2472, 2473, -1,
                    2393, 2473, 2394, -1,
                    2394, 2473, 2395, -1,
                    2395, 2473, 2474, -1,
                    2395, 2474, 2475, -1,
                    2395, 2475, 2476, -1,
                    2395, 2476, 2477, -1,
                    2395, 2477, 2396, -1,
                    2396, 2477, 2397, -1,
                    2397, 2477, 2478, -1,
                    2397, 2478, 2398, -1,
                    2398, 2478, 2479, -1,
                    2398, 2479, 2480, -1,
                    2398, 2480, 2481, -1,
                    2398, 2481, 2400, -1,
                    2400, 2481, 2480, -1,
                    2400, 2480, 2482, -1,
                    2400, 2482, 2401, -1,
                    2401, 2482, 2483, -1,
                    2401, 2483, 2484, -1,
                    2401, 2484, 2402, -1,
                    2402, 2484, 2485, -1,
                    2402, 2485, 2403, -1,
                    2403, 2485, 2404, -1,
                    2404, 2485, 2483, -1,
                    2404, 2483, 2486, -1,
                    2404, 2486, 2487, -1,
                    2404, 2487, 2405, -1,
                    2405, 2487, 2488, -1,
                    2405, 2488, 2489, -1,
                    2405, 2489, 2406, -1,
                    2406, 2489, 2490, -1,
                    2406, 2490, 2491, -1,
                    2406, 2491, 2407, -1,
                    2407, 2491, 2492, -1,
                    2407, 2492, 2408, -1,
                    2408, 2492, 2409, -1,
                    2409, 2492, 2493, -1,
                    2409, 2493, 2412, -1,
                    2409, 2412, 2411, -1,
                    2409, 2411, 2410, -1,
                    2412, 2493, 2494, -1,
                    2412, 2494, 2495, -1,
                    2412, 2495, 2496, -1,
                    2412, 2496, 2413, -1,
                    2413, 2415, 2414, -1,
                    2413, 2496, 2497, -1,
                    2413, 2497, 2415, -1,
                    2415, 2497, 2416, -1,
                    2416, 2497, 2417, -1,
                    2417, 2497, 2498, -1,
                    2417, 2498, 2499, -1,
                    2417, 2499, 2418, -1,
                    2418, 2499, 2419, -1,
                    2419, 2500, 2420, -1,
                    2419, 2499, 2501, -1,
                    2419, 2501, 2500, -1,
                    2420, 2422, 2421, -1,
                    2420, 2500, 2502, -1,
                    2420, 2502, 2423, -1,
                    2420, 2423, 2422, -1,
                    2423, 2502, 2500, -1,
                    2423, 2500, 2503, -1,
                    2423, 2503, 2424, -1,
                    2424, 2503, 2504, -1,
                    2424, 2504, 2505, -1,
                    2424, 2505, 2506, -1,
                    2424, 2506, 2425, -1,
                    2425, 2506, 2427, -1,
                    2425, 2427, 2426, -1,
                    2427, 2506, 2507, -1,
                    2427, 2507, 2508, -1,
                    2427, 2508, 2509, -1,
                    2427, 2509, 2428, -1,
                    2428, 2509, 2510, -1,
                    2428, 2510, 2429, -1,
                    2429, 2510, 2511, -1,
                    2429, 2511, 2430, -1,
                    2430, 2511, 2512, -1,
                    2430, 2512, 2435, -1,
                    2432, 2434, 2513, -1,
                    2432, 2513, 2438, -1,
                    2433, 2437, 2434, -1,
                    2434, 2437, 2513, -1,
                    2435, 2512, 2436, -1,
                    2436, 2512, 2514, -1,
                    2436, 2514, 2437, -1,
                    2437, 2514, 2515, -1,
                    2437, 2515, 2516, -1,
                    2437, 2516, 2517, -1,
                    2437, 2517, 2518, -1,
                    2437, 2518, 2513, -1,
                    2438, 2519, 2439, -1,
                    2438, 2513, 2519, -1,
                    2439, 2519, 2520, -1,
                    2439, 2520, 2441, -1,
                    2441, 2520, 2521, -1,
                    2441, 2521, 2444, -1,
                    2442, 2446, 2445, -1,
                    2442, 2444, 2522, -1,
                    2442, 2522, 2523, -1,
                    2442, 2523, 2446, -1,
                    2447, 2524, 2525, -1,
                    2447, 2525, 2451, -1,
                    2447, 2448, 2526, -1,
                    2447, 2526, 2527, -1,
                    2447, 2527, 2528, -1,
                    2447, 2528, 2529, -1,
                    2447, 2529, 2530, -1,
                    2447, 2530, 2524, -1,
                    2449, 2454, 2450, -1,
                    2449, 2451, 2531, -1,
                    2449, 2531, 2454, -1,
                    2451, 2525, 2532, -1,
                    2451, 2532, 2533, -1,
                    2451, 2533, 2531, -1,
                    2452, 2455, 2453, -1,
                    2453, 2455, 2456, -1,
                    2454, 2531, 2534, -1,
                    2454, 2534, 2455, -1,
                    2455, 2534, 2456, -1,
                    2456, 2534, 2535, -1,
                    2456, 2535, 2457, -1,
                    2457, 2535, 2459, -1,
                    2457, 2459, 2458, -1,
                    2459, 2536, 2460, -1,
                    2459, 2535, 2537, -1,
                    2459, 2537, 2536, -1,
                    2460, 2536, 2538, -1,
                    2460, 2538, 2539, -1,
                    2460, 2539, 2540, -1,
                    2460, 2540, 2462, -1,
                    2460, 2462, 2461, -1,
                    2462, 2540, 2541, -1,
                    2462, 2541, 2542, -1,
                    2462, 2542, 2464, -1,
                    2462, 2464, 2543, -1,
                    2462, 2543, 2463, -1,
                    2463, 2543, 2464, -1,
                    2464, 2544, 2465, -1,
                    2464, 2542, 2545, -1,
                    2464, 2545, 2546, -1,
                    2464, 2546, 2544, -1,
                    2465, 2544, 2547, -1,
                    2465, 2547, 2548, -1,
                    2465, 2548, 2549, -1,
                    2465, 2549, 2550, -1,
                    2465, 2550, 2551, -1,
                    2465, 2551, 2552, -1,
                    2465, 2552, 2466, -1,
                    2466, 2552, 2553, -1,
                    2466, 2553, 2554, -1,
                    2466, 2554, 2555, -1,
                    2466, 2555, 2556, -1,
                    2466, 2556, 2557, -1,
                    2466, 2557, 2558, -1,
                    2466, 2558, 2559, -1,
                    2466, 2559, 2468, -1,
                    2466, 2468, 2467, -1,
                    2468, 2471, 2470, -1,
                    2468, 2470, 2469, -1,
                    2468, 2559, 2471, -1,
                    2471, 2558, 2560, -1,
                    2471, 2560, 2472, -1,
                    2471, 2559, 2558, -1,
                    2472, 2560, 2473, -1,
                    2473, 2560, 2561, -1,
                    2473, 2561, 2562, -1,
                    2473, 2562, 2563, -1,
                    2473, 2563, 2475, -1,
                    2473, 2475, 2474, -1,
                    2475, 2563, 2476, -1,
                    2476, 2563, 2564, -1,
                    2476, 2564, 2479, -1,
                    2476, 2479, 2478, -1,
                    2476, 2478, 2477, -1,
                    2479, 2564, 2565, -1,
                    2479, 2565, 2566, -1,
                    2479, 2566, 2480, -1,
                    2480, 2566, 2567, -1,
                    2480, 2567, 2568, -1,
                    2480, 2568, 2482, -1,
                    2482, 2568, 2569, -1,
                    2482, 2569, 2570, -1,
                    2482, 2570, 2571, -1,
                    2482, 2571, 2483, -1,
                    2483, 2485, 2484, -1,
                    2483, 2571, 2570, -1,
                    2483, 2570, 2486, -1,
                    2486, 2570, 2572, -1,
                    2486, 2572, 2573, -1,
                    2486, 2573, 2487, -1,
                    2487, 2573, 2574, -1,
                    2487, 2574, 2488, -1,
                    2488, 2574, 2575, -1,
                    2488, 2575, 2489, -1,
                    2489, 2575, 2576, -1,
                    2489, 2576, 2577, -1,
                    2489, 2577, 2490, -1,
                    2490, 2577, 2576, -1,
                    2490, 2576, 2578, -1,
                    2490, 2578, 2491, -1,
                    2491, 2578, 2494, -1,
                    2491, 2494, 2492, -1,
                    2492, 2494, 2493, -1,
                    2494, 2578, 2579, -1,
                    2494, 2579, 2495, -1,
                    2495, 2579, 2580, -1,
                    2495, 2580, 2581, -1,
                    2495, 2581, 2496, -1,
                    2496, 2581, 2498, -1,
                    2496, 2498, 2497, -1,
                    2498, 2582, 2583, -1,
                    2498, 2583, 2584, -1,
                    2498, 2584, 2501, -1,
                    2498, 2501, 2499, -1,
                    2498, 2581, 2582, -1,
                    2500, 2501, 2584, -1,
                    2500, 2584, 2585, -1,
                    2500, 2585, 2503, -1,
                    2503, 2585, 2504, -1,
                    2504, 2585, 2586, -1,
                    2504, 2586, 2505, -1,
                    2505, 2586, 2506, -1,
                    2506, 2586, 2587, -1,
                    2506, 2587, 2588, -1,
                    2506, 2588, 2507, -1,
                    2507, 2588, 2589, -1,
                    2507, 2589, 2508, -1,
                    2508, 2590, 2591, -1,
                    2508, 2591, 2509, -1,
                    2508, 2589, 2592, -1,
                    2508, 2592, 2593, -1,
                    2508, 2593, 2594, -1,
                    2508, 2594, 2590, -1,
                    2509, 2591, 2510, -1,
                    2510, 2591, 2595, -1,
                    2510, 2595, 2511, -1,
                    2511, 2515, 2514, -1,
                    2511, 2514, 2512, -1,
                    2511, 2595, 2596, -1,
                    2511, 2596, 2597, -1,
                    2511, 2597, 2598, -1,
                    2511, 2598, 2599, -1,
                    2511, 2599, 2515, -1,
                    2513, 2518, 2600, -1,
                    2513, 2600, 2519, -1,
                    2515, 2599, 2516, -1,
                    2516, 2599, 2601, -1,
                    2516, 2602, 2517, -1,
                    2517, 2602, 2603, -1,
                    2517, 2603, 2604, -1,
                    2517, 2604, 2605, -1,
                    2517, 2605, 2518, -1,
                    2518, 2605, 2600, -1,
                    2519, 2600, 2520, -1,
                    2520, 2600, 2605, -1,
                    2524, 2606, 2607, -1,
                    2524, 2607, 2525, -1,
                    2524, 2530, 2608, -1,
                    2524, 2608, 2606, -1,
                    2525, 2607, 2609, -1,
                    2525, 2609, 2610, -1,
                    2525, 2610, 2532, -1,
                    2531, 2611, 2534, -1,
                    2531, 2533, 2611, -1,
                    2532, 2611, 2533, -1,
                    2532, 2610, 2611, -1,
                    2534, 2611, 2612, -1,
                    2534, 2612, 2613, -1,
                    2534, 2613, 2537, -1,
                    2534, 2537, 2535, -1,
                    2536, 2614, 2538, -1,
                    2536, 2537, 2613, -1,
                    2536, 2613, 2615, -1,
                    2536, 2615, 2616, -1,
                    2536, 2616, 2614, -1,
                    2538, 2614, 2617, -1,
                    2538, 2617, 2618, -1,
                    2538, 2618, 2619, -1,
                    2538, 2619, 2539, -1,
                    2539, 2619, 2540, -1,
                    2540, 2619, 2541, -1,
                    2541, 2619, 2620, -1,
                    2541, 2620, 2621, -1,
                    2541, 2621, 2545, -1,
                    2541, 2545, 2542, -1,
                    2544, 2622, 2547, -1,
                    2544, 2546, 2622, -1,
                    2545, 2621, 2546, -1,
                    2546, 2621, 2622, -1,
                    2547, 2622, 2623, -1,
                    2547, 2623, 2548, -1,
                    2548, 2624, 2551, -1,
                    2548, 2551, 2550, -1,
                    2548, 2550, 2549, -1,
                    2548, 2623, 2625, -1,
                    2548, 2625, 2626, -1,
                    2548, 2626, 2627, -1,
                    2548, 2627, 2628, -1,
                    2548, 2628, 2624, -1,
                    2551, 2629, 2630, -1,
                    2551, 2630, 2552, -1,
                    2551, 2624, 2629, -1,
                    2552, 2630, 2631, -1,
                    2552, 2631, 2632, -1,
                    2552, 2632, 2633, -1,
                    2552, 2633, 2634, -1,
                    2552, 2634, 2635, -1,
                    2552, 2635, 2636, -1,
                    2552, 2636, 2553, -1,
                    2553, 2637, 2638, -1,
                    2553, 2638, 2554, -1,
                    2554, 2638, 2555, -1,
                    2555, 2638, 2556, -1,
                    2556, 2638, 2639, -1,
                    2556, 2639, 2640, -1,
                    2556, 2640, 2641, -1,
                    2556, 2641, 2642, -1,
                    2556, 2642, 2557, -1,
                    2557, 2642, 2643, -1,
                    2557, 2643, 2644, -1,
                    2557, 2644, 2558, -1,
                    2558, 2644, 2561, -1,
                    2558, 2561, 2560, -1,
                    2561, 2645, 2563, -1,
                    2561, 2563, 2562, -1,
                    2561, 2644, 2646, -1,
                    2561, 2646, 2647, -1,
                    2561, 2647, 2648, -1,
                    2561, 2648, 2649, -1,
                    2561, 2649, 2645, -1,
                    2563, 2650, 2651, -1,
                    2563, 2651, 2652, -1,
                    2563, 2652, 2653, -1,
                    2563, 2653, 2654, -1,
                    2563, 2654, 2655, -1,
                    2563, 2655, 2565, -1,
                    2563, 2565, 2564, -1,
                    2563, 2645, 2650, -1,
                    2565, 2655, 2656, -1,
                    2565, 2656, 2566, -1,
                    2566, 2656, 2567, -1,
                    2567, 2656, 2657, -1,
                    2567, 2657, 2658, -1,
                    2567, 2658, 2568, -1,
                    2568, 2658, 2569, -1,
                    2569, 2658, 2570, -1,
                    2570, 2658, 2659, -1,
                    2570, 2659, 2660, -1,
                    2570, 2660, 2572, -1,
                    2572, 2660, 2573, -1,
                    2573, 2661, 2662, -1,
                    2573, 2662, 2574, -1,
                    2573, 2660, 2663, -1,
                    2573, 2663, 2661, -1,
                    2574, 2662, 2664, -1,
                    2574, 2664, 2575, -1,
                    2575, 2664, 2665, -1,
                    2575, 2665, 2576, -1,
                    2576, 2665, 2666, -1,
                    2576, 2666, 2667, -1,
                    2576, 2667, 2668, -1,
                    2576, 2668, 2578, -1,
                    2578, 2668, 2579, -1,
                    2579, 2668, 2580, -1,
                    2580, 2668, 2669, -1,
                    2580, 2669, 2670, -1,
                    2580, 2670, 2671, -1,
                    2580, 2671, 2581, -1,
                    2581, 2671, 2582, -1,
                    2582, 2671, 2672, -1,
                    2582, 2672, 2583, -1,
                    2583, 2672, 2673, -1,
                    2583, 2673, 2674, -1,
                    2583, 2674, 2584, -1,
                    2584, 2674, 2675, -1,
                    2584, 2675, 2585, -1,
                    2585, 2675, 2586, -1,
                    2586, 2675, 2587, -1,
                    2587, 2675, 2676, -1,
                    2587, 2676, 2588, -1,
                    2588, 2676, 2677, -1,
                    2588, 2677, 2589, -1,
                    2589, 2677, 2678, -1,
                    2589, 2678, 2679, -1,
                    2589, 2679, 2680, -1,
                    2589, 2680, 2681, -1,
                    2589, 2681, 2592, -1,
                    2590, 2595, 2591, -1,
                    2590, 2594, 2681, -1,
                    2590, 2681, 2595, -1,
                    2592, 2681, 2593, -1,
                    2593, 2681, 2594, -1,
                    2595, 2681, 2596, -1,
                    2597, 2601, 2599, -1,
                    2597, 2599, 2598, -1,
                    2606, 2608, 2607, -1,
                    2607, 2682, 2683, -1,
                    2607, 2683, 2610, -1,
                    2607, 2610, 2609, -1,
                    2607, 2608, 2684, -1,
                    2607, 2684, 2685, -1,
                    2607, 2685, 2686, -1,
                    2607, 2686, 2687, -1,
                    2607, 2687, 2688, -1,
                    2607, 2688, 2682, -1,
                    2610, 2612, 2611, -1,
                    2610, 2683, 2615, -1,
                    2610, 2615, 2612, -1,
                    2612, 2615, 2613, -1,
                    2614, 2689, 2690, -1,
                    2614, 2690, 2691, -1,
                    2614, 2691, 2617, -1,
                    2614, 2616, 2689, -1,
                    2615, 2683, 2692, -1,
                    2615, 2692, 2616, -1,
                    2616, 2692, 2689, -1,
                    2617, 2691, 2693, -1,
                    2617, 2693, 2618, -1,
                    2618, 2620, 2619, -1,
                    2618, 2693, 2690, -1,
                    2618, 2690, 2694, -1,
                    2618, 2694, 2695, -1,
                    2618, 2695, 2620, -1,
                    2620, 2695, 2696, -1,
                    2620, 2696, 2697, -1,
                    2620, 2697, 2698, -1,
                    2620, 2698, 2621, -1,
                    2621, 2698, 2699, -1,
                    2621, 2699, 2622, -1,
                    2622, 2699, 2623, -1,
                    2623, 2699, 2698, -1,
                    2623, 2698, 2697, -1,
                    2623, 2697, 2700, -1,
                    2623, 2700, 2701, -1,
                    2623, 2701, 2702, -1,
                    2623, 2702, 2625, -1,
                    2625, 2702, 2703, -1,
                    2625, 2703, 2626, -1,
                    2630, 2704, 2631, -1,
                    2631, 2704, 2632, -1,
                    2637, 2705, 2706, -1,
                    2637, 2706, 2639, -1,
                    2637, 2639, 2638, -1,
                    2639, 2706, 2707, -1,
                    2639, 2707, 2640, -1,
                    2640, 2707, 2708, -1,
                    2640, 2708, 2709, -1,
                    2640, 2709, 2641, -1,
                    2641, 2709, 2710, -1,
                    2641, 2710, 2711, -1,
                    2641, 2711, 2712, -1,
                    2641, 2712, 2642, -1,
                    2642, 2712, 2713, -1,
                    2642, 2713, 2714, -1,
                    2642, 2714, 2715, -1,
                    2642, 2715, 2643, -1,
                    2643, 2715, 2714, -1,
                    2643, 2714, 2716, -1,
                    2643, 2716, 2647, -1,
                    2643, 2647, 2717, -1,
                    2643, 2717, 2644, -1,
                    2644, 2717, 2718, -1,
                    2644, 2718, 2646, -1,
                    2645, 2649, 2719, -1,
                    2645, 2719, 2720, -1,
                    2645, 2720, 2721, -1,
                    2645, 2721, 2651, -1,
                    2645, 2651, 2650, -1,
                    2646, 2718, 2647, -1,
                    2647, 2714, 2722, -1,
                    2647, 2722, 2723, -1,
                    2647, 2723, 2724, -1,
                    2647, 2724, 2725, -1,
                    2647, 2725, 2726, -1,
                    2647, 2726, 2648, -1,
                    2647, 2718, 2717, -1,
                    2647, 2716, 2714, -1,
                    2648, 2726, 2719, -1,
                    2648, 2719, 2649, -1,
                    2651, 2721, 2652, -1,
                    2652, 2721, 2653, -1,
                    2653, 2721, 2654, -1,
                    2654, 2727, 2728, -1,
                    2654, 2728, 2655, -1,
                    2654, 2721, 2729, -1,
                    2654, 2729, 2727, -1,
                    2655, 2728, 2656, -1,
                    2656, 2728, 2730, -1,
                    2656, 2730, 2657, -1,
                    2657, 2730, 2731, -1,
                    2657, 2731, 2659, -1,
                    2657, 2659, 2658, -1,
                    2659, 2731, 2732, -1,
                    2659, 2732, 2660, -1,
                    2660, 2732, 2663, -1,
                    2661, 2663, 2733, -1,
                    2661, 2733, 2662, -1,
                    2662, 2734, 2735, -1,
                    2662, 2735, 2736, -1,
                    2662, 2736, 2664, -1,
                    2662, 2733, 2734, -1,
                    2663, 2732, 2737, -1,
                    2663, 2737, 2733, -1,
                    2664, 2736, 2665, -1,
                    2665, 2736, 2738, -1,
                    2665, 2738, 2666, -1,
                    2666, 2738, 2739, -1,
                    2666, 2739, 2740, -1,
                    2666, 2740, 2741, -1,
                    2666, 2741, 2667, -1,
                    2667, 2741, 2742, -1,
                    2667, 2742, 2669, -1,
                    2667, 2669, 2668, -1,
                    2669, 2742, 2743, -1,
                    2669, 2743, 2744, -1,
                    2669, 2744, 2670, -1,
                    2670, 2744, 2671, -1,
                    2671, 2744, 2672, -1,
                    2672, 2744, 2745, -1,
                    2672, 2745, 2673, -1,
                    2673, 2745, 2746, -1,
                    2673, 2746, 2747, -1,
                    2673, 2747, 2674, -1,
                    2674, 2747, 2748, -1,
                    2674, 2748, 2675, -1,
                    2675, 2748, 2749, -1,
                    2675, 2749, 2676, -1,
                    2676, 2749, 2750, -1,
                    2676, 2750, 2751, -1,
                    2676, 2751, 2677, -1,
                    2677, 2752, 2678, -1,
                    2677, 2751, 2752, -1,
                    2678, 2752, 2753, -1,
                    2678, 2753, 2680, -1,
                    2678, 2680, 2679, -1,
                    2682, 2754, 2692, -1,
                    2682, 2692, 2683, -1,
                    2682, 2688, 2754, -1,
                    2686, 2755, 2688, -1,
                    2686, 2688, 2687, -1,
                    2688, 2755, 2756, -1,
                    2688, 2756, 2757, -1,
                    2688, 2757, 2758, -1,
                    2688, 2758, 2754, -1,
                    2689, 2759, 2690, -1,
                    2689, 2692, 2759, -1,
                    2690, 2693, 2691, -1,
                    2690, 2759, 2760, -1,
                    2690, 2760, 2761, -1,
                    2690, 2761, 2762, -1,
                    2690, 2762, 2694, -1,
                    2692, 2754, 2759, -1,
                    2694, 2762, 2763, -1,
                    2694, 2763, 2764, -1,
                    2694, 2764, 2765, -1,
                    2694, 2765, 2695, -1,
                    2695, 2765, 2696, -1,
                    2696, 2766, 2767, -1,
                    2696, 2767, 2697, -1,
                    2697, 2767, 2700, -1,
                    2700, 2767, 2701, -1,
                    2701, 2767, 2768, -1,
                    2701, 2768, 2769, -1,
                    2701, 2769, 2702, -1,
                    2705, 2770, 2707, -1,
                    2705, 2707, 2706, -1,
                    2705, 2771, 2770, -1,
                    2707, 2770, 2708, -1,
                    2708, 2772, 2773, -1,
                    2708, 2773, 2774, -1,
                    2708, 2774, 2775, -1,
                    2708, 2775, 2709, -1,
                    2708, 2770, 2772, -1,
                    2709, 2775, 2710, -1,
                    2710, 2775, 2776, -1,
                    2710, 2776, 2777, -1,
                    2710, 2777, 2778, -1,
                    2710, 2778, 2711, -1,
                    2711, 2778, 2779, -1,
                    2711, 2779, 2780, -1,
                    2711, 2780, 2712, -1,
                    2712, 2780, 2713, -1,
                    2713, 2781, 2714, -1,
                    2713, 2780, 2781, -1,
                    2714, 2781, 2782, -1,
                    2714, 2782, 2783, -1,
                    2714, 2783, 2722, -1,
                    2719, 2726, 2725, -1,
                    2719, 2725, 2784, -1,
                    2719, 2784, 2785, -1,
                    2719, 2785, 2786, -1,
                    2719, 2786, 2787, -1,
                    2719, 2787, 2729, -1,
                    2719, 2729, 2721, -1,
                    2719, 2721, 2720, -1,
                    2722, 2783, 2788, -1,
                    2722, 2788, 2723, -1,
                    2723, 2788, 2789, -1,
                    2723, 2789, 2724, -1,
                    2724, 2789, 2790, -1,
                    2724, 2790, 2784, -1,
                    2724, 2784, 2725, -1,
                    2727, 2791, 2792, -1,
                    2727, 2792, 2737, -1,
                    2727, 2737, 2730, -1,
                    2727, 2730, 2728, -1,
                    2727, 2729, 2787, -1,
                    2727, 2787, 2786, -1,
                    2727, 2786, 2791, -1,
                    2730, 2737, 2732, -1,
                    2730, 2732, 2731, -1,
                    2733, 2793, 2734, -1,
                    2733, 2737, 2793, -1,
                    2734, 2793, 2794, -1,
                    2734, 2794, 2735, -1,
                    2735, 2739, 2738, -1,
                    2735, 2738, 2736, -1,
                    2735, 2794, 2795, -1,
                    2735, 2795, 2796, -1,
                    2735, 2796, 2797, -1,
                    2735, 2797, 2798, -1,
                    2735, 2798, 2740, -1,
                    2735, 2740, 2739, -1,
                    2737, 2792, 2799, -1,
                    2737, 2799, 2800, -1,
                    2737, 2800, 2801, -1,
                    2737, 2801, 2793, -1,
                    2740, 2798, 2802, -1,
                    2740, 2802, 2803, -1,
                    2740, 2803, 2804, -1,
                    2740, 2804, 2741, -1,
                    2741, 2804, 2805, -1,
                    2741, 2805, 2806, -1,
                    2741, 2806, 2807, -1,
                    2741, 2807, 2742, -1,
                    2742, 2807, 2743, -1,
                    2743, 2807, 2744, -1,
                    2744, 2807, 2745, -1,
                    2745, 2807, 2806, -1,
                    2745, 2806, 2864, -1,
                    2745, 2864, 2808, -1,
                    2745, 2808, 2746, -1,
                    2746, 2808, 2809, -1,
                    2746, 2809, 2810, -1,
                    2746, 2810, 2747, -1,
                    2747, 2810, 2811, -1,
                    2747, 2811, 2748, -1,
                    2748, 2811, 2812, -1,
                    2748, 2812, 2750, -1,
                    2748, 2750, 2749, -1,
                    2750, 2812, 2751, -1,
                    2751, 2812, 2752, -1,
                    2752, 2813, 2814, -1,
                    2752, 2814, 2753, -1,
                    2752, 2812, 2815, -1,
                    2752, 2815, 2813, -1,
                    2754, 2758, 2759, -1,
                    2755, 2816, 2756, -1,
                    2756, 2816, 2817, -1,
                    2756, 2817, 2818, -1,
                    2756, 2818, 2819, -1,
                    2756, 2819, 2757, -1,
                    2757, 2819, 2760, -1,
                    2757, 2760, 2759, -1,
                    2757, 2759, 2758, -1,
                    2760, 2819, 2761, -1,
                    2761, 2819, 2820, -1,
                    2766, 2821, 2767, -1,
                    2767, 2821, 2768, -1,
                    2770, 2771, 2822, -1,
                    2770, 2822, 2772, -1,
                    2772, 2822, 2823, -1,
                    2772, 2823, 2773, -1,
                    2773, 2824, 2774, -1,
                    2774, 2824, 2825, -1,
                    2774, 2825, 2775, -1,
                    2775, 2825, 2826, -1,
                    2775, 2826, 2827, -1,
                    2775, 2827, 2776, -1,
                    2776, 2827, 2828, -1,
                    2776, 2828, 2829, -1,
                    2776, 2829, 2830, -1,
                    2776, 2830, 2777, -1,
                    2777, 2830, 2778, -1,
                    2778, 2830, 2779, -1,
                    2779, 2830, 2829, -1,
                    2779, 2829, 2828, -1,
                    2779, 2828, 2831, -1,
                    2779, 2831, 2832, -1,
                    2779, 2832, 2780, -1,
                    2780, 2832, 2833, -1,
                    2780, 2833, 2834, -1,
                    2780, 2834, 2835, -1,
                    2780, 2835, 2782, -1,
                    2780, 2782, 2781, -1,
                    2782, 2835, 2783, -1,
                    2783, 2835, 2836, -1,
                    2783, 2836, 2789, -1,
                    2783, 2789, 2788, -1,
                    2784, 2790, 2837, -1,
                    2784, 2837, 2785, -1,
                    2785, 2837, 2838, -1,
                    2785, 2838, 2786, -1,
                    2786, 2838, 2837, -1,
                    2786, 2837, 2839, -1,
                    2786, 2839, 2840, -1,
                    2786, 2840, 2841, -1,
                    2786, 2841, 2842, -1,
                    2786, 2842, 2843, -1,
                    2786, 2843, 2844, -1,
                    2786, 2844, 2791, -1,
                    2789, 2836, 2845, -1,
                    2789, 2845, 2846, -1,
                    2789, 2846, 2847, -1,
                    2789, 2847, 2848, -1,
                    2789, 2848, 2790, -1,
                    2790, 2848, 2837, -1,
                    2791, 2844, 2849, -1,
                    2791, 2849, 2800, -1,
                    2791, 2800, 2799, -1,
                    2791, 2799, 2792, -1,
                    2793, 2801, 2794, -1,
                    2794, 2801, 2850, -1,
                    2794, 2850, 2851, -1,
                    2794, 2851, 2852, -1,
                    2794, 2852, 2796, -1,
                    2794, 2796, 2795, -1,
                    2796, 2853, 2854, -1,
                    2796, 2854, 2855, -1,
                    2796, 2855, 2856, -1,
                    2796, 2856, 2857, -1,
                    2796, 2857, 2797, -1,
                    2796, 2852, 2858, -1,
                    2796, 2858, 2853, -1,
                    2797, 2857, 2798, -1,
                    2798, 2857, 2802, -1,
                    2800, 2849, 2859, -1,
                    2800, 2859, 2801, -1,
                    2801, 2859, 2860, -1,
                    2801, 2860, 2850, -1,
                    2802, 2857, 2856, -1,
                    2802, 2856, 2803, -1,
                    2803, 2856, 2861, -1,
                    2803, 2861, 2862, -1,
                    2803, 2862, 2804, -1,
                    2804, 2862, 2863, -1,
                    2804, 2863, 2806, -1,
                    2804, 2806, 2805, -1,
                    2806, 2863, 2864, -1,
                    2808, 2864, 2809, -1,
                    2809, 2864, 2865, -1,
                    2809, 2865, 2866, -1,
                    2809, 2866, 2867, -1,
                    2809, 2867, 2810, -1,
                    2810, 2867, 2811, -1,
                    2811, 2867, 2812, -1,
                    2812, 2867, 2815, -1,
                    2813, 2815, 2868, -1,
                    2813, 2868, 2814, -1,
                    2814, 2868, 2869, -1,
                    2815, 2867, 2868, -1,
                    2817, 2820, 2818, -1,
                    2818, 2820, 2819, -1,
                    2827, 2831, 2828, -1,
                    2831, 2870, 2832, -1,
                    2832, 2870, 2871, -1,
                    2832, 2871, 2833, -1,
                    2833, 2871, 2834, -1,
                    2834, 2871, 2872, -1,
                    2834, 2872, 2873, -1,
                    2834, 2873, 2835, -1,
                    2835, 2873, 2874, -1,
                    2835, 2874, 2875, -1,
                    2835, 2875, 2876, -1,
                    2835, 2876, 2877, -1,
                    2835, 2877, 2878, -1,
                    2835, 2878, 2836, -1,
                    2836, 2878, 2845, -1,
                    2837, 2848, 2879, -1,
                    2837, 2879, 2880, -1,
                    2837, 2880, 2839, -1,
                    2839, 2881, 2882, -1,
                    2839, 2882, 2841, -1,
                    2839, 2841, 2840, -1,
                    2839, 2880, 2881, -1,
                    2841, 2882, 2883, -1,
                    2841, 2883, 2884, -1,
                    2841, 2884, 2843, -1,
                    2841, 2843, 2842, -1,
                    2843, 2884, 2885, -1,
                    2843, 2885, 2886, -1,
                    2843, 2886, 2849, -1,
                    2843, 2849, 2844, -1,
                    2845, 2878, 2887, -1,
                    2845, 2887, 2847, -1,
                    2845, 2847, 2846, -1,
                    2847, 2888, 2848, -1,
                    2847, 2887, 2889, -1,
                    2847, 2889, 2890, -1,
                    2847, 2890, 2891, -1,
                    2847, 2891, 2879, -1,
                    2847, 2879, 2888, -1,
                    2848, 2888, 2879, -1,
                    2849, 2886, 2892, -1,
                    2849, 2892, 2860, -1,
                    2849, 2860, 2859, -1,
                    2850, 2860, 2851, -1,
                    2851, 2893, 2894, -1,
                    2851, 2894, 2858, -1,
                    2851, 2858, 2852, -1,
                    2851, 2860, 2895, -1,
                    2851, 2895, 2892, -1,
                    2851, 2892, 2896, -1,
                    2851, 2896, 2893, -1,
                    2853, 2858, 2897, -1,
                    2853, 2897, 2898, -1,
                    2853, 2898, 2899, -1,
                    2853, 2899, 2854, -1,
                    2854, 2900, 2862, -1,
                    2854, 2862, 2901, -1,
                    2854, 2901, 2855, -1,
                    2855, 2901, 2861, -1,
                    2855, 2861, 2856, -1,
                    2858, 2894, 2902, -1,
                    2858, 2902, 2897, -1,
                    2860, 2892, 2895, -1,
                    2861, 2901, 2903, -1,
                    2861, 2903, 2862, -1,
                    2862, 2903, 2901, -1,
                    2862, 2900, 2904, -1,
                    2862, 2904, 2905, -1,
                    2862, 2905, 2865, -1,
                    2862, 2865, 2906, -1,
                    2862, 2906, 2863, -1,
                    2863, 2906, 2864, -1,
                    2864, 2906, 2865, -1,
                    2865, 2905, 2907, -1,
                    2865, 2907, 2866, -1,
                    2866, 2907, 2900, -1,
                    2866, 2900, 2869, -1,
                    2866, 2869, 2908, -1,
                    2866, 2908, 2868, -1,
                    2866, 2868, 2867, -1,
                    2868, 2908, 2869, -1,
                    2872, 2874, 2873, -1,
                    2874, 2909, 2876, -1,
                    2874, 2876, 2875, -1,
                    2876, 2909, 2910, -1,
                    2876, 2910, 2911, -1,
                    2876, 2911, 2912, -1,
                    2876, 2912, 2877, -1,
                    2877, 2912, 2878, -1,
                    2878, 2912, 2887, -1,
                    2879, 2891, 2913, -1,
                    2879, 2913, 2914, -1,
                    2879, 2914, 2880, -1,
                    2880, 2914, 2881, -1,
                    2881, 2914, 2915, -1,
                    2881, 2915, 2916, -1,
                    2881, 2916, 2882, -1,
                    2882, 2916, 2883, -1,
                    2883, 2916, 2917, -1,
                    2883, 2917, 2885, -1,
                    2883, 2885, 2884, -1,
                    2885, 2917, 2918, -1,
                    2885, 2918, 2896, -1,
                    2885, 2896, 2892, -1,
                    2885, 2892, 2886, -1,
                    2887, 2912, 2919, -1,
                    2887, 2919, 2889, -1,
                    2889, 2919, 2920, -1,
                    2889, 2920, 2890, -1,
                    2890, 2920, 2891, -1,
                    2891, 2920, 2921, -1,
                    2891, 2921, 2913, -1,
                    2893, 2922, 2923, -1,
                    2893, 2923, 2897, -1,
                    2893, 2897, 2902, -1,
                    2893, 2902, 2894, -1,
                    2893, 2896, 2918, -1,
                    2893, 2918, 2922, -1,
                    2897, 2924, 2925, -1,
                    2897, 2925, 2926, -1,
                    2897, 2926, 2898, -1,
                    2897, 2923, 2924, -1,
                    2900, 2907, 2904, -1,
                    2904, 2907, 2905, -1,
                    2910, 2927, 2928, -1,
                    2910, 2928, 2911, -1,
                    2911, 2928, 2929, -1,
                    2911, 2929, 2912, -1,
                    2912, 2929, 2919, -1,
                    2913, 2921, 2914, -1,
                    2914, 2921, 2915, -1,
                    2915, 2921, 2930, -1,
                    2915, 2930, 2920, -1,
                    2915, 2920, 2931, -1,
                    2915, 2931, 2916, -1,
                    2916, 2932, 2933, -1,
                    2916, 2933, 2934, -1,
                    2916, 2934, 2935, -1,
                    2916, 2935, 2936, -1,
                    2916, 2936, 2937, -1,
                    2916, 2937, 2938, -1,
                    2916, 2938, 2939, -1,
                    2916, 2939, 2940, -1,
                    2916, 2940, 2941, -1,
                    2916, 2941, 2917, -1,
                    2916, 2931, 2942, -1,
                    2916, 2942, 2932, -1,
                    2917, 2941, 2943, -1,
                    2917, 2943, 2918, -1,
                    2918, 2943, 2922, -1,
                    2919, 2929, 2944, -1,
                    2919, 2944, 2920, -1,
                    2920, 2944, 2931, -1,
                    2920, 2930, 2921, -1,
                    2922, 2945, 2925, -1,
                    2922, 2925, 2923, -1,
                    2922, 2943, 2945, -1,
                    2923, 2925, 2924, -1,
                    2925, 2945, 2943, -1,
                    2925, 2943, 2940, -1,
                    2925, 2940, 2946, -1,
                    2927, 2929, 2928, -1,
                    2929, 2947, 2944, -1,
                    2931, 2944, 2948, -1,
                    2931, 2948, 2942, -1,
                    2939, 2946, 2940, -1,
                    2940, 2943, 2941, -1,
                    2942, 2948, 2949, -1,
                    2944, 2947, 2950, -1,
                    2944, 2950, 2948, -1,
                    2948, 2951, 2949, -1,
                    2948, 2950, 2951, -1,
                    2952, 2953, 2954, -1,
                    2952, 2954, 2955, -1,
                    2952, 2955, 2963, -1,
                    2952, 2963, 2974, -1,
                    2952, 2974, 2987, -1,
                    2952, 2987, 2986, -1,
                    2952, 2986, 3001, -1,
                    2952, 3001, 2999, -1,
                    2952, 2999, 3017, -1,
                    2952, 3017, 3016, -1,
                    2952, 3016, 3015, -1,
                    2952, 3015, 3035, -1,
                    2952, 3035, 3052, -1,
                    2952, 3052, 3051, -1,
                    2952, 3051, 3050, -1,
                    2952, 3050, 3064, -1,
                    2952, 3064, 3075, -1,
                    2952, 3075, 3076, -1,
                    2952, 3076, 3089, -1,
                    2952, 3089, 3112, -1,
                    2952, 3112, 3111, -1,
                    2952, 3111, 3110, -1,
                    2952, 3110, 3109, -1,
                    2952, 3109, 3135, -1,
                    2952, 3135, 3159, -1,
                    2952, 3159, 3176, -1,
                    2952, 3176, 3175, -1,
                    2952, 3175, 3198, -1,
                    2952, 3198, 3197, -1,
                    2952, 3197, 3226, -1,
                    2952, 3226, 3225, -1,
                    2952, 3225, 3224, -1,
                    2952, 3224, 3223, -1,
                    2952, 3223, 3219, -1,
                    2952, 3219, 3245, -1,
                    2952, 3245, 3256, -1,
                    2952, 3256, 3267, -1,
                    2952, 3267, 3277, -1,
                    2952, 3277, 3288, -1,
                    2952, 3288, 3295, -1,
                    2952, 3295, 3281, -1,
                    2952, 3281, 3294, -1,
                    2952, 3294, 3293, -1,
                    2952, 3293, 3309, -1,
                    2952, 3309, 3323, -1,
                    2952, 3323, 3324, -1,
                    2952, 3324, 3322, -1,
                    2952, 3322, 3326, -1,
                    2952, 3326, 3325, -1,
                    2952, 3325, 3317, -1,
                    2952, 3317, 3312, -1,
                    2952, 3312, 3301, -1,
                    2952, 3301, 3298, -1,
                    2952, 3298, 3297, -1,
                    2952, 3297, 3285, -1,
                    2952, 3285, 3274, -1,
                    2952, 3274, 3266, -1,
                    2952, 3266, 3252, -1,
                    2952, 3252, 3235, -1,
                    2952, 3235, 3234, -1,
                    2952, 3234, 3232, -1,
                    2952, 3232, 3231, -1,
                    2952, 3231, 3230, -1,
                    2952, 3230, 3205, -1,
                    2952, 3205, 3179, -1,
                    2952, 3179, 3163, -1,
                    2952, 3163, 3143, -1,
                    2952, 3143, 3142, -1,
                    2952, 3142, 3141, -1,
                    2952, 3141, 3140, -1,
                    2952, 3140, 3139, -1,
                    2952, 3139, 3120, -1,
                    2952, 3120, 3094, -1,
                    2952, 3094, 3079, -1,
                    2952, 3079, 3067, -1,
                    2952, 3067, 3055, -1,
                    2952, 3055, 3041, -1,
                    2952, 3041, 3040, -1,
                    2952, 3040, 3039, -1,
                    2952, 3039, 3038, -1,
                    2952, 3038, 3054, -1,
                    2952, 3054, 3066, -1,
                    2952, 3066, 3078, -1,
                    2952, 3078, 3092, -1,
                    2952, 3092, 3091, -1,
                    2952, 3091, 3117, -1,
                    2952, 3117, 3136, -1,
                    2952, 3136, 3160, -1,
                    2952, 3160, 3162, -1,
                    2952, 3162, 3178, -1,
                    2952, 3178, 3204, -1,
                    2952, 3204, 3203, -1,
                    2952, 3203, 3202, -1,
                    2952, 3202, 3201, -1,
                    2952, 3201, 3200, -1,
                    2952, 3200, 3229, -1,
                    2952, 3229, 3228, -1,
                    2952, 3228, 3227, -1,
                    2952, 3227, 3212, -1,
                    2952, 3212, 3183, -1,
                    2952, 3183, 3166, -1,
                    2952, 3166, 3148, -1,
                    2952, 3148, 3128, -1,
                    2952, 3128, 3126, -1,
                    2952, 3126, 3102, -1,
                    2952, 3102, 3101, -1,
                    2952, 3101, 3100, -1,
                    2952, 3100, 3099, -1,
                    2952, 3099, 3084, -1,
                    2952, 3084, 3069, -1,
                    2952, 3069, 3057, -1,
                    2952, 3057, 3043, -1,
                    2952, 3043, 3029, -1,
                    2952, 3029, 3028, -1,
                    2952, 3028, 3027, -1,
                    2952, 3027, 3026, -1,
                    2952, 3026, 3025, -1,
                    2952, 3025, 3024, -1,
                    2952, 3024, 3023, -1,
                    2952, 3023, 3022, -1,
                    2952, 3022, 3018, -1,
                    2952, 3018, 3002, -1,
                    2952, 3002, 2989, -1,
                    2952, 2989, 2976, -1,
                    2952, 2976, 2964, -1,
                    2952, 2964, 2956, -1,
                    2952, 2956, 2957, -1,
                    2952, 2957, 2958, -1,
                    2952, 2958, 2953, -1,
                    2953, 2959, 2960, -1,
                    2953, 2960, 2961, -1,
                    2953, 2961, 2954, -1,
                    2953, 2958, 2959, -1,
                    2954, 2961, 2955, -1,
                    2955, 2962, 2963, -1,
                    2955, 2961, 2962, -1,
                    2956, 2964, 2965, -1,
                    2956, 2965, 2966, -1,
                    2956, 2966, 2957, -1,
                    2957, 2966, 2967, -1,
                    2957, 2967, 2958, -1,
                    2958, 2967, 2968, -1,
                    2958, 2968, 2969, -1,
                    2958, 2969, 2959, -1,
                    2959, 2970, 2971, -1,
                    2959, 2971, 2960, -1,
                    2959, 2969, 2972, -1,
                    2959, 2972, 2970, -1,
                    2960, 2971, 2962, -1,
                    2960, 2962, 2961, -1,
                    2962, 2973, 2974, -1,
                    2962, 2974, 2963, -1,
                    2962, 2971, 2975, -1,
                    2962, 2975, 2973, -1,
                    2964, 2976, 2965, -1,
                    2965, 2977, 2966, -1,
                    2965, 2976, 2978, -1,
                    2965, 2978, 2977, -1,
                    2966, 2977, 2979, -1,
                    2966, 2979, 2967, -1,
                    2967, 2979, 2968, -1,
                    2968, 2979, 2980, -1,
                    2968, 2980, 2995, -1,
                    2968, 2995, 2994, -1,
                    2968, 2994, 2993, -1,
                    2968, 2993, 3005, -1,
                    2968, 3005, 3030, -1,
                    2968, 3030, 3008, -1,
                    2968, 3008, 3019, -1,
                    2968, 3019, 3004, -1,
                    2968, 3004, 3021, -1,
                    2968, 3021, 3042, -1,
                    2968, 3042, 3056, -1,
                    2968, 3056, 3068, -1,
                    2968, 3068, 3083, -1,
                    2968, 3083, 3098, -1,
                    2968, 3098, 3124, -1,
                    2968, 3124, 3145, -1,
                    2968, 3145, 3146, -1,
                    2968, 3146, 3144, -1,
                    2968, 3144, 3164, -1,
                    2968, 3164, 3180, -1,
                    2968, 3180, 3207, -1,
                    2968, 3207, 3210, -1,
                    2968, 3210, 3236, -1,
                    2968, 3236, 3253, -1,
                    2968, 3253, 3265, -1,
                    2968, 3265, 3273, -1,
                    2968, 3273, 3284, -1,
                    2968, 3284, 3296, -1,
                    2968, 3296, 3300, -1,
                    2968, 3300, 3299, -1,
                    2968, 3299, 3302, -1,
                    2968, 3302, 3316, -1,
                    2968, 3316, 3318, -1,
                    2968, 3318, 3306, -1,
                    2968, 3306, 3305, -1,
                    2968, 3305, 3304, -1,
                    2968, 3304, 3303, -1,
                    2968, 3303, 3289, -1,
                    2968, 3289, 3278, -1,
                    2968, 3278, 3269, -1,
                    2968, 3269, 3260, -1,
                    2968, 3260, 3255, -1,
                    2968, 3255, 3254, -1,
                    2968, 3254, 3241, -1,
                    2968, 3241, 3240, -1,
                    2968, 3240, 3239, -1,
                    2968, 3239, 3238, -1,
                    2968, 3238, 3237, -1,
                    2968, 3237, 3243, -1,
                    2968, 3243, 3215, -1,
                    2968, 3215, 3191, -1,
                    2968, 3191, 3190, -1,
                    2968, 3190, 3185, -1,
                    2968, 3185, 3184, -1,
                    2968, 3184, 3167, -1,
                    2968, 3167, 3150, -1,
                    2968, 3150, 3149, -1,
                    2968, 3149, 3130, -1,
                    2968, 3130, 3129, -1,
                    2968, 3129, 3106, -1,
                    2968, 3106, 3105, -1,
                    2968, 3105, 3115, -1,
                    2968, 3115, 3114, -1,
                    2968, 3114, 3113, -1,
                    2968, 3113, 3104, -1,
                    2968, 3104, 3087, -1,
                    2968, 3087, 3074, -1,
                    2968, 3074, 3071, -1,
                    2968, 3071, 3059, -1,
                    2968, 3059, 3046, -1,
                    2968, 3046, 3031, -1,
                    2968, 3031, 3010, -1,
                    2968, 3010, 2997, -1,
                    2968, 2997, 2983, -1,
                    2968, 2983, 2982, -1,
                    2968, 2982, 2981, -1,
                    2968, 2981, 2970, -1,
                    2968, 2970, 2972, -1,
                    2968, 2972, 2969, -1,
                    2970, 2981, 2971, -1,
                    2971, 2981, 2982, -1,
                    2971, 2982, 2983, -1,
                    2971, 2983, 2984, -1,
                    2971, 2984, 2985, -1,
                    2971, 2985, 2975, -1,
                    2973, 2975, 2986, -1,
                    2973, 2986, 2987, -1,
                    2973, 2987, 2974, -1,
                    2975, 2985, 2988, -1,
                    2975, 2988, 2986, -1,
                    2976, 2989, 2990, -1,
                    2976, 2990, 2991, -1,
                    2976, 2991, 2978, -1,
                    2977, 2980, 2979, -1,
                    2977, 2978, 2992, -1,
                    2977, 2992, 2993, -1,
                    2977, 2993, 2994, -1,
                    2977, 2994, 2995, -1,
                    2977, 2995, 2980, -1,
                    2978, 2991, 2996, -1,
                    2978, 2996, 2992, -1,
                    2983, 2997, 2984, -1,
                    2984, 2997, 2998, -1,
                    2984, 2998, 2999, -1,
                    2984, 2999, 3000, -1,
                    2984, 3000, 2985, -1,
                    2985, 3000, 2988, -1,
                    2986, 2988, 3001, -1,
                    2988, 3000, 3001, -1,
                    2989, 3002, 2990, -1,
                    2990, 3003, 2991, -1,
                    2990, 3002, 3004, -1,
                    2990, 3004, 3003, -1,
                    2991, 3003, 2996, -1,
                    2992, 2996, 2993, -1,
                    2993, 2996, 3005, -1,
                    2996, 3003, 3006, -1,
                    2996, 3006, 3007, -1,
                    2996, 3007, 3008, -1,
                    2996, 3008, 3009, -1,
                    2996, 3009, 3005, -1,
                    2997, 3010, 3011, -1,
                    2997, 3011, 3012, -1,
                    2997, 3012, 3013, -1,
                    2997, 3013, 2998, -1,
                    2998, 3013, 3014, -1,
                    2998, 3014, 3015, -1,
                    2998, 3015, 3016, -1,
                    2998, 3016, 3017, -1,
                    2998, 3017, 2999, -1,
                    2999, 3001, 3000, -1,
                    3002, 3018, 3004, -1,
                    3003, 3019, 3007, -1,
                    3003, 3007, 3006, -1,
                    3003, 3004, 3019, -1,
                    3004, 3020, 3036, -1,
                    3004, 3036, 3045, -1,
                    3004, 3045, 3044, -1,
                    3004, 3044, 3058, -1,
                    3004, 3058, 3070, -1,
                    3004, 3070, 3085, -1,
                    3004, 3085, 3103, -1,
                    3004, 3103, 3127, -1,
                    3004, 3127, 3147, -1,
                    3004, 3147, 3165, -1,
                    3004, 3165, 3182, -1,
                    3004, 3182, 3211, -1,
                    3004, 3211, 3213, -1,
                    3004, 3213, 3199, -1,
                    3004, 3199, 3177, -1,
                    3004, 3177, 3161, -1,
                    3004, 3161, 3138, -1,
                    3004, 3138, 3137, -1,
                    3004, 3137, 3119, -1,
                    3004, 3119, 3118, -1,
                    3004, 3118, 3116, -1,
                    3004, 3116, 3090, -1,
                    3004, 3090, 3077, -1,
                    3004, 3077, 3065, -1,
                    3004, 3065, 3053, -1,
                    3004, 3053, 3037, -1,
                    3004, 3037, 3021, -1,
                    3004, 3018, 3022, -1,
                    3004, 3022, 3023, -1,
                    3004, 3023, 3024, -1,
                    3004, 3024, 3025, -1,
                    3004, 3025, 3026, -1,
                    3004, 3026, 3027, -1,
                    3004, 3027, 3028, -1,
                    3004, 3028, 3029, -1,
                    3004, 3029, 3020, -1,
                    3005, 3009, 3030, -1,
                    3007, 3019, 3008, -1,
                    3008, 3030, 3009, -1,
                    3010, 3031, 3032, -1,
                    3010, 3032, 3011, -1,
                    3011, 3032, 3012, -1,
                    3012, 3032, 3033, -1,
                    3012, 3033, 3034, -1,
                    3012, 3034, 3014, -1,
                    3012, 3014, 3013, -1,
                    3014, 3034, 3015, -1,
                    3015, 3034, 3035, -1,
                    3020, 3029, 3036, -1,
                    3021, 3037, 3038, -1,
                    3021, 3038, 3039, -1,
                    3021, 3039, 3040, -1,
                    3021, 3040, 3041, -1,
                    3021, 3041, 3042, -1,
                    3029, 3043, 3044, -1,
                    3029, 3044, 3045, -1,
                    3029, 3045, 3036, -1,
                    3031, 3046, 3047, -1,
                    3031, 3047, 3048, -1,
                    3031, 3048, 3049, -1,
                    3031, 3049, 3032, -1,
                    3032, 3049, 3048, -1,
                    3032, 3048, 3050, -1,
                    3032, 3050, 3033, -1,
                    3033, 3050, 3051, -1,
                    3033, 3051, 3034, -1,
                    3034, 3051, 3052, -1,
                    3034, 3052, 3035, -1,
                    3037, 3053, 3038, -1,
                    3038, 3053, 3054, -1,
                    3041, 3055, 3042, -1,
                    3042, 3055, 3056, -1,
                    3043, 3057, 3058, -1,
                    3043, 3058, 3044, -1,
                    3046, 3059, 3047, -1,
                    3047, 3059, 3060, -1,
                    3047, 3060, 3061, -1,
                    3047, 3061, 3048, -1,
                    3048, 3062, 3050, -1,
                    3048, 3061, 3063, -1,
                    3048, 3063, 3062, -1,
                    3050, 3062, 3064, -1,
                    3053, 3065, 3054, -1,
                    3054, 3065, 3066, -1,
                    3055, 3067, 3056, -1,
                    3056, 3067, 3068, -1,
                    3057, 3069, 3058, -1,
                    3058, 3069, 3070, -1,
                    3059, 3071, 3072, -1,
                    3059, 3072, 3060, -1,
                    3060, 3072, 3061, -1,
                    3061, 3073, 3063, -1,
                    3061, 3072, 3074, -1,
                    3061, 3074, 3073, -1,
                    3062, 3063, 3064, -1,
                    3063, 3075, 3064, -1,
                    3063, 3073, 3076, -1,
                    3063, 3076, 3075, -1,
                    3065, 3077, 3078, -1,
                    3065, 3078, 3066, -1,
                    3067, 3079, 3080, -1,
                    3067, 3080, 3068, -1,
                    3068, 3080, 3081, -1,
                    3068, 3081, 3082, -1,
                    3068, 3082, 3083, -1,
                    3069, 3084, 3085, -1,
                    3069, 3085, 3070, -1,
                    3071, 3074, 3072, -1,
                    3073, 3086, 3076, -1,
                    3073, 3074, 3086, -1,
                    3074, 3087, 3086, -1,
                    3076, 3088, 3089, -1,
                    3076, 3086, 3088, -1,
                    3077, 3090, 3091, -1,
                    3077, 3091, 3092, -1,
                    3077, 3092, 3078, -1,
                    3079, 3093, 3080, -1,
                    3079, 3094, 3095, -1,
                    3079, 3095, 3093, -1,
                    3080, 3093, 3081, -1,
                    3081, 3093, 3095, -1,
                    3081, 3095, 3096, -1,
                    3081, 3096, 3082, -1,
                    3082, 3096, 3083, -1,
                    3083, 3096, 3097, -1,
                    3083, 3097, 3098, -1,
                    3084, 3099, 3085, -1,
                    3085, 3099, 3100, -1,
                    3085, 3100, 3101, -1,
                    3085, 3101, 3102, -1,
                    3085, 3102, 3103, -1,
                    3086, 3087, 3088, -1,
                    3087, 3104, 3088, -1,
                    3088, 3105, 3106, -1,
                    3088, 3106, 3107, -1,
                    3088, 3107, 3108, -1,
                    3088, 3108, 3109, -1,
                    3088, 3109, 3110, -1,
                    3088, 3110, 3111, -1,
                    3088, 3111, 3112, -1,
                    3088, 3112, 3089, -1,
                    3088, 3104, 3113, -1,
                    3088, 3113, 3114, -1,
                    3088, 3114, 3115, -1,
                    3088, 3115, 3105, -1,
                    3090, 3116, 3091, -1,
                    3091, 3116, 3118, -1,
                    3091, 3118, 3119, -1,
                    3091, 3119, 3117, -1,
                    3094, 3120, 3095, -1,
                    3095, 3120, 3121, -1,
                    3095, 3121, 3122, -1,
                    3095, 3122, 3096, -1,
                    3096, 3122, 3097, -1,
                    3097, 3123, 3124, -1,
                    3097, 3124, 3098, -1,
                    3097, 3122, 3125, -1,
                    3097, 3125, 3123, -1,
                    3102, 3126, 3103, -1,
                    3103, 3126, 3128, -1,
                    3103, 3128, 3127, -1,
                    3106, 3129, 3107, -1,
                    3107, 3129, 3130, -1,
                    3107, 3130, 3131, -1,
                    3107, 3131, 3132, -1,
                    3107, 3132, 3133, -1,
                    3107, 3133, 3134, -1,
                    3107, 3134, 3108, -1,
                    3108, 3134, 3135, -1,
                    3108, 3135, 3109, -1,
                    3117, 3119, 3137, -1,
                    3117, 3137, 3138, -1,
                    3117, 3138, 3136, -1,
                    3120, 3139, 3121, -1,
                    3121, 3139, 3140, -1,
                    3121, 3140, 3141, -1,
                    3121, 3141, 3122, -1,
                    3122, 3141, 3142, -1,
                    3122, 3142, 3143, -1,
                    3122, 3143, 3144, -1,
                    3122, 3144, 3125, -1,
                    3123, 3145, 3124, -1,
                    3123, 3125, 3146, -1,
                    3123, 3146, 3145, -1,
                    3125, 3144, 3146, -1,
                    3127, 3128, 3147, -1,
                    3128, 3148, 3147, -1,
                    3130, 3149, 3131, -1,
                    3131, 3149, 3150, -1,
                    3131, 3150, 3132, -1,
                    3132, 3151, 3152, -1,
                    3132, 3152, 3153, -1,
                    3132, 3153, 3154, -1,
                    3132, 3154, 3133, -1,
                    3132, 3150, 3151, -1,
                    3133, 3154, 3155, -1,
                    3133, 3155, 3156, -1,
                    3133, 3156, 3157, -1,
                    3133, 3157, 3158, -1,
                    3133, 3158, 3134, -1,
                    3134, 3158, 3157, -1,
                    3134, 3157, 3135, -1,
                    3135, 3157, 3156, -1,
                    3135, 3156, 3159, -1,
                    3136, 3138, 3160, -1,
                    3138, 3161, 3162, -1,
                    3138, 3162, 3160, -1,
                    3143, 3163, 3144, -1,
                    3144, 3163, 3164, -1,
                    3147, 3148, 3166, -1,
                    3147, 3166, 3165, -1,
                    3150, 3167, 3151, -1,
                    3151, 3168, 3152, -1,
                    3151, 3167, 3168, -1,
                    3152, 3169, 3155, -1,
                    3152, 3155, 3154, -1,
                    3152, 3154, 3153, -1,
                    3152, 3168, 3170, -1,
                    3152, 3170, 3169, -1,
                    3155, 3169, 3171, -1,
                    3155, 3171, 3172, -1,
                    3155, 3172, 3156, -1,
                    3156, 3172, 3173, -1,
                    3156, 3173, 3174, -1,
                    3156, 3174, 3175, -1,
                    3156, 3175, 3176, -1,
                    3156, 3176, 3159, -1,
                    3161, 3177, 3178, -1,
                    3161, 3178, 3162, -1,
                    3163, 3179, 3164, -1,
                    3164, 3179, 3181, -1,
                    3164, 3181, 3180, -1,
                    3165, 3166, 3183, -1,
                    3165, 3183, 3182, -1,
                    3167, 3184, 3168, -1,
                    3168, 3184, 3185, -1,
                    3168, 3185, 3170, -1,
                    3169, 3186, 3171, -1,
                    3169, 3170, 3187, -1,
                    3169, 3187, 3188, -1,
                    3169, 3188, 3189, -1,
                    3169, 3189, 3186, -1,
                    3170, 3185, 3190, -1,
                    3170, 3190, 3191, -1,
                    3170, 3191, 3187, -1,
                    3171, 3192, 3172, -1,
                    3171, 3186, 3193, -1,
                    3171, 3193, 3194, -1,
                    3171, 3194, 3192, -1,
                    3172, 3195, 3196, -1,
                    3172, 3196, 3173, -1,
                    3172, 3192, 3195, -1,
                    3173, 3196, 3197, -1,
                    3173, 3197, 3174, -1,
                    3174, 3197, 3198, -1,
                    3174, 3198, 3175, -1,
                    3177, 3199, 3200, -1,
                    3177, 3200, 3201, -1,
                    3177, 3201, 3202, -1,
                    3177, 3202, 3203, -1,
                    3177, 3203, 3204, -1,
                    3177, 3204, 3178, -1,
                    3179, 3205, 3206, -1,
                    3179, 3206, 3181, -1,
                    3180, 3181, 3207, -1,
                    3181, 3206, 3208, -1,
                    3181, 3208, 3209, -1,
                    3181, 3209, 3210, -1,
                    3181, 3210, 3207, -1,
                    3182, 3183, 3211, -1,
                    3183, 3212, 3213, -1,
                    3183, 3213, 3211, -1,
                    3186, 3189, 3193, -1,
                    3187, 3214, 3188, -1,
                    3187, 3191, 3215, -1,
                    3187, 3215, 3216, -1,
                    3187, 3216, 3214, -1,
                    3188, 3214, 3217, -1,
                    3188, 3217, 3189, -1,
                    3189, 3217, 3193, -1,
                    3192, 3194, 3195, -1,
                    3193, 3217, 3194, -1,
                    3194, 3218, 3219, -1,
                    3194, 3219, 3195, -1,
                    3194, 3217, 3214, -1,
                    3194, 3214, 3220, -1,
                    3194, 3220, 3221, -1,
                    3194, 3221, 3222, -1,
                    3194, 3222, 3218, -1,
                    3195, 3219, 3223, -1,
                    3195, 3223, 3224, -1,
                    3195, 3224, 3225, -1,
                    3195, 3225, 3196, -1,
                    3196, 3225, 3226, -1,
                    3196, 3226, 3197, -1,
                    3199, 3213, 3227, -1,
                    3199, 3227, 3228, -1,
                    3199, 3228, 3229, -1,
                    3199, 3229, 3200, -1,
                    3205, 3230, 3208, -1,
                    3205, 3208, 3206, -1,
                    3208, 3230, 3231, -1,
                    3208, 3231, 3232, -1,
                    3208, 3232, 3233, -1,
                    3208, 3233, 3209, -1,
                    3209, 3233, 3210, -1,
                    3210, 3233, 3234, -1,
                    3210, 3234, 3235, -1,
                    3210, 3235, 3236, -1,
                    3212, 3227, 3213, -1,
                    3214, 3216, 3237, -1,
                    3214, 3237, 3238, -1,
                    3214, 3238, 3239, -1,
                    3214, 3239, 3240, -1,
                    3214, 3240, 3241, -1,
                    3214, 3241, 3242, -1,
                    3214, 3242, 3220, -1,
                    3215, 3243, 3216, -1,
                    3216, 3243, 3237, -1,
                    3218, 3244, 3245, -1,
                    3218, 3245, 3219, -1,
                    3218, 3222, 3244, -1,
                    3220, 3242, 3221, -1,
                    3221, 3246, 3222, -1,
                    3221, 3242, 3247, -1,
                    3221, 3247, 3248, -1,
                    3221, 3248, 3249, -1,
                    3221, 3249, 3246, -1,
                    3222, 3246, 3250, -1,
                    3222, 3250, 3244, -1,
                    3232, 3234, 3233, -1,
                    3235, 3251, 3236, -1,
                    3235, 3252, 3251, -1,
                    3236, 3251, 3253, -1,
                    3241, 3254, 3242, -1,
                    3242, 3254, 3255, -1,
                    3242, 3255, 3247, -1,
                    3244, 3250, 3245, -1,
                    3245, 3250, 3257, -1,
                    3245, 3257, 3258, -1,
                    3245, 3258, 3259, -1,
                    3245, 3259, 3256, -1,
                    3246, 3257, 3250, -1,
                    3246, 3249, 3257, -1,
                    3247, 3255, 3260, -1,
                    3247, 3260, 3269, -1,
                    3247, 3269, 3261, -1,
                    3247, 3261, 3262, -1,
                    3247, 3262, 3263, -1,
                    3247, 3263, 3264, -1,
                    3247, 3264, 3248, -1,
                    3248, 3264, 3249, -1,
                    3249, 3264, 3257, -1,
                    3251, 3265, 3253, -1,
                    3251, 3252, 3266, -1,
                    3251, 3266, 3265, -1,
                    3256, 3259, 3268, -1,
                    3256, 3268, 3267, -1,
                    3257, 3264, 3258, -1,
                    3258, 3264, 3259, -1,
                    3259, 3264, 3268, -1,
                    3261, 3269, 3270, -1,
                    3261, 3270, 3271, -1,
                    3261, 3271, 3263, -1,
                    3261, 3263, 3262, -1,
                    3263, 3271, 3264, -1,
                    3264, 3271, 3272, -1,
                    3264, 3272, 3268, -1,
                    3265, 3266, 3273, -1,
                    3266, 3274, 3275, -1,
                    3266, 3275, 3276, -1,
                    3266, 3276, 3273, -1,
                    3267, 3268, 3272, -1,
                    3267, 3272, 3277, -1,
                    3269, 3278, 3270, -1,
                    3270, 3278, 3279, -1,
                    3270, 3279, 3280, -1,
                    3270, 3280, 3281, -1,
                    3270, 3281, 3282, -1,
                    3270, 3282, 3271, -1,
                    3271, 3282, 3272, -1,
                    3272, 3282, 3277, -1,
                    3273, 3276, 3283, -1,
                    3273, 3283, 3275, -1,
                    3273, 3275, 3284, -1,
                    3274, 3285, 3286, -1,
                    3274, 3286, 3275, -1,
                    3275, 3283, 3276, -1,
                    3275, 3286, 3287, -1,
                    3275, 3287, 3284, -1,
                    3277, 3282, 3288, -1,
                    3278, 3289, 3290, -1,
                    3278, 3290, 3279, -1,
                    3279, 3290, 3291, -1,
                    3279, 3291, 3292, -1,
                    3279, 3292, 3293, -1,
                    3279, 3293, 3280, -1,
                    3280, 3293, 3294, -1,
                    3280, 3294, 3281, -1,
                    3281, 3295, 3282, -1,
                    3282, 3295, 3288, -1,
                    3284, 3287, 3296, -1,
                    3285, 3297, 3286, -1,
                    3286, 3297, 3298, -1,
                    3286, 3298, 3287, -1,
                    3287, 3299, 3300, -1,
                    3287, 3300, 3296, -1,
                    3287, 3298, 3301, -1,
                    3287, 3301, 3302, -1,
                    3287, 3302, 3299, -1,
                    3289, 3303, 3290, -1,
                    3290, 3303, 3304, -1,
                    3290, 3304, 3305, -1,
                    3290, 3305, 3306, -1,
                    3290, 3306, 3307, -1,
                    3290, 3307, 3308, -1,
                    3290, 3308, 3291, -1,
                    3291, 3308, 3292, -1,
                    3292, 3309, 3293, -1,
                    3292, 3308, 3310, -1,
                    3292, 3310, 3309, -1,
                    3301, 3311, 3302, -1,
                    3301, 3312, 3311, -1,
                    3302, 3313, 3314, -1,
                    3302, 3314, 3315, -1,
                    3302, 3315, 3316, -1,
                    3302, 3311, 3317, -1,
                    3302, 3317, 3313, -1,
                    3306, 3318, 3319, -1,
                    3306, 3319, 3307, -1,
                    3307, 3319, 3314, -1,
                    3307, 3314, 3320, -1,
                    3307, 3320, 3321, -1,
                    3307, 3321, 3322, -1,
                    3307, 3322, 3308, -1,
                    3308, 3322, 3310, -1,
                    3309, 3310, 3323, -1,
                    3310, 3322, 3324, -1,
                    3310, 3324, 3323, -1,
                    3311, 3312, 3317, -1,
                    3313, 3317, 3314, -1,
                    3314, 3317, 3325, -1,
                    3314, 3325, 3326, -1,
                    3314, 3326, 3320, -1,
                    3314, 3319, 3315, -1,
                    3315, 3319, 3316, -1,
                    3316, 3319, 3318, -1,
                    3320, 3326, 3321, -1,
                    3321, 3326, 3322, -1,
                ]
            }
        }
    ]
}
